molecule_id,smiles,gap,pred_gap
5069,Cc1ccc(C(=O)Nc2ccc(S(=O)(=O)[O-])c3cc(S(=O)(=O)[O-])cc(S(=O)(=O)[O-])c23)cc1NC(=O)c1cccc(NC(=O)Nc2cccc(C(=O)Nc3cc(C(=O)Nc4ccc(S(=O)(=O)[O-])c5cc(S(=O)(=O)[O-])cc(S(=O)(=O)[O-])c45)ccc3C)c2)c1.[Na+].[Na+].[Na+].[Na+].[Na+].[Na+],,0.00032321191974915564
8094,Cc1ccc(C(=O)Nc2ccc(S(=O)(=O)[O-])c3cc(S(=O)(=O)[O-])cc(S(=O)(=O)[O-])c23)cc1NC(=O)c1cccc(NC(=O)Nc2cccc(C(=O)Nc3cc(C(=O)Nc4ccc(S(=O)(=O)[O-])c5cc(S(=O)(=O)[O-])cc(S(=O)(=O)[O-])c45)ccc3C)c2)c1.[Na+].[Na+].[Na+].[Na+].[Na+].[Na+],,0.00032321191974915564
4223,O=C(Nc1ccc(C(=O)Nc2ccc(C(=O)Nc3ccc(S(=O)(=O)[O-])c4cc(S(=O)(=O)[O-])cc(S(=O)(=O)[O-])c34)cc2)cc1)Nc1ccc(C(=O)Nc2ccc(C(=O)Nc3ccc(S(=O)(=O)[O-])c4cc(S(=O)(=O)[O-])cc(S(=O)(=O)[O-])c34)cc2)cc1.[Na+].[Na+].[Na+].[Na+].[Na+].[Na+],,0.0003318738890811801
3996,O=C(O)c1ccc(/C2=C3\C=CC(=N3)C(=c3ccc(=C(O)O)cc3)C3=N/C(=C(/c4ccc(C(=O)O)cc4)c4ccc([nH]4)/C(c4ccc(C(=O)O)cc4)=C4/C=CC2=N4)C=C3)cc1,,0.00045637087896466255
4225,O=C(Nc1cc(C(=O)Nc2ccc(S(=O)(=O)[O-])cc2S(=O)(=O)[O-])cc(C(=O)Nc2ccc(S(=O)(=O)[O-])cc2S(=O)(=O)[O-])c1)Nc1cc(C(=O)Nc2ccc(S(=O)(=O)[O-])cc2S(=O)(=O)[O-])cc(C(=O)Nc2ccc(S(=O)(=O)[O-])cc2S(=O)(=O)[O-])c1.[Na+].[Na+].[Na+].[Na+].[Na+].[Na+].[Na+].[Na+],,0.0005833535105921328
4221,O=C(Nc1cccc(C(=O)Nc2ccc(S(=O)(=O)[O-])c3cc(S(=O)(=O)[O-])cc(S(=O)(=O)[O-])c23)c1)Nc1cccc(C(=O)Nc2ccc(S(=O)(=O)[O-])c3cc(S(=O)(=O)[O-])cc(S(=O)(=O)[O-])c23)c1.[Na+].[Na+].[Na+].[Na+].[Na+].[Na+],,0.0008846191340126097
3997,C[n+]1ccc(-c2c3nc(c(-c4cc[n+](C)cc4)c4ccc([n-]4)c(-c4cc[n+](C)cc4)c4nc(c(-c5cc[n+](C)cc5)c5ccc2[n-]5)C=C4)C=C3)cc1.[Mn+3],,0.000946756568737328
5950,Cc1cc(-c2ccc(/N=N/c3c(S(=O)(=O)[O-])cc4cc(S(=O)(=O)[O-])cc(N)c4c3O)c(C)c2)ccc1/N=N/c1c(S(=O)(=O)[O-])cc2cc(S(=O)(=O)[O-])cc(N)c2c1O.[Na+].[Na+].[Na+].[Na+],,0.0009527297806926072
8882,Cc1cc(-c2ccc(/N=N/c3ccc4c(S(=O)(=O)[O-])cc(S(=O)(=O)[O-])c(N)c4c3O)c(C)c2)ccc1/N=N/c1ccc2c(S(=O)(=O)[O-])cc(S(=O)(=O)[O-])c(N)c2c1O.[Na+].[Na+].[Na+].[Na+],,0.0010571115417405963
3995,O=C(O)c1ccc(-c2c3nc(c(-c4ccc(C(=O)O)cc4)c4ccc([n-]4)c(-c4ccc(C(=O)O)cc4)c4nc(c(-c5ccc(C(=O)O)cc5)c5ccc2[n-]5)C=C4)C=C3)cc1.[Mn+3],,0.0011715885484591126
4224,O=C(Nc1ccc(C(=O)Nc2ccc(C(=O)Nc3ccc(S(=O)(=O)O)c4cc(S(=O)(=O)O)cc(S(=O)(=O)O)c34)cc2)cc1)Nc1ccc(C(=O)Nc2ccc(C(=O)Nc3ccc(S(=O)(=O)O)c4cc(S(=O)(=O)O)cc(S(=O)(=O)O)c34)cc2)cc1,,0.001921874238178134
8770,COc1cc(-c2ccc(-[n+]3nc(-c4ccccc4)nn3-c3ccc([N+](=O)[O-])cc3)c(OC)c2)ccc1-[n+]1nc(-c2ccccc2)nn1-c1ccc([N+](=O)[O-])cc1.[Cl-].[Cl-],,0.002366755623370409
5070,Cc1ccc(C(=O)Nc2ccc(S(=O)(=O)O)c3cc(S(=O)(=O)O)cc(S(=O)(=O)O)c23)cc1NC(=O)c1cccc(NC(=O)Nc2cccc(C(=O)Nc3cc(C(=O)Nc4ccc(S(=O)(=O)O)c5cc(S(=O)(=O)O)cc(S(=O)(=O)O)c45)ccc3C)c2)c1,,0.0024692912120372057
4226,O=C(Nc1cc(C(=O)Nc2ccc(S(=O)(=O)O)cc2S(=O)(=O)O)cc(C(=O)Nc2ccc(S(=O)(=O)O)cc2S(=O)(=O)O)c1)Nc1cc(C(=O)Nc2ccc(S(=O)(=O)O)cc2S(=O)(=O)O)cc(C(=O)Nc2ccc(S(=O)(=O)O)cc2S(=O)(=O)O)c1,,0.002903665415942669
3998,C[n+]1ccc(-c2c3nc(c(-c4cc[n+](C)cc4)c4ccc([nH]4)c(-c4cc[n+](C)cc4)c4ccc([nH]4)c(-c4cc[n+](C)cc4)c4nc2C=C4)C=C3)cc1,,0.0035202661529183388
5951,Cc1cc(-c2ccc(/N=N/c3c(S(=O)(=O)O)cc4cc(S(=O)(=O)O)cc(N)c4c3O)c(C)c2)ccc1/N=N/c1c(S(=O)(=O)O)cc2cc(S(=O)(=O)O)cc(N)c2c1O,,0.004811534658074379
3124,Cc1cc(-c2ccc(/N=N/c3ccc4c(S(=O)(=O)O)cc(S(=O)(=O)O)c(N)c4c3O)c(C)c2)ccc1/N=N/c1ccc2c(S(=O)(=O)O)cc(S(=O)(=O)O)c(N)c2c1O,,0.004923763684928417
4222,O=C(Nc1cccc(C(=O)Nc2ccc(S(=O)(=O)O)c3cc(S(=O)(=O)O)cc(S(=O)(=O)O)c23)c1)Nc1cccc(C(=O)Nc2ccc(S(=O)(=O)O)c3cc(S(=O)(=O)O)cc(S(=O)(=O)O)c23)c1,,0.0051186042837798595
2839,Oc1ccc(C2Oc3cc(O)cc4c3C2c2cc(O)cc(O)c2C(c2ccc(O)cc2)C4(O)C2(O)c3cc(O)cc4c3C(c3cc(O)cc(O)c3C2c2ccc(O)cc2)C(c2ccc(O)cc2)O4)cc1,,0.0064256382174789906
8771,COc1cc(-c2ccc(-[n+]3nc(-c4ccccc4)nn3-c3ccc([N+](=O)[O-])cc3)c(OC)c2)ccc1-[n+]1nc(-c2ccccc2)nn1-c1ccc([N+](=O)[O-])cc1,,0.006736367475241423
2237,COc1cccc2c1C(=O)c1c(O)c3c(c(O)c1C2=O)CC(O)(C(C)=O)CC3OC1CC([NH2+]Cc2ccc(C[NH2+]C3CC(OC4CC(O)(C(C)=O)Cc5c(O)c6c(c(O)c54)C(=O)c4c(OC)cccc4C6=O)OC(C)C3O)cc2)C(O)C(C)O1,,0.006748479325324297
4260,COc1cc(-c2ccc(-[n+]3nc(-c4ccc(C)cc4)nn3-c3ccc([N+](=O)[O-])cc3)c(OC)c2)ccc1-[n+]1nc(-c2ccccc2)nn1-c1ccc([N+](=O)[O-])cc1,,0.006940650288015604
5386,COc1cccc2c1C(=O)c1c(O)c3c(c(O)c1C2=O)CC(O)(C(C)=O)CC3OC1CC(O)C([NH2+]Cc2ccc(C[NH2+]C3C(O)CC(OC4CC(O)(C(C)=O)Cc5c(O)c6c(c(O)c54)C(=O)c4c(OC)cccc4C6=O)OC3C)cc2)C(C)O1,,0.007330106571316719
3375,C=Cc1c(C)/c2[nH]/c1=C\C1=N/C(=C\C3=C(CCC(=O)O)C(=CO)C(=N3)/C=C3\N=C(/C=2)C(C(O)CCC=C(C)CCC=C(C)CCC=C(C)C)=C3C)C(CCC(=O)O)=C1C,,0.0074295783415436745
8151,O=C(Nc1cccc2c(=O)c3c(ccc4c5cc(NC(=O)c6ccccc6)c6c(=O)c7ccccc7c(=O)c6c5[nH]c43)c(=O)c12)c1ccccc1,,0.007912084460258484
8476,[Cu].c1ccc2c(c1)C1=N/C2=N\C2=N/C(=N\C3=N/C(=N\C4=N/C(=N\1)c1ccccc14)c1ccccc13)c1ccccc12,,0.008225895464420319
1101,O=C(O)CCC1=C(CC(=O)O)C2=N/C1=C\C1=N/C(=C\C3=N/C(=C\C4=C(CC(=O)O)C(CCC(=O)O)/C(=C/2)N4)C(CCC(=O)O)=C3CC(=O)O)C(CC(=O)O)C1CCC(=O)O,,0.008340845815837383
3167,COc1ccc2[nH]c3ccc4cc[n+](CC[NH2+]CCCCCC[NH2+]CC[n+]5ccc6ccc7[nH]c8ccc(OC)cc8c7c6c5)cc4c3c2c1,,0.008821523748338223
7917,O=C1c2ccccc2C(=O)c2c(Nc3cccc4c3C(=O)c3cccc(Nc5cccc6c5C(=O)c5ccccc5C6=O)c3C4=O)cccc21,,0.008956776931881905
8897,COc1ccc2cc3[n+](cc2c1OC)CCc1cc2c(cc1-3)OCO2.COc1ccc2cc3[n+](cc2c1OC)CCc1cc2c(cc1-3)OCO2.O=S(=O)([O-])[O-],,0.009121867828071117
8184,O=S(=O)(c1ccc(NC(CC(c2ccccc2)S(=O)(=O)[O-])S(=O)(=O)[O-])cc1)c1ccc(NC(CC(c2ccccc2)S(=O)(=O)[O-])S(=O)(=O)[O-])cc1.[Na+].[Na+].[Na+].[Na+],,0.009349094703793526
4316,O=[N+]([O-])c1ccc(NCCOP(=O)(O)OP(=O)([O-])O)c([N+](=O)[O-])c1.[Be+2].[F-].[F-].[F-],,0.009474589489400387
5389,O=C(Nc1ccc(S(=O)(=O)[O-])c2cc(S(=O)(=O)[O-])cc(S(=O)(=O)[O-])c12)c1cc([N+](=O)[O-])cc([N+](=O)[O-])c1.[Na+].[Na+].[Na+],,0.009641663171350956
4318,O=[N+]([O-])c1ccc(NCCCOP(=O)(O)OP(=O)([O-])O)c([N+](=O)[O-])c1.[Be+2].[F-].[F-].[F-],,0.00976480357348919
9252,CN1C[C@H](C(=O)N[C@]2(C)O[C@@]3(O)[C@@H]4CCCN4C(=O)[C@H](Cc4ccccc4)N3C2=O)C=C2c3cccc4[nH]cc(c34)C[C@H]21.CN1C[C@H](C(=O)N[C@]2(C)O[C@@]3(O)[C@@H]4CCCN4C(=O)[C@H](Cc4ccccc4)N3C2=O)C=C2c3cccc4[nH]cc(c34)C[C@H]21.O=C(O)[C@H](O)[C@@H](O)C(=O)O,,0.010017329826951027
8087,CCN(CC)c1ccc(C(=C2C=CC(=[N+](CC)CC)C=C2)c2ccc(S(=O)(=O)[O-])cc2S(=O)(=O)[O-])cc1.[Na+],,0.010385098867118359
2238,COc1cccc2c1C(=O)c1c(O)c3c(c(O)c1C2=O)CC(O)(C(C)=O)CC3OC1CC(NCc2ccc(CNC3CC(OC4CC(O)(C(C)=O)Cc5c(O)c6c(c(O)c54)C(=O)c4c(OC)cccc4C6=O)OC(C)C3O)cc2)C(O)C(C)O1,,0.011264830827713013
5387,COc1cccc2c1C(=O)c1c(O)c3c(c(O)c1C2=O)CC(O)(C(C)=O)CC3OC1CC(O)C(NCc2ccc(CNC3C(O)CC(OC4CC(O)(C(C)=O)Cc5c(O)c6c(c(O)c54)C(=O)c4c(OC)cccc4C6=O)OC3C)cc2)C(C)O1,,0.011327733285725117
5234,O=C(NCCN(CCNC(=O)c1cc(S(=O)(=O)O)c2cccnc2c1O)CCNC(=O)c1cc(S(=O)(=O)O)c2cccnc2c1O)c1cc(S(=O)(=O)O)c2cccnc2c1O,,0.01173072773963213
6363,CN(C)c1ccc(C(=C2C=CC(=[N+](C)C)C=C2)c2ccc([N+](C)(C)C)cc2)cc1.[Cl-].[Cl-],,0.011872059665620327
967,C=CC1=C(C)/C2=C/C3=N/C(=C\C4=N/C(=C\C5=C(CCC(=O)O)C(C)/C(=C/C1=N2)N5)C(CCC(=O)O)=C4C)C(C)C3C=C,,0.012090319767594337
950,C1=C/C2=C/C3=CC/C(=C/C4=N/C(=C\C5=N/C(=C\C1=N2)CC5)C=C4)N3,,0.012242430821061134
8603,c1cc2ccc3cc4cc5cc6cc7c(cc6cc5cc4c4ccc(c1)c2c34)cc1ccc2cccc3ccc7c1c23,,0.012690352275967598
4256,Cc1ccc(N(CC(=O)[O-])CC(=O)[O-])c(OC2CCCC2Oc2cc(C(O)c3ccc4c(c3)OCO4)ccc2N(CC(=O)[O-])CC(=O)[O-])c1.[Na+].[Na+].[Na+].[Na+],,0.013064851053059101
2718,CC1=C2N=C(C=C3N=C(C(C)=C4[N-]C(C(CC(N)=O)C4(C)CCC(=O)NCC(C)OP(=O)(O)OC4C(CO)OC(n5cnc6cc(C)c(C)cc65)C4O)C4(C)N=C1C(CCC(N)=O)C4(C)CC(N)=O)C(CCC(N)=O)C3(C)C)C(CCC(N)=O)C2(C)CC(N)=O.[C-]#N.[Co+2],,0.013379670679569244
4402,O=[N+]([O-])c1ccc(NCCOP(=O)(O)OP(=O)([O-])O)cc1.[Be+2].[F-].[F-].[F-],,0.014016185887157917
2140,CNC(CC(C)C)C(=O)NC1C(=O)NC(CC(N)=O)C(=O)NC2C(=O)NC3C(=O)NC(C(=O)NC(C(=O)O)c4cc(O)cc(O)c4-c4cc3ccc4O)C(OC3CC(C)(N)C(O)(O)C(C)O3)c3ccc(c(Cl)c3)Oc3cc2cc(c3OC2OC(CO)C(O)C(O)C2O)Oc2ccc(cc2Cl)C1O,,0.014352671802043915
8214,COS(=O)(=O)[O-].COS(=O)(=O)[O-].C[n+]1cccc2cc(NC(=O)Nc3ccc4c(ccc[n+]4C)c3)ccc21,,0.014402340166270733
5346,CNC(CC(C)C)C(=O)NC1C(=O)NC(CC(N)=O)C(=O)NC2C(=O)NC3C(=O)NC(C(=O)NC(C(=O)O)c4cc(O)cc(O)c4-c4cc3ccc4O)C(O)c3ccc(c(Cl)c3)Oc3cc2cc(c3OC2OC(CO)C(O)C(O)C2OC2CC(C)(N)C(O)C(C)O2)Oc2ccc(cc2Cl)C1O,,0.014862089417874813
2659,CC1=C2N=C(C=C3N=C(C(C)=C4N=C(C(CC(N)=O)C4(C)CCC(=O)NCC(C)OP(=O)(O)OC4C(CO)OC(n5cnc6cc(C)c(C)cc65)C4O)C4(C)N=C1C(CCC(N)=O)C4(C)CC(N)=O)C(CCC(N)=O)C3(C)C)C(CCC(N)=O)C2(C)CC(N)=O.[C-]#N.[Co],,0.01491309143602848
3168,COc1ccc2[nH]c3ccc4cc[n+](CCNCCCCCCNCC[n+]5ccc6ccc7[nH]c8ccc(OC)cc8c7c6c5)cc4c3c2c1,,0.015037868171930313
4569,O=C1C2=C3C4=C(C=CC3C(=O)N1CCN1CCCCC1)c1ccc3c5c(ccc(c15)C4C=C2)C(=O)N(CCN1CCCCC1)C3=O,,0.015324057079851627
3768,O=[N+]([O-])c1cccc(NCCOP(=O)(O)OP(=O)([O-])O)c1.[Be+2].[F-].[F-].[F-],,0.015722190961241722
8088,CCN(CC)c1ccc(C(=C2C=CC(=[N+](CC)CC)C=C2)c2ccc(S(=O)(=O)O)cc2S(=O)(=O)O)cc1,,0.01598438061773777
4437,CCN(CC)c1ccc(C(=C2C=CC(=[N+](CC)CC)C=C2)c2cc(S(=O)(=O)O)ccc2S(=O)(=O)O)cc1,,0.016172492876648903
4322,O=[N+]([O-])c1ccccc1NCCOP(=O)(O)OP(=O)([O-])O.[Be+2].[F-].[F-].[F-],,0.01627892255783081
2764,COc1ccc2[nH]c3ccc4cc[n+](CCN5CCC(CCCC6CCN(CC[n+]7ccc8ccc9[nH]c%10ccc(OC)cc%10c9c8c7)CC6)CC5)cc4c3c2c1,,0.016280647367239
2934,COc1ccc2[nH]c3ccc4cc[n+](CCN5CCC(C6CCN(CC[n+]7ccc8ccc9[nH]c%10ccc(OC)cc%10c9c8c7)CC6)CC5)cc4c3c2c1,,0.016970613971352577
2108,[NH3+]OC(=O)C1=CC(=C(c2ccc(O)c(C(=O)O[NH3+])c2)c2ccc(O)c(C(=O)O[NH3+])c2)C=CC1=O,,0.016995133832097054
8182,CC(=O)Nc1cc2c(O)c(/N=N/c3ccc(S(N)(=O)=O)cc3)c(S(=O)(=O)[O-])cc2cc1S(=O)(=O)[O-].[Na+].[Na+],,0.017409944906830788
3501,CC1(C)C(C=CC=CC=CC=C2N(CCCCS(=O)(=O)O)c3ccc4ccccc4c3C2(C)C)=[N+](CCCCS(=O)(=O)O)c2c1ccc1ccccc21,,0.017421191558241844
2653,CC1=C2N=C(C=C3N=C(C(C)=C4N=C(C(CC(N)=O)C4(C)CCC(=O)NCC(C)OP(=O)(O)OC4C(CO)OC(n5cnc6cc(C)c(C)cc65)C4O)C4(C)N=C1C(CCC(N)=O)C4(C)CC(N)=O)C(CCC(N)=O)C3(C)C)C(CCC(N)=O)C2(C)CC(N)=O,,0.017733216285705566
2373,COc1c(O)c2c(=O)cc(OC)c3c4c(OC)cc(=O)c5c(O)c(OC)c(CC(C)OC(=O)c6ccccc6)c(c(c1CC(C)OC(=O)Oc1ccc(O)cc1)c23)c54,,0.018037432804703712
4902,O=C(Nc1nc2ccccc2[nH]1)c1cccc(CN2C(=O)N(Cc3cccc(C(=O)Nc4nc5ccccc5[nH]4)c3)C(Cc3ccccc3)C(O)C(O)C2Cc2ccccc2)c1,,0.018911544233560562
4913,O=C(O)c1cc(O)c2c(c1)C(C1c3cc(C(=O)O)cc(O)c3C(=O)c3c(OC4OC(CO)C(O)C(O)C4O)cccc31)c1cccc(OC3OC(CO)C(O)C(O)C3O)c1C2=O,,0.01911933533847332
8185,O=S(=O)(c1ccc(NC(CC(c2ccccc2)S(=O)(=O)O)S(=O)(=O)O)cc1)c1ccc(NC(CC(c2ccccc2)S(=O)(=O)O)S(=O)(=O)O)cc1,,0.019190676510334015
9371,c1ccc2cc3c(cc2c1)cc1c2c3ccc3cccc(c32)c2c3cccc4ccc5cccc(c5c43)c12,,0.01931406371295452
5366,CC1OC(OC2CCC(C)(OC3C(O)CC(c4ccc5c(c4)C(=O)C4=C(C5=O)C5(O)C(=O)CC(C)(OC6(C)CCC(OC7C=CC(=O)C(C)O7)C(C)O6)CC5(O)C=C4)OC3C)OC2C)C=CC1=O,,0.01944039575755596
5390,O=C(Nc1ccc(S(=O)(=O)O)c2cc(S(=O)(=O)O)cc(S(=O)(=O)O)c12)c1cc([N+](=O)[O-])cc([N+](=O)[O-])c1,,0.021856773644685745
7847,ON=Cc1cc[n+](COC[n+]2ccc(C=NO)cc2)cc1.[Cl-].[Cl-],,0.022029928863048553
3905,CC1=C2N=C(C=C3N=C(C(C)=C4N=C(C(CC(N)=O)C4(C)CCC(=O)NCC(C)OP(=O)(O)OC4C(CO)OC(n5cnc6cc(C)c(C)cc65)C4O)C4(C)N=C1C(CCC(N)=O)C4(C)CC(N)=O)C(CCC(N)=O)C3(C)C)C(CCC(N)=O)C2(C)CC(N)=O.[CH3-].[Co],,0.02237251214683056
2652,CC1=C2N=C(C=C3N=C(C(C)=C4N=C(C(CC(N)=O)C4(C)CCC(=O)NCC(C)OP(=O)(O)OC4C(CO)OC(n5cnc6cc(C)c(C)cc65)C4O)C4(C)N=C1C(CCC(N)=O)C4(C)CC(N)=O)C(CCC(N)=O)C3(C)C)C(CCC(N)=O)C2(C)CC(N)=O.[Co],,0.023428671061992645
4711,Cc1cc(=O)c2c(O)c3c(O)cc(O)c4c5c(O)cc(O)c6c(O)c7c(=O)cc(CO)c8c1c2c(c34)c(c65)c78,,0.023585733026266098
3456,Cc1cc(=O)c2c(O)c3c(O)cc(O)c4c5c(O)cc(O)c6c(O)c7c(=O)cc(C)c8c1c2c(c34)c(c65)c78,,0.023795701563358307
6969,[Al+3].[CH2-]C.[CH2-]C.[CH2-]C,,0.02386057749390602
5398,COc1cc([N+](=O)[O-])c(S(=O)(=O)O)cc1-n1nc(C(=O)Nc2ccccc2)n[n+]1-c1cc(S(=O)(=O)[O-])c([N+](=O)[O-])cc1OC,,0.02406514436006546
8147,O=[N+]([O-])c1cc([N+](=O)[O-])c([O-])c([N+](=O)[O-])c1.[NH4+],,0.024349233135581017
8195,O=S(=O)([O-])[O-].Oc1cccc2ccc[nH+]c12.Oc1cccc2ccc[nH+]c12,,0.02446490153670311
2110,O=C(O)C1=CC(=C(c2ccc(O)c(C(=O)O)c2)c2ccc(O)c(C(=O)O)c2)C=CC1=O,,0.024598879739642143
3003,COc1cc2c3cc1Oc1c(OC)c(OC)cc4c1C(Cc1ccc(OC(=O)c5ccc([N+](=O)[O-])cc5)c(c1)Oc1ccc(cc1)CC3N(C)CC2)N(C)CC4,,0.02496970072388649
8610,c1ccc2cc3c(cc2c1)cc1c2ccccc2c2cc4cc5ccccc5cc4c4ccc3c1c42,,0.025370249524712563
2109,NOC(=O)C1=CC(=C(c2ccc(O)c(C(=O)ON)c2)c2ccc(O)c(C(=O)ON)c2)C=CC1=O,,0.025426238775253296
1810,CN(C)CCCOc1ccc(-c2nc3ccc(-c4ccc5nc(-c6ccc(OCCCN(C)C)cc6)[nH]c5c4)cc3[nH]2)cc1,,0.025550011545419693
5677,COc1cc2c3cc1Oc1cc(ccc1O)C[C@@H]1c4c(cc(OC)c(O)c4Oc4ccc(cc4)C[C@@H]3N(C)CC2)CC[N+]1(C)C,,0.025843551382422447
2719,CC1=C2N=C(C=C3NC(=C(C)C4=NC(C)(C5N=C1C(C)(CCC(=O)NCC(C)OP(=O)(O)OC1C(CO)OC(n6cnc7cc(C)c(C)cc76)C1O)C5CC(N)=O)C(C)(CC(N)=O)C4CCC(N)=O)C(C)(CC(N)=O)C3CCC(N)=O)C(C)(C)C2CCC(N)=O,,0.025904875248670578
3627,CN(C(Cc1ccc(OS(=O)(=O)c2cccc3cnccc23)cc1)C(=O)N1CCN(c2ccccc2)CC1)S(=O)(=O)c1cccc2cnccc12,,0.0262050349265337
1023,CC1(CC(=O)O)C2=CC3=C(CC(=O)O)C(CCC(=O)O)C(=N3)CC3N=C(C=C4N=C(C=C(N2)C1CCC(=O)O)C(C)(CC(=O)O)C4CCC(=O)O)C(CC(=O)O)=C3CCC(=O)O,,0.02645157277584076
7911,O=C1c2ccccc2-c2ccc3c4ccc5c6c(ccc(c7ccc1c2c73)c64)C(=O)c1ccccc1-5,,0.026545561850070953
6319,Cc1ccc2c(c1-c1c(C)ccc3c1C(=O)c1ccccc1C3=O)C(=O)c1ccccc1C2=O,,0.026764724403619766
4615,Cc1nc(/N=N/c2ccc(S(=O)(=O)[O-])cc2S(=O)(=O)[O-])c(COP(=O)([O-])[O-])c(C=O)c1O.[Na+].[Na+].[Na+].[Na+],,0.02701338194310665
6689,COc1cc(-c2ccc(NC(=O)c3cc4ccccc4cc3O)c(OC)c2)ccc1NC(=O)c1cc2ccccc2cc1O,,0.027413610368967056
1021,CC1(CC(=O)O)C2=CC3[N-]C(=C(CCC(=O)O)C3CC(=O)O)C=C3[N-]C(C=C4[N-]C(=CC(=N2)C1CCC(=O)O)C(CCC(=O)O)C4(C)CC(=O)O)C(CCC(=O)O)C3CC(=O)O.[Fe+3],,0.027529189363121986
5813,CNC(=O)Oc1ccc2c(c1)[C@]1(C)CC[NH+](C)[C@@H]1N2C.CNC(=O)Oc1ccc2c(c1)[C@]1(C)CC[NH+](C)[C@@H]1N2C.O=S(=O)([O-])[O-],,0.028140386566519737
5078,COC(=O)c1c(-c2cc(OC)c(OC)c(OC)c2)c2ccc(OCc3ccccn3)cc2c(=O)n1-c1ccc(N)cc1,,0.02825300768017769
373,CCC1=C(C(C)SCC(N)C(=O)NC)C2C=c3[nH]c(c(CCC(=O)O)c3C)=Cc3[nH]c(c(C)c3CCC(=O)O)C=c3[nH]c(c(C(C)SCC(N)C(=O)NC)c3C)=CC1=N2,,0.02831893600523472
5399,COc1cc([N+](=O)[O-])c(S(=O)(=O)O)cc1-n1nc(C(=O)Nc2ccccc2)n[n+]1-c1cc(S(=O)(=O)O)c([N+](=O)[O-])cc1OC,,0.02833612449467182
4934,CC1(CC(=O)O)C2=Cc3[nH]c(c(CCC(=O)O)c3CC(=O)O)C=c3[nH]c(c(CC(=O)O)c3CCC(=O)O)=CC3=C(CCC(=O)O)C(C)(CC(=O)O)C(=CC(=C1CCC(=O)O)N2)N3,,0.02834237925708294
6338,O=C1c2ccccc2C(=O)c2c(Nc3cccc4c3C(=O)c3ccccc3C4=O)cccc21,,0.028612667694687843
2697,COC1C(OC(=O)c2ccc(C)[nH]2)C(O)C(Oc2ccc3c(c2C)OC(=O)C(NC(=O)c2[nH]cc(CC(=O)Nc4cc5ccc(OC6OC(C)(C)C(OC)C(OC(=O)c7ccc(C)[nH]7)C6O)c(C)c5oc4=O)c2C)C3)CC1(C)C,,0.02878604456782341
1128,COc1cc2c3cc1Oc1cc(ccc1O)CC1c4c(cc(OC)c(O)c4Oc4ccc(cc4)CC3[NH+](C)CC2)CC[N+]1(C)C,,0.029171960428357124
8629,c1ccc2cc3cc4cc5c(cc4cc3cc2c1)cc1ccc2cccc3ccc5c1c23,,0.029546137899160385
237,C=CC1=C(C)C(C=c2[nH]c(=Cc3[nH]c(C=C4NC(=O)C(C)=C4C=C)c(C)c3CCC(=O)O)c(CCC(=O)O)c2C)=NC1=O,,0.029766041785478592
3010,CSC1SCC2C(=O)N(C)C(C(C)C)C(=O)OCC(NC(=O)c3cnc4ccccc4n3)C(=O)NC(C)C(=O)N(C)C1C(=O)N(C)C(C(C)C)C(=O)OCC(NC(=O)c1cnc3ccccc3n1)C(=O)NC(C)C(=O)N2C,,0.03019741177558899
8594,c1ccc2cc3c(cc2c1)cc1ccc2cc4cc5ccccc5cc4c4ccc3c1c24,,0.03031829372048378
8595,c1ccc2cc3c(cc2c1)cc1ccc2c4cc5ccccc5cc4cc4ccc3c1c42,,0.030318301171064377
1118,NC(CCC(=O)NC(CSC1c2c(cc3ccc4cccc5ccc2c3c45)C(=O)C(=O)C1O)C(=O)NCC(=O)O)C(=O)O,,0.030712001025676727
3376,CC=c1c(C)c2[nH]c1=Cc1[nH]c(c(CCC(=O)O)c1C)C=c1[nH]c(c(C)c1CCC(=O)O)=Cc1[nH]c(c(=CC)c1C)=C2,,0.03088035061955452
3635,CCCCc1nc2ccc(O)cc2c(=O)n1Cc1ccc(-c2ccccc2-c2nn[nH]n2)cc1,,0.030941998586058617
1240,CC1(OC(=O)c2cc(O)c(O)c(O)c2)CC(OC(=O)c2cc(O)c(O)c(O)c2)C(OC(=O)c2cc(O)c(O)c(O)c2)C(OC(=O)c2cc(O)c(O)c(O)c2)C1,,0.03115127608180046
6330,O=c1c2ccccc2c(=O)c2c1ccc1[nH]c3c(ccc4c(=O)c5ccccc5c(=O)c43)[nH]c12,,0.0311643835157156
4220,O=C(Nc1ccc(S(=O)(=O)O)c2cc(S(=O)(=O)O)cc(S(=O)(=O)O)c12)c1cccc([N+](=O)[O-])c1,,0.03127160668373108
6009,[Al+3].[CH3-].[CH3-].[CH3-],,0.031682539731264114
8291,CC(=O)[O-].CC(=O)[O-].CC(=O)[O-].[Al+3],,0.0317390002310276
2361,O=C(O)CN(CC(=O)O)Cc1cc2c(-c3ccccc3C(=O)O)c3cc(CN(CC(=O)O)CC(=O)O)c(=O)cc-3oc2cc1O,,0.03175247088074684
4706,C=CC1=C(C)c2cc3[n-]c(cc4nc(cc5[n-]c(cc1n2)c(C)c5C=C)C(C)=C4CCC(=O)O)c(CCC(=O)O)c3C.[Fe+2],,0.031761348247528076
2901,COc1cc(C(CN(CC(=O)[O-])CC(=O)[O-])N(CC(=O)[O-])CC(=O)[O-])c([N+](=O)[O-])cc1OC.[Na+].[Na+].[Na+].[Na+],,0.03182978928089142
4705,C=CC1=C(C)c2cc3[n-]c(cc4nc(cc5[n-]c(cc1n2)c(C)c5CCC(=O)O)C(CCC(=O)O)=C4C)c(C)c3C=C.[Co+2],,0.031913548707962036
3955,COc1cc(O)c(-c2cc(-c3cc(-c4c(O)cc(O)c5c4CC(C)NC5C)c4cc(C)cc(OC)c4c3O)c(O)c3c(OC)cc(C)cc23)c2c1C(C)=NC(C)C2,,0.03206625208258629
8879,c1ccc2cc3cc4cc5c(cc4cc3cc2c1)c1cccc2ccc3cccc5c3c21,,0.032570041716098785
3631,COc1c2c(cc(O)c1-c1cc(-c3cc(-c4c(O)cc(O)c5c4CC(C)NC5C)c4cc(C)cc(OC)c4c3O)c(O)c3c(OC)cc(C)cc13)CC(C)N=C2C,,0.03295319899916649
5077,COC(=O)c1c(-c2cc(OC)c(OC)c(OC)c2)c2ccnc(OCc3ncccn3)c2c(=O)n1Cc1ccnc(C)c1,,0.033087123185396194
9600,Cc1cc2nc3c(C)c(N)ccc3[n+](-c3ccccc3)c2cc1N.[Cl-],,0.0331447571516037
9641,COc1ccc2cc1Oc1ccc(cc1)C[C@H]1c3c(cc4c(c3Oc3cc5c(cc3OC)CCN(C)[C@@H]5C2)OCO4)CCN1C,,0.03319590911269188
7931,COc1ccc2cc3[n+](cc2c1OC)CCc1cc2c(cc1-3)OCO2.[OH-],,0.033298369497060776
8604,c1ccc2c(c1)c1ccc3ccc4ccc5ccc6ccc2c2c6c5c4c3c12,,0.03331993520259857
2347,O=C1N2C=C(c3ccc(O)cc3)N=C(Cc3ccccc3)C2=NC1(Cc1ccc(O)cc1)OO,,0.03337373211979866
5460,C=C[C@H]1CN2CCC1C[C@@H]2[C@@H](O)c1ccnc2ccc(OC)cc12.C=C[C@H]1CN2CCC1C[C@@H]2[C@@H](O)c1ccnc2ccc(OC)cc12.O=S(=O)(O)O,,0.033385779708623886
488,CC1=C2N=C(C=C3NC(=Cc4[nH]c(c(CCC(=O)O)c4CC(=O)O)Cc4[nH]c1c(CC(=O)O)c4CCC(=O)O)C(CCC(=O)O)C3(C)CC(=O)O)C(CCC(=O)O)C2(C)CC(=O)O,,0.033550407737493515
4704,C=Cc1c(C)c2cc3[nH]c(cc4nc(cc5nc(cc1[nH]2)C(C)=C5CCC(=O)O)C(CCC(=O)O)=C4C)c(C)c3C=C,,0.03373667225241661
8107,O=c1c2ccccc2c(=O)c2c1cc(Cl)c1[nH]c3c([nH]c12)c(Cl)cc1c(=O)c2ccccc2c(=O)c13,,0.034219663590192795
8477,c1ccc2c(c1)-c1nc3nc(nc4[nH]c([nH]c5nc(nc-2n1)-c1ccccc1-5)c1ccccc41)-c1ccccc1-3,,0.034379906952381134
2380,CCOc1nc2cccc(C(=O)OC(C)OC(=O)OC3CCCCC3)c2n1Cc1ccc(-c2ccccc2-c2nn[nH]n2)cc1,,0.03447995334863663
4196,O=S(=O)([O-])c1ccc2c(S(=O)(=O)[O-])cc(S(=O)(=O)[O-])cc2c1,,0.03465829789638519
2130,NC(=[NH2+])c1ccc2nc(C(=O)c3nc4ccc(C(N)=[NH2+])cc4[nH]3)[nH]c2c1,,0.03466111421585083
6332,CCN(CC)c1ccc2c(-c3ccccc3C(=O)O)c3ccc(=[N+](CC)CC)cc-3oc2c1.[Cl-],,0.034805938601493835
9262,c1cc2ccc3cccc4c3c2c(c1)c1c2cccc3ccc5cccc(c5c32)c41,,0.03487853705883026
5093,[H]/[C-]=N\CC(C)(C)OC.[H]/[C-]=N\CC(C)(C)OC.[H]/[C-]=N\CC(C)(C)OC.[H]/[C-]=N\CC(C)(C)OC.[H]/[C-]=N\CC(C)(C)OC.[H]/[C-]=N\CC(C)(C)OC.[Tc+6],,0.0349322110414505
493,CC(=O)C12NC(=CC3=NC(=C(CCC(=O)O)C3(C)CC(=O)O)Cc3[nH]c(c(CCC(=O)O)c3CC(=O)O)CC3=NC1=C(CC(=O)O)C3(C)CCC(=O)O)C(CCC(=O)O)C2(C)CC(=O)O,,0.035228077322244644
7845,C/N=C(/NCc1ccccc1)[NH2+]C.C/N=C(/NCc1ccccc1)[NH2+]C.O=S(=O)([O-])[O-],,0.03590422868728638
5159,CNCC(O)c1ccc(O)c(C2(O)c3ccccc3-[n+]3ccc4c([nH]c5ccccc54)c32)c1,,0.036085642874240875
3512,O=C(OC1C(OC(=O)c2cccnc2)C(OC(=O)c2cccnc2)C(OC(=O)c2cccnc2)C(OC(=O)c2cccnc2)C1OC(=O)c1cccnc1)c1cccnc1,,0.0363231785595417
3374,C=Cc1c(C)c2cc3nc(cc4[n-]c(cc5nc(cc1[n-]2)C(C)=C5CCC(=O)O)c(CCC(=O)O)c4C=O)C(C)=C3C(O)CCC=C(C)CCC=C(C)CCC=C(C)C.[Fe+2],,0.03645683825016022
2381,CCOc1nc2cccc(C(=O)O)c2n1Cc1ccc(-c2ccccc2-c2nn[nH]n2)cc1,,0.036636270582675934
8613,c1ccc2cc3c(cc2c1)c1cccc2c4cc5ccccc5cc4c4cccc3c4c12,,0.0368330217897892
5658,CC[C@]1(O)C[C@H]2CN(CCc3c([nH]c4ccccc34)[C@@](C(=O)OC)(c3cc4c(cc3OC)N(C=O)[C@H]3[C@@](O)(C(=O)OC)[C@H](OC(C)=O)[C@]5(CC)C=CCN6CC[C@]43[C@@H]65)C2)C1,,0.03685372322797775
2228,NC(=[NH2+])c1ccc2nc(C(O)(O)c3nc4ccc(C(N)=[NH2+])cc4[nH]3)[nH]c2c1,,0.0368601493537426
497,CC(=O)C12NC(=CC3=NC(=C(CCC(=O)O)C3(C)CC(=O)O)CC3(C)N=C(CC4=NC1=C(CC(=O)O)C4(C)CCC(=O)O)C(CCC(=O)O)=C3CC(=O)O)C(CCC(=O)O)C2(C)CC(=O)O,,0.036868758499622345
8615,c1ccc2cc3cc4c(cc3cc2c1)c1cccc2c3ccccc3c3cccc4c3c21,,0.036890652030706406
6329,Nc1ccc(Nc2cc(S(=O)(=O)O)c(N)c3c2C(=O)c2ccccc2C3=O)cc1S(=O)(=O)O,,0.037032485008239746
5008,COC1=C(N)C(=O)c2nc(-c3nc(C(=O)O)c(C)c(-c4ccc(OC)c(OC)c4O)c3N)ccc2C1=O,,0.03714141249656677
2656,CC(C)=CCc1ccc2[nH]cc(C3=C(O)C(=O)C(c4c[nH]c5ccc(CC=C(C)C)cc45)=C(O)C3=O)c2c1,,0.03739558532834053
1129,COc1cc2c3cc1Oc1cc(ccc1O)CC1c4c(cc(OC)c(O)c4Oc4ccc(cc4)CC3N(C)CC2)CC[N+]1(C)C,,0.037827666848897934
3954,COc1cc(C)cc2c(-c3c(O)cc(O)c4c3CC(C)NC4C)cc(-c3cc(-c4c(O)cc(O)c5c4CC(C)N(C)C5C)c4cc(C)cc(OC)c4c3O)c(O)c12,,0.03793175145983696
3561,NC(=O)c1c[n+](C2OC(COP(=O)([O-])OP(=O)(O)OCC3OC(n4cnc5c(N)ncnc54)C(O)C3O)C(O)C2O)ccc1C(=O)c1ccncc1,,0.03799129277467728
3562,NC(=O)c1c[n+](C2OC(COP(=O)(O)OP(=O)(O)OCC3OC(n4cnc5c(N)ncnc54)C(O)C3O)C(O)C2O)ccc1C(=O)c1ccncc1,,0.038631945848464966
8445,CC[C@]1(O)CC2CN(CCc3c([nH]c4ccccc34)[C@@](C(=O)OC)(c3cc4c(cc3OC)N(C)[C@H]3[C@@](O)(C(=O)OC)[C@H](C(=O)OC)[C@]5(CC)C=CCN6CC[C@]43[C@@H]65)C2)C1,,0.03867392614483833
5128,CN(C)c1ccc2c(-c3ccc(N)cc3C(=O)O)c3ccc(=[N+](C)C)cc-3oc2c1,,0.03871913254261017
1836,CC1C=CC=CC=CC=CC=CC=CC=CC(OC2OC(C)C(O)C(N)C2O)CC2OC(O)(CC(O)CC(O)C(O)CCC(O)CC(O)CC(=O)OC(C)C(C)C1O)CC(O)C2C(=O)O,,0.03892172873020172
2658,O=C1N2C=C(c3ccc(O)cc3)N=C(Cc3ccccc3)C2=NC1(O)Cc1ccc(O)cc1,,0.03894735127687454
8802,CCCCCCCCCCCCCCCCCC(=O)[O-].CCCCCCCCCCCCCCCCCC(=O)[O-].[Al+3].[OH-],,0.03907836973667145
2864,N#CSc1ccc(C=Cc2ccc(N=C=S)cc2S(=O)(=O)[O-])c(S(=O)(=O)[O-])c1.[Na+].[Na+],,0.03937118873000145
3952,COc1cc(C)cc2c(-c3c(O)cc(O)c4c3CC(C)NC4C)cc(-c3cc(-c4c(O)cc(O)c5c4CC(C)NC5C)c4cc(C)cc(OC)c4c3O)c(O)c12,,0.03953608497977257
5738,O=C1CC2OCC=C3CN4CC[C@]56c7ccccc7N1C5[C@H]2[C@H]3C[C@H]46.O=C1CC2OCC=C3CN4CC[C@]56c7ccccc7N1C5[C@H]2[C@H]3C[C@H]46.O=S(=O)(O)O,,0.039539437741041183
3497,O=C1C(c2[nH]c3ccc(S(=O)(=O)O)cc3c2O)=Nc2ccc(S(=O)(=O)O)cc21,,0.03958804905414581
8602,c1ccc2c(c1)ccc1cc3cc4ccc5cccc6ccc(c3nc12)c4c56,,0.03987190127372742
4474,O=c1c2ccccc2c(=O)c2cc3c(=O)c4ccccc4c(=O)c3cc12,,0.03989991545677185
8183,CC(=O)Nc1cc2c(O)c(/N=N/c3ccc(S(N)(=O)=O)cc3)c(S(=O)(=O)O)cc2cc1S(=O)(=O)O,,0.03990830108523369
3953,COc1cc(O)c(-c2cc(-c3cc(-c4c(O)cc(O)c5c4CC(C)NC5C)c4cc(C)cc(OC)c4c3O)c(O)c3c(OC)cc(C)cc23)c2c1C(C)NC(C)C2,,0.04014594852924347
8628,c1ccc2cc3cc4c(cc3cc2c1)cc1ccc2cccc3ccc4c1c23,,0.040237706154584885
3035,O=C(CCCCCCC(=O)Nc1ccc(C2OC(CSc3nc(-c4ccccc4)c(-c4ccccc4)o3)CC(c3ccc(CO)cc3)O2)cc1)NO,,0.04026727005839348
8605,c1cc2ccc3ccc4ccc5ccc6ccc1c1c2c3c4c5c61,,0.040291525423526764
2230,NC(=[NH2+])c1ccc2nc(Cc3nc4ccc(C(N)=[NH2+])cc4[nH]3)[nH]c2c1,,0.04065367951989174
8772,[Cl-].c1ccc(-c2nn(-c3ccccc3)[n+](-c3ccccc3)n2)cc1,,0.04128614813089371
236,C=CC1=C(C)C(=Cc2[nH]c(Cc3[nH]c(C=C4NC(=O)C(C)=C4C=C)c(C)c3CCC(=O)O)c(CCC(=O)O)c2C)NC1=O,,0.04178154841065407
8606,c1ccc2c(c1)cc1ccc3cc4ccccc4c4c5ccccc5c2c1c34,,0.041929975152015686
1871,CCC1(O)CC(OC2CC(N(C)C)C(OC3CC(O)C(OC4CCC(=O)C(C)O4)C(C)O3)C(C)O2)c2c(cc3c(c2O)C(=O)c2c(O)cccc2C3=O)C1C(=O)OC,,0.04195691645145416
3378,Cc1c(CCC(=O)O)c2cc3[nH]c(cc4nc(cc5nc(cc1[nH]2)C(=O)C5(C)CC(=O)O)C(=O)C4(C)CC(=O)O)c(C)c3CCC(=O)O,,0.04196174070239067
502,CC12CC3=C(CCC(=O)O)C(C)(CC(=O)O)C(=N3)C=C3NC(C)(C4=C(CC(=O)O)C(C)(CCC(=O)O)C(=CC(=N1)C(CCC(=O)O)=C2CC(=O)O)N4)C(C)(CC(=O)O)C3CCC(=O)O,,0.042277608066797256
6404,CCOC(=O)Oc1c(OC)cc(C(=O)O[C@@H]2C[C@@H]3CN4CCc5c([nH]c6cc(OC)ccc56)[C@H]4C[C@@H]3[C@H](C(=O)OC)[C@H]2OC)cc1OC,,0.042688142508268356
3457,COc1c(O)c2c(=O)cc(OC)c3c4c(OC)cc(=O)c5c(O)c(OC)c6c(c(c1CC(C)(O)C6C(C)=O)c23)c54,,0.04297232627868652
3458,COc1c(O)c2c(=O)cc(OC)c3c4c(OC)cc(=O)c5c(O)c(OC)c6c(c(c1CC(C)C6C(C)=O)c23)c54,,0.04304197058081627
5649,ON=Cc1cc[n+](CCC[n+]2ccc(C=NO)cc2)cc1.[Br-].[Br-],,0.043155647814273834
8339,O=S(=O)(O)CCO.O=S(=O)(O)CCO.[H]/N=C(\N)c1ccc(C=Cc2ccc(/C(N)=N/[H])cc2)cc1,,0.04339732602238655
4482,Cc1c(N)nc(C(CC(N)=O)NCC(N)C(N)=O)nc1C(=O)NC(C(=O)NC(C)C(O)C(C)C(=O)NC(C(=O)NCCc1nc(-c2nc(C(=O)NCCCNC(C)c3ccccc3)cs2)cs1)C(C)O)C(OC1OC(CO)C(O)C(O)C1OC1OC(CO)C(O)C(OC(N)=O)C1O)c1cnc[nH]1,,0.043585214763879776
4954,O=S(=O)(O)Oc1ccc(C(c2ccc(OS(=O)(=O)O)cc2)c2ccccn2)cc1,,0.043629538267850876
8593,c1cc2ccc3c4ccc5cccc6ccc(c7ccc(c1)c2c37)c4c56,,0.04377429559826851
4277,COC(=O)C1c2cc3c(c(O)c2C(OC2OC(C)C(OC)C(C)(OC)C2OC)CC1(C)O)C(=O)c1c(O)cc2c(c1C3=O)OC1OC2(C)C(O)C(N(C)C)C1O,,0.04398328438401222
4254,Cc1ccc(N(CC(=O)[O-])CC(=O)[O-])c(OCCOc2cc(C(O)c3cc4c(cc3[N+](=O)[O-])OCO4)ccc2N(CC(=O)[O-])CC(=O)[O-])c1,,0.04428323358297348
8620,c1ccc2cc3cc4c(cc3cc2c1)c1cccc2ccc3cccc4c3c21,,0.044331829994916916
5462,COC(=O)[C@H]1[C@H]2C[C@@H]3c4[nH]c5cc(OC)ccc5c4CCN3C[C@H]2C[C@@H](OC(=O)c2cc(OC)c(OC)c(OC)c2)[C@@H]1OC,,0.0443364679813385
4616,Cc1nc(/N=N/c2ccc(S(=O)(=O)O)cc2S(=O)(=O)O)c(COP(=O)(O)O)c(C=O)c1O,,0.044551994651556015
4777,CC=C(C)C(=O)OCC1C2=C(CC3C4C5=C(CC(C(O)N13)N4C)C(=O)C(C)=C(OC)C5=O)C(=O)C(C)=C(OC)C2=O,,0.04473196715116501
504,CC12CC3=C(CCC(=O)O)C(C)(CC(=O)O)C(=N3)C=C3NC(C)(C4NC(=CC(=N1)C(CCC(=O)O)=C2CC(=O)O)C(C)(CCC(=O)O)C4CC(=O)O)C(C)(CC(=O)O)C3CCC(=O)O,,0.04473811760544777
9611,COc1cc2c3cc1Oc1c(OC)c(OC)cc4c1C(Cc1ccc(O)c(c1)Oc1ccc(cc1)CC3N(C)CC2)N(C)CC4,,0.04564112797379494
8617,c1ccc2cc3c(cc2c1)cc1c2ccccc2c2cccc4ccc3c1c42,,0.045704860240221024
9263,c1ccc2c(c1)c1ccccc1c1c3cccc4ccc5cccc(c5c43)c21,,0.045796386897563934
5129,COc1ccc2cc1Oc1ccc(cc1)CC1c3cc(c(OC)cc3CCN1C)Oc1c(OC)c(OC)cc3c1C(C2)N(C)CC3,,0.045951660722494125
8893,CCN(CC)CCCC(C)Nc1c2cc(Cl)ccc2nc2ccc(OC)cc12.CS(=O)(=O)O.CS(=O)(=O)O,,0.046061210334300995
1194,NC(=[NH2+])C1=CC2C=C(C(=O)N3CCC(Cc4ccccc4)CC3)N=C2C=C1,,0.04611390829086304
4622,O=C(Nc1cccc2c(=O)cc(-c3nn[nH]n3)oc12)c1ccc(OCCCCc2ccccc2)cc1,,0.04621489718556404
8611,c1ccc2c(c1)cc1c3ccccc3c3cc4ccccc4c4ccc2c1c43,,0.046347279101610184
1882,Cc1c2oc3c(C)ccc(C(=O)NC4C(=O)NC(C(C)C)C(=O)N5CCCC5C(=O)N(C)CC(=O)N(C)C(C(C)C)C(=O)OC4C)c3nc-2c(C(=O)NC2C(=O)NC(C(C)C)C(=O)N3CCCC3C(=O)N(C)CC(=O)N(C)C(C(C)C)C(=O)OC2C)c(N)c1=O,,0.04637782648205757
2231,[H]/N=C(\N)c1ccc2nc(Cc3nc4ccc(/C(N)=N/[H])cc4[nH]3)[nH]c2c1,,0.04641038179397583
1406,[H]/N=C(\N)c1ccc2nc(-c3cccc(-c4ccccc4)c3O)[nH]c2c1,,0.046805862337350845
6337,O=C1c2cccc(Oc3ccccc3)c2C(=O)c2cccc(Oc3ccccc3)c21,,0.04690690338611603
5367,CCC1=CC2CN(C1)Cc1c([nH]c3ccccc13)C(C(=O)OC)(c1cc3c(cc1OC)N(C)C1C(O)(C(=O)OC)C(OC(C)=O)C4(CC)C=CCN5CCC31C54)C2,,0.04707550257444382
3397,C[N+](C)(CCCCCC[N+](C)(C)C1c2ccccc2-c2ccccc21)C1c2ccccc2-c2ccccc21,,0.04708470031619072
6333,CCN(CC)c1ccc2c(-c3ccccc3C(=O)O)c3ccc(=[N+](CC)CC)cc-3oc2c1,,0.04714469984173775
2865,N#CSc1ccc(C=Cc2ccc(N=C=S)cc2S(=O)(=O)O)c(S(=O)(=O)O)c1,,0.04738892614841461
3597,C=CC(C)(CCC=C(C)C(=O)OC1C(C)OC(OC(C)(C=C)CCC=C(C)C(=O)OC2CC3(C(=O)OC4OC(CO)C(O)C(O)C4OC4OC(C)C(OC5OC(CO)C(O)C5O)C(OC5OC(CO)C(O)C(O)C5O)C4O)C(O)CC4(C)C(CCC5C6(C)CCC(OC7OC(COC8OC(C)C(O)C(O)C8OC8OCC(O)C(O)C8O)C(O)C(O)C7OC7OC(CO)C(O)C(O)C7O)C(C)(C)C6CCC54C)C3CC2(C)C)C(O)C1O)OC1OC(C)C(O)C(O)C1O,,0.04763316363096237
6706,CN(C)c1ccc2cc3ccc(=[N+](C)C)cc-3oc2c1.[Cl-],,0.04783366620540619
2229,[H]/N=C(\N)c1ccc2nc(C(O)(O)c3nc4ccc(/C(N)=N/[H])cc4[nH]3)[nH]c2c1,,0.04789256677031517
8146,O=[N+]([O-])c1cc([N+](=O)[O-])c(Nc2c([N+](=O)[O-])cc([N+](=O)[O-])cc2[N+](=O)[O-])c([N+](=O)[O-])c1,,0.04799734055995941
2337,Cc1cc(N)c2ccccc2[n+]1CCCCCCCCCCCCCC[n+]1c(C)cc(N)c2ccccc21,,0.04828720539808273
7929,Nc1ccc(-c2ccc(N)cc2S(=O)(=O)O)c(S(=O)(=O)O)c1,,0.048423994332551956
3029,C=CC(C)(O)CCC=C(CO)C(=O)OC1C(C)OC(OC(C)(C=C)CCC=C(CO)C(=O)OC2CC3(C(=O)OC4OC(CO)C(O)C(O)C4OC4OC(C)C(OC5OC(CO)C(O)C5O)C(OC5OC(CO)C(O)C(O)C5O)C4O)C(O)CC4(C)C(=CCC5C6(C)CCC(OC7OC(COC8OC(C)C(O)C(O)C8OC8OCC(O)C(O)C8O)C(O)C(O)C7O)C(C)(C)C6CCC54C)C3CC2(C)C)C(O)C1O,,0.04847639426589012
2139,O=C(NC1CNCCCC1OC(=O)c1cc(O)c(C(=O)c2c(O)cccc2C(=O)O)c(O)c1)c1ccc(O)cc1,,0.0485348217189312
2138,Oc1ccc(C2Oc3cc(O)cc4c3C2c2cc(O)cc(O)c2C(c2ccc(O)cc2)C4O)cc1,,0.04860597848892212
3027,C=CC(C)(O)CCC=C(C)C(=O)OC1C(C)OC(OC(C)(C=C)CCC=C(CO)C(=O)OC2CC3(C(=O)OC4OC(CO)C(O)C(O)C4OC4OC(C)C(OC5OC(CO)C(O)C5O)C(OC5OC(CO)C(O)C(O)C5O)C4O)C(O)CC4(C)C(=CCC5C6(C)CCC(OC7OC(COC8OC(C)C(O)C(O)C8OC8OCC(O)C(O)C8O)C(O)C(O)C7O)C(C)(C)C6CCC54C)C3CC2(C)C)C(O)C1O,,0.048734549432992935
1578,COc1cccc2c1C(=O)c1c(O)c3c(c(O)c1C2=O)CC(O)(C(=O)CO)CC3OC1CC([NH3+])C(O)C(C)O1,,0.048879582434892654
4821,Cc1oc(-c2ccccc2)nc1CCOc1ccc(CC(Nc2ccccc2C(=O)c2ccccc2)C(=O)O)cc1,,0.049012430012226105
3028,C=CC(C)(O)CCC=C(CO)C(=O)OC1C(C)OC(OC(C)(C=C)CCC=C(CO)C(=O)OC2CC3(C(=O)OC4OC(CO)C(O)C(O)C4OC4OC(C)C(OC5OC(CO)C(O)C5O)C(OC5OC(CO)C(O)C(O)C5O)C4O)C(O)CC4(C)C(=CCC5C6(C)CCC(OC7OC(COC8OC(C)C(O)C(O)C8OC8OCC(O)C(O)C8O)C(O)C(O)C7NC(C)=O)C(C)(C)C6CCC54C)C3CC2(C)C)C(O)C1O,,0.04904993996024132
1664,Oc1ccc(-c2nc3ccc(-c4nc5ccc(C6NCCN6)cc5[nH]4)cc3[nH]2)cc1,,0.0492589995265007
3026,C=CC(C)(O)CCC=C(C)C(=O)OC1C(C)OC(OC(C)(C=C)CCC=C(CO)C(=O)OC2CC3(C(=O)OC4OC(CO)C(O)C(O)C4OC4OC(C)C(OC5OC(CO)C(O)C5O)C(OC5OC(CO)C(O)C(O)C5O)C4O)C(O)CC4(C)C(=CCC5C6(C)CCC(OC7OC(COC8OC(C)C(O)C(O)C8OC8OCC(O)C(O)C8O)C(O)C(O)C7NC(C)=O)C(C)(C)C6CCC54C)C3CC2(C)C)C(O)C1O,,0.049311067909002304
6364,CN(C)c1ccc(C(=C2C=CC(=[N+](C)C)C=C2)c2ccc([N+](C)(C)C)cc2)cc1,,0.049509719014167786
8342,O=S(=O)(O)CCO.O=S(=O)(O)CCO.[H]/N=C(\N)c1ccc(OCCCCCOc2ccc(/C(N)=N/[H])cc2)cc1,,0.04951123893260956
3272,CN(C)c1ccc(C(=C2C=CC(=[N+](C)C)C=C2)c2ccc(N(C)C)cc2)cc1,,0.049774423241615295
8614,c1ccc2cc3c(cc2c1)c1cccc2c4ccccc4c4cccc3c4c21,,0.050173982977867126
1367,CCOc1ccc(-c2nc3ccc(-c4nc5ccc(N6CCN(C)CC6)cc5[nH]4)cc3[nH]2)cc1,,0.050281550735235214
2626,CC(C)/N=c1\cc2n(-c3ccc(Cl)cc3)c3ccccc3nc-2cc1Nc1ccc(Cl)cc1,,0.05033281818032265
2236,CN1CCN(c2ccc3nc(-c4ccc5nc(-c6ccc(O)cc6)[nH]c5c4)[nH]c3c2)CC1,,0.05051080882549286
2509,COc1c(O)c2c(=O)cc3c4c5c(cc(=O)c6c(O)c(OC)c(CC(C)O)c(c(c1CC(C)O)c24)c65)OCO3,,0.050541408360004425
8099,O=C1c2cc([N+](=O)[O-])ccc2-c2c1cc([N+](=O)[O-])cc2[N+](=O)[O-],,0.050682853907346725
2131,[H]/N=C(\N)c1ccc2nc(C(=O)c3nc4ccc(/C(N)=N/[H])cc4[nH]3)[nH]c2c1,,0.05082378908991814
8224,O=S(=O)([O-])c1ccc2cc(O)c(S(=O)(=O)[O-])cc2c1.[Na+].[Na+],,0.05083644390106201
8121,COC(=O)[C@H]1[C@H]2C[C@@H]3c4[nH]c5ccccc5c4CCN3C[C@H]2C[C@@H](OC(=O)c2cc(OC)c(OC)c(OC)c2)[C@@H]1OC,,0.05099226161837578
2477,O=C(O)C1=C(C[n+]2ccc(CCS(=O)(=O)O)cc2)CSC2C(NC(=O)C(NC(=O)c3nc[nH]c3C(=O)O)c3ccccc3)CN12,,0.05112821236252785
3583,CCC(C)n1ncn(-c2ccc(N3CCN(c4ccc(OCC5COC(Cn6cncn6)(c6ccc(Cl)cc6Cl)O5)cc4)CC3)cc2)c1=O,,0.05114876478910446
9601,Cc1cc2nc3c(C)c(N)ccc3[n+](-c3ccccc3)c2cc1N,,0.05127948150038719
2813,Cc1cc(N)c2ccccc2[n+]1CCCCCCCCCC[n+]1c(C)cc(N)c2ccccc21,,0.05133849382400513
5362,CCC1(O)CC2CN(CCc3c([nH]c4ccccc34)C(C(=O)OC)(c3cc4c(cc3OC)N(C)C3C(O)(C(=O)OC)C(C(=O)OC)C5(CC)C=CCN6CCC43C65)C2)C1,,0.051434554159641266
3914,O=C(C#Cc1ccc(NS(=O)(=O)c2ccc(-c3ccccc3)cc2)cc1)NO,,0.05144328624010086
2576,COC(C(=O)C(O)C(C)O)C1Cc2cc3cc(OC4CC(OC5CC(O)C(OC)C(C)O5)C(OC(C)=O)C(C)O4)c(C)c(O)c3c(O)c2C(=O)C1OC1OCC(C2OCC(OC3CC(C)(O)C(OC(C)=O)C(C)O3)C(O)C2C)C(O)C1C,,0.051662836223840714
3693,CCNC(=O)C1CCCN1C(=O)C(CCCN=C(N)N)NC(=O)C(CC(C)C)NC(=O)C(CC(C)C)NC(=O)C(Cc1ccc(O)cc1)NC(=O)C(CO)NC(=O)C(Cc1c[nH]c2ccccc12)NC(=O)C(Cc1cnc[nH]1)NC(=O)C1CCC(=O)N1,,0.05179004743695259
8659,c1ccc2cc3c(ccc4c5cc6ccccc6cc5ccc34)cc2c1,,0.05184352397918701
4807,[H]/N=C(\N)SCCCn1cc(C2=C(c3cn(C)c4ccccc34)C(=O)NC2=O)c2ccccc21,,0.05192146822810173
8675,c1ccc2c(c1)ccc1cc3cc4ccc5ccccc5c4cc3cc12,,0.05193581432104111
8676,c1ccc2c(c1)ccc1cc3cc4c(ccc5ccccc54)cc3cc12,,0.051935840398073196
3301,COc1ccc2c(c1)c(C1=C(c3c[nH]c4ccccc34)C(=O)NC1=O)cn2CCCN(C)C,,0.051968544721603394
3305,Cc1cc2c(C(C)C)c(O)c(O)c(C=O)c2c(O)c1-c1c(C)cc2c(C(C)C)c(O)c(O)c(C=O)c2c1O,,0.05211402848362923
5364,CCC1(O)CC2CN(CCc3c([nH]c4ccccc34)C(CC(=O)OC)(c3cc4c(cc3OC)N(C=O)C3C(O)(C(=O)OC)C(OC(C)=O)C5(CC)C=CCN6CCC43C65)C2)C1,,0.05216531082987785
1022,CC1(CC(=O)O)C2=CC3NC(=C(CCC(=O)O)C3CC(=O)O)C=C3NC(C=C4NC(=CC(=N2)C1CCC(=O)O)C(CCC(=O)O)C4(C)CC(=O)O)C(CCC(=O)O)C3CC(=O)O,,0.05223478376865387
6310,Nc1ccc(C=Cc2ccc(N)cc2S(=O)(=O)O)c(S(=O)(=O)O)c1,,0.05226306617259979
3598,C=CC(C)(CCC=C(C)C(=O)OC1C(C)OC(OC(C)(C=C)CCC=C(C)C(=O)OC2CC3(C(=O)OC4OC(CO)C(O)C(O)C4OC4OC(C)C(OC5OC(CO)C(O)C5O)C(OC5OC(CO)C(O)C(O)C5O)C4O)C(O)CC4(C)C(CCC5C6(C)CCC(OC7OC(COC8OC(C)C(O)C(O)C8OC8OCC(O)C(O)C8O)C(O)C(O)C7O)C(C)(C)C6CCC54C)C3CC2(C)C)C(O)C1O)OC1OC(C)C(O)C(O)C1O,,0.052380796521902084
1154,COC(=O)C1=C(C)NC(C)=C(C(=O)OCCCN2CCC(c3ccccc3)(c3ccccc3)CC2)C1c1cccc([N+](=O)[O-])c1,,0.0525885745882988
4826,CC(=O)c1c(O)c(C)c(O)c(Cc2c(O)c3c(c(C(=O)C=Cc4ccccc4)c2O)OC(C)(C)C=C3)c1O,,0.052619315683841705
4674,CC[N+](C)(CC)CCC[n+]1c(-c2ccccc2)c2cc(N)ccc2c2ccc(N)cc21,,0.05268515273928642
8117,O=C(O)c1cc2ccccc2c(Cc2c(O)c(C(=O)O)cc3ccccc23)c1O,,0.053013160824775696
5571,NC(=O)c1ccc[n+]([C@@H]2O[C@H](COP(=O)([O-])OP(=O)(O)OC[C@H]3O[C@@H](n4cnc5c(N)ncnc54)[C@H](OP(=O)(O)O)[C@@H]3O)[C@@H](O)[C@H]2O)c1,,0.05312073230743408
3782,COC(=O)C1=C(C)NC(C)=C(C(=O)OCCN2CCN(C(c3ccccc3)c3ccccc3)CC2)C1c1cccc([N+](=O)[O-])c1,,0.053160566836595535
4545,CCC1=C(C)C(C=c2[nH]c(=Cc3[nH]c(C=C4NC(=O)C(C)C4CC)c(C)c3CCC(=O)O)c(CCC(=O)O)c2C)=NC1=O,,0.05318969488143921
1887,NCCNC(=O)Cc1ccc(NC(=O)Cc2ccc(Nc3ncnc4c3ncn4C3OC(CO)C(O)C3O)cc2)cc1,,0.05329682305455208
8774,COS(=O)(=O)[O-].C[n+]1c2ccccc2nc2ccccc21,,0.05329909920692444
2101,CC(C)c1c(C(=O)Nc2ccccc2)c(-c2ccccc2)c(-c2ccc(F)cc2)n1CCC(O)CC(O)CC(=O)O,,0.05331110209226608
8658,c1ccc2c(c1)ccc1c2ccc2c3ccc4ccccc4c3ccc12,,0.053356535732746124
3946,C=C(C)C12OC3(c4ccccc4)OC1C1C4OC4(CO)C(O)C4(O)C(=O)C(C)=CC4C1(O3)C(C)C2OC(=O)C=CC=Cc1ccccc1,,0.053441084921360016
4086,Cc1ccc(NC(=O)c2cccnc2)cc1Nc1nccc(-c2cccnc2)n1,,0.05350703001022339
4656,CCCN(CCC)C(=O)C(CCC(=O)OCCCN1CCN(CCOC(=O)Cc2c(C)n(C(=O)c3ccc(Cl)cc3)c3ccc(OC)cc23)CC1)NC(=O)c1ccccc1,,0.0536135733127594
5669,CNC(=O)Oc1ccc2c(c1)[C@]1(C)CC[NH+](C)[C@@H]1[NH+]2C.O=C([O-])c1ccccc1[O-],,0.05362242832779884
8157,CC(=O)Oc1ccccc1C(=O)[O-].CC(=O)Oc1ccccc1C(=O)[O-].[Mg+2],,0.05367691069841385
4234,CCC(=O)C(C)c1cc[n+](C2OC(COP(=O)([O-])OP(=O)(O)OCC3OC(n4cnc5c(N)ncnc54)C(O)C3O)C(O)C2O)cc1C(N)=O,,0.05374825745820999
489,CC1(CC(=O)O)C2=CC3=NC4(OC(=O)CC4(C)C3CCC(=O)O)C(C)(O)c3[nH]c(c(CCC(=O)O)c3CC(=O)O)Cc3[nH]c(c(CC(=O)O)c3CCC(=O)O)C=C(N2)C1CCC(=O)O,,0.053764186799526215
6472,C[n+]1c2cc(N)ccc2cc2ccc(N)cc21.[Cl-],,0.05377528816461563
4235,CCC(=O)C(C)c1cc[n+](C2OC(COP(=O)(O)OP(=O)(O)OCC3OC(n4cnc5c(N)ncnc54)C(O)C3O)C(O)C2O)cc1C(N)=O,,0.05379977077245712
3128,CC1(CC(N)=O)C2=NC(CC34[N-]C(C=C5[N-]C(=C6C(=O)CCc7c6[n-]c(c7CC(=O)O)C2)C(CCC(=O)O)C5CC(=O)O)C(CCC(=O)O)C3(C)CC(=O)N4)C1CCC(=O)O.[Ni+3],,0.053939562290906906
5572,NC(=O)c1ccc[n+]([C@@H]2O[C@H](COP(=O)(O)OP(=O)(O)OC[C@H]3O[C@@H](n4cnc5c(N)ncnc54)[C@H](OP(=O)(O)O)[C@@H]3O)[C@@H](O)[C@H]2O)c1,,0.05407285317778587
1502,CNC1CC2OC(C)(C1OC)n1c3c(O)cccc3c3c4c(c5c6cc(O)ccc6n2c5c31)C(=O)NC4,,0.05430625379085541
6336,Nc1cccc2c1C(=O)c1c(Nc3ccccc3C(=O)O)cccc1C2=O,,0.054348573088645935
4028,COCC(OC)C(=O)OC(CCC(C)C(CC1OC(=O)CC(O)CC=CC(=O)C(C)C(OC)c2coc(n2)-c2coc(n2)-c2coc(n2)C=CCC(OC)C1C)OC)C(C)C(OC(C)=O)C(C)C=CN(C)C=O,,0.05436553806066513
4808,CN(C)CC1CCn2c(c(C3=C(c4cn(C)c5ccccc45)C(=O)NC3=O)c3ccccc32)C1,,0.05453427508473396
8627,c1ccc2cc3c(cc2c1)cc1ccc2cccc4ccc3c1c24,,0.05469367280602455
8459,O=S([O-])CNc1ccc(S(=O)(=O)c2ccc(NCS(=O)[O-])cc2)cc1.[Na+].[Na+],,0.054720062762498856
1195,[H]/N=C(\N)C1=CC2C=C(C(=O)N3CCC(Cc4ccccc4)CC3)N=C2C=C1,,0.05491335690021515
642,O=C(NC1COC(=O)C(NC(=O)c2cccc(O)c2O)COC(=O)C(NC(=O)c2cccc(O)c2O)COC1=O)c1cccc(O)c1O,,0.055153943598270416
5001,Cc1ccc(NC(=O)c2ccc(CN3CCN(C)CC3)cc2)cc1Nc1nccc(-c2cccnc2)n1,,0.055216576904058456
2246,O=C1NC(=O)C(c2cn(CCCN3CCNCC3)c3ccccc23)=C1c1c[nH]c2ccccc12,,0.05535629019141197
3891,CC1(O)CC(OC(=O)c2cc(O)c(O)c(O)c2)C(OC(=O)c2cc(O)c(O)c(O)c2)C(OC(=O)c2cc(O)c(O)c(O)c2)C1,,0.055378567427396774
8601,c1ccc2c(c1)ccc1c2cc2ccc3cccc4ccc1c2c34,,0.05546717345714569
8598,c1ccc2c(c1)cc1ccc3c4ccccc4cc4ccc2c1c43,,0.055677883327007294
8596,c1ccc2c(c1)cc1ccc3cc4ccccc4c4ccc2c1c34,,0.05567789450287819
2209,NC(=O)c1ccc[n+](C2OC(COP(=O)([O-])OP(=O)(O)OCC3OC(n4cnc5c(N)ncnc54)C(OP(=O)([O-])O)C3O)C(O)C2O)c1,,0.05569319427013397
3632,COC(=O)C1(OC)CC2OC1(C)n1c3ccccc3c3c4c(c5c6ccccc6n2c5c31)C(=O)N(C)C4,,0.05606390908360481
7940,Nc1cc2c(S(=O)(=O)O)cc(S(=O)(=O)O)cc2cc1S(=O)(=O)O,,0.056145079433918
5097,C[N+]1(CCC(=O)Nc2ccc3c(c2)C(=O)c2ccc(NC(=O)CC[N+]4(C)CCCCC4CO)cc2C3=O)CCCCC1CO,,0.0565563440322876
8215,C[n+]1cccc2cc(NC(=O)Nc3ccc4c(ccc[n+]4C)c3)ccc21,,0.05663180351257324
6630,Nc1cc(S(=O)(=O)O)cc2cc(S(=O)(=O)O)cc(O)c12,,0.056647662073373795
4454,O=[N+]([O-])c1ccc(-c2nc(-c3ccc(F)cc3)c(-c3ccncc3)[nH]2)cc1,,0.05667338892817497
4029,COC(C)C(=O)OC(CCC(C)C(CC1OC(=O)CC(O)CC=CC(=O)C(C)C(OC)c2coc(n2)-c2coc(n2)-c2coc(n2)C=CCC(OC)C1C)OC)C(C)C(OC(C)=O)C(C)C=CN(C)C=O,,0.056801579892635345
3304,CC(C)CC(NC(=O)C(COC(C)(C)C)NC(=O)C(NC(=O)C(CO)NC(=O)C(Cc1c[nH]c2ccccc12)NC(=O)C(Cc1cnc[nH]1)NC(=O)C1CCC(=O)N1)c1ccc(O)cc1)C(=O)NC(CCCN=C(N)N)C(=O)N1CCCC1C(=O)NNC(N)=O,,0.05686337128281593
8608,c1cc2ccc3cc4cccc5ccc6cc(c1)c2c3c6c54,,0.05690610036253929
5214,CCC1(O)C(=O)OCc2c1cc1n(c2=O)Cc2cc3c(CN(C)C)c(O)ccc3nc2-1,,0.05695551261305809
4315,CC1C=CC=CCCC=CC=CC=CC=CC(OC2OC(C)C(O)C(N)C2O)CC2OC(O)(CC(O)C(O)CCC(O)CC(O)CC(O)CC(=O)OC(C)C(C)C1O)CC(O)C2C(=O)O,,0.0570995919406414
8569,Cc1ccc(CCN[NH3+])cc1.O=S(=O)([O-])O,,0.05729716271162033
2497,CC1(C(=O)O)CCC2(C)CCC3(C)C4=CC=C5C=C(O)C(=O)C=C5C4(C)CCC3(C)C2C1,,0.057321056723594666
8773,c1ccc(-c2nn(-c3ccccc3)[n+](-c3ccccc3)n2)cc1,,0.0573924221098423
5411,COc1cc(C(=O)NS(=O)(=O)c2ccccc2C)ccc1Cc1cn(C)c2ccc(NC(=O)OC3CCCC3)cc12,,0.05740204080939293
2248,Cn1cc(C2=C(c3c4n(c5ccccc35)CCC(CN)C4)C(=O)NC2=O)c2ccccc21,,0.05750949680805206
2777,[H]/N=C(\N)c1ccc(-c2cc3ccc(/C(N)=N/[H])cc3[nH]2)cc1,,0.057562205940485
3302,COc1ccc2c(c1)c1c3c(c4c5ccccc5n(C)c4c1n2CC(O)CN(C)C)C(=O)NC3=O,,0.057587869465351105
6763,c1ccc2cc(Nc3ccc(Nc4ccc5ccccc5c4)cc3)ccc2c1,,0.05759138986468315
8657,c1ccc2cc3cc4c5ccccc5c5ccccc5c4cc3cc2c1,,0.05779421702027321
3334,O=S(=O)(Nc1ccccn1)c1ccc(/N=C/c2c(O)[nH]c3ccc4ncsc4c23)cc1,,0.057822633534669876
2240,CN(C)CCCn1cc(C2=C(c3c[nH]c4ccccc34)C(=O)NC2=O)c2ccccc21,,0.05800691619515419
2247,Cn1cc(C2=C(c3cn(CCCN)c4ccccc34)C(=O)NC2=O)c2ccccc21,,0.058078061789274216
3973,COC(C(=O)C(O)C(C)O)C1Cc2cc3cc(CC4CC(OC5CC(O)C(O)C(C)O5)C(O)C(C)O4)c(C)c(O)c3c(O)c2C(=O)C1OC1CC(OC2CC(OC3CC(O)(CO)C(O)C(C)O3)C(O)C(C)O2)C(O)C(C)O1,,0.05809398740530014
2484,NC(=O)c1cc[n+](CC2=C(C(=O)[O-])N3C(=O)C(NC(=O)C(c4ccccc4)S(=O)(=O)[O-])C3SC2)cc1,,0.05817008018493652
4557,CC1CC=CC=CC=CC=CC(OC2(C)OC(C)C(O)C(N)C2O)CC2OC(O)(CC(O)CC3OC3C=CC(=O)O1)CC(O)C2C(=O)O,,0.058176372200250626
8609,c1ccc2c(c1)cc1ccc3cccc4c5ccccc5c2c1c34,,0.058268554508686066
2989,COC(=O)c1cc2c3c(cc(O)c2[nH]1)N(C(=O)c1cc2cc(OC)c(OC)c(OC)c2[nH]1)CC3C,,0.05841720104217529
1197,NC(=[NH2+])c1ccc2nc(Cc3nc4ccccc4[nH]3)[nH]c2c1,,0.05893309786915779
8607,c1cc2ccc3ccc4ccc5cccc6c(c1)c2c3c4c56,,0.05909515544772148
3642,CC(C)CC(NC(=O)C(CCc1ccc(-c2ccc(F)cc2)cc1)CC(CCCCN1Cc2ccccc2C1=O)C(=O)O)C(=O)Nc1ccccc1,,0.05912330746650696
1198,[H]/N=C(\N)c1ccc2nc(Cc3nc4ccccc4[nH]3)[nH]c2c1,,0.05919843912124634
2033,COc1cc(NS(C)(=O)=O)ccc1Nc1c2ccccc2nc2ccccc12,,0.05927583947777748
4057,COc1ccc2c(c1)c(CC(=O)NCCc1ccc(NC(C)=O)cc1)c(C)n2C(=O)c1ccc(Cl)cc1,,0.05941551923751831
3542,CCc1c2c(nc3ccc(OC(=O)N4CCC(N5CCCCC5)CC4)cc13)-c1cc3c(c(=O)n1C2)COC(=O)C3(O)CC,,0.05942843481898308
2683,CNCCc1ccc(OC)c(Cc2cc(CCNC)cc(Cc3cc(CCNC)ccc3OC)c2OC)c1,,0.059552669525146484
4197,O=S(=O)(O)c1ccc2c(S(=O)(=O)O)cc(S(=O)(=O)O)cc2c1,,0.05957202613353729
4294,COC1C(OC(N)=O)C(O)C(Oc2ccc3c([O-])c(NC(=O)c4ccc(O)c(CC=C(C)C)c4)c(=O)oc3c2C)OC1(C)C,,0.0596051923930645
4011,CC(C)(O)c1ccccc1CCC(SCC1(CC(=O)O)CC1)c1cccc(C=Cc2ccc3ccc(Cl)cc3n2)c1,,0.05961824581027031
4171,NC(=O)c1ccc[n+](C2OC(COP(=O)([O-])OP(=O)(O)OCC3OC(n4cnc5c(N)ncnc54)C(OP(=O)(O)O)C3O)C(O)C2O)c1,,0.05976366251707077
3387,COC1C=CC=C(C)C(=O)NC2=CC(=O)C=C(C2=O)C(OC)C(C)CC(OC)C(OC)C(C)C=C(C)C1OC(N)=O,,0.05986851081252098
1873,CC(=O)c1ccc[n+](C2OC(COP(=O)([O-])OP(=O)(O)OCC3OC(n4cnc5c(N)ncnc54)C(O)C3O)C(O)C2O)c1,,0.06000576913356781
5215,CN(C)CCOc1ccc(C(=C(CCCl)c2ccccc2)c2ccccc2)cc1,,0.06006757542490959
8619,c1ccc2cc3c(cc2c1)c1cccc2ccc4cccc3c4c21,,0.06021493673324585
1931,CCC1(O)CC(OC2CC(N(C)C)C(O)C(C)O2)c2c(cc3c(c2O)C(=O)c2c(O)cccc2C3=O)C1C(=O)OC,,0.060363732278347015
9681,c1ccc2c(/N=N/c3cccc4ccccc34)cccc2c1,,0.06036574766039848
3787,COc1cccc2c1C(=O)c1c(O)c3c(c(O)c1C2=O)CC(O)(C(C)=O)CC3OC1CC(N)C(OC2CC(O)C(O)C(C)O2)C(C)O1,,0.06052635610103607
3604,CC12OC(CC1(O)C(=O)O)n1c3ccccc3c3c4c(c5c6ccccc6n2c5c31)CNC4=O,,0.06056903675198555
9734,c1ccc(-c2nc(-c3ccccc3)nc(-c3ccccc3)n2)cc1,,0.060823287814855576
2242,NCCCn1cc(C2=C(c3c[nH]c4ccccc34)C(=O)NC2=O)c2ccccc21,,0.06085715815424919
3603,COC(=O)C1(O)CC2OC1(C)n1c3ccccc3c3c4c(c5c6ccccc6n2c5c31)C(=O)NC4,,0.060862381011247635
2241,CN1CCCC1CCn1cc(C2=C(c3c[nH]c4ccccc34)C(=O)NC2=O)c2ccccc21,,0.060864321887493134
7147,[Al+3].[CH2-]C(C)C.[CH2-]C(C)C.[CH2-]C(C)C,,0.06094033643603325
3633,CCCCCCOC(=O)C1(O)CC2OC1(C)n1c3ccccc3c3c4c(c5c6ccccc6n2c5c31)C(=O)NC4,,0.06104080751538277
619,CC1(CC(=O)O)C2=CC3=NC(Cc4[nH]c(c(CCC(=O)O)c4CC(=O)O)Cc4[nH]c(c(CC(=O)O)c4CCC(=O)O)C=C(N2)C1CCC(=O)O)C(C)(CC(=O)O)C3CCC(=O)O,,0.061152081936597824
7826,CN1C[C@H](C(=O)N[C@]2(C)O[C@@]3(O)[C@@H]4CCCN4C(=O)[C@H](Cc4ccccc4)N3C2=O)C=C2c3cccc4[nH]cc(c34)C[C@H]21,,0.06126445159316063
7947,Nc1ccc2c(S(=O)(=O)O)cc(S(=O)(=O)O)cc2c1,,0.06129222363233566
2991,CC(N)n1ccc(Oc2ccc(C(Cc3ccc4ccc(C(N)=[NH2+])cc4c3)C(=O)O)cc2)c1,,0.06131415814161301
2245,O=C1NC(=O)C(c2cn(CCC3CCCCN3)c3ccccc23)=C1c1c[nH]c2ccccc12,,0.061541251838207245
8635,c1ccc2c(c1)-c1cccc3cc4c(ccc5ccccc54)c-2c13,,0.06158965453505516
2485,NC(=O)c1cc[n+](CC2=C(C(=O)O)N3C(=O)C(NC(=O)C(c4ccccc4)S(=O)(=O)O)C3SC2)cc1,,0.06160217151045799
5163,C=C(C)C12OC3(c4ccccc4)OC1C1C4OC4(CO)C(O)C4(O)C(=O)C(C)=CC4C1(O3)C(C)C2OC(=O)C=Cc1ccccc1,,0.06168266758322716
8616,c1ccc2c(c1)cc1c3ccccc3c3cccc4ccc2c1c43,,0.06182893365621567
1443,Cc1c(-c2ccc(-c3ccccc3)cc2)nc2ccc(F)cc2c1C(=O)O,,0.06187758967280388
4580,COc1cccc2c1C(=O)c1c(O)c3c(c(O)c1C2=O)CC(O)(C(=O)CO)CC3OC1CC(N)C(OC2CCCCO2)C(C)O1,,0.06194053590297699
3957,CC=C1NC(=O)c2csc(n2)C(C(C)C)NC(=O)c2csc(n2)C(=CC)NC(=O)C(C(C)O)NC(=O)c2csc(n2)-c2ccc(-c3nc(-c4nc(C(=O)NC(C(=O)NCC(C)O)C(C)O)cs4)cs3)nc2-c2csc1n2,,0.06200605258345604
8225,O=S(=O)(O)c1ccc2cc(O)c(S(=O)(=O)O)cc2c1,,0.06201435253024101
6481,Nc1ccc2cc(S(=O)(=O)O)cc(S(=O)(=O)O)c2c1,,0.06201878562569618
4925,COc1cc(C2Oc3cc(C4Oc5cc(O)cc(O)c5C(=O)C4O)ccc3OC2CO)ccc1O,,0.06210019811987877
5613,CNc1ccc(O)cc1.CNc1ccc(O)cc1.O=S(=O)(O)O,,0.06214126572012901
210,[NH4+],,0.06216268986463547
3257,CC(C)=CCCC1(C)C=Cc2c(O)c3c(c(CC=C(C)C)c2O1)OC12C(=CC4CC1C(C)(C)OC2(CC=C(C)C(=O)O)C4=O)C3=O,,0.062193404883146286
4082,[H]/N=C(\N)c1ccc(O)c(Oc2nc(Oc3cccc(C4=NCCN4C)c3)c(F)c(N(C)CC(=O)O)c2F)c1,,0.06221708282828331
8621,c1ccc2c(c1)-c1ccc3ccc4cccc5cc-2c1c3c45,,0.06267675012350082
1874,CC(=O)c1ccc[n+](C2OC(COP(=O)(O)OP(=O)(O)OCC3OC(n4cnc5c(N)ncnc54)C(O)C3O)C(O)C2O)c1,,0.06274294853210449
7912,COc1ccc(NC(=O)c2ccccc2)c2c1C(=O)c1c(Cl)cccc1C2=O,,0.06280340999364853
5964,Cl.Cl.O=C(Nc1ccc(C2=NCCCN2)cc1)c1ccc(C(=O)Nc2ccc(C3=NCCCN3)cc2)cc1,,0.06281432509422302
3419,CC[n+]1c(-c2ccccc2)c2cc(N)ccc2c2ccc(N)cc21,,0.06306872516870499
2988,COC(=O)C1(C)Nc2c(O)cc3c(c2C1=O)C(C)CN3C(=O)c1cc2cc(OC)c(OC)c(OC)c2[nH]1,,0.0630713477730751
4732,COc1cc(N(CC(=O)O)CC(=O)O)c2nc(COc3ccc(C)cc3N(CC(=O)O)CC(=O)O)ccc2c1,,0.06315170228481293
6321,O=C(Nc1ccc(Cl)c2c1C(=O)c1ccccc1C2=O)c1ccccc1,,0.06321953982114792
2224,c1ccc(-c2ccc(C(c3ccccc3)n3ccnc3)cc2)cc1,,0.06323227286338806
4768,COC1CC2CCC(C)C(O)(O2)C(=O)C(=O)N2CCCCC2C(=O)OC(C(C)CC2CCC(O)C(OC)C2)CC(=O)C(C)C=C(C)C(O)C(OC)C(=O)C(C)CC(C)C=CC=CC=C1C,,0.06323541700839996
9935,CN(C)c1ccc(C(O)(c2ccccc2)c2ccc(N(C)C)cc2)cc1,,0.06325575709342957
5365,CCC1(O)CC2CN(CCc3c([nH]c4ccccc34)C(CC(=O)OC)(c3cc4c(cc3OC)N(C)C3C(O)(C(N)=O)C(O)C5(CC)C=CCN6CCC43C65)C2)C1,,0.06326835602521896
506,C=C1C(CCC(=O)O)=C2NC1(C)CC1=NC(=C(C)C3=NC(C)(C4N=C(C2C)C(C)(CCC(=O)O)C4CC(=O)O)C(C)(CC(=O)O)C3CCC(=O)O)C(C)(CC(=O)O)C1CCC(=O)O,,0.06330135464668274
8800,CCCCCC(Cl)=C[As](=O)([O-])O.[NH4+],,0.06335939466953278
1183,N#Cc1ccc2cc1Oc1ccc3cccc(c3c1)N1CCC(NCCc3cncn3C2)C1=O,,0.06344825029373169
5098,O=C(CCN1CCCCC1)Nc1ccc2c(c1)C(=O)c1ccc(NC(=O)CCN3CCCCC3)cc1C2=O,,0.06349480152130127
2663,CCC(C)C1NC(=O)C(CCNCS(=O)(=O)[O-])NC(=O)C(NC(=O)C(CCNCS(=O)(=O)[O-])NC(=O)C(NC(=O)C(CCNCS(=O)(=O)[O-])NC(=O)CCCCC(C)C)C(C)O)CCNC(=O)C(C(C)O)NC(=O)C(CCNCS(=O)(=O)[O-])NC(=O)C(CCNCS(=O)(=O)[O-])NC(=O)C(C(C)CC)NC1=O,,0.06354966014623642
4830,[H]/N=C(\N)c1cccc(CC(C(=O)OC)C(C)NC(=O)c2ccc(-c3cccc(CN)c3)cc2)c1,,0.06360320001840591
854,NC(=O)c1ccc[n+](C2OC(COP(=O)([O-])OP(=O)(O)OCC3OC(n4cnc5c(N)ncnc54)C(O)C3O)C(O)C2O)c1,,0.06365056335926056
3309,CC1(C)SC(C(NC(=O)Cc2ccccc2)C(=O)NCc2ccccc2)NC1C(=O)NC(Cc1ccccc1)C(O)CC(=O)NCc1nc2ccccc2[nH]1,,0.06368440389633179
3192,O=C(O)c1ccccc1-c1c2ccc(=O)cc-2oc2cc(O)ccc12,,0.06389591097831726
3740,CCCCc1nc(Cl)c(CO)n1Cc1ccc(-c2ccccc2-c2nn[nH]n2)cc1,,0.06391187757253647
2992,[H]/N=C(\N)c1ccc2ccc(CC(C(=O)O)c3ccc(Oc4ccn(C(C)N)c4)cc3)cc2c1,,0.06391660124063492
9661,O=[N+]([O-])c1cc([N+](=O)[O-])c2ccc(S(=O)(=O)O)cc2c1O,,0.06402235478162766
1411,NC(=[NH2+])c1ccc2nc(-c3ccc[nH]c3=O)[nH]c2c1,,0.06410671770572662
5578,NC(=O)c1ccc[n+]([C@@H]2O[C@H](COP(=O)([O-])OP(=O)(O)OC[C@H]3O[C@@H](n4cnc5c(N)ncnc54)[C@H](O)[C@@H]3O)[C@@H](O)[C@H]2O)c1,,0.06414711475372314
8597,c1ccc2c(c1)cc1ccc3cc4ccccc4c4nnc2c1c34,,0.06426671147346497
4443,Cc1cc(Cn2cnc3c2CC(C(=O)O)N(C(=O)C(c2ccccc2)c2ccccc2)C3)ccc1N(C)C,,0.06433233618736267
2379,CCC1(OC2OC(CO)C(O)C(O)C2O)C(=O)OCc2c1cc1n(c2=O)Cc2cc3ccccc3nc2-1,,0.06444726884365082
952,O=C(O)c1cc(C(=O)O)c2c(n1)C(=O)C(=O)c1cc(C(=O)O)[nH]c1-2,,0.06450948119163513
4601,COC1C=CC=CCCC=CC=CC(=O)NC(C(O)C(=O)O)C(=O)OC(C(C)C(O)C(NC(=O)C(C)C(O)CCC(C)C(O)C(C)=CC(C)(C)C(O)C(CC(C)C)NC(=O)C=CC(C)(C)C(=O)C(C)C(O)C(C)C)C(C)O)CC=C(C)C(O)C(C)C=C(C)C(O)C(C)C(O)CC2CC(C)CC1O2,,0.06455402821302414
4989,CNC1CC2OC(C)(C1OC)n1c3ccccc3c3c4c(c5c6ccccc6n2c5c31)C(=O)NC4,,0.06457938998937607
8134,Nc1cc(S(=O)(=O)O)c2cccc(S(=O)(=O)O)c2c1,,0.06478949636220932
4229,COC(=O)C1=C(C)NC(C)=C(C(=O)OCC[NH+](C)Cc2ccccc2)C1c1cccc([N+](=O)[O-])c1,,0.06485562771558762
1203,O=C(OC1Cc2c(O)cc(O)cc2OC1c1cc(O)c(O)c(O)c1)c1cc(O)c(O)c(O)c1,,0.06485942006111145
7928,Nc1ccc(S(=O)(=O)O)c2cccc(S(=O)(=O)O)c12,,0.06510765105485916
3500,O=C1C(c2c(O)[nH]c3ccc(S(=O)(=O)O)cc23)=Nc2ccccc21,,0.06521915644407272
4606,CC(C)=CCc1c2c(c3occ(-c4ccc(O)c(O)c4)c(=O)c3c1O)C=CC(C)(C)O2,,0.0652386024594307
8219,Clc1ccc(CC(=CCN2CCCC2)c2ccccc2)cc1.O=P(O)(O)O.O=P(O)(O)O,,0.06526666134595871
7930,Nc1ccc2c(S(=O)(=O)O)cccc2c1S(=O)(=O)O,,0.06526840478181839
990,NC1=NC(=O)C2=C(CNC3C=CC(O)C3O)C=NC2=N1,,0.0652901828289032
2536,COc1ccc2c(cc([NH3+])c3c4cc5c(cc4ccc23)OCO5)c1OC,,0.06546644866466522
592,Nc1ncnc2c1ncn2C1OC(COP(=O)(O)OP(=O)(O)OCC2OC([n+]3cccc(C(=O)O)c3)C(O)C2O)C(O)C1O,,0.06548532098531723
4823,O=C1C=CC(=C(c2ccc(O)cc2)c2ccc(O)cc2)C=C1,,0.06552231311798096
4872,C[n+]1cc2c3c(ccc2c2ccc4cc5c(cc4c21)OCO5)OCO3,,0.06552444398403168
8921,Nc1ncnc2nc[nH]c12.Nc1ncnc2nc[nH]c12.O=S(=O)(O)O,,0.06567246466875076
8867,CC[N+](CC)(CCCNC1=CC(=O)C(NCCC[N+](CC)(CC)Cc2ccccc2)=CC1=O)Cc1ccccc1,,0.06567320227622986
2675,CCC(=O)CCCCCC1NC(=O)C2CCCCN2C(=O)C(C(C)CC)NC(=O)C(c2c(-c3cc(OC)cc(OC)c3)[nH]c3ccccc23)NC1=O,,0.06578821688890457
2255,Cc1c(N)nc(C(CC(N)=O)NCC(N)C(N)=O)nc1C(=O)NC(C(=O)NC(C)C(O)C(C)C(=O)NC(C(=O)NCCc1nc(-c2nc(C(=O)NCCCCN=C(N)N)cs2)cs1)C(C)O)C(OC1OC(CO)C(O)C(O)C1OC1OC(CO)C(O)C(OC(N)=O)C1O)c1cnc[nH]1,,0.06584608554840088
4031,COC(CC1OC(=O)CC(O)CC=CC(=O)C(C)C(C)c2coc(n2)-c2coc(n2)-c2coc(n2)C=CCC(OC)C1C)C(C)CCC(=O)C(C)C(CC=CN(C)C=O)OC(C)=O,,0.06585072726011276
1182,N#Cc1ccc2cc1Oc1ccc3cccc(c3c1)N1CCC(NCc3cncn3C2)C1=O,,0.06605343520641327
5579,NC(=O)c1ccc[n+]([C@@H]2O[C@H](COP(=O)(O)OP(=O)(O)OC[C@H]3O[C@@H](n4cnc5c(N)ncnc54)[C@H](O)[C@@H]3O)[C@@H](O)[C@H]2O)c1,,0.06608496606349945
2244,CN1C(=O)C(c2c[nH]c3ccccc23)=C(c2c[nH]c3ccccc23)C1=O,,0.06611614674329758
1599,CC1(C)CCC(c2cnc3ccccc3c2)c2cc(C(=O)Nc3ccc(C(=O)O)cc3)ccc21,,0.06623338907957077
4776,Nc1ccccc1NC(=O)CCCCCN1C(=O)c2cccc3c(CN4CCCCC4)c(O)cc(c23)C1=O,,0.06629325449466705
7918,O=C(Nc1cccc2c1C(=O)c1cccc(Cl)c1C2=O)c1ccccc1,,0.06640386581420898
1315,COc1cccc2c1C(=O)c1c(cc3c(c1O)C(OC1CC(N)C(O)C(C)O1)CC(O)(C(C)=O)C3)C2=O,,0.06641466915607452
2574,COC(=O)C(C)(C)C(O)C(C)C(=O)C(C)(C)C=CC(=O)NC(C(O)C(C)C)C(O)C(C)C=C(C)C(O)C(C)CCC(O)C(C)C(=O)NC1C(C)OC(=O)C(C(O)C(=O)O)NC(=O)C=CC=CCCC=CC=CCC2CC(C)CC(CC(O)C(C)C(O)C(C)=CC(C)C(O)C(C)=CCC(OC(=O)CC(O)C(=O)O)C(C)C1O)O2,,0.06646998226642609
4885,Oc1ccc(-c2nc(-c3ccc(F)cc3)c(-c3ccncc3)[nH]2)cc1,,0.0665605440735817
1580,COC1C(N)CC2OC1(C)n1c3c(O)cccc3c3c4c(c5c6ccccc6n2c5c31)C(=O)NC4,,0.06673252582550049
6322,Cc1ccc(Nc2ccc(O)c3c2C(=O)c2ccccc2C3=O)cc1,,0.0667438954114914
729,O=C(O)CCc1c[nH]c(Cc2[nH]c(Cc3[nH]c(Cc4[nH]c(CO)c(CC(=O)O)c4CCC(=O)O)c(CC(=O)O)c3CCC(=O)O)c(CC(=O)O)c2CCC(=O)O)c1CC(=O)O,,0.06675290316343307
8612,c1ccc2c(c1)c1cccc3c4ccccc4c4cccc2c4c13,,0.06682566553354263
4255,Cc1ccc(N(CC(=O)O)CC(=O)O)c(OCCOc2cc(C(O)c3cc4c(cc3[N+](=O)[O-])OCO4)ccc2N(CC(=O)O)CC(=O)O)c1,,0.06683532148599625
2961,CCN1C(=CC=CC=Cc2oc3ccccc3[n+]2CC)Oc2ccccc21,,0.06687269359827042
5298,O=C(CNC(=O)c1cccc(C(=O)NCC(=O)NCCCCC(NC(=O)OCc2ccc(C(F)(F)F)cc2)C(=O)O)c1)NCCCCC(NC(=O)OCc1ccc(C(F)(F)F)cc1)C(=O)O,,0.06688534468412399
8625,c1ccc2c(c1)ccc1c2ccc2ccc3ccccc3c21,,0.0669354572892189
1890,Nc1ncnc2c1ncn2C1OC(COP(=O)(O)OP(=O)(O)OC2CC(n3ccc(=O)[nH]c3=O)OC2COP(=O)(O)O)C(OP(=O)(O)O)C1O,,0.06703919172286987
820,O=P(O)(O)OC1C(OP(=O)(O)O)C(OP(=O)(O)O)C(OP(=O)(O)O)C(OP(=O)(O)O)C1OP(=O)(O)O,,0.06709002703428268
7922,O=C1c2cccc(S(=O)(=O)O)c2C(=O)c2cccc(S(=O)(=O)O)c21,,0.06709751486778259
6349,O=C1c2cccc(S(=O)(=O)O)c2C(=O)c2c1cccc2S(=O)(=O)O,,0.06710625439882278
4407,O=c1c(-c2ccc(F)cc2)c(-c2ccncc2)[nH]n1-c1ccc(Cl)cc1,,0.06722372770309448
3478,CC(=O)C1(O)Cc2c(O)c3c(c(O)c2C(OC2CC(N)C(O)C(C)O2)C1)C(=O)c1ccccc1C3=O,,0.06750939786434174
5085,CCC(=C(c1ccccc1)c1ccc(OCCN(C)C)cc1)c1ccccc1,,0.06757255643606186
3245,CN(Cc1coc2nc(N)nc(N)c12)c1ccc(C(=O)NC(CCC(=O)O)C(=O)O)cc1,,0.067652627825737
7866,CC(=O)Oc1ccc(C2(c3ccc(OC(C)=O)cc3)C(=O)Nc3ccccc32)cc1,,0.06769969314336777
1769,COC(=O)C(C)(C)C(O)C(C)C(=O)C(C)(C)C=CC(=O)NC(CC(C)C)C(O)C(C)C=C(C)C(O)C(C)CCC(O)C(C)C(=O)NC(C(C)O)C1OC(=O)C(C(O)C(=O)O)NC(=O)C=CC=CCCC=CC=CCC2CC(C)CC(CC(O)C(C)C(O)C(C)=CC(C)C(O)C(C)=CCC(OC(=O)CC(O)C(=O)O)C1C)O2,,0.06771807372570038
5384,Cc1c(C(=O)c2ccc3ccccc3c2)c2cccc3c2n1C(CN1CCOCC1)CO3,,0.06772574782371521
4073,COc1cc(OC)cc(C(=O)NC2C(O)C(CO)OC2n2cnc3c(NC4CCCc5ccccc54)ncnc32)c1,,0.06779249012470245
858,NC(=O)c1ccc[n+](C2OC(COP(=O)(O)OP(=O)(O)OCC3OC(n4cnc5c(N)ncnc54)C(OP(=O)(O)O)C3O)C(O)C2O)c1,,0.0678107813000679
2208,O=c1cc(-c2ccccc2)oc2ccc3ccccc3c12,,0.06783147901296616
5086,CCC(=C(c1ccc(OCCN(C)C)cc1)c1cccc(O)c1)c1ccccc1,,0.06786803156137466
1787,Cc1cc2nc3c(=O)[nH]c(=O)nc-3n(CC(O)C(O)C(O)COP(=O)(O)OP(=O)(O)OCC3OC(n4cnc5c(N)ncnc54)C(O)C3O)c2cc1N(C)C,,0.06789101660251617
855,NC(=O)c1ccc[n+](C2OC(COP(=O)(O)OP(=O)(O)OCC3OC(n4cnc5c(N)ncnc54)C(O)C3O)C(O)C2O)c1,,0.06793425232172012
2571,COC(=O)C(C)(C)C(O)C(C)C(=O)C(C)(C)C=CC(=O)NC(C(O)C(C)C)C(O)C(C)C=C(C)C(O)C(C)CCC(O)C(C)C(=O)NC(C(C)O)C1OC(=O)C(C(O)C(=O)O)NC(=O)C=CC=CCCC=CC=CCC2CC(C)CC(CC(O)C(C)C(O)C(C)=CC(C)C(O)C(C)=CCC(OC(=O)CC(O)C(=O)O)C1C)O2,,0.06795608252286911
5771,CN(C)c1ccc2nc3ccc(=[N+](C)C)cc-3sc2c1.[Cl-],,0.06804235279560089
3129,CC1(CC(N)=O)C2=NC(CC34NC(=O)CC3(C)C(CCC(=O)O)C(C=C3NC(=C5C(=O)CCc6c5[nH]c(c6CC(=O)O)C2)C(CCC(=O)O)C3CC(=O)O)N4)C1CCC(=O)O,,0.06804976612329483
4183,C=CCN1CCC23c4c5ccc(O)c4OC2C(=NN=C2CCC4(O)C6Cc7ccc(O)c8c7C4(CCN6CC=C)C2O8)CCC3(O)C1C5,,0.06806252151727676
885,CC(C)(COP(=O)(O)OP(=O)(O)OCC1OC(n2cnc3c(N)ncnc32)C(O)C1OP(=O)(O)O)C(O)C(=O)NCCC(=O)NCCSC(=O)c1ccccc1C(=O)CCC(=O)O,,0.06811834126710892
4253,COc1cc2c[n+](C)c3c4cc5c(cc4ccc3c2cc1OC)OCO5,,0.06823363900184631
3265,COC1=C2CC(C)CC(OC)C(O)C(C)C=C(C)C(OC(N)=O)C(OC)C=CC=C(C)C(=O)NC(=CC1=O)C2=O,,0.06831274181604385
2997,Cc1cccc(CC[NH+]2CCC(C(=O)c3ccc(NS(C)(=O)=O)cc3)CC2)[nH+]1,,0.06833794713020325
1579,COc1cccc2c1C(=O)c1c(O)c3c(c(O)c1C2=O)CC(O)(C(=O)CO)CC3OC1CC(N)C(O)C(C)O1,,0.06842053681612015
2651,CC(C)(COP(=O)(O)OP(=O)(O)OCC1OC(n2cnc3c(N)ncnc32)C(O)C1OP(=O)(O)O)C(O)C(=O)NCCC(=O)NCCSCC(=O)NCCc1c[nH]c2ccccc12,,0.068575918674469
8668,c1ccc2c(c1)ccc1cc3ccc4ccccc4c3nc12,,0.0686037614941597
3303,Cn1c2ccccc2c2c3c(c4c5ccccc5n(CCC#N)c4c21)CNC3=O,,0.06862261146306992
3377,Cc1c(CCC(=O)O)c2cc3[n-]c(cc4nc(cc5nc(cc1[n-]2)C(=O)C5(C)CC(=O)O)C(=O)C4(C)CC(=O)O)c(C)c3CCC(=O)O.[Fe+2],,0.0686877891421318
5416,COc1cc(-c2ccc(=O)[nH]n2)ccc1OC(F)F,,0.06869354844093323
8465,Cc1cc2nc3c(=O)[nH]c(=O)nc-3n(C[C@@H](O)[C@@H](O)[C@@H](O)COP(=O)(O)OP(=O)(O)OC[C@H]3O[C@@H](n4cnc5c(N)ncnc54)[C@H](O)[C@@H]3O)c2cc1C,,0.06869848817586899
9649,Nc1ncnc2c1ncn2[C@@H]1O[C@H](COP(=O)(O)OS(=O)(=O)O)[C@@H](OP(=O)(O)O)[C@H]1O,,0.0687013640999794
4232,O=C(OCC(COC(=O)c1cccnc1)(COC(=O)c1cccnc1)COC(=O)c1cccnc1)c1cccnc1,,0.06870624423027039
8222,c1ccc2cc3cc4cc5ccccc5cc4cc3cc2c1,,0.06878763437271118
3012,COc1cc2c(cc1O)CCNC21CSC2c3c(OC(C)=O)c(C)c4c(c3C(COC1=O)N1C(O)C3Cc5cc(C)c(OC)c(O)c5C(C21)N3C)OCO4,,0.06891186535358429
3913,O=C(C=Cc1ccc(NS(=O)(=O)c2ccc(-c3ccccc3)cc2)cc1)NO,,0.06905519962310791
3880,CN(Cc1cnc2nc(N)nc(N)c2n1)c1ccc(C(=O)NC(CCC(=O)O)C(=O)O)cc1,,0.06906136125326157
5423,Cc1ccc(NC(=O)c2cccc(N(C)C)c2)cc1NC(=O)c1ccc(O)cc1,,0.06912161409854889
1402,CC1=CC(C(=O)NC2CCC(c3cnc(N)[nH]3)CC2)n2c(=O)n(CC(c3ccccc3)c3ccccc3)c(=O)n2C1,,0.06926660239696503
2781,COc1cccc2c1C(=O)c1c(O)c3c(c(O)c1C2=O)CC(O)(C(C)=O)CC3OC1CC(N)C(O)C(C)O1,,0.06944701075553894
8653,c1ccc2cc3c(ccc4c5ccccc5ccc34)cc2c1,,0.06951496005058289
6308,O=S(=O)(O)c1cccc2c(S(=O)(=O)O)cccc12,,0.06951596587896347
8228,c1ccc(-c2ccc(-c3ccc(-c4ccccc4)cc3)cc2)cc1,,0.06951915472745895
9667,c1ccc(-c2nc(-c3ccccc3)c(-c3ccccc3)[nH]2)cc1,,0.069532111287117
4230,COC(=O)C1=C(C)NC(C)=C(C(=O)OCCN(C)Cc2ccccc2)C1c1cccc([N+](=O)[O-])c1,,0.06956442445516586
1806,COc1c(O)ccc2c1cc([N+](=O)[O-])c1c(C(=O)O)cc3c(c12)OCO3,,0.06956559419631958
5575,c1ccc2c(c1)ccc1cc3c(ccc4ccccc43)cc12,,0.06963589787483215
5965,O=C(Nc1ccc(C2=NCCCN2)cc1)c1ccc(C(=O)Nc2ccc(C3=NCCCN3)cc2)cc1,,0.06967269629240036
2573,CC1=CCC(OC(=O)CC(O)C(=O)O)C(C)C(C(NC(=O)C(C)C(O)CCC(C)C(O)C(C)=CC(C)C(O)C(CC(C)C)NC(=O)C=CC(C)(C)C(=O)C(C)C(O)C(C)C)C(C)O)OC(=O)C(C(O)C(=O)O)NC(=O)C=CC=CCCC=CC=CCC2CC(C)CC(CC(O)C(C)C(O)C(C)=CC(C)C1O)O2,,0.06969768553972244
4001,COc1ccc(-c2noc(CC(=O)O)c2-c2ccc(OC)cc2)cc1,,0.0697028711438179
2695,O=C(NC=Cc1c[nH]c2ccccc12)C(=O)c1c[nH]c2ccccc12,,0.06974707543849945
3506,N#CCCn1c2ccccc2c2c3c(c4c5ccccc5[nH]c4c21)C(=O)NC3,,0.06975706666707993
4779,COC(=O)C1C2CC3c4[nH]c5cc(OC)ccc5c4CCN3CC2CC(OC(=O)C=Cc2cc(OC)c(OC)c(OC)c2)C1OC,,0.06981217116117477
9626,CCCCC[C@@H](O)[C@H]1C(=O)O[C@H](C)[C@@H](O)C=CC=CC=CC=CC=C(C)[C@@H](O)C[C@H](O)C[C@H](O)C[C@H](O)C[C@H](O)C[C@H](O)C[C@@H]1O,,0.070079505443573
4408,CC(=O)OC1C(=O)C2(C)C(O)CC3OCC3(OC(C)=O)C2C(OC(=O)c2ccccc2)C2(O)CC(OC(=O)C(O)C(NC(=O)c3ccccc3)c3ccccc3)C(C)=C1C2(C)C,,0.07019465416669846
2243,O=C1NC(=O)C(c2c[nH]c3ccccc23)=C1c1c[nH]c2ccccc12,,0.07019826769828796
2538,COc1ccc2c(c[n+](C)c3c4cc5c(cc4ccc23)OCO5)c1OC,,0.07022041827440262
8666,c1ccc2c(c1)ccc1cc3ccc4ccccc4c3cc12,,0.07022290676832199
2254,Cc1c(N)nc(C(CC(N)=O)NCC(N)C(N)=O)nc1C(=O)NC(C(=O)NC(C)C(O)C(C)C(=O)NC(C(=O)NCCc1nc(-c2nc(C(=O)O)cs2)cs1)C(C)O)C(OC1OC(CO)C(O)C(O)C1OC1OC(CO)C(O)C(OC(N)=O)C1O)c1cnc[nH]1,,0.07027889043092728
8652,c1ccc2c(c1)ccc1c2ccc2c3ccccc3ccc21,,0.07031617313623428
4030,COCC(OC)C(=O)OC(CCC(C)C(CC1OC(=O)CC(O)CC=CC(=O)CC(C)C(=O)NC(=O)c2coc(n2)-c2coc(n2)C=CCC(OC)C1C)OC)C(C)C(OC(C)=O)C(C)C=CN(C)C=O,,0.07031719386577606
2686,CC=CC1OC(O)(C(C)C(O)C(C)C2=C(OC)C=CC=C(C)CC(C)C(O)C(CC)C(O)C(C)C=C(C)C=C(OC)C(=O)O2)CC(OC2CC(O)C(OC(N)=O)C(C)O2)C1C,,0.07050984352827072
3541,CCCCC1=NC2(CCCC2)C(=O)N1Cc1ccc(-c2ccccc2-c2nn[nH]n2)cc1,,0.0705747976899147
4965,CC1Oc2c3c(c4c(-c5ccccc5)cc(=O)oc4c2C(=O)C1C)OC(C)(C)C=C3,,0.07068245857954025
1412,[H]/N=C(\N)c1ccc2nc(-c3ccc[nH]c3=O)[nH]c2c1,,0.070693738758564
6342,O=C1c2cccc([N+](=O)[O-])c2C(=O)c2cccc([N+](=O)[O-])c21,,0.07085299491882324
5711,Nc1nc(=O)c2nc(CNc3ccc(C(=O)N[C@@H](CCC(=O)O)C(=O)O)cc3)cnc2[nH]1,,0.07085833698511124
2572,COC(=O)C(C)(C)C(O)C(C)C(=O)C(C)(C)C=CC(=O)NC(C(O)C(C)C)C(O)C(C)C=C(C)C(O)C(C)CCC(O)C(C)C(=O)NC(C(C)O)C1OC(=O)C(C(O)C(=O)O)NC(=O)C=CC=CCCC=CC=CCC2CC(C)CC(CC(O)C(C)C(O)C(C)=CC(C)C(O)C(C)=CCC(O)C1C)O2,,0.07098057866096497
4052,COc1ccc2c(c1)c(CC(=O)NCCc1ccccc1)c(C)n2C(=O)c1ccc(Cl)cc1,,0.07103681564331055
1410,[H]/N=C(\N)c1ccc2[nH]c(-c3ccccc3O)cc2c1,,0.0711638480424881
1100,O=C(O)CCc1c2[nH]c(c1CC(=O)O)Cc1[nH]c(c(CC(=O)O)c1CCC(=O)O)Cc1[nH]c(c(CC(=O)O)c1CCC(=O)O)Cc1[nH]c(c(CCC(=O)O)c1CC(=O)O)C2,,0.0711762085556984
2171,COC(=O)C1=C(C)NC(C)=C(C(=O)OC2CCCN(Cc3ccccc3)C2)C1c1cccc([N+](=O)[O-])c1,,0.07120221108198166
4070,O=C(O)c1cccc2c1Oc1c(C(=O)O)cccc1N2c1cccc(C(F)(F)F)c1,,0.0712561085820198
5345,CCCCC(=O)N(Cc1ccc(-c2ccccc2-c2nn[nH]n2)cc1)C(C(=O)O)C(C)C,,0.07135076820850372
1740,O=Cc1c2[nH]c3ccccc3c2cc2[nH]c3ccccc3c12,,0.07141885161399841
8673,c1ccc2c(c1)ccc1nc3c(ccc4ccccc43)cc12,,0.07146485894918442
2297,COC(=O)C(=CNc1ccc(Oc2ccccc2OC(C)C)nc1)NC(=O)c1ccccc1,,0.07150349766016006
2145,COC(=O)C1=C(C)NC(C)=C(C(=O)OC2CCN(Cc3ccccc3)C2)C1c1cccc([N+](=O)[O-])c1,,0.07151007652282715
8690,c1ccc2c(c1)ccc1c3ccc4ccccc4c3[nH]c21,,0.07155134528875351
9943,CN1C[C@H](C(=O)N[C@]2(C)O[C@@]3(O)[C@@H]4CCCN4C(=O)[C@H](Cc4ccccc4)N3C2=O)C[C@@H]2c3cccc4[nH]cc(c34)C[C@H]21,,0.07165215164422989
5307,CCC1OC(=O)CC(O)CC(OCC2(C)OC(C)C(OC3(C)CC(C)(O)C(O)C(C)O3)C(N(C)C)C2O)C(CC=O)CC(C)C(=O)C=CC(C)=CC1COC1OC(C)C(O)C(OC)C1OC,,0.07171980291604996
2585,COCCOC(=O)C1=C(C)NC(C)=C(C(=O)OCC=Cc2ccccc2)C1c1cccc([N+](=O)[O-])c1,,0.07173125445842743
2782,COc1cccc2c1C(=O)c1c(O)c3c(c(O)c1C2=O)CC(O)(C(C)=O)CC3OCC1(C)OC(C)C(C)(O)C(N)C1(C)C,,0.07185786217451096
8649,c1ccc2c3c(ccc2c1)-c1c(ccc2ccccc12)C3,,0.07196412980556488
8122,O=C1c2ccccc2C(=O)c2cc(S(=O)(=O)O)ccc21.[Na+],,0.07200411707162857
4165,[H]/N=C(\N)c1ccc(CC(NC(=O)CNS(=O)(=O)c2ccc3ccccc3c2)C(=O)N2CCCCC2)cc1,,0.07203897833824158
7838,CC(C)NCC(O)c1ccc(O)c(O)c1.CC(C)NCC(O)c1ccc(O)c(O)c1.O=S(=O)(O)O,,0.07205710560083389
3678,O=C(O)c1cc(N(Cc2ccccc2O)Cc2cc(O)ccc2O)ccc1O,,0.07213150709867477
5099,O=C(CCN1CCCCC1)Nc1ccc2cc3ccc(NC(=O)CCN4CCCCC4)cc3nc2c1,,0.07214689999818802
5076,CCOC(=O)Oc1c(OC)cc(C(=O)OC2CC3CN4CCc5c([nH]c6cc(OC)ccc56)C4CC3C(C(=O)OC)C2OC)cc1OC,,0.07216836512088776
8674,c1ccc2c(c1)ccc1nc3c(ccc4ccccc43)nc12,,0.0722259059548378
6393,C=C(C)[C@H]1Cc2c(ccc3c2O[C@@H]2COc4cc(OC)c(OC)cc4[C@@H]2C3=O)O1,,0.07227490097284317
1585,O=C1NC(=O)c2cc(Nc3ccccc3)c(Nc3ccccc3)cc21,,0.07242236286401749
3063,CN1CC(C(=O)NC2(C)OC3(O)C4CCCN4C(=O)C(Cc4ccccc4)N3C2=O)C=C2c3cccc4[nH]cc(c34)CC21,,0.07242682576179504
2008,Nc1nc(N)c2nc(CNc3ccc(C(=O)NC(CCC(=O)O)C(=O)O)cc3)cnc2n1,,0.07247121632099152
5647,CN(CCCCCCCCCCN(C)C(=O)Oc1cccc([N+](C)(C)C)c1)C(=O)Oc1cccc([N+](C)(C)C)c1,,0.07247641682624817
5576,CC(C)C(NC(=O)C(CCCN=C(N)N)NC(=O)C(N)CC(N)=O)C(=O)NC(Cc1ccc(O)cc1)C(=O)NC(C(=O)NC(Cc1cnc[nH]1)C(=O)N1CCCC1C(=O)NC(Cc1ccccc1)C(=O)O)C(C)C,,0.0725102573633194
4582,O=C(O)c1cc(=O)c2c3nc4ccccc4oc-3cc(=O)c2[nH]1,,0.07252280414104462
5792,COS(=O)(=O)[O-].C[N+]1(C)CCC(=C(c2ccccc2)c2ccccc2)CC1,,0.07257162034511566
8689,c1ccc2cc3c(cc2c1)Cc1ccc2ccccc2c1-3,,0.07266683876514435
6707,CN(C)c1ccc2cc3ccc(=[N+](C)C)cc-3oc2c1,,0.0727667436003685
2200,COc1ccc2cc3[n+](cc2c1OC)CCc1cc2c(cc1-3)OCO2,,0.07283307611942291
8650,c1ccc2c(c1)ccc1c2[nH]c2ccc3ccccc3c21,,0.07283511012792587
1260,Clc1cccc(Nc2nnc(-c3ccccc3)c3ccccc23)c1,,0.07283797860145569
5073,COC1CC(C)OC(CCC(C)C(O)C(C)C2OC(=O)C=CC(C)=CCC(O)CC3CCCC(CC(OC)C(C)C(O)CC(O)C(C)C(C(C)C(O)C(C)CCC4CC(OC)CC(C)O4)OC(=O)C=CC(C)=CCC(O)CC4CCCC(CC(OC)C(C)C(O)CC(O)C2C)O4)O3)C1,,0.07291791588068008
2378,CCC1(O)C(=O)OCc2c1cc1n(c2=O)Cc2cc3ccccc3nc2-1,,0.07303609699010849
5570,NC(=O)C1=CN([C@@H]2O[C@H](COP(=O)(O)OP(=O)(O)OC[C@H]3O[C@@H](n4cnc5c(N)ncnc54)[C@H](OP(=O)(O)O)[C@@H]3O)[C@@H](O)[C@H]2O)C=CC1,,0.07306033372879028
9650,O=C1C(c2[nH]c3ccccc3c2O)=Nc2ccccc21,,0.07307121157646179
5244,CC(CNC(=O)c1ccccc1)C(=O)OCC(=O)C12OC(C)(C)OC1CC1C3CCC4=CC(=O)C=CC4(C)C3(F)C(O)CC12C,,0.07309238612651825
2233,N#CC(=Cc1ccc(O)c(O)c1)C(=O)NCCCNC(=O)C(C#N)=Cc1ccc(O)c(O)c1,,0.0731322392821312
2183,c1ccc2c(c1)cc1ccc3cccc4ccc2c1c34,,0.07321376353502274
8624,c1ccc2c(c1)ccc1[nH]c3ccc4ccccc4c3c12,,0.07323142141103745
8630,c1ccc2c(c1)ccc1c3ccccc3c3ccccc3c21,,0.07326200604438782
5905,CC(=O)Oc1ccccc1C(=O)[O-].CC(=O)Oc1ccccc1C(=O)[O-].[Ca+2],,0.07340383529663086
7867,COC1=CC=C2[C@@H]3Cc4ccc(OC)c5c4[C@@]2(CCN3C)[C@H]1O5,,0.07343461364507675
8148,Cc1ccccc1/N=N/c1c(N)ccc2ccccc12,,0.0735049620270729
6457,Oc1ccc2ccccc2c1/N=N/c1ccccn1,,0.07358444482088089
4257,Cc1ccc(N(CC(=O)O)CC(=O)O)c(OC2CCCC2Oc2cc(C(O)c3ccc4c(c3)OCO4)ccc2N(CC(=O)O)CC(=O)O)c1,,0.07372847199440002
4984,CCCOc1cc(N2CCOCCOCCN(c3cc(OCCC)c(OCCC)c4ccc(C)nc34)CCOCC2)c2nc(C)ccc2c1OCCC,,0.07378164678812027
4175,COc1ccc2c(c1)CCC(c1ccccc1)=C2c1ccc(OCCN2CCCC2)cc1,,0.07401969283819199
4414,C=C(C=CCC(O)C(O)C(O)CC=CC=CC(O)CC1OC(CC(O)C(O)CC2OC(C(O)C(O)CCC(O)C=CC(C)C(O)CC3(O)OC(CC(O)CCCCCCCC45CC(C)CC(C)(O4)C(CC(C)CCCCCC(O)C(O)C(O)C(O)C(O)C4CC(CC(O)C(O)C(C)=CC(O)CC(C)C(O)C(=O)NC=CC(=O)NCCCO)C(O)C(O)C4O)O5)C(O)C(O)C3O)CC(O)C2O)C(O)C(O)C1O)CCC(O)C(O)C(O)C(C)CC1OC(C=CC(O)C(O)CC2CC3CC(O2)C(CCC2OC(CN)CC2O)O3)C(O)C(O)C1O,,0.07402724772691727
6320,O=C1OC(=O)c2ccc3c4c(ccc1c24)C(=O)OC3=O,,0.07418692111968994
3210,Fc1ccc(C(c2ccccc2)(c2ccccc2F)n2ccnc2)cc1,,0.07426298409700394
2739,CN1CCC(=C2c3ccccc3C=Cc3ccccc32)CC1,,0.07426846027374268
7185,c1ccc(/N=N/c2ccc(Nc3ccccc3)cc2)cc1,,0.07430275529623032
2809,C=CC1C(OC2OC(CO)C(O)C(O)C2O)OC=C2C(=O)N3Cc4cc5ccccc5nc4C3CC21,,0.07432716339826584
9531,Nc1ccc(C(O)(c2ccc(N)cc2)c2ccc(N)cc2)cc1,,0.0744035542011261
307,CC(C)(COP(=O)(O)OP(=O)(O)OCC1OC(n2cnc3c(N)ncnc32)C(O)C1OP(=O)(O)O)C(O)C(=O)NCCC(=O)NCCSC(=O)C=Cc1ccc(O)cc1,,0.07442770153284073
1409,NC(=[NH2+])c1ccc2[nH]c(-c3ccccc3O)cc2c1,,0.07450602203607559
2087,COc1cccc2c1cc([N+](=O)[O-])c1c(C(=O)O)cc3c(c12)OCO3,,0.07462343573570251
2952,Nc1cccc(CN2C(Cc3ccccc3)C(O)C(O)C(Cc3ccccc3)N(Cc3cccc(N)c3)C2O)c1,,0.07479998469352722
507,CC1=C2N=C(CC3=NC(C(C)C4=NC(C(CC(=O)O)C4(C)CCC(=O)O)C4(C)N=C1C(CCC(=O)O)C4(C)CC(=O)O)C(CCC(=O)O)C3(C)C)C(CCC(=O)O)C2(C)CC(=O)O,,0.074908547103405
2802,[H]/N=C1C(=N\[H])\c2ccccc2-c2ccccc2\1,,0.07509677112102509
2772,COc1c(C=O)c(O)cc2c1C(=O)c1ccccc1C2=O,,0.07517431676387787
304,Cc1c2[nH]c(c1CCC(=O)O)Cc1[nH]c(c(CCC(=O)O)c1C)Cc1[nH]c(c(CCC(=O)O)c1C)Cc1[nH]c(c(C)c1CCC(=O)O)C2,,0.07518556714057922
6456,Nc1ccc2ccccc2c1/N=N/c1ccccc1,,0.07519982755184174
4096,CC(=O)NC(Cc1ccc(O)cc1)C(=O)NC(C(=O)NC(C)C(=O)NC(CC(=O)O)C(=O)Nc1ccc2c(C)cc(=O)oc2c1)C(C)C,,0.07523702085018158
3017,CC1=C(C(=O)OCCN(Cc2ccccc2)c2ccccc2)C(c2cccc([N+](=O)[O-])c2)C(P2(=O)OCC(C)(C)CO2)=C(C)C1,,0.07527957856655121
8667,c1ccc2c(c1)ccc1nc3ccc4ccccc4c3cc12,,0.07529179751873016
8656,c1ccc2nc3c4ccccc4c4ccccc4c3nc2c1,,0.07532300055027008
4200,CC1OC(OC2C(Oc3cc(O)c4c(c3)OC(c3ccc(O)cc3)CC4=O)OC(CO)C(O)C2O)C(O)C(O)C1O,,0.0753331258893013
4787,CCCCCC(O)c1cccc(OCc2ccc3ccccc3n2)c1,,0.07537288963794708
9617,O=C1C(c2c(O)[nH]c3ccccc23)=Nc2ccccc21,,0.07545024901628494
4055,COc1ccc2c(c1)c(CC(=O)NCCc1cccnc1)c(C)n2C(=O)c1ccc(Cl)cc1,,0.07554849982261658
4265,CCN(CC)Cc1nccn1-c1ccc([N+](=O)[O-])cc1C(=O)c1ccccc1Cl,,0.07565926760435104
6339,Nc1c(C(=O)O)ccc2c1C(=O)c1ccccc1C2=O,,0.07568247616291046
2931,CN(CCCCCCN(C)C(=O)Oc1ccc[n+](C)c1)C(=O)Oc1ccc[n+](C)c1,,0.07576023042201996
4338,Cc1[nH]c(=O)c(C#N)cc1-c1ccc2nccn2c1,,0.07582281529903412
3900,COC(=O)C1C(O)C2(O)c3c(OC)cc(OC)cc3OC2(c2ccc(OC)cc2)C1c1ccccc1,,0.07593174278736115
5391,CCCn1c(=O)c2[nH]c(-c3ccc(OCC(=O)NCCN)cc3)nc2n(CCC)c1=O,,0.07598957419395447
5181,C=C(C)C12CC(C)C34OC(Cc5ccccc5)(OC1C3C=C(COC(=O)Cc1ccc(O)cc1)CC1(O)C(=O)C(C)=CC14)O2,,0.07601386308670044
1404,COc1ccc(O)c(-c2nc3ccc(C(N)=[NH2+])cc3[nH]2)c1,,0.07614701986312866
2974,COc1cccc2c1C(=O)C1C(O)=C3C(=C(O)C1C2=O)CC(O)(C(=O)CO)CC3OC1CC(N)C(O)C(C)O1,,0.07627032697200775
8654,c1ccc2cc3c4ccccc4c4ccccc4c3cc2c1,,0.07627183198928833
8599,c1ccc2c(c1)cc1ccc3cncc4ccc2c1c34,,0.07647716253995895
1405,[H]/N=C(\N)c1ccc2nc(-c3cc(OC)ccc3O)[nH]c2c1,,0.07651599496603012
3605,O=C1NCc2c1c1c3ccccc3[nH]c1c1[nH]c3ccccc3c21,,0.07652983069419861
1927,COC(O)c1ccc(CN2C(COc3ccccc3)C(O)C(O)C(COc3ccccc3)N(Cc3ccc(CO)cc3)S2(=O)=O)cc1,,0.07655056565999985
2650,N#Cc1cc2nc([O-])c([O-])nc2cc1[N+](=O)[O-].[Na+].[Na+],,0.07657098025083542
1415,[H]/N=C(\N)c1ccc2nc(-c3ncccc3O)[nH]c2c1,,0.07678201794624329
7998,c1ccc2nc(-c3ccc4ccccc4n3)ccc2c1,,0.07685182988643646
8655,c1ccc2nc3c4ccccc4c4ccccc4c3cc2c1,,0.07689524441957474
5432,CCC(C(=O)N1CCCCC1C(=O)OC(CCc1ccc(OC)c(OC)c1)c1cccc(OCC(=O)O)c1)c1cc(OC)c(OC)c(OC)c1,,0.07692286372184753
597,CC(C)=CCCC(C)=CCCC(C)=CCCC(C)=CCCC(C)=CCCC(C)=CCCC(C)=CCCC(C)=CCC1=CC(=O)c2ccccc2C1=O,,0.07692951709032059
8600,c1ccc2c(c1)cc1ccc3ccnc4ccc2c1c34,,0.07700300961732864
8631,c1ccc2c(c1)ccc1c3ccccc3c3ncccc3c21,,0.07700476050376892
2755,O=C(Nc1ccncc1)C(=O)c1cn(Cc2ccc(Cl)cc2)c2ccccc12,,0.07703715562820435
1408,[H]/N=C(\N)c1ccc2nc(-c3ccccc3O)[nH]c2c1,,0.07705451548099518
1864,COC1C(OC(C)=O)CC(=O)OC(C)CC=CC=CC(OC2CCC(N(C)C)C(C)O2)C(C)CC(CC=O)C1OC1OC(C)C(OC2CC(C)(O)C(OC(C)=O)C(C)O2)C(N(C)C)C1O,,0.07706236839294434
2722,CN(C)CCC=C1c2ccccc2C=Cc2ccccc21,,0.07709597051143646
653,Cc1cc2nc3c(=O)[nH]c(=O)nc-3n(CC(O)C(O)C(O)COP(=O)(O)OP(=O)(O)OCC3OC(n4cnc5c(N)ncnc54)C(O)C3O)c2cc1C,,0.07713022828102112
5453,CCN(CC)C(=O)[C@@H]1C=C2c3cccc4[nH]cc(c34)C[C@H]2N(C)C1,,0.07726151496171951
1280,O=S(=O)(O)c1cccc2cccc(Nc3ccccc3)c12,,0.07726617902517319
3326,CC(C)=CCCC(C)=CCC1CC2(CC=C(C)CCC=C(C)C)C(=O)C(=C(O)c3ccc(O)c(O)c3)C(=O)C(CC=C(C)C)(C2=O)C1(C)C,,0.07734771072864532
6341,O=C1c2ccccc2C(=O)c2c1cccc2[N+](=O)[O-],,0.07738026976585388
2370,Cc1ccc(O)c(/N=N/c2c(O)cc(S(=O)(=O)O)c3ccccc23)c1,,0.07738275080919266
4282,Oc1ccc2c3c1OC1c4[nH]c5c(c4CC4(O)C(C2)N(CC2CC2)CCC314)CC1(O)C2Cc3ccc(O)c4c3C1(CCN2CC1CC1)C5O4,,0.07743826508522034
3328,C=C(C)C(CC=C(C)C)CC12CC(CC=C(C)C)C(C)(CCC=C(C)C)C(CC=C(C)C)(C(=O)C(=C(O)c3ccc(O)c(O)c3)C1=O)C2=O,,0.07749330997467041
2232,Nc1ncnc2c1ncn2C1OC(COP(=O)(O)OP(=O)(O)OP(=O)(O)OP(=O)(O)OP(=O)(O)OCC2OC(n3cnc4c(N)ncnc43)C(O)C2O)C(O)C1O,,0.07750842720270157
3367,CCn1c2ccccc2c2c3c(c4c5ccccc5[nH]c4c21)C(=O)NC3=O,,0.07752282172441483
1407,NC(=[NH2+])c1ccc2nc(-c3ccccc3O)[nH]c2c1,,0.07755498588085175
3679,O=C(O)c1cc(N(Cc2ccccc2O)Cc2ccccc2O)ccc1O,,0.07760795205831528
1516,O=C(O)C(Cc1c[nH]c2ccccc12)NS(=O)(=O)c1ccc(N2CCC(c3ccccc3)CC2)cc1,,0.07763799279928207
5383,Cc1c(C(=O)c2cccc3ccccc23)c2cccc3c2n1C(CN1CCOCC1)CO3,,0.07769610732793808
8065,O=S(=O)(Cl)c1ccc(Oc2ccc(S(=O)(=O)Cl)cc2)cc1,,0.07776397466659546
5049,O=C(O)c1cc(/N=N/c2ccc(S(=O)(=O)Nc3ccccn3)cc2)ccc1O,,0.07778193801641464
3390,COc1ccc(C2CC(=O)c3c(O)cc(OC4OC(COC5OC(C)C(O)C(O)C5O)C(O)C(O)C4O)cc3O2)cc1O,,0.07789541780948639
4504,O=S1(=O)OC(c2ccc(O)cc2)(c2ccc(O)cc2)c2ccccc21,,0.07800564169883728
9602,Cc1cc2c(-c3ccccc3)c3cc(C)c(N)cc3nc2cc1N,,0.07808744162321091
4034,COc1ccc(CNc2nc(NCc3ccc(OC)cc3)c3ncn(C(C)C)c3n2)cc1,,0.07810121774673462
1728,CC(C)=CCc1c(O)c(CC=C(C)C)c2oc(-c3ccc(O)cc3)c(O)c(=O)c2c1O,,0.07833115756511688
508,CC1=C2N=C(CC3=NC(C(C)C4=NC(C(CC(=O)O)C4(C)CCC(=O)O)C4(C)N=C1C(CCC(=O)O)C4(C)CC(N)=O)C(CCC(=O)O)C3(C)C)C(CCC(=O)O)C2(C)CC(N)=O,,0.07837995886802673
4617,O=C(NC1=CC(=O)c2ccccc2C1=O)c1ccccc1,,0.07838740199804306
5801,COc1cc(NC(C)CCCN)c2ncccc2c1.O=P(O)(O)O.O=P(O)(O)O,,0.07842659950256348
3327,C=C(C)CCC(CC12CC(CC=C(C)C)C(C)(CCC=C(C)C)C(CC=C(C)C)(C(=O)C(=C(O)c3ccc(O)c(O)c3)C1=O)C2=O)C(=C)C,,0.078476183116436
6455,Cc1ccc(C)c(/N=N/c2c(O)ccc3ccccc23)c1,,0.07850641012191772
8207,O=C([O-])C(O)c1ccccc1.O=C([O-])C(O)c1ccccc1.[Ca+2],,0.07853622734546661
2709,O=C(O)c1cc(=O)c2c(OCC(O)COc3cccc4oc(C(=O)O)cc(=O)c34)cccc2o1,,0.07860434800386429
5320,CC12C=CC(=O)C=C1CCC1C2=CCC2(C)C(C(=O)CN3CCN(c4cc(N5CCCC5)nc(N5CCCC5)n4)CC3)CCC12,,0.07861580699682236
9038,NCCCCC(N)C(=O)NC(CCCN=C(N)N)C(=O)N1CCCC1C(=O)N1CCCC1C(=O)NCC(=O)NC(Cc1ccccc1)C(=O)NC(CO)C(=O)N1CCCC1C(=O)NC(Cc1ccccc1)C(=O)NC(CCCN=C(N)N)C(=O)O,,0.0787171795964241
1600,O=C1N=c2ccc3ncsc3c2=C1CNc1ccc(S(=O)(=O)Nc2ccccn2)cc1,,0.07874087244272232
8126,Cc1cc(OP(=O)([O-])[O-])c2ccccc2c1OP(=O)([O-])[O-].[Na+].[Na+].[Na+].[Na+],,0.07875289767980576
1519,CC1CN1C1=CC(=O)c2c(c(CO)c(-c3ccccc3)n2C)C1=O,,0.07881391793489456
2832,Cc1nc2sccn2c(=O)c1CCN1CCC(=C(c2ccccc2)c2ccc(F)cc2)CC1,,0.07884279638528824
4075,COC(=O)N1C=CN(c2ccnc(-n3ccnc3)n2)C(CC(=O)NCc2ccc3c(c2)OCO3)=C1,,0.07889755070209503
2528,CN1C(=O)C2(Cc3cn(C45CC67SSC(CO)(C(=O)N6C4Nc4ccccc45)N(C)C7=O)c4ccccc34)SSC1(CO)C(=O)N2C,,0.07904437184333801
4560,O=c1[nH]c2ccccc2n1C1CCN(CCCC(c2ccc(F)cc2)c2ccc(F)cc2Cl)CC1,,0.07904785126447678
5047,Nc1ccc(S(=O)(=O)[N-]c2cnc3ccccc3n2)cc1,,0.07912939786911011
3329,C=C(C)C(CC=C(C)C)CC12CC(CC=C(C)C)C(C)(C)C(CC=C(C)C)(C(=O)C(=C(O)c3ccc(O)c(O)c3)C1=O)C2=O,,0.07915498316287994
8708,C1=CC2=CC3OCOC3=CC2=N1,,0.07922161370515823
9378,CNCCC=C1c2ccccc2C=Cc2ccccc21,,0.07924360781908035
9609,O=C(O)c1cc(O)c2c(c1)C(=O)c1cccc(O)c1C2=O,,0.07927048951387405
3413,O=C(O)C1Cc2ccccc2CN1S(=O)(=O)c1ccc(-c2ccccc2)cc1,,0.07929462194442749
1989,O=C1c2ccccc2C(=O)c2c(NCCNCCO)ccc(NCCNCCO)c21,,0.07934491336345673
1414,NC(=[NH2+])c1ccc2nc(-c3ncccc3O)[nH]c2c1,,0.07938987761735916
3509,Cc1c(CC(=O)O)c2cc(C=O)ccc2n1C(=O)c1ccc(Cl)cc1,,0.07950616627931595
9603,Nc1ccc(-c2c3ccccc3nc3cc(N)ccc23)cc1,,0.07951327413320541
1523,[H]/N=C(\N)c1cccc(C(=O)NC(C(=O)N2CCC(C(=O)c3ccccc3)CC2)c2ccccc2)c1,,0.07952190935611725
4775,Nc1ccccc1NC(=O)C=Cc1ccc(NS(=O)(=O)c2ccccc2)cc1,,0.07953809946775436
2976,COc1cc(OC)cc(C(CNc2ncnc3c2ncn3C2OC(CO)C(O)C2O)c2ccccc2C)c1,,0.07957343012094498
2537,COc1ccc2c(cc(N)c3c4cc5c(cc4ccc23)OCO5)c1OC,,0.07995418459177017
3283,O=S(=O)(c1ccc(NC(C(O)C(O)C(O)C(O)CO)S(=O)(=O)O)cc1)c1ccc(NC(C(O)C(O)C(O)C(O)CO)S(=O)(=O)O)cc1,,0.080010324716568
5660,CN1CC[C@]23c4c5ccc(O)c4O[C@H]2[C@@H](O)C=C[C@H]3[C@@H]1C5,,0.08001166582107544
1823,CNc1ccc2oc(CC3OC4(CCC3C)OC(C(C)C(=O)c3ccc[nH]3)C(C)CC4C)nc2c1C(=O)O,,0.08006592839956284
6704,Cc1cc2nc3ccc(=[N+](C)C)cc-3sc2cc1N.[Cl-],,0.08008600026369095
3186,Fc1ccc(C(c2ccc(F)cc2)[NH+]2CC[NH+](CC=Cc3ccccc3)CC2)cc1,,0.08017808943986893
4780,COC(=O)C1C2CC3c4[nH]c5cc(OC)ccc5c4CCN3CC2CC(OC(=O)c2cc(OC)c(OC)c(OC)c2)C1OC,,0.08025149255990982
8549,c1ccc2c(c1)CCc1cc3c(ccc4ccccc43)cc1-2,,0.08027318865060806
8636,c1ccc2c(c1)-c1cccc3cc4ccccc4c-2c13,,0.08027447760105133
3752,O=C1C(Nc2ccccc2)=CC(=O)c2ncccc21,,0.0803648978471756
2089,O=c1c2ccccc2oc2c(Cn3ccnc3)ccc([N+](=O)[O-])c12,,0.0804302841424942
8642,c1ccc2c3c(ccc2c1)-c1cccc2cccc-3c12,,0.08043396472930908
4341,CC(C)C(NC(=O)Cn1c(-c2ccccc2)ncc(N)c1=O)C(O)c1nnc(C(C)(C)C)o1,,0.08060891926288605
6100,CCOc1ccc2c3c1O[C@H]1[C@@H](O)C=C[C@H]4[C@H](C2)N(C)CC[C@@]341,,0.08066291362047195
8618,c1ccc2c(c1)c1cccc3ccc4cccc2c4c31,,0.08068379014730453
1830,CC(C)C(NC(=O)N(C)Cc1ccccn1)C(=O)NC(Cc1ccccc1)C(O)(O)C(F)(F)C(Cc1ccccc1)NC(=O)C(NC(=O)N(C)Cc1ccccn1)C(C)C,,0.0807592049241066
8665,C1=c2ccccc2=CC2CC=c3cc4ccccc4cc3=C12,,0.08077787607908249
2951,O=C1N(Cc2ccc(CO)cc2)C(Cc2ccccc2)C(O)C(O)C(Cc2ccccc2)N1Cc1ccc(CO)cc1,,0.0808841809630394
4593,CN(C)CC(=O)Nc1ccc2[nH]c(=O)c3ccccc3c2c1,,0.08091545850038528
8810,CN[NH3+].O=S(=O)([O-])O,,0.08093615621328354
5837,CN(C)c1ccc2nc3cccc(N(C)C)c3cc2c1.Cl,,0.08093773573637009
2282,COc1cc(Cc2c[nH+]c(N)nc2N)cc(OCCCC(CCC(=O)[O-])C(=O)[O-])c1Br,,0.0809415876865387
323,O=C(O)c1cc(O)c(O)c(OC(=O)c2cc(O)c(O)c(O)c2)c1,,0.08095282316207886
2478,Cc1cc(=O)c(C(=O)NC(C(=O)NC2C(=O)N3C(C(=O)O)=C(CSc4nnnn4C)CSC23)c2ccc(O)cc2)c[nH]1,,0.08097073435783386
1180,Cn1cc(NC(=O)c2nc(NC(=O)c3nc(NC=O)cn3C)cn2C)nc1C(=O)NCC[NH+](C)C,,0.08101761341094971
2498,Cc1ccc(-c2cc(C(F)(F)F)nn2-c2ccc(S(N)(=O)=O)cc2)cc1,,0.08111343532800674
3988,O=C(NO)C(Cc1ccccc1)NS(=O)(=O)c1ccc(-c2ccccc2)cc1,,0.08116962760686874
4771,COC1C(CO)OC(n2c3c(Cl)cccc3c3c4c(c5c6cccc(Cl)c6[nH]c5c32)C(=O)NC4=O)C(O)C1O,,0.08123025298118591
3726,CN(CCCN1c2ccccc2CCc2ccccc21)CC(=O)c1ccc(Cl)cc1,,0.08126019686460495
1378,O=S(=O)(Nc1cccc(B(O)O)c1)c1cc(S(=O)(=O)c2ccccc2)cs1,,0.08127709478139877
9739,O=C1C=CC(=C2C=CC(=O)C=C2)C=C1,,0.08128321915864944
4550,COc1ccc(C(=O)NCc2cccnc2)cc1C(=O)NCc1cccnc1,,0.08133261650800705
8160,O=C(O)c1ccccc1C(=O)Nc1cccc2ccccc12,,0.0813845694065094
8133,Nc1ccc(/N=N/c2ccccc2)c2ccccc12,,0.08144199103116989
5799,O=c1ccn([C@@H]2O[C@H](COP(=O)(O)OP(=O)(O)OP(=O)(O)O)[C@@H](O)[C@H]2O)c(=O)[nH]1,,0.08145982027053833
5526,COc1ccc2c3c1O[C@H]1[C@@H](O)C=C[C@H]4[C@H](C2)N(C)CC[C@@]341,,0.08154399693012238
5846,O=C1CC2OCC=C3C[NH+]4CC[C@]56c7ccccc7N1C5[C@H]2[C@H]3C[C@H]46.O=[N+]([O-])[O-],,0.0815989226102829
6429,[Br-].[Br-].c1cc[n+]2c(c1)-c1cccc[n+]1CC2,,0.0817066952586174
2971,COc1cc2nc(N3CCN(C(=O)C4COc5ccccc5O4)CC3)nc(N)c2cc1OC,,0.08172718435525894
6482,Oc1ccc(Nc2ccc3[nH]c4ccccc4c3c2)cc1,,0.08174484223127365
5236,COc1cc2c(cc1OC)-c1c/c(=N\c3c(C)cc(C)cc3C)n(C)c(=O)n1CC2,,0.08174589276313782
3978,O=C1c2c(O)ccc(O)c2C(=O)c2c(NCCNCCO)ccc(NCCNCCO)c21,,0.0817606970667839
3325,CC(C)=CCCC1(C)C(CC=C(C)C)CC2(CC=C(C)C)C(=O)C(=C(O)c3ccc(O)c(O)c3)C(=O)C1(CC=C(C)C)C2=O,,0.08176486939191818
3336,CC1=NN=C(c2ccc(N)cc2)c2cc3c(cc2C1)OCO3,,0.08183221518993378
2711,CC(O)C(NC(=O)C1NC(=O)C(C(C)O)NC(=O)C(CCCN)NC(=O)C(Cc2c[nH]c3ccccc23)NC(=O)C(Cc2ccc(O)cc2)NC(=O)C(NC(=O)C(N)Cc2ccccc2)CSSC1(C)C)C(N)=O,,0.08186059445142746
9610,O=C(O)c1ccc(O)c2c1C(=O)c1cc(O)cc(O)c1C2=O,,0.08187178522348404
3499,O=Nc1c(-c2c(O)[nH]c3ccccc23)[nH]c2ccccc12,,0.08187596499919891
2954,O=C1N=c2cc([N+](=O)[O-])c([N+](=O)[O-])cc2=NC1=O,,0.08198213577270508
4406,Cc1cn(C2CC(O)C(COP(=O)(O)OP(=O)(O)OP(=O)(O)OP(=O)(O)OP(=O)(O)OCC3OC(n4cnc5c(N)ncnc54)C(O)C3O)O2)c(=O)[nH]c1=O,,0.08201848715543747
8491,O=C(Nc1ccc(C(=O)O)cc1)Oc1ccc(N(CCCl)CCCl)cc1,,0.08220849186182022
6367,O=C1c2ccccc2C(=O)C1c1ccc2ccccc2n1,,0.08242195844650269
9385,CN(C)Cc1cc(-c2ccccc2)oc1-c1ccccc1,,0.08255699276924133
5828,COc1cc2c(c(OC)c1OC)-c1ccc(OC)c(=O)cc1[C@@H](NC(C)=O)CC2,,0.08273213356733322
182,Nc1ncnc2c1ncn2C1OC(COP(=O)(O)OP(=O)(O)OP(=O)(O)OP(=O)(O)OCC2OC(n3cnc4c(N)ncnc43)C(O)C2O)C(O)C1O,,0.08274881541728973
8634,c1cc2c3c(c1)ccc1ccc4cccc-2c4c13,,0.08281870931386948
1105,CC(C)=CCCC(C)=CCCC(C)=CCCC(C)=CCCC(C)=CCCC(C)=CCCC(C)=CCCC(C)=CCC1=C(C)C(=O)c2ccccc2C1=O,,0.08282548934221268
4010,CN(C)c1cccc2c(S(=O)(=O)NCCCCCN)cccc12,,0.08286793529987335
3749,O=c1cc(N2CCNCC2)oc2c(-c3ccccc3)cccc12,,0.08288796246051788
5431,O=C(c1ccc(OCCN2CCCC2)nc1)c1c(-c2ccc(OCCN3CCCC3)cc2)sc2ccccc12,,0.08291290700435638
1276,C=CCn1c(=O)c2c(nc(-c3ccc(S(=O)(=O)O)cc3)n2C)n(C)c1=O,,0.08292508125305176
6398,O=C1C(=O)c2ccccc2-c2ccccc21,,0.08294902741909027
4800,Cc1nc2sccn2c(=O)c1CCN1CCC(=C(c2ccc(F)cc2)c2ccc(F)cc2)CC1,,0.08296182751655579
4022,Nc1ccccc1NC(=O)c1ccc(CNC(=O)OCc2cccnc2)cc1,,0.08299499750137329
918,Nc1ncnc2c1ncn2C1OC(COP(=O)(O)OS(=O)(=O)O)C(OP(=O)(O)O)C1O,,0.08300144970417023
3911,O=C(Cc1ccc(NS(=O)(=O)c2ccc3ccccc3c2)cc1)NO,,0.08300906419754028
2235,CC(=O)Oc1ccc(C(c2ccc(OC(C)=O)cc2)c2ccccn2)cc1,,0.08303555846214294
2526,CCNC(=O)C1OC(n2cnc3c(N)nc(NCCc4ccc(CCC(=O)O)cc4)nc32)C(O)C1O,,0.08304975181818008
4502,O=C1OC(c2ccc(O)cc2)(c2ccc(O)cc2)c2ccccc21,,0.08306638151407242
9387,CN(C)CCc1cc(-c2ccccc2)oc1-c1ccccc1,,0.0831020399928093
1829,CNc1ccc2oc(CC3OC4(CCC3C)OC(C(C)C(=O)c3ccc[nH]3)C(C)CC4C)nc2c1C(=O)[O-],,0.0831199511885643
3733,CN(C)C(=O)C(CC[NH+]1CCC(O)(c2ccc(Cl)cc2)CC1)(c1ccccc1)c1ccccc1,,0.08317200839519501
5577,COc1ccc(C[C@@H](N)C(=O)N[C@H]2[C@@H](O)[C@H](n3cnc4c(N(C)C)ncnc43)O[C@@H]2CO)cc1,,0.08317724615335464
6401,c1ccc(-c2ccccc2-c2ccccc2)cc1,,0.08333206921815872
4896,O=C(CCCCCCC(=O)Nc1cccc(C2OC(CSc3nc4ccccc4s3)CC(c3ccc(CO)cc3)O2)c1)NO,,0.08334268629550934
3162,COC1CC(C=C(C)C2OC(=O)C3CCCCN3C(=O)C(=O)C3(O)OC(C(OC)CC(C)CC(C)=CC(CCOC(=O)NCc4ccccc4)C(=O)CC(O)C2C)C(OC)CC3C)CCC1O,,0.08341509103775024
5048,Nc1ccc(S(=O)(=O)Nc2cnc3ccccc3n2)cc1,,0.08346463739871979
9672,CN1CCc2cc3c(cc2[C@H]1[C@@H]1OC(=O)c2c1ccc1c2OCO1)OCO3,,0.08349287509918213
8979,Cc1cc(C)[nH]c(=O)n1.O=C(Nc1ccc([N+](=O)[O-])cc1)Nc1ccc([N+](=O)[O-])cc1,,0.08354265987873077
366,CC(C)(COP(=O)(O)OP(=O)(O)OCC1OC(n2cnc3c(N)ncnc32)C(O)C1OP(=O)(O)O)C(O)C(=O)NCCC(=O)NCCSC(=O)Cc1ccccc1,,0.08358757197856903
4078,CC(C)(C)NC(=O)C1CN(Cc2cc3ccccc3o2)CCN1CC(O)CC(Cc1ccccc1)C(=O)NC1c2ccccc2CC1O,,0.08373164385557175
8891,CN1c2ccccc2C(=O)N(CC[NH+](C)C)c2ccccc21.[Cl-],,0.08376248180866241
3315,O=C1NC(=O)C(c2cccc([N+](=O)[O-])c2)=C1Nc1ccc(Cl)c(C(=O)O)c1,,0.08377388119697571
2930,[H]/N=C(\N)CCNC(=O)c1cc(NC(=O)c2cc(NC(=O)c3cc(NC=O)cn3C)cn2C)cn1C,,0.08380503207445145
4774,Nc1cccc(NC(=O)c2ccc(CNC(=O)OCc3ccccc3)cc2)c1,,0.08388691395521164
6351,O=C1c2cccc(S(=O)(=O)O)c2C(=O)c2cccc([N+](=O)[O-])c21,,0.08393772691488266
2896,COc1ccc2c(=O)c(C)c(-c3ccccc3)oc2c1CN(C)C,,0.08406991511583328
1245,CCCn1c(=O)c2[nH]c(-c3ccc(S(=O)(=O)O)cc3)nc2n(CCC)c1=O,,0.08410011976957321
4248,CN1C(=O)CN=C(c2ccccc2)c2cc([N+](=O)[O-])ccc21,,0.0841086208820343
2885,CC(C)C1C(=O)N2CCCC2C2(O)OC(NC(=O)C3C=C4c5cccc6[nH]cc(c56)CC4N(C)C3)(C(C)C)C(=O)N12,,0.08416450768709183
3625,COc1ccc(S(=O)(=O)Nc2ccccc2CN(C)CC=Cc2ccc(Cl)cc2)cc1,,0.08417680859565735
1850,CCc1nc(N)nc(N)c1-c1ccc(Cl)c(/N=N/N(CCOC(C)=O)Cc2ccccc2)c1,,0.08419465273618698
7842,O=C(Nc1ccc(NC2=NCCN2)cc1)c1ccc(C(=O)Nc2ccc(NC3=NCCN3)cc2)cc1,,0.08421692997217178
1250,C=CC[N+](C)(C)c1ccc(CCC(=O)CCc2ccc([N+](C)(C)CC=C)cc2)cc1,,0.0842239037156105
3149,Oc1ccc(C2C[NH2+]CCc3c2cc(O)c(O)c3Cl)cc1,,0.08432523906230927
3189,CN1C(=O)CN=C(c2ccccc2F)c2cc([N+](=O)[O-])ccc21,,0.08434673398733139
9389,CN(C)CCCc1cc(-c2ccccc2)oc1-c1ccccc1,,0.08435742557048798
361,CC(C)(COP(=O)(O)OP(=O)(O)OCC1OC(n2cnc3c(N)ncnc32)C(O)C1OP(=O)(O)O)C(O)C(=O)NCCC(=O)NCCSC(=O)c1ccc(O)cc1,,0.08437991142272949
1781,Cn1c(=O)c2[nH]c(-c3ccc(S(=O)(=O)O)cc3)nc2n(C)c1=O,,0.08441557735204697
8648,c1ccc2cc3c(cc2c1)-c1cccc2cccc-3c12,,0.08445484191179276
8135,COc1ccc(C(=O)Cc2c(CCN(C)C)cc3c(c2OC)OCO3)c(C(=O)O)c1OC,,0.08448493480682373
4763,O=C(c1ccc(OCCN2CCCCC2)cc1)c1c(-c2ccc(O)cc2)sc2cc(O)ccc12,,0.0844850093126297
9377,CNCCC=C1c2ccccc2C=Cc2ccccc21.Cl,,0.08449257910251617
2883,CC(C)C1(NC(=O)C2CC3c4cccc5[nH]cc(c45)CC3N(C)C2)OC2(O)C3CCCN3C(=O)C(Cc3ccccc3)N2C1=O,,0.084553562104702
4905,N#Cc1cc2c(OCC(O)CN3CCN(C(c4ccccc4)c4ccccc4)CC3)cccc2[nH]1,,0.08456464111804962
9732,CN(C)c1ccc(/N=N/c2ccccc2C(=O)O)cc1,,0.08458832651376724
6392,C=C[C@H]1CN2CC[C@@H]1C[C@H]2[C@H](OC(=O)OCC)c1ccnc2ccc(OC)cc12,,0.08459057658910751
9148,CC[C@@H](CO)NC(=O)[C@@H]1C=C2c3cccc4c3c(cn4C)C[C@H]2N(C)C1,,0.08462630957365036
555,CC(C)(COP(=O)(O)OP(=O)(O)OCC1OC(n2cnc3c(N)ncnc32)C(O)C1OP(=O)(O)O)C(O)C(=O)NCCC(=O)NCCSC(=O)C=CC[N+](C)(C)C,,0.08465373516082764
4127,COc1ccc(S(=O)(=O)N(Cc2cccnc2)c2c(C)cccc2C(=O)NO)cc1,,0.08469995856285095
4172,[H]/N=C(\N)c1ccc2cc(OC(=O)c3ccc(N=C(N)N)cc3)ccc2c1,,0.08470602333545685
1674,CN(C)c1cccc2c(S(=O)(=O)O)cccc12,,0.08473662286996841
4405,Nc1ncnc2c1ncn2C1OC(COP(=O)([O-])OP(=O)([O-])OP(=O)([O-])OP(=O)(O)OCC2OC(n3cnc4c(N)ncnc43)C(O)C2O)C(O)C1O,,0.08476124703884125
5323,CC(C)Nc1cccnc1N1CCN(C(=O)c2cc3cc(NS(C)(=O)=O)ccc3[nH]2)CC1,,0.0849316269159317
8632,c1cc2cccc3c4cccc5cccc(c(c1)c23)c54,,0.08496289700269699
5060,O=S(O)CNc1ccc(S(=O)(=O)c2ccc(NCS(=O)O)cc2)cc1,,0.08497430384159088
2884,CN1CC(C(=O)NC2(C)OC3(O)C4CCCN4C(=O)C(Cc4ccccc4)N3C2=O)CC2c3cccc4[nH]cc(c34)CC21,,0.08504091203212738
6701,c1ccc2cc3cc4ccccc4cc3cc2c1,,0.08521758019924164
4793,CCCC(=O)OCC(OC(=O)CCC)C(OC(=O)CCC)C(Cn1c2nc(=O)[nH]c(=O)c-2nc2cc(C)c(C)cc21)OC(=O)CCC,,0.0853118896484375
6356,O=C1c2ccccc2C(=O)C1C(=O)C(c1ccccc1)c1ccccc1,,0.08532003313302994
5433,CCOc1cc2ncnc(Nc3cccc(-c4csc(CO)n4)c3)c2cc1OCC,,0.0853816568851471
6399,O=C1C(=O)c2ncccc2-c2cccnc21,,0.08540239185094833
3628,CSCC(NC(=O)COc1cccc2cnccc12)C(=O)NC(Cc1ccccc1)C(O)C(=O)N1CSCC1C(=O)NC(C)(C)C,,0.0855429470539093
3229,COC(=O)c1c(C)[nH]c(C)c1C(=O)c1ccccc1Cc1ccccc1,,0.08557736873626709
655,Cc1cc2c(cc1C)N(CC(O)C(O)C(O)COP(=O)(O)OP(=O)(O)OCC1OC(n3cnc4c(N)ncnc43)C(O)C1O)c1[nH]c(=O)[nH]c(=O)c1N2,,0.08562406152486801
4772,Nc1ccccc1NC(=O)c1ccc(CNC(=O)OCc2ccccc2)cc1,,0.0856998860836029
1481,O=C(O)c1ccc(OC(=O)N(c2ccccc2)c2ccccc2)c([N+](=O)[O-])c1,,0.08571839332580566
7828,CC[C@@H](CO)NC(=O)[C@@H]1C=C2c3cccc4[nH]cc(c34)C[C@H]2N(C)C1,,0.0857495591044426
1562,Cc1ccc2cc3c(ccc4ccccc43)c3c2c1CC3,,0.08584863692522049
2442,CC1(C)CCC(C)(C)c2cc(C(=O)c3ccc4cc(C(=O)O)ccc4c3)ccc21,,0.08590245246887207
8643,c1ccc2c(c1)-c1cccc3c1c-2cc1ccccc13,,0.08591651171445847
4462,C=CC(C)(CCC=C(C)CCC=C(C)C)c1cc(O)c(O)c(-c2cc(C(C)(C=C)CCC=C(C)CCC=C(C)C)cc(O)c2O)c1,,0.08591745048761368
1324,CCCc1cc(=O)oc2c3c(c4c(c12)OC(C)(C)C=C4)OC(C)C(C)C3N=[N+]=[N-],,0.08595126867294312
5342,CC(=O)c1c(O)c(C)c(O)c2c1OC1=CC(=O)C(C(C)=O)C(=O)C12C,,0.0860004797577858
2226,Cc1ccc(S(=O)(=O)N(CC(=O)O)c2ccccc2-c2ccccc2)cc1,,0.08603262901306152
6354,CN1C[C@H](C(=O)O)C=C2c3cccc4[nH]cc(c34)C[C@H]21,,0.08606316149234772
5469,COc1cc(C(=O)OCCCN(C)CCN(C)CCCOC(=O)c2cc(OC)c(OC)c(OC)c2)cc(OC)c1OC,,0.08618970215320587
6697,c1ccc(-c2cccc(-c3ccccc3)c2)cc1,,0.08619718998670578
2098,COc1ccc(CCN2CCC(Nc3nc4ccccc4n3Cc3ccc(F)cc3)CC2)cc1,,0.08624591678380966
8106,Cc1ccc2nc(-c3cccc(N)c3)sc2c1S(=O)(=O)O,,0.08625176548957825
4895,O=C(CCCC(=O)NCc1ccc(C2OC(CSc3nc4ccccc4s3)CC(c3ccc(CO)cc3)O2)cc1)NO,,0.08628461509943008
2190,NS(=O)(=O)c1cc2c(cc1Cl)NC(CSCc1ccccc1)=NS2(=O)=O,,0.0862891674041748
8907,C[N+](C)(CCCCCC[N+](C)(C)C1c2ccccc2-c2ccccc21)C1c2ccccc2-c2ccccc21.[Br-].[Br-],,0.08633946627378464
9268,CC[N+](CC)(CC)CCOC(=O)c1ccc(OC)c(OC)c1OC.Cc1ccc(S(=O)(=O)[O-])cc1,,0.08635086566209793
2677,CCC(=O)CCCCCC1NC(=O)C2CCCCN2C(=O)C(C(C)CC)NC(=O)C(c2cnc3ccccc3c2N2CCCCC2)NC1=O,,0.08638794720172882
1234,OC1Cc2c(cc3ccc4cccc5ccc2c3c45)C(O)C1O,,0.08647500723600388
5743,C[C@H](CO)NC(=O)[C@@H]1C=C2c3cccc4[nH]cc(c34)C[C@H]2N(C)C1,,0.08669822663068771
5280,COc1cc(NCc2ccc3nc(N)[nH+]c(N)c3c2C)cc(OC)c1OC,,0.08678347617387772
8444,c1ccc([B-](c2ccccc2)(c2ccccc2)c2ccccc2)cc1,,0.08683451265096664
4559,COc1ccc(-c2nc3ccc(C4=NNC(=O)CC4C)cc3[nH]2)cc1,,0.08684033155441284
4360,O=c1[nH]c2ccccc2n1CCCN1CCN(C(c2ccccc2)c2ccccc2)CC1,,0.08688200265169144
3626,COc1ccc(S(=O)(=O)N(CCO)c2ccccc2CN(C)CC=Cc2ccc(Cl)cc2)cc1,,0.08693677932024002
3685,N#Cc1ccc(C(c2ccc(C#N)cc2)n2cncn2)cc1,,0.08696072548627853
4833,Nc1nccc2ccc(CN3CCC(NS(=O)(=O)c4cc5ncccc5s4)C3=O)cc12,,0.08698327839374542
3723,CON=CC=CC(=O)NC=CCC1CC(=O)OC(CO)C=CC(O)C(C)=CCc2cccc(O)c2C(=O)O1,,0.08701427280902863
1755,O=c1cc(-c2ccccc2)oc2c(O)c(O)ccc12,,0.08705887198448181
4773,O=C(NCc1ccc(C(=O)Nc2ccccc2O)cc1)OCc1ccccc1,,0.08707493543624878
4812,COc1ccc(C23Oc4cc(OC)cc(OC)c4C2(O)C(O)CC3c2ccccc2)cc1,,0.08707944303750992
2181,O=C(O)c1c(C(=O)O)c(C(=O)O)c(C(=O)O)c(C(=O)O)c1C(=O)O,,0.08708624541759491
4824,C=C(C)C1CC2C3=C(C=CC2O1)C(=O)C1(O)c2cc(OC)c(OC)cc2OCC1O3,,0.08710826188325882
2176,O=C(O)c1ccc(NC(=O)C(Cc2ccc(O)cc2)NC(=O)c2ccccc2)cc1,,0.08715248852968216
9616,c1cc2c3c(c4ccc5ccccc5c4cc3c1)CC2,,0.08725062012672424
5045,Nc1ccc(S(=O)(=O)Nc2ccnn2-c2ccccc2)cc1,,0.08725079894065857
4597,C=C(C)C1NC(=O)C(NC)C(O)c2cc(Cl)c(O)c(c2)OC(C)(CC)C(C(=O)N2CC=CC2C(=O)NC(C(=O)NC(=CC(=O)O)C(=O)O)=C(C)CC)NC1=O,,0.08727102726697922
2019,CCN(CC)Cc1cc(Nc2ccnc3cc(Cl)ccc23)ccc1O,,0.0873672291636467
5973,c1ccc(Nc2ccc(Nc3ccccc3)cc2)cc1,,0.08746390044689178
3987,O=C(O)C(Cc1ccccc1)NS(=O)(=O)c1ccc(-c2ccccc2)cc1,,0.08760973811149597
8333,O=C([O-])CCNC(=O)Nc1ccc([N+](=O)[O-])cc1.[Na+],,0.08762481063604355
2981,O=C(CCCN1CC=C(n2c(=O)[nH]c3ccccc32)CC1)c1ccc(F)cc1,,0.08766166865825653
5201,CCC1C(C)=NN=C(c2ccc(OC)c(OC)c2)c2cc(OC)c(OC)cc21,,0.08771931380033493
8626,c1ccc2c(c1)ccc1ccc3ccccc3c12,,0.08777643740177155
5218,c1ccc(CN(CCN(Cc2ccccn2)Cc2ccccn2)Cc2ccccn2)nc1,,0.08782152831554413
456,O=P(O)(O)OC1C(O)C(OP(=O)(O)O)C(OP(=O)(O)O)C(OP(=O)(O)O)C1OP(=O)(O)O,,0.0880289077758789
6480,Nc1ccc2cccc(S(=O)(=O)O)c2c1,,0.08803172409534454
3842,CCCCN1C(=O)C(=CC=CC=C2Oc3ccccc3N2CCCS(=O)(=O)[O-])C(=O)N(CCCC)C1=S.[Na+],,0.08803804963827133
6388,Nc1ccc(S(=O)(=O)O)c2cccc(O)c12,,0.0881371796131134
2020,CCN(CC)Cc1ccc(Nc2ccnc3cc(Cl)ccc23)cc1O,,0.08817863464355469
2466,CCN1CCN(C(=O)NC(C(=O)NC2C(=O)N3C(C(=O)O)=C(CSc4nnnn4C)CSC23)c2ccc(O)cc2)C(=O)C1=O,,0.08821545541286469
4523,CC(C)C(NC(=O)c1cccn1C(=O)C(NC(=O)OCc1ccccc1)C(c1ccccc1)c1ccccc1)B(O)O,,0.0883040726184845
6737,Nc1ccc2cc(S(=O)(=O)O)ccc2c1,,0.08831637352705002
2201,[H]/N=C(\N)c1ccc(/N=N/Nc2ccc(/C(N)=N/[H])cc2)cc1,,0.08832870423793793
964,C=CC1C2C=C3NC(=CC4=C(CCC(=O)O)C(C)C(=CC5NC(C=C(N2)C1C)C(C=C)C5C)N4)C(CCC(=O)O)C3C,,0.08838308602571487
2465,CCN1CCN(C(=O)NC(C(=O)NC2C(=O)N3C(C(=O)[O-])=C(CSc4nnnn4C)CSC23)c2ccc(O)cc2)C(=O)C1=O,,0.0884321853518486
5635,c1ccc2cc3c(ccc4ccccc43)cc2c1,,0.08847477287054062
2644,Clc1ccccc1C(c1ccccc1)(c1ccccc1)n1ccnc1,,0.08847642689943314
2476,CON=C(C(=O)NC1C(=O)N2C(C(=O)O)=C(C[n+]3ccn4ncccc43)CSC12)c1nsc(N)n1,,0.08849409222602844
4210,COc1ccc(CCC(=O)c2c(O)cc(OC3OC(CO)C(O)C(O)C3OC3OC(C)C(O)C(O)C3O)cc2O)cc1O,,0.08854329586029053
3412,CC(O)(CC(=O)[O-])CC(=O)SCCNC(=O)CCNC(=O)C(O)C(C)(C)COP(=O)([O-])OP(=O)([O-])OCC1OC(n2cnc3c(N)ncnc32)C(O)C1OP(=O)([O-])[O-],,0.08868991583585739
3447,[H]/N=C(\N)c1ccc(C=Cc2ccc(/C(N)=N/[H])cc2O)cc1,,0.08869117498397827
6591,O=c1oc(=O)c2cc3c(=O)oc(=O)c3cc12,,0.08869190514087677
5016,O=CN1CCN(c2ccc(C=C3C(=O)Nc4ccccc43)cc2)CC1,,0.08874218165874481
3612,O=C(c1ccc(F)cc1)C1CCN(CCn2c(=O)[nH]c3ccccc3c2=O)CC1,,0.0887775793671608
302,CC1=C2N=C(CC3=NC(C(C)C4=NC(C(CC(N)=O)C4(C)CCC(=O)NCC(C)O)C4(C)N=C1C(CCC(N)=O)C4(C)CC(N)=O)C(CCC(N)=O)C3(C)C)C(CCC(N)=O)C2(C)CC(N)=O,,0.08880994468927383
3722,CON=CC=CC(=O)NC=CCC1CC(=O)OC(C)C=CC(O)C(C)=CCc2cccc(O)c2C(=O)O1,,0.08886025100946426
8880,Cc1cccc2ccc3cc4ccccc4c(C)c3c12,,0.08894605934619904
240,O=[N+]([O-])c1ccc(OP(=O)(O)Oc2ccc([N+](=O)[O-])cc2)cc1,,0.08895700424909592
9585,O=C1c2ccccc2-c2c3c(cc4ccnc1c24)OCO3,,0.08897526562213898
4004,CC1CC2C3CCC4=CC(=O)C=CC4(C)C3(Cl)C(O)CC2(C)C1(OC(=O)c1ccco1)C(=O)CCl,,0.08899243175983429
3508,COc1ccc2c(c1)c(CC(=O)OCC=C(C)CCC=C(C)CCC=C(C)C)c(C)n2C(=O)c1ccc(Cl)cc1,,0.08899536728858948
3961,CCC(=O)OC1CC(=O)OC(C)CC=CC=CC(OC(C)=O)C(C)CC(CC=O)C(OC2OC(C)C(OC3CC(OC(C)=O)C(OC(=O)CC)C(C)O3)C(N(C)C)C2O)C1OC,,0.08904965966939926
5105,COc1cc(C2c3cc4c(cc3C(OC3OC5COC(c6cccs6)OC5C(O)C3O)C3COC(=O)C23)OCO4)cc(OC)c1O,,0.08907420188188553
5413,CCN(C(C)=O)c1cccc(-c2ccnc3c(C#N)cnn23)c1,,0.08931341767311096
3492,COc1cc2c(c(N)c1OC)C(=O)C(=Cc1cc(C)c(O)c(C)c1)C2,,0.08937470614910126
713,CC(=O)NC1C(O)OC(COS(=O)(=O)O)C(OC2OC(C(=O)O)C(OC3OC(CO)C(OC4OC(C(=O)O)C(O)C(O)C4OS(=O)(=O)O)C(OS(=O)(=O)O)C3NS(=O)(=O)O)C(O)C2OS(=O)(=O)O)C1O,,0.08939725905656815
5767,Nc1nc2nc(-c3ccccc3)nc(N)c2nc1C(=O)NCCN1CCOCC1,,0.08943282812833786
2708,O=C([O-])c1cc(=O)c2c(OCC(O)COc3cccc4oc(C(=O)[O-])cc(=O)c34)cccc2o1,,0.0894838273525238
6415,O=C1c2ccccc2C(=O)c2ccccc21,,0.08952070027589798
2475,CON=C(C(=O)NC1C(=O)N2C(C(=O)[O-])=C(C[n+]3ccn4ncccc43)CSC12)c1nsc(N)n1,,0.08958234637975693
1169,CC1CCC2=C(CCCC2(C)C)C2=C1COC1(O)C=CC(=O)C=C21,,0.08973383158445358
8538,CC[N+](CC)(CCNC(=O)C(=O)NCC[N+](CC)(CC)Cc1ccccc1)Cc1ccccc1.[Cl-].[Cl-],,0.08976072072982788
8550,c1ccc2c(c1)ccc1cc3c4c(ccc3cc12)CCCC4,,0.0898020789027214
6407,CCc1ccc2c(c1)C(=O)c1ccccc1C2=O,,0.08980417251586914
5439,CO[C@@]12[C@H](COC(N)=O)C3=C(C(=O)C(C)=C(N)C3=O)N1C[C@@H]1N[C@@H]12,,0.08985814452171326
1974,Cc1nnc2n1-c1ccc(Cl)cc1C(c1ccccc1)=NC2,,0.0898684486746788
5610,CN1C2CCC1CC(OC(=O)C(CO)c1ccccc1)C2.CN1C2CCC1CC(OC(=O)C(CO)c1ccccc1)C2.O=S(=O)(O)O,,0.08990966528654099
7994,Nc1cccc2cc(S(=O)(=O)O)ccc12,,0.08993379771709442
2624,CCCC(=O)OC1(C(=O)CCl)C(C)CC2C3CCC4=CC(=O)C=CC4(C)C3(F)C(=O)CC21C,,0.08994781970977783
6643,Nc1ccc2cc(S(=O)(=O)O)cc(O)c2c1,,0.09007173776626587
6496,Nc1ccc2c(O)cc(S(=O)(=O)O)cc2c1,,0.09021858870983124
9674,O=C(O)c1c(O)c(-c2ccccc2)nc2ccccc12,,0.09022004157304764
8163,O=C(CCl)OC1=C(OC(=O)CCl)C(=O)OC1=O,,0.09028049558401108
3163,Cc1c(-c2ccccc2)oc2c(C(=O)OCCN3CCCCC3)cccc2c1=O,,0.09029266238212585
6409,c1ccc2cc3c(ccc4cccnc43)cc2c1,,0.09030457586050034
8110,O=[N+]([O-])c1cc(C2CCCCC2)c([O-])c([N+](=O)[O-])c1.[Na+],,0.09030511975288391
1837,Nc1ncnc2nc(-c3ccc(N4CCOCC4)nc3)cc(-c3cccc(Br)c3)c12,,0.0903342217206955
8843,NC(N)=NCCCC(NC(=O)c1ccccc1)C(=O)Nc1ccc2ccccc2c1,,0.09035150706768036
8159,O=C(O)c1cc(-c2ccccc2)nc2ccccc12,,0.09043629467487335
8669,c1ccc2cc3c(ccc4ncccc43)cc2c1,,0.09051427990198135
3157,CC(C)(C(=O)O)c1ccc(C(O)CCCN2CCC(C(O)(c3ccccc3)c3ccccc3)CC2)cc1,,0.09054451435804367
9597,COc1cc2c(c(OC)c1OC)-c1ccc(O)c(=O)cc1C(NC(C)=O)CC2,,0.09068582952022552
8108,O=C1c2ccccc2C(=O)c2c1cc(S(=O)(=O)O)c(O)c2O,,0.09070216119289398
2061,CC(=O)NC(Cc1ccc(P(=O)(O)O)c(P(=O)(O)O)c1)C(=O)NC1CCCCc2cc(OCC3CCCCC3)c(C(N)=O)cc21,,0.09070848673582077
4603,CCC(C)CCCCC(=O)NC(CCN)C(=O)NC(C(=O)NC(CCN)C(=O)NC1CCNC(=O)C(C(C)O)NC(=O)C(CCN)NC(=O)C(CCN)NC(=O)C(CC(C)C)NC(=O)C(Cc2ccccc2)NC(=O)C(CCN)NC1=O)C(C)O,,0.09073121100664139
910,Nc1ncnc2c1ncn2C1OC(COP(=O)(O)OP(=O)(O)OP(=O)(O)OCC2OC(n3cnc4c(N)ncnc43)C(O)C2O)C(O)C1O,,0.09074055403470993
8866,CC[N+](CC)(CCCNC1=CC(=O)C(NCCC[N+](CC)(CC)Cc2ccccc2)=CC1=O)Cc1ccccc1.[Cl-].[Cl-],,0.09076645225286484
5588,CC1(C)S[C@@H]2[C@H](NC(=O)Cc3ccccc3)C(=O)N2[C@H]1C(=O)O.CCN(CC)CCOC(=O)c1ccc(N)cc1,,0.09077485650777817
6182,CCN(CC)CCOc1ccc(C(O)(Cc2ccc(Cl)cc2)c2ccc(C)cc2)cc1,,0.09078861773014069
1399,NC(NC1CCCCC1)c1ccc(-c2ccc(-c3ccc(C(N)NC4CCCCC4)cc3)o2)cc1,,0.0908006951212883
6485,O=C(Oc1cccc2cccnc12)c1ccccc1,,0.09088945388793945
4822,O=C(C=Cc1ccc(O)c(O)c1)OC(Cc1ccc(O)c(O)c1)C(=O)O,,0.09089163690805435
8831,Fc1cccc(C=C(c2ccccc2)c2ccccc2)c1,,0.0909077525138855
6309,Nc1c(S(=O)(=O)O)ccc2ccccc12,,0.09093108773231506
2661,COc1cc2c(c(OC)c1OC)-c1ccc(OC)c(=O)cc1C(NC(C)=O)CC2,,0.09098829329013824
4790,COc1ccc(C=Cc2cc(O)cc(OC3OC(CO)C(O)C(O)C3O)c2)cc1O,,0.09103802591562271
4284,CNCCC=C1c2ccccc2COc2ccccc21,,0.09104035794734955
1535,Cc1cccc(C)c1OCC(=O)NC(Cc1ccccc1)C(O)CC(CC(C)C)NC(=O)c1ccc(N)cc1,,0.09105388820171356
1879,C[n+]1c2cc(N)ccc2cc2ccc(N)cc21,,0.09108775109052658
5406,OCc1ccc(-c2nn(Cc3ccccc3)c3ccccc23)o1,,0.09119275957345963
3537,CC(C)Oc1ccc2c(=O)cc(-c3ccccc3)oc2c1,,0.09124460071325302
1861,COC1C(OC(C)=O)CC(=O)OC(C)CC=CC=CC(OC(C)=O)C(C)CC(CC=O)C1OC1OC(C)C(OC2CC(C)(O)C(OC(=O)CC(C)C)C(C)O2)C(N(C)C)C1OC(C)=O,,0.09135502576828003
8633,C1=Cc2cc3ccccc3c3cccc1c23,,0.09137130528688431
8272,CCCc1ncc(C[n+]2ccccc2C)c(N)n1.Cl.[Cl-],,0.09140817821025848
2778,Nc1ccc(S(=O)(=O)c2ccc(N)cc2)cc1,,0.09147179126739502
3507,COc1ccc2c(c1)c(CC(=O)O)c(C)n2C(=O)c1ccc(Cl)cc1,,0.09150146692991257
4455,COc1cccc(-c2cc(=O)c3ccccc3o2)c1N,,0.09152411669492722
1403,[H]/N=C(\N)C1CCC(CNC(=O)C2C=C(C)Cn3c(=O)n(CC(c4ccccc4)c4ccccc4)c(=O)n32)CC1,,0.09158310294151306
3592,Cc1ccc2c(c1)C(N1CCN(C)CC1)=Nc1cccnc1N2,,0.09159594029188156
9267,O=C(Nc1ccc2c(c1)Cc1cc(NC(=O)C(F)(F)F)ccc1-2)C(F)(F)F,,0.09160000085830688
7975,Nc1cccc2ccc(S(=O)(=O)O)cc12,,0.09163381904363632
712,C=CC1=C2C=C3NC(=CC4NC(=CC5NC(C=C(N2)C1C)C(C(O)CCC=C(C)CCC=C(C)CCC=C(C)C)C5C)C(C)C4CCC(=O)O)C(CCC(=O)O)C3C,,0.09163454174995422
6738,O=S(=O)(O)c1ccc2cc(O)ccc2c1,,0.09163933247327805
2972,CN(C)CCC=C1c2ccccc2COc2ccccc21,,0.09164609760046005
8463,O=C1c2ccccc2C(=O)c2c(O)c(S(=O)(=O)O)cc(O)c21,,0.09165658056735992
4243,O=C(NN=Cc1c(O)ccc2ccccc12)c1ccncc1,,0.09172103554010391
9733,C=CCc1cc(-c2cc(CC=C)c(O)c(CN(CC)CC)c2)cc(CN(CC)CC)c1O,,0.09177359938621521
8340,[H]/N=C(\N)c1ccc(C=Cc2ccc(/C(N)=N/[H])cc2)cc1,,0.09178245067596436
6710,O=S(=O)(O)c1ccc2ccc(O)cc2c1,,0.09178467839956284
1992,CCn1cc(C(=O)O)c(=O)c2ccc(Cc3ccccc3)nc21,,0.091797836124897
1509,O=C(O)Cc1nn(Cc2nc3cc(C(F)(F)F)ccc3s2)c(=O)c2ccccc12,,0.09180688858032227
8890,OCCN1CCN(CCCN2c3ccccc3C=Cc3ccccc32)CC1,,0.0918150246143341
4246,COC(=O)C1=C(C#N)NC(C)=C(C(=O)OC(C)C)C1c1cccc([N+](=O)[O-])c1,,0.0918755754828453
1900,Cc1ccccc1-n1c(CF)nc2ccc(N)cc2c1=O,,0.09187617897987366
1815,CNC(Cc1ccccc1)C(=O)N1CCCC1C(=O)NC(Cc1c[nH]c2ccccc12)C(=O)C(F)(F)C(F)(F)F,,0.0919049009680748
1534,CCN(c1ccccc1)S(=O)(=O)c1ccc(Oc2ccccc2)c(N)c1,,0.09192783385515213
4897,CC(C)=CCCC(C)=CCc1c(O)cc(C=Cc2cc(O)c3c(c2)CC2C(C)(CC(O)C(O)C2(C)C)O3)cc1O,,0.09193997830152512
8661,c1ccc2c(c1)ccc1c3ccccc3ccc21,,0.09198733419179916
4423,CCC(C)C=C(C)C=CC(O)C(C)(O)C(=O)NCC(=O)NC(C(=O)NC(C(=O)NC(C(=O)NC1C(=O)NC(COC)C(=O)NCC(=O)NC(C)C(=O)N(C)C(C(C)O)C(=O)NC(C(OC)c2ccc(O)cc2)C(=O)N2CCCCC2C(=O)OC1C(C)C)C(C)C(C)C(N)=O)C(C)N)C(C)O,,0.0920005589723587
7983,CCOC(=O)COc1ccc2c(=O)cc(-c3ccccc3)oc2c1,,0.09202918410301208
2015,CC(C)c1ccc2oc3nc(N)c(C(=O)O)cc3c(=O)c2c1,,0.09204185009002686
8671,c1ccc2nc3c(ccc4ccccc43)cc2c1,,0.09206265211105347
4258,O=C1CN=C(c2ccccc2)c2cc([N+](=O)[O-])ccc2N1,,0.09206290543079376
1394,COc1ccc(S(=O)(=O)Nc2cc([N+](=O)[O-])ccc2OC)cc1,,0.0920645147562027
4512,Cc1ccc(N(Cc2ncc[nH]2)c2ccc(O)cc2)cc1,,0.09206902235746384
482,Cc1ncc(C[n+]2csc(CCOP(=O)(O)OP(=O)(O)OP(=O)(O)O)c2C)c(N)n1,,0.09208739548921585
3595,CCC(=O)OC1C=CC=CCC(C)OC(=O)CC(OC(C)=O)C(OC)C(OC2OC(C)C(OC3CC(C)(O)C(OC(=O)CC(C)C)C(C)O3)C(N(C)C)C2O)C(CC=O)CC1C,,0.09211257100105286
3990,O=C(O)CCC(=NO)c1ccc2oc3ccccc3c2c1,,0.0921320840716362
7932,Nc1ccc2c(c1)C(=O)c1ccccc1C2=O,,0.0921395793557167
1181,CN(C)CCNC(=O)c1nc(NC(=O)c2nc(NC(=O)c3nc(NC=O)cn3C)cn2C)cn1C,,0.09213992953300476
6408,Cc1ccc2c(c1)C(=O)c1ccccc1C2=O,,0.0921565368771553
1428,CC(C)C(NC(=O)Cn1c(-c2ccc(N)cc2)ncc(NS(C)(=O)=O)c1=O)C(=O)C(F)(F)F,,0.09219449013471603
4584,CN1CCN(CC(=O)N2c3ccccc3C(=O)Nc3cccnc32)CC1,,0.09219618886709213
9155,O=C1C=CC(=O)C(c2ccccc2)=C1,,0.09224987775087357
5019,CN(C)S(=O)(=O)c1ccc2c(c1)C(=Cc1cc3c([nH]1)CCCC3)C(=O)N2,,0.0922967791557312
8471,CCN(CCCl)CCCNc1c2ccc(Cl)cc2nc2ccc(OC)cc12,,0.09230384975671768
253,CC(=O)NC1C(OP(=O)(O)OP(=O)(O)OCC2OC(n3ccc(=O)[nH]c3=O)C(O)C2O)OC(CO)C(O)C1OC(C)C(=O)NC(C)C(=O)NC(CCC(=O)O)C(=O)NC(CCCCN)C(=O)NC(C)C(=O)NC(C)C(=O)O,,0.09237924218177795
1268,CC(C)CC(C(=O)NCC(O)CNS(=O)(=O)c1ccccn1)c1cccc(-c2ccccc2)c1,,0.09238540381193161
9529,CCOC(C(=O)N(C)CCN(C)CCc1ccccc1)(c1ccccc1)c1ccccc1,,0.09239082783460617
6361,O=C1C(=O)c2cccc3cccc1c23,,0.09239643067121506
4976,COC1C(O)CC(=O)OC(C)CC=CC=CC(OC2CCC(N(C)C)C(C)O2)C(C)CC(CC=O)C1OC1OC(C)C(OC2CC(C)(O)C(O)C(C)O2)C(N(C)C)C1O,,0.09240547567605972
255,CC(=O)NC1C(OC2C(CO)OC(OP(=O)(O)OP(=O)(O)OCC=C(C)CCC=C(C)CCC=C(C)CCC=C(C)CCC=C(C)CCC=C(C)CCC=C(C)CCC=C(C)CCC=C(C)CCC=C(C)CCC=C(C)C)C(NC(C)=O)C2OC(C)C(=O)NC(C)C(=O)NC(CCC(=O)NC(CCCC(N)C(=O)O)C(=O)NC(C)C(=O)NC(C)C(=O)O)C(=O)O)OC(CO)C(O)C1O,,0.09244085848331451
3071,Clc1ccc2c(c1)C(c1ccccc1)=NCc1nncn1-2,,0.09245439618825912
3555,COc1ccc2c(=O)c(-c3ccc(O)cc3)coc2c1,,0.09246229380369186
4716,COc1ccc(CC(N)C(=O)NC2C(CO)OC(n3cnc4c(N(C)C)ncnc43)C2O)cc1,,0.09247882664203644
2258,COc1ccc2c(c1)c(CC(=O)N1CCOCC1)c(C)n2C(=O)c1ccc(Cl)cc1,,0.0925109013915062
3984,COc1ccc(S(=O)(=O)N2CC(C)(C)CN(S(=O)(=O)c3ccc(OC)cc3)C2C(=O)NO)cc1,,0.09251408278942108
6830,CC(C/N=C/c1ccccc1O)/N=C/c1ccccc1O,,0.0925508588552475
1926,O=C1N(Cc2ccccc2)C(COc2ccccc2)C(O)C(O)C(COc2ccccc2)N1Cc1ccccc1,,0.09255252033472061
8833,CC(=O)Nc1ccc2c(c1)Cc1cc(NC(C)=O)ccc1-2,,0.09259337186813354
2824,CC1CC2C3CCC4=CC(=O)C=CC4(C)C3(F)C(O)CC2(C)C1(O)C(=O)COC(=O)c1cccc(S(=O)(=O)O)c1,,0.0925951823592186
2699,CC(C)(C)CN1C(=O)C(CC(=O)NC(CC(=O)O)C(=O)O)OC(c2cccc3ccccc23)c2cc(Cl)ccc21,,0.09264033287763596
4898,COc1cc(C=Cc2cc(O)c(CC=C(C)CCC=C(C)C)c(O)c2)cc2c1OC1(C)CC(O)C(O)C(C)(C)C1C2,,0.09265314042568207
6726,c1ccc(-c2cnc(-c3ccccc3)o2)cc1,,0.09265884011983871
6327,[H]/N=C1\CC/C(=N\[H])c2c1c(O)c1ccccc1c2O,,0.09266611933708191
3574,COC(=O)C1=C(C)NC(C)=C(C(=O)OC(C)C)C1c1cccc2nonc12,,0.0926671102643013
5216,NC1CCN(c2nc3c(cc2F)c(=O)c(C(=O)O)cn3-c2ccc(F)cc2F)C1,,0.09267120808362961
1482,O=c1[nH]n(CCc2ccccc2)c(=O)c2ccccc12,,0.09267722070217133
4814,CCCC(=O)OC1C(C)OC(OC2C(C)OC(OC3C(CC=O)CC(C)C(O)C=CC=CCC(C)OC(=O)CC(O)C3OC)C(O)C2N(C)C)CC1(C)OC(=O)CC,,0.09274373203516006
4627,COc1cc2nc(N3CCN(C(=O)C4=CC5C=CC4CC5)CC3)nc(N)c2cc1OC,,0.09276168793439865
7944,CCOc1cc(N)c2ccc(S(=O)(=O)O)cc2c1,,0.09280905872583389
8678,c1ccc2cc3c(ccc4ccsc43)cc2c1,,0.09281302243471146
2112,CCC(C)C1OC2(C=CC1C)CC1CC(CC=C(C)C(OC3CC(OC)C(OC4CC(OC)C(O)C(C)O4)C(C)O3)C(C)C=CC=C3COC4C(O)C(C)=CC(C(=O)O1)C34O)O2,,0.09281987696886063
89,CC(C)(COP(=O)(O)OP(=O)(O)OCC1OC(n2cnc3c(N)ncnc32)C(O)C1OP(=O)(O)O)C(O)C(=O)NCCC(=O)NCCSC(=O)CC(=O)CCC(=O)O,,0.09282343089580536
6690,COc1cc(-c2ccc(N=C=O)c(OC)c2)ccc1N=C=O,,0.09283902496099472
3804,COC(=O)Nc1nc2ccc(C(=O)c3ccccc3)cc2[nH]1,,0.0929216668009758
8337,CN(C)c1ccc(/N=N/S(=O)(=O)O)cc1,,0.0929403081536293
859,NC(=O)C1=CN(C2OC(COP(=O)(O)OP(=O)(O)OCC3OC(n4cnc5c(N)ncnc54)C(OP(=O)(O)O)C3O)C(O)C2O)C=CC1,,0.09300684183835983
2125,Cc1cc(S(=O)(=O)O)c2c(C)ccc(C(C)C)cc1-2,,0.09301069378852844
4893,Nc1[nH]c(C2C(CNC(=O)c3cc(Br)c[nH]3)C(CNC(=O)c3cc(Br)c[nH]3)C2c2c[nH+]c(N)[nH]2)c[nH+]1,,0.0930265560746193
6343,CNc1cccc2c1C(=O)c1ccccc1C2=O,,0.09306296706199646
5122,CSCCC(NC(=O)C(Cc1c[nH]c2ccccc12)NC(=O)OCc1ccccc1)C(=O)NC(CC(=O)O)C(=O)NC(Cc1ccccc1)C(N)=O,,0.09307381510734558
6428,Nc1cccc2c(S(=O)(=O)O)cccc12,,0.09312218427658081
9303,CN(C)c1ccc(/N=N/c2ccc(C(F)(F)F)cc2)cc1,,0.09312627464532852
9618,CN(c1c([N+](=O)[O-])cc([N+](=O)[O-])cc1[N+](=O)[O-])[N+](=O)[O-],,0.09313483536243439
1308,CCN(CC)CCCCNc1ncc2cc(-c3cc(OC)cc(OC)c3)c(NC(=O)NC(C)(C)C)nc2n1,,0.09315580874681473
4805,CCOC(=O)c1ncn2c1CN(C)C(=O)c1cc(N=[N+]=[N-])ccc1-2,,0.09315729886293411
1401,[H]/N=C(\N)c1ccc(CC2CCCCC(Cc3ccc(/C(N)=N/[H])cc3)C2=O)cc1,,0.0931728407740593
8559,Cc1ncc(C[n+]2csc(CCOP(=O)(O)OP(=O)(O)O)c2C)c(N)n1.[Cl-],,0.0931815579533577
5836,Nc1ccn([C@@H]2O[C@H](COP(=O)(O)OP(=O)(O)OP(=O)(O)O)[C@@H](O)[C@H]2O)c(=O)n1,,0.09318950772285461
4185,C=CCN1CCC23c4c5ccc(O)c4OC2C(=NNC(=O)c2ccccc2)CCC3(O)C1C5,,0.093226857483387
4510,CC1=CC=C(N(CC2=[NH+]CCN2)c2cccc(O)c2)CC1,,0.09322801977396011
4709,CNCCCC1c2ccccc2C=Cc2ccccc21,,0.09324203431606293
3734,CN(C)C(=O)C(CCN1CCC(O)(c2ccc(Cl)cc2)CC1)(c1ccccc1)c1ccccc1,,0.09330190718173981
1834,CNC(=O)C1OC(n2cnc3c(NCc4ccc(N)cc4)ncnc32)C(O)C1O,,0.09331398457288742
4421,COc1ccnc(CS(=O)c2nc3ccc(OC(F)F)cc3[nH]2)c1OC,,0.09341364353895187
897,CC(OP(=O)(O)OCC(O)C(O)C(O)Cn1c2cc(=O)ccc-2cc2c(=O)[nH]c(=O)[nH]c21)C(=O)NC(CCC(=O)NC(CCC(=O)O)C(=O)O)C(=O)O,,0.09341917186975479
3004,CC(C)(C)c1ccc(C(=O)CCCN2CCC(OC(c3ccccc3)c3ccccc3)CC2)cc1,,0.09342540055513382
1191,CC(C)C(NC(=O)c1ccc2ccccc2c1)C(=O)N1CCCC1C(=O)NC(C=O)CC(=O)NS(C)(=O)=O,,0.09344405680894852
6413,O=C(Oc1ccccc1)c1ccccc1C(=O)Oc1ccccc1,,0.09346918016672134
7841,Cl.Cl.O=C(Nc1ccc(NC2=NCCN2)cc1)c1ccc(C(=O)Nc2ccc(NC3=NCCN3)cc2)cc1,,0.09347427636384964
5678,Cc1c2ccccc2c(C)c2c1ccc1ccccc12,,0.09347721934318542
4016,COCCCC(NC(=O)c1cccn1C(=O)C(NC(O)N1CCOCC1)C(c1ccccc1)c1ccccc1)B(O)O,,0.09359043091535568
1694,CC1(C)C=Cc2c(O)ccc(C3COc4cc(O)ccc4C3=O)c2O1,,0.09360769391059875
5425,Cc1ccc(-c2nc3ccc(C)cn3c2CC(=O)N(C)C)cc1,,0.0936112031340599
7914,COc1ccc(N)c2c1C(=O)c1ccccc1C2=O,,0.09361886978149414
5700,NC(N)=NCCCC(N)C(=O)N1CCCC1C(=O)N1CCCC1C(=O)NCC(=O)NC(Cc1ccccc1)C(=O)NC(CO)C(=O)N1CCCC1C(=O)NC(Cc1ccccc1)C(=O)NC(CCCN=C(N)N)C(=O)O,,0.0936397835612297
1398,NC(NC1CCC1)c1ccc(-c2ccc(-c3ccc(C(N)NC4CCC4)cc3)o2)cc1,,0.09365220367908478
7916,Nc1ccc(O)c2c1C(=O)c1ccccc1C2=O,,0.09365256130695343
4851,O=[N+]([O-])c1ccc(CSc2ncnc3c2ncn3C2OC(CO)C(O)C2O)cc1,,0.09372685849666595
2892,COc1cc(C(=O)OCCCN2CCCN(CCCOC(=O)c3cc(OC)c(OC)c(OC)c3)CC2)cc(OC)c1OC,,0.09376673400402069
676,CC(C)(COP(=O)(O)OP(=O)(O)OCC1OC(n2cnc3c(N)ncnc32)C(O)C1OP(=O)(O)O)C(O)C(=O)NCCC(=O)NCCSC(=O)CCC[N+](C)(C)C,,0.09378316253423691
6340,Cc1ccc2c(c1N)C(=O)c1ccccc1C2=O,,0.0938432440161705
6736,c1ccc(-c2ccc(-c3ccccc3)cc2)cc1,,0.0939248576760292
1844,COc1ccc2c(c1)c(CC(=O)OCC(=O)O)c(C)n2C(=O)c1ccc(Cl)cc1,,0.09409308433532715
5947,O=C1c2ccccc2C(=O)c2c1ccc(O)c2O,,0.09409313648939133
4741,O=[N+]([O-])c1ccc2nc(N3CCNCC3)ccc2c1,,0.09414727240800858
4079,CC(C)(C)NC(=O)C1CN(Cc2ccc3c(c2)OCO3)CCN1CC(O)CC(Cc1ccccc1)C(=O)NC1c2ccccc2CC1O,,0.09417053312063217
2660,CNC1CCc2cc(OC)c(OC)c(OC)c2-c2ccc(OC)c(=O)cc21,,0.09418510645627975
9673,Nc1ncnc2c1ncn2[C@@H]1O[C@H](COP(=O)(O)OS(=O)(=O)O)[C@@H](O)[C@H]1O,,0.09427992254495621
2775,O=C1N=C([O-])CN1N=Cc1ccc(-c2ccc([N+](=O)[O-])cc2)o1,,0.09433568269014359
5900,CCC(C)C(NC(=O)C(Cc1ccccc1)NC(=O)C(C)NC(=O)C(CC(=O)O)NC(=O)C(CCCCN)NC(=O)C(CO)NC(=O)C1CCCN1C(=O)C1CCC(=O)N1)C(=O)NCC(=O)NC(CC(C)C)C(=O)NC(CCSC)C(N)=O,,0.09436813741922379
3212,CC(C)n1c(C=CC(O)CC(O)CC(=O)O)c(-c2ccc(F)cc2)c2ccccc21,,0.09442190080881119
5838,CN(C)c1ccc2nc3cccc(N(C)C)c3cc2c1,,0.0944250300526619
3539,CC(C)Oc1ccc2c(=O)c(-c3ccccc3)coc2c1,,0.09447987377643585
4464,C=CC(C)(CCC=C(C)CCC=C(C)C)c1ccc(Oc2cc(C(C)(C=C)CCC=C(C)CCC=C(C)C)cc(O)c2O)c(O)c1,,0.09448979794979095
6359,Nc1cccc2cccc(S(=O)(=O)O)c12,,0.09450355917215347
1643,O=P(O)(O)Oc1ccc(Cc2ccc(OP(=O)(O)O)cc2)cc1,,0.09451940655708313
5963,C[N+](C)(CCO)C(=O)Cc1ccc(-c2ccc(CC(=O)[N+](C)(C)CCO)cc2)cc1,,0.09451985359191895
1223,[H]/N=C(\N)c1ccc(CCC(CC(=O)OC)c2cccc(/C(N)=N/[H])c2)cc1,,0.09456748515367508
1267,CC(C)CC(NC(=O)OCc1ccccc1)C(=O)NNC(=O)NNC(=O)c1cccc(OCc2ccccc2)c1,,0.09462428838014603
7910,Nc1c(O)cc(S(=O)(=O)O)c2ccccc12,,0.09464409947395325
6328,O=C1c2ccccc2C(=O)c2c(O)ccc(O)c21,,0.0946677029132843
9169,CN(C)c1ccc(-c2ccc(N(C)C)cc2)cc1,,0.09472788125276566
4249,COCCOC(=O)C1=C(C)NC(C)=C(C(=O)OC(C)C)C1c1cccc([N+](=O)[O-])c1,,0.09474310278892517
3959,Cc1ncc2n1-c1ccc(Cl)cc1C(c1ccccc1F)=NC2,,0.09475007653236389
3730,CC(C)=CCc1c(O)c(CC=C(C)C)c2c(c1O)C(=O)CC(c1ccc(O)cc1)O2,,0.09477786719799042
4993,COc1cc2c(c(OC)c1OC)-c1cc3c(cc1C(=O)C1COC(=O)C1C2)OCO3,,0.09479643404483795
9727,[H]N=C(c1ccc(N(C)C)cc1)c1ccc(N(C)C)cc1,,0.09479854255914688
2097,CC(C=CC=C(C)C=CC1=C(C)C(=O)C(O)CC1(C)C)=CC=CC=C(C)C=CC=C(C)C=CC1=C(C)C(=O)C(O)CC1(C)C,,0.09480088949203491
8480,CCOc1ccc2ccccc2c1C(=O)N[C@@H]1C(=O)N2[C@@H]1SC(C)(C)[C@@H]2C(=O)O,,0.09484608471393585
2162,NS(=O)(=O)c1cc2c(cc1C(F)(F)F)NC(Cc1ccccc1)NS2(=O)=O,,0.09484657645225525
4463,C=CC(C)(CCC=C(C)CCC=C(C)C)c1ccc(O)c(Oc2cc(C(C)(C=C)CCC=C(C)CCC=C(C)C)cc(O)c2O)c1,,0.09486925601959229
8895,Cc1cc2ccccc2c2cc3ccccc3cc12,,0.09487739205360413
1216,COc1ccc2cc(C(C)C(=O)[O-])ccc2c1.[Na+],,0.09489500522613525
3222,CCC(=C(CC)c1ccc(OP(=O)(O)O)cc1)c1ccc(OP(=O)(O)O)cc1,,0.09495092183351517
3963,CC#CC1(O)CCC2C3CCC4=CC(=O)CCC4=C3C(c3ccc(N(C)C)cc3)CC21C,,0.0950612723827362
4875,CNc1ccccc1C(=O)OC1C(C)C2(O)C(C=C(CO)CC3(O)C(=O)C(C)=CC32)C2C(C)(C)C12OC(C)=O,,0.09506620466709137
9736,ClCCN(CCCl)c1ccc2ccccc2c1,,0.09514518082141876
569,CC(C)(COP(=O)(O)OP(=O)(O)OCC1OC(n2cnc3c(N)ncnc32)C(O)C1OP(=O)(O)O)C(O)C(=O)NCCC(=O)NCCSC(=O)CC(O)C[N+](C)(C)C,,0.09515930712223053
6347,Nc1cccc2c1C(=O)c1ccccc1C2=O,,0.0951848104596138
2623,CCC(=O)OC1(C(=O)CCl)C(C)CC2C3CCC4=CC(=O)C=CC4(C)C3(F)C(O)CC21C,,0.09518618881702423
8534,CC[N+](CC)(CCNC(=O)C(=O)NCC[N+](CC)(CC)Cc1ccccc1OC)Cc1ccccc1OC.[Cl-].[Cl-],,0.09521279484033585
4882,Nc1nccc(-c2c(-c3ccc(F)cc3)ncn2C2CCNCC2)n1,,0.09527390450239182
2632,CCN(CC)CCOc1ccc(C(=C(Cl)c2ccccc2)c2ccccc2)cc1,,0.09528152644634247
8217,c1ccc2c(c1)c(Cc1cn(CN3CCCCC3)c3ccccc13)cn2CN1CCCCC1,,0.09532512724399567
1954,O=C1c2c(O)cccc2C(OC2OC(CO)C(O)C(O)C2O)c2cc(CO)cc(O)c21,,0.09555444121360779
9604,O=C1c2ccccc2C(=O)c2c1cc(O)c(CO)c2O,,0.09559586644172668
4259,CCOC(=O)C1=C(C)NC(C)=C(C(=O)OC)C1c1cccc([N+](=O)[O-])c1,,0.09570283442735672
8670,c1ccc2nc3ccc4ccccc4c3cc2c1,,0.09570799767971039
5974,O=[N+]([O-])c1ccc(/N=N/c2ccc(O)cc2O)cc1,,0.09571502357721329
1727,CC(C)=CCc1c(O)c(CC=C(C)C)c2c(c1O)C(=O)C(O)C(c1ccc(O)cc1)O2,,0.09583627432584763
4899,COc1cc(C=Cc2cc(O)c(CC=C(C)CCCC(C)(C)O)c(O)c2)cc2c1OC1(C)CC(O)C(O)C(C)(C)C1C2,,0.09583712369203568
6692,Nc1ccc(-c2ccc(N)c(N)c2)cc1N,,0.09590115398168564
5713,COc1ccc(CN(CCN(C)C)c2ccccn2)cc1.O=C(O)C=CC(=O)O,,0.09594164788722992
3594,COC1C(OC(C)=O)CC(=O)OC(C)CC=CC=CC(O)C(C)CC(CC=O)C1OC1OC(C)C(OC2CC(C)(O)C(OC(=O)CC(C)C)C(C)O2)C(N(C)C)C1O,,0.09594669193029404
4527,O=C(CCc1ccc(O)cc1)c1c(O)cc(O)cc1OC1OC(CO)C(O)C(O)C1O,,0.09599117934703827
3587,CC(C)N(CCC(=O)c1ccc2ccccc2c1)Cc1ccccc1,,0.09600887447595596
8123,O=C1c2ccccc2C(=O)c2cc(S(=O)(=O)O)ccc21,,0.09604489803314209
3090,CCOc1ccc(Cc2nccc3cc(OCC)c(OCC)cc23)cc1OCC,,0.09609140455722809
5910,O=C(O)c1cc(SSc2ccc([N+](=O)[O-])c(C(=O)O)c2)ccc1[N+](=O)[O-],,0.09609748423099518
3119,COc1cc(C2c3cc4c(cc3C(OC3OC5COC(C)OC5C(O)C3O)C3COC(=O)C23)OCO4)cc(OC)c1O,,0.09612623602151871
901,CC(C)(COP(=O)(O)OP(=O)(O)OCC1OC(n2cnc3c(N)ncnc32)C(O)C1OP(=O)(O)O)C(O)C(=O)NCCC(=O)NCCSC(=O)C(=O)O,,0.09619508683681488
5563,CC(=O)OCC(=O)[C@@]1(O)CC[C@H]2[C@@H]3C[C@H](C)C4=CC(=O)C=C[C@]4(C)[C@H]3[C@@H](O)C[C@@]21C,,0.09621547162532806
4770,O=C(NC(Cc1cc(=O)[nH]c2ccccc12)C(=O)O)c1ccc(Cl)cc1,,0.09621993452310562
6312,Nc1ccc2ccccc2c1S(=O)(=O)O,,0.09624883532524109
5726,CN(C)c1ccc(/N=N/c2ccccc2)cc1,,0.09628964215517044
9380,O=C1C=C(N2CC2)c2ccccc2C1=O,,0.09632226079702377
3502,Cc1c(CC(N)=O)c2cc(OCCCC(=O)O)ccc2n1Cc1ccccc1,,0.09639418125152588
2957,CC(=O)OC12COC1CC(O)C1(C)C(=O)C(O)C3=C(C)C(OC(=O)C(O)C(NC(=O)OC(C)(C)C)c4ccccc4)CC(O)(C(OC(=O)c4ccccc4)C21)C3(C)C,,0.09640750288963318
3711,O=C1N(c2ccccc2)c2ccccc2C1(Cc1ccncc1)Cc1ccncc1,,0.0964113175868988
9989,CC(C=CC=C(C)C=CC1=C(C)C(=O)CCC1(C)C)=CC=CC=C(C)C=CC=C(C)C=CC1=C(C)C(=O)CCC1(C)C,,0.09641622751951218
1700,CN(C)CCNC(=O)c1cccc2c(N)c3cccc(F)c3nc12,,0.09644020348787308
8092,O=C1c2ccccc2C(=O)c2c(O)cccc21,,0.0964462012052536
8663,c1ccc2c(c1)ccc1c3cccnc3ccc21,,0.09644660353660583
2117,CN1CCCC(n2nc(Cc3ccc(Cl)cc3)c3ccccc3c2=O)CC1,,0.09647602587938309
8664,c1ccc2c(c1)ccc1c2ccc2cccnc21,,0.09648016840219498
1437,Cc1cc(C)cc(S(=O)(=O)c2cccc(N)c2C#N)c1,,0.09654678404331207
2725,CC(=O)Oc1ccc(C(=C2CCCCC2)c2ccc(OC(C)=O)cc2)cc1,,0.09654742479324341
5737,CN1CCN(CC(=O)[C@@]2(O)CC[C@H]3[C@@H]4CCC5=CC(=O)C=C[C@]5(C)[C@H]4[C@@H](O)C[C@@]32C)CC1,,0.09655781835317612
3915,O=C(C=CC=CCCCC(=O)c1ccc(-c2ccccc2)cc1)NO,,0.0965944305062294
4476,[H]/N=C(\N)c1ccc(OCCCCCOc2ccc(/C(N)=N/[H])cc2)cc1,,0.09665363281965256
5209,Cc1cccc(N(C)C(=S)Oc2ccc3ccccc3c2)c1,,0.09670190513134003
8660,c1ccc2c(c1)c1ccccc1c1ccccc21,,0.09678316116333008
1612,Cc1cccc(C)c1OCC(=O)NC(Cc1ccccc1)C(O)CC(CC(C)C)NC(=O)c1cccc(N)c1,,0.09679622203111649
6344,COc1cccc2c1C(=O)c1ccccc1C2=O,,0.09680312871932983
1380,CC[n+]1c(C)c(C(=O)OC(C)C)c(-c2ccccc2Cl)c(C(=O)O)c1C(=O)O,,0.09681054204702377
9647,CC(C)=CCOc1c2occc2cc2ccc(=O)oc12,,0.09681648015975952
5081,C=CCC1C=C(C)CC(C)CC(OC)C2OC(O)(C(=O)C(=O)N3CCCCC3C(=O)OC(C(C)=CC3CCC(O)C(OC)C3)C(C)C(O)CC1=O)C(C)CC2OC,,0.09687365591526031
9738,C(=NC(N=Cc1ccco1)c1ccco1)c1ccco1,,0.09691359102725983
8090,O=C1c2cccc([N+](=O)[O-])c2C(=O)c2cccc(Cl)c21,,0.09693916887044907
2487,CC(C)(ON=C(C(=O)NC1C(=O)N2C(C(=O)O)=C(C[n+]3ccccc3)CSC12)c1csc(N)n1)C(=O)O,,0.09696686267852783
1293,Cc1cc2c(c(O)c1C)C(=O)c1ccccc1C2=O,,0.09696820378303528
4876,CC(=O)NC1C(OC2COC(OC3CCC4(C)C5=CCC6(C)C(C(C)CC(=O)C=C(C)C)CCC6(C)C5CCC4C3(C)C)C(OC3OC(OC4OC(CO)C(O)C(O)C4OC4OC(CO)C(O)C(O)C4O)C(O)C(O)C3NC(C)=O)C2O)OC(CO)C(O)C1O,,0.09699001908302307
2438,CCOC(=O)c1ccc(/N=N/c2ccc(O)c(CC(=O)O)c2)cc1,,0.09711410850286484
1165,C[N+]1(C)CCc2cc3c(cc2C1C1OC(=O)c2c1ccc1c2OCO1)OCO3,,0.09714727848768234
4703,CN1CCc2cc3c(cc2C(=O)Cc2ccc4c(c2C1)OCO4)OCO3,,0.09717407822608948
6425,Nc1ccc(S(=O)(=O)O)c2ccccc12,,0.09718810766935349
4811,COC(=O)C(NC(=O)CNC(=O)C(CS)NCc1ccc(-c2ccccc2)cc1)C(C)C,,0.09725461900234222
8901,Cc1ccc2cc3c(ccc4cc(C)ccc43)cc2c1,,0.0972556620836258
3366,CC(C)C(NC(=O)C(Cc1cccc2ccccc12)CS(=O)(=O)C(C)(C)C)C(=O)NC(CO)Cc1ccccc1,,0.09725973010063171
9988,CCN1C(=CC=CC=Cc2sc3ccccc3[n+]2CC)Sc2ccccc21,,0.09726865589618683
4890,Cc1nc(-c2ccccc2)c(-c2ccncc2)o1,,0.09733988344669342
6324,Nc1c(O)cc(O)c2c1C(=O)c1ccccc1C2=O,,0.0973486602306366
2422,COc1ccccc1OCCNCC(O)COc1cccc2[nH]c3ccccc3c12,,0.09735266119241714
2556,COc1ccc(C(Cl)=C(c2ccc(OC)cc2)c2cccc(OC)c2)cc1,,0.09737911820411682
4764,O=C(O)CCn1c2c(c3ccccc31)CC(NS(=O)(=O)c1ccc(F)cc1)CC2,,0.09738789498806
9156,O=c1nc2cccccc-2n1Cc1ccccc1,,0.09740155190229416
9652,COc1ccc2c(c1OC)CN1CCc3cc4c(cc3C1=C2)OCO4,,0.09740832448005676
4825,C=C(C)C1Cc2c(ccc3c2OC2COc4cc(OC)c(OC)cc4C2C3=O)O1,,0.09745670855045319
4424,CCC(C)C=C(C)C=CC(O)C(C)(O)C(=O)NCC(=O)NC(C(=O)NC(C(=O)NC(C(=O)NC1C(=O)NC(COC)C(=O)NCC(=O)NC(C)C(=O)NC(C(C)O)C(=O)NC(C(OC)c2ccc(O)cc2)C(=O)N2CCCCC2C(=O)OC1C(C)C)C(C)C(C)C(N)=O)C(C)N)C(C)O,,0.09746605157852173
3887,COc1cc(C)c2c(=O)cc(-c3ccccc3)oc2c1,,0.09749539196491241
8006,O=S(=O)(O)c1ccc2ccccc2c1,,0.09753338247537613
6264,Nc1ccc(S(=O)(=O)c2ccc(NCCO)cc2)cc1,,0.09754730015993118
5859,O=c1ccc2cc3ccoc3cc2o1,,0.0976482555270195
6634,c1ccc(Nc2cccc3ccccc23)cc1,,0.09765273332595825
5833,CN1CCCC1c1cccnc1.CN1CCCC1c1cccnc1.O=S(=O)(O)O,,0.09769522398710251
1416,COc1cccc(N2C=Cc3cc(S(N)(=O)=O)sc3S2(=O)=O)c1,,0.09769731014966965
4939,Fc1ccc(-c2nc3n(c2-c2ccncc2)CCS3)cc1,,0.09770745784044266
4359,O=C(O)CCc1nc(-c2ccccc2)c(-c2ccccc2)o1,,0.09775331616401672
1914,N#CC(=Cc1ccc(O)c(O)c1)C(=O)c1ccc(O)c(O)c1,,0.09775884449481964
9621,O=C1c2ccccc2-c2ccc3ccccc3c21,,0.09782931953668594
5744,O=C(CCc1ccc(O)cc1)c1c(O)cc(O)cc1O[C@@H]1O[C@H](CO)[C@@H](O)[C@H](O)[C@H]1O,,0.09784945100545883
2716,COc1cc(C=CC(=O)CC(=O)C=Cc2ccc(O)c(OC)c2)ccc1O,,0.09791330248117447
8662,c1ccc2c(c1)ccc1c3ccncc3ccc21,,0.09792789071798325
8230,c1ccc(Nc2ccc3ccccc3c2)cc1,,0.09796368330717087
4877,CC(=O)NC1C(OC2COC(OC3CCC4(C)C5=CCC6(C)C(C(C)CC(=O)C=C(C)C)CCC6(C)C5CCC4C3(C)C)C(OC3OC(OC4OCC(O)C(O)C4OC4OC(CO)C(O)C(O)C4O)C(O)C(O)C3NC(C)=O)C2O)OC(CO)C(O)C1O,,0.09797407686710358
3639,CCC1C=C(C)C(O)C(C)CC(OC)C2OC(O)(C(=O)C(=O)N3CCCCC3C(=O)OC(C(C)=CC3CCC(O)C(OC)C3)C(C)C(O)CC1=O)C(C)CC2OC,,0.09799149632453918
8984,CN(C)c1ccc(/N=N/c2ccccc2F)cc1,,0.0979950800538063
8640,c1ccc2c(c1)Cc1ccc3ccccc3c1-2,,0.09805456548929214
937,Nc1c2ncn(C3OC(COP(=O)(O)OP(=O)(O)OP(=O)(O)O)C(O)C3O)c2nc[n+]1C1OC(COP(=O)(O)O)C(O)C1O,,0.09814079850912094
8954,CN(C)c1ccc(/N=N/c2cccc(C(F)(F)F)c2)cc1,,0.09815241396427155
1667,COc1ccc(C2=C(OC(=O)N(C)C)c3cccn3-c3ccccc3S2)cc1,,0.09820762276649475
2707,C=C(c1ccccc1OCc1cccc(Cl)c1)n1ccnc1,,0.09825421869754791
687,CC(C)(COP(=O)(O)OP(=O)(O)OCC1OC(n2cnc3c(N)ncnc32)C(O)C1OP(=O)(O)O)C(O)C(=O)NCCC(=O)NCCSC(=O)C=CCC(=O)O,,0.09825584292411804
4292,CNCCC=C1c2ccccc2CCc2ccccc21,,0.09830059111118317
3731,CCc1ccc(C(=C(Br)c2ccccc2)c2ccccc2)cc1,,0.0983085185289383
5188,O=C(NN=Cc1c[nH]c2ccccc12)c1ccncc1,,0.09839511662721634
8190,O=C1OC(=O)C(OC(=O)c2ccccc2)=C1OC(=O)c1ccccc1,,0.09840483963489532
3379,CNC(C(=O)NC(C(=O)N(C)C(C=C(C)C(=O)O)C(C)C)C(C)(C)C)C(C)(C)c1cn(C)c2ccccc12,,0.09841571748256683
5600,Cc1cc(N(C)C)ccc1/N=N/c1ccccc1,,0.09841831028461456
6325,O=C1c2ccccc2C(=O)c2c(O)c(O)cc(O)c21,,0.09843284636735916
5882,CCN(CC)CCOc1ccc(C(O)(Cc2ccc(OC)cc2)c2ccccc2)cc1,,0.09853355586528778
5275,COc1cc(C(=O)NCc2ccc(OCCN(C)C)cc2)cc(OC)c1OC,,0.09854727238416672
252,CC(=O)NC1C(OP(=O)(O)OP(=O)(O)OCC2OC(n3ccc(=O)[nH]c3=O)C(O)C2O)OC(CO)C(O)C1OC(C)C(=O)NC(C)C(=O)NC(CCC(=O)NC(CCCC(N)C(=O)O)C(=O)NC(C)C(=O)NC(C)C(=O)O)C(=O)O,,0.09856617450714111
6746,O=S(=O)(Cl)c1ccc2ccccc2c1,,0.09857519716024399
3702,C=CC(C)(C)c1cc(C=CC(=O)c2ccc(O)cc2)c(OC)cc1O,,0.09864296764135361
3169,O=C(OCC(O)CO)c1ccccc1Nc1ccnc2c(C(F)(F)F)cccc12,,0.09867901355028152
3828,CC(C)=CCCC(C)=CCCC(C)=CCCC(C)=CCC1=C(C)C(=O)c2ccccc2C1=O,,0.09870708733797073
3187,Fc1ccc(C(c2ccc(F)cc2)N2CCN(CC=Cc3ccccc3)CC2)cc1,,0.09874989837408066
4494,Nc1ccc(/N=N/c2ccccc2)c(N)n1,,0.09881587326526642
2014,CN(C)CCC=C1c2ccccc2CCc2ccccc21,,0.09895235300064087
2593,C(=CN1CCN(C(c2ccccc2)c2ccccc2)CC1)Cc1ccccc1,,0.09895441681146622
2770,CN1CCc2cn(C)c3c2C1=CC(=O)C3=O,,0.09897167235612869
6444,O=S(=O)(O)c1cccc2ccccc12,,0.09903869032859802
4918,CN1CCC2=C(C1)c1ccccc1Cc1ccccc12,,0.0990491434931755
3751,O=c1cc(N2CCOCC2)oc2c(-c3ccccc3)cccc12,,0.09904955327510834
8128,Nc1ccc2c(c1)C(=O)c1ccc(N)cc1C2=O,,0.09907639771699905
4244,CC(c1ccc(O)cn1)C(C)C(N)C(=O)NC(C(=O)O)C1OC(N2C=CC(=O)CC2=O)C(O)C1O,,0.09915651381015778
1064,CC(=CC(=O)SCCNC(=O)CCNC(=O)C(O)C(C)(C)COP(=O)(O)OP(=O)(O)OCC1OC(n2cnc3c(N)ncnc32)C(O)C1OP(=O)(O)O)CC(=O)O,,0.09918451309204102
7177,CN(C)c1ccc(Cc2ccc(N(C)C)cc2)cc1,,0.09919077157974243
4319,O=[N+]([O-])c1ccc(NCCCOP(=O)(O)OP(=O)(O)O)c([N+](=O)[O-])c1,,0.09921044856309891
8187,O=c1ccn([C@@H]2O[C@H](COP(=O)(O)OP(=O)(O)O[C@H]3O[C@H](CO)[C@@H](O)[C@H](O)[C@H]3O)[C@@H](O)[C@H]2O)c(=O)[nH]1,,0.09930714964866638
2371,Clc1ccc(C(c2ccc(Cl)cc2)n2cc[n+](CC(OCc3ccc(Cl)cc3Cl)c3ccc(Cl)cc3Cl)c2)cc1,,0.09932125359773636
2594,C(=Cc1ccccc1)CN1CCN(C(c2ccccc2)c2ccccc2)CC1,,0.09944295883178711
5040,COc1ccc(NS(=O)(=O)c2ccc(N)cc2)nn1,,0.09945578128099442
5281,COc1cc(NCc2ccc3nc(N)nc(N)c3c2C)cc(OC)c1OC,,0.09946151822805405
9945,C[N+]1(Cc2ccc(-c3ccccc3)cc2)C2CCC1CC(OC(=O)C(CO)c1ccccc1)C2,,0.09950540959835052
9654,CC[C@H]1CN2CCc3cc(OC)c(OC)cc3[C@@H]2C[C@@H]1C[C@H]1NCCc2cc(OC)c(OC)cc21,,0.09951584041118622
805,CC(C)(COP(=O)(O)OP(=O)(O)OCC1OC(n2cnc3c(N)ncnc32)C(O)C1OP(=O)(O)O)C(O)C(=O)NCCC(=O)NCCSC(=O)CC(=O)O,,0.09957082569599152
98,CC(CCC(=O)SCCNC(=O)CCNC(=O)C(O)C(C)(C)COP(=O)(O)OP(=O)(O)OCC1OC(n2cnc3c(N)ncnc32)C(O)C1OP(=O)(O)O)C1CCC2C3C(O)CC4CC(=O)CCC4(C)C3CC(O)C12C,,0.09969847649335861
4755,CC1=C(C(=O)OC(C)C)C(c2cccc3nonc23)C([N+](=O)[O-])=C(C)N1,,0.09970708936452866
3964,Cc1[nH]c(=O)c(C#N)cc1-c1ccncc1,,0.09972139447927475
8685,c1ccc2c(c1)Cc1c-2ccc2ccccc12,,0.0997752845287323
3907,CN(C)c1ccc2nc3ccc(=[N+](C)C)cc-3sc2c1,,0.09984980523586273
5044,CC(=O)Nc1ccc(S(=O)(=O)Nc2ccc([N+](=O)[O-])cc2)cc1,,0.0998527929186821
1360,O=c1onc2cnc3ccccc3n12,,0.09987611323595047
2520,Cn1cc(C(F)(F)F)nc1-c1ccc(OCC(O)CNCCOc2ccc(O)c(C(N)=O)c2)cc1,,0.09989066421985626
6268,O=S(=O)(c1ccc(O)cc1)c1ccc(O)cc1,,0.09992475062608719
4317,O=[N+]([O-])c1ccc(NCCOP(=O)(O)OP(=O)(O)O)c([N+](=O)[O-])c1,,0.09992878884077072
2841,O=C(O)c1cccc2c1oc1c(C(=O)O)cccc12,,0.09994504600763321
3384,CCCCCCC(COC(=O)c1cccnc1)(COC(=O)c1cccnc1)COC(=O)c1cccnc1,,0.09998931735754013
8686,c1ccc2c(c1)ccc1c3ccccc3[nH]c21,,0.10003252327442169
4239,Cc1c(NC(=O)c2cccnc2)c(=O)n(-c2ccccc2)n1C,,0.10006342083215714
9705,Nc1c([N+](=O)[O-])cc([N+](=O)[O-])cc1[N+](=O)[O-],,0.10012499988079071
8622,c1cc2ccc3cncc4ccc(c1)c2c34,,0.10013736039400101
2634,O=C1CN=C(c2ccccc2Cl)c2cc([N+](=O)[O-])ccc2N1,,0.10025610774755478
5369,CC1=CC(O)CC(=O)Cc2nc(co2)C(=O)N2CCC=C2C(=O)OC(C(C)C)C(C)C=CC(=O)NCC=C1,,0.10031341761350632
70,CC(=O)CC(=O)SCCNC(=O)CCNC(=O)C(O)C(C)(C)COP(=O)(O)OP(=O)(O)OCC1OC(n2cnc3c(N)ncnc32)C(O)C1OP(=O)(O)O,,0.10037221014499664
8091,Nc1cccc2c1C(=O)c1c(N)cccc1C2=O,,0.1003783568739891
3591,CCN1C(=CC=Cc2n(CC)c3cc(Cl)c(Cl)cc3[n+]2CC)N(CC)c2cc(Cl)c(Cl)cc21,,0.1004016324877739
5617,Cc1cccc(/N=N/c2ccc(N(C)C)cc2)c1,,0.1004096269607544
2445,Nc1cc(Nc2ccc(S(N)(=O)=O)cc2)ncn1,,0.10045359283685684
8093,Nc1cccc2c1C(=O)c1cccc(N)c1C2=O,,0.10052719712257385
9622,O=C1c2c(O)cc(O)cc2O[C@H](c2ccc(O)c(O)c2)C1O,,0.10056258738040924
3545,Cn1cc(C2C(=O)C(O)C(c3ccccc3)C(=O)C2O)c2ccccc21,,0.10059948265552521
8096,O=C(O)c1c([N+](=O)[O-])cc([N+](=O)[O-])cc1[N+](=O)[O-],,0.10069513320922852
9746,Nc1ccc(/N=N/c2ccccc2)c(N)c1,,0.10072486847639084
9583,O=C1C=CC(=O)c2c(O)ccc(O)c21,,0.10073695331811905
8691,c1ccc2c(c1)Cc1cc3ccccc3cc1-2,,0.1007499098777771
8892,CN(C)CCN1C(=O)c2ccccc2N(C)c2ccccc21,,0.10076732933521271
2092,CCC1C=C(C)CC(C)CC(OC)C2OC(O)(C(=O)C(=O)N3CCCCC3C(=O)OC(C(C)=CC3CCC(O)C(OC)C3)C(C)C(O)CC1=O)C(C)CC2OC,,0.10080577433109283
8881,c1cc2ccc3ccnc4ccc(c1)c2c34,,0.10081784427165985
8124,O=C1c2ccccc2C(=O)c2cc(Cl)ccc21,,0.10085972398519516
4921,CC(C)=CCC(O)C1=CC(=O)c2c(O)ccc(O)c2C1=O,,0.10088504105806351
4159,CCNC(=O)C1OC(n2cnc3c(NCc4ccccc4)ncnc32)C(O)C1O,,0.10089193284511566
2619,CCC(C)(Oc1ccc(C2(c3ccc(OC(C)(CC)C(=O)O)cc3)CCCCC2)cc1)C(=O)O,,0.10089410096406937
3479,COC1=C(OC)C(=O)C(CCCCCCCCCCO)=C(C)C1=O,,0.1009133905172348
1212,CNC1CN(c2cccc(OC)c2)S(=O)(=O)c2sc(S(N)(=O)=O)cc21,,0.10093594342470169
5090,CCOC(=O)c1ccc(C#Cc2ccc3c(c2)C(C)(C)CCS3)nc1,,0.10096830874681473
367,CC(C)(COP(=O)(O)OP(=O)(O)OCC1OC(n2cnc3c(N)ncnc32)C(O)C1OP(=O)(O)O)C(O)C(=O)NCCC(=O)NCCSC(=O)CC(O)C(=O)O,,0.10098054260015488
4237,COC(=O)C1=C(C)NC(C)=C(C(=O)OC)C1c1ccccc1[N+](=O)[O-],,0.10102786123752594
1283,COc1ccc2c(c1)c(CC(=O)O)c(C)n2Cc1ccccc1,,0.10114645957946777
6291,NNS(=O)(=O)c1ccc(Oc2ccc(S(=O)(=O)NN)cc2)cc1,,0.10118763893842697
2792,CCCCCCCCCCC1=C(C)C(=O)C(OC)=C(OC)C1=O,,0.10123881697654724
4628,COc1cc2nc(N3CCN(C(=O)c4ccco4)CC3)nc(N)c2cc1OC,,0.1012629047036171
4251,COC(=O)C1=C(C)NC(C)=C(C(=O)OCC(C)C)C1c1ccccc1[N+](=O)[O-],,0.10129144787788391
4733,O=C1c2ccc(O)c(O)c2C(=O)c2c(O)ccc(O)c21,,0.10130162537097931
1988,CC(=O)OCC(=O)C12OC3(CCCC3)OC1CC1C3CCC4=CC(=O)C=CC4(C)C3(F)C(O)CC12C,,0.10136062651872635
2889,c1ccc2c(Cc3c[nH]c4ccccc34)c[nH]c2c1,,0.10138317197561264
6652,CN(C)c1ccc(C(=O)c2ccc(N(C)C)cc2)cc1,,0.10138510167598724
4778,Cc1ccc2c([nH]c(=O)c3c(=O)cc(C(=O)OCCC(C)C)oc32)c1C,,0.10144469887018204
2077,COC(=O)C1=C(C)NC(C)=C(C(=O)OCC(C)=O)C1c1ccccc1[N+](=O)[O-],,0.10148900747299194
4795,CN(C)C(=O)c1nc(CNC(=O)CN)n(-c2ccc(Cl)cc2C(=O)c2ccccc2Cl)n1,,0.10153432190418243
4048,NS(=O)(=O)c1ccc(C(=O)NCc2c(F)cccc2F)cc1,,0.10153870284557343
79,CC(O)(CC(=O)O)CC(=O)SCCNC(=O)CCNC(=O)C(O)C(C)(C)COP(=O)(O)OP(=O)(O)OCC1OC(n2cnc3c(N)ncnc32)C(O)C1OP(=O)(O)O,,0.10153906047344208
2721,COc1cc2nc(N3CCN(C(=O)c4ccco4)C4CCCCC43)nc(N)c2cc1OC,,0.10154183208942413
9289,Cc1ccc(S(=O)(=O)NC(Cc2ccccc2)C(=O)CCl)cc1,,0.10157857090234756
4189,Oc1ccc2c3c1OC1c4[nH]c5ccccc5c4CC4(O)C(C2)N(CC2CC2)CCC314,,0.10158709436655045
8688,c1ccc2c(c1)ccc1c3ccccc3sc21,,0.1015898585319519
3277,O=C(OCC(O)CO)c1ccccc1Nc1ccnc2cc(Cl)ccc12,,0.10161786526441574
360,CC(=O)CC(O)CC(=O)SCCNC(=O)CCNC(=O)C(O)C(C)(C)COP(=O)(O)OP(=O)(O)OCC1OC(n2cnc3c(N)ncnc32)C(O)C1OP(=O)(O)O,,0.10166731476783752
1235,O=C1c2ccc(O)cc2C(=O)c2c1ccc(O)c2O,,0.10170028358697891
3773,COc1ccc2c(c1O)-c1c(O)c(OC)cc3c1C(C2)[N+](C)(C)CC3,,0.10176333785057068
577,CC(C(=O)O)C(=O)SCCNC(=O)CCNC(=O)C(O)C(C)(C)COP(=O)(O)OP(=O)(O)OCC1OC(n2cnc3c(N)ncnc32)C(O)C1OP(=O)(O)O,,0.10178229957818985
1799,c1ccc(CNc2c3c(nc4ccccc24)CCCC3)cc1,,0.10178358852863312
2837,CCOC(=O)NC1=C(C2CC2)C(=O)C(NC(=O)OCC)=C(C2CC2)C1=O,,0.10182198882102966
690,CC(C)(COP(=O)(O)OP(=O)(O)OCC1OC(n2cnc3c(N)ncnc32)C(O)C1OP(=O)(O)O)C(O)C(=O)NCCC(=O)NCCSC(=O)CCCC(=O)O,,0.10186848789453506
1976,O=C(O)CN1C(=O)c2cccc3cccc(c23)C1=O,,0.10188723355531693
4583,Cc1nc2ccccn2c(=O)c1CCN1CCC(C(=O)c2ccc(F)cc2)CC1,,0.10190017521381378
153,CC(C)(COP(=O)(O)OP(=O)(O)OCC1OC(n2cnc3c(N)ncnc32)C(O)C1OP(=O)(O)O)C(O)C(=O)NCCC(=O)NCCSC(=O)CCCCCC(=O)O,,0.10190866887569427
5061,CC1=C(CC(=O)O)c2cc(F)ccc2C1=Cc1ccc(S(C)=O)cc1,,0.1019725650548935
9384,CN(C)Cc1cc(-c2ccccc2)oc1-c1ccccc1.Cl,,0.10199741274118423
2604,CN(C)CCCC1(c2ccc(F)cc2)OCc2cc(C#N)ccc21,,0.10207683593034744
4204,N#Cc1ccc(N/C(=N\CC(=O)O)NC(c2ccccc2)c2ccccc2)cc1,,0.10212533921003342
85,CC(C)(COP(=O)(O)OP(=O)(O)OCC1OC(n2cnc3c(N)ncnc32)C(O)C1OP(=O)(O)O)C(O)C(=O)NCCC(=O)NCCSC(=O)CC(O)CCC(=O)O,,0.10214117169380188
485,Nc1ncnc2c1ncn2C1OC(COP(=O)(O)OC(=O)c2cccc(O)c2O)C(O)C1O,,0.10219033062458038
4356,O=C(C=CC#Cc1cccc(NS(=O)(=O)c2ccccc2)c1)NO,,0.10219528526067734
3886,COc1ccc(CC[NH+](C)CCCC(C#N)(c2cc(OC)c(OC)c(OC)c2)C(C)C)cc1OC,,0.102201446890831
5370,COc1c(CC=C(C)C)c(O)c(C(=O)c2ccc(O)cc2)c(O)c1CC=C(C)C,,0.1022215336561203
8623,c1cc2ccc3cccc4ncc(c1)c2c34,,0.1022849753499031
1527,CNS(=O)(=O)Nc1ccc(-c2ccccc2)n(CC(=O)NC(C(=O)C(F)(F)F)C(C)C)c1=O,,0.10228567570447922
4940,COc1ccc(CCCOC(C[n+]2cc[nH]c2)c2ccc(OC)cc2)cc1,,0.10228711366653442
1723,Cc1ccc(S(=O)(=O)OCC2OC(n3cnc4c(N)ncnc43)CC2O)cc1,,0.10229990631341934
2261,CC1(C)CCC(C)(C)c2cc(C(O)C(=O)Nc3ccc(C(=O)O)cc3F)ccc21,,0.10230638086795807
1588,NS(=O)(=O)c1ccc(C(=O)NCc2cccc(F)c2F)cc1,,0.10231734067201614
6358,O=[N+]([O-])c1cc([N+](=O)[O-])c(O)c([N+](=O)[O-])c1O,,0.1023290604352951
3624,COC1C(O)CC(=O)OC(C)CC=CC=CC(O)C(C)CC(CC=O)C1OC1OC(C)C(OC2CC(C)(O)C(OC(=O)CC(C)C)C(C)O2)C(N(C)C)C1O,,0.1023682951927185
4612,CC(C)(C)n1nc(-c2cccc3ccccc23)c2c(N)ncnc21,,0.10237213224172592
9645,O=C(O)c1ccccc1-c1ccccc1C(=O)O,,0.1023767739534378
8692,c1ccc2cc3c(cc2c1)[nH]c1ccccc13,,0.1023918017745018
3191,CC(=O)OCC(=O)C12OC(C)(C)OC1CC1C3CC(F)C4=CC(=O)C=CC4(C)C3(F)C(O)CC12C,,0.10241226851940155
3490,Nc1cc(-c2ccncc2)c[nH]c1=O,,0.102458655834198
8677,c1ccc2cc3c(ccc4sccc43)cc2c1,,0.10248206555843353
6326,O=C1c2c(O)ccc(O)c2C(=O)c2c(O)ccc(O)c21,,0.10249655693769455
1035,CC(C)(COP(=O)(O)OP(=O)(O)OCC1OC(n2cnc3c(N)ncnc32)C(O)C1OP(=O)(O)O)C(O)C(=O)NCCC(=O)NCCSC(=O)CCC(=O)O,,0.10249808430671692
1432,Cn1c(N)nc2ncc(-c3ccccc3)cc21,,0.10257088392972946
6411,O=C1c2ccc(O)cc2C(=O)c2ccc(O)cc21,,0.10258758813142776
1577,COc1cc(C2c3cc4c(cc3CC3COC(=O)C32)OCO4)cc(OC)c1O,,0.10260377824306488
3338,CNCCNS(=O)(=O)c1cccc2cnccc12,,0.10260563343763351
2700,O=C(NC(Cc1ccccc1)C(=O)N1CC(C(=O)O)C1)c1cc2cc(Cl)ccc2[nH]1,,0.10264000296592712
2327,CN(Cc1ccc(C(C)(C)C)cc1)Cc1cccc2ccccc12,,0.10267949849367142
5138,Cc1ncc(C[n+]2csc(CCOP(=O)(O)OP(=O)([O-])O)c2C)c(N)n1,,0.10267987102270126
3380,CNC(C(=O)NC(C(=O)N(C)C(C=C(C)C(=O)O)C(C)C)C(C)(C)C)C(C)(C)c1c[nH]c2ccccc12,,0.10269150882959366
7050,O=C(CCl)c1cccc([N+](=O)[O-])c1,,0.10270129889249802
5113,CC(C)(C)c1ccc(C(O)CCCN2CCC(C(O)(c3ccccc3)c3ccccc3)CC2)cc1,,0.10272036492824554
5705,O=c1ccn([C@@H]2O[C@H](COP(=O)(O)OP(=O)(O)O)[C@@H](O)[C@H]2O)c(=O)[nH]1,,0.10274937003850937
2306,CC(C)=CC(C)=NNc1nncc2ccccc12,,0.10280855745077133
49,CC(=O)C(C)C(=O)SCCNC(=O)CCNC(=O)C(O)C(C)(C)COP(=O)(O)OP(=O)(O)OCC1OC(n2cnc3c(N)ncnc32)C(O)C1OP(=O)(O)O,,0.10281217098236084
5023,CC(C)(COP(=O)(O)OP(=O)(O)OCC1OC(n2cnc3c(N)ncnc32)C(O)C1OP(=O)(O)O)C(O)C(=O)NCCC(=O)NCCNC(=O)CCC(=O)O,,0.10288005322217941
4813,CS(=O)(=O)c1ccc(C2=C(c3ccccc3)C(=O)OC2)cc1,,0.10291454941034317
2701,O=C(NC(Cc1ccc(F)cc1)C(=O)N1CCC(O)CC1)c1cc2cc(Cl)ccc2[nH]1,,0.10291669517755508
9802,O=C1C=CC(=Nc2ccc(O)cc2)C=C1,,0.10292961448431015
8883,CN1CCc2cccc3c2[C@H]1Cc1ccc(O)c(O)c1-3.Cl,,0.10293050110340118
1820,[H]/N=C(\N)c1ccc(C(NC(=O)OCc2ccccc2)P(=O)(O)O)cc1,,0.10297563672065735
6426,O=S(=O)(O)c1ccc(O)c2ccccc12,,0.10298515856266022
6394,Cc1cc2nc3c(=O)[nH]c(=O)nc-3n(C[C@@H](O)[C@@H](O)[C@@H](O)CO)c2cc1C,,0.10299353301525116
1970,O=P([O-])(O)Oc1cccc2ccccc12.[Na+],,0.10299535095691681
1647,COc1ccc(C2c3cc4c(c(OC5OC(CO)C(O)C(O)C5O)c3CC3COC(=O)C32)OCO4)cc1OC,,0.10300151258707047
9590,COC1=CC(=O)c2c(O)c(C)c(CC(C)=O)c(O)c2C1=O,,0.10300515592098236
3337,CC1Cc2cc3c(cc2C(c2ccc(N)cc2)=NN1)OCO3,,0.10302704572677612
5176,CCN(CC)CCOc1ccc2c(c1)C(=O)c1cc(OCCN(CC)CC)ccc1-2,,0.1030302420258522
1902,N#CC(=Cc1ccc2[nH]ccc2c1)C(N)=C(C#N)C#N,,0.10305879265069962
3514,CC(=O)NC(Cc1ccc(O)cc1)C(=O)NC(C(=O)NC(C)C(=O)NC(CC(=O)O)C(=O)CCl)C(C)C,,0.10306285321712494
1257,CCC(C)N(C)C(=O)c1cc2ccccc2c(-c2ccccc2Cl)n1,,0.10309544950723648
2292,CC1=C(C)C(=O)C(C(CCCCCC(=O)O)c2ccccc2)=C(C)C1=O,,0.1031121015548706
3975,COC1=C(C)C(=O)C2=C(C1=O)C(COC(N)=O)C1(OC)C3NC3CN21,,0.10311651974916458
9110,CC(=O)OCC(=O)[C@@]12OC(C)(C)O[C@@H]1C[C@H]1[C@@H]3C[C@H](F)C4=CC(=O)C=C[C@]4(C)[C@@]3(F)[C@@H](O)C[C@@]12C,,0.10319964587688446
4832,O=C1C(NS(=O)(=O)c2cc3ncccc3s2)CCN1Cc1cc2ccncc2[nH]1,,0.10320696234703064
4600,COc1cc(C2c3cc4c(cc3C(O)C3COC(=O)C23)OCO4)cc(OC)c1OC,,0.1032232865691185
3623,CCC1CC=CC=CC(O)C(C)CC(CC=O)C(OC2OC(C)C(OC3CC(C)(O)C(OC(=O)CC(C)C)C(C)O3)C(N(C)C)C2O)C(OC)C(O)CC(=O)O1,,0.10324157029390335
3670,CC1(C)CCC2=C(O1)c1ccccc1C(=O)C2=O,,0.10328975319862366
4867,CCC=CC=CC(=O)NC=CCC1CC(O)C(C)CC=CCc2cccc(O)c2C(=O)O1,,0.10329988598823547
2949,CN(C)c1ccc(C=C2C(=O)Nc3ccccc32)cc1,,0.10331186652183533
9607,COc1cccc2c1C(=O)C1=C(C[C@H](C)O[C@@H]1C)C2=O,,0.10333993285894394
556,CC=CC(=O)SCCNC(=O)CCNC(=O)C(O)C(C)(C)COP(=O)(O)OP(=O)(O)OCC1OC(n2cnc3c(N)ncnc32)C(O)C1OP(=O)(O)O,,0.10334402322769165
9117,COc1cc2c(cc1OC)[C@@]13CCN4CC5=CCOC6CC(=O)N2C1[C@H]6[C@H]5C[C@H]43,,0.1033562645316124
8548,c1ccc2c(c1)CCc1cc3c4c(ccc3cc1-2)CCCC4,,0.10336416214704514
4061,[H]/N=C(\N)c1ccc(NC(=O)c2ccccc2O)cc1,,0.1033804789185524
2024,Clc1ccc2c(c1)C(N1CCNCC1)=Nc1ccccc1O2,,0.10344067215919495
5245,Nc1nc(N)c2nc(-c3ccccc3)c(N)nc2n1,,0.10345721989870071
5459,C[C@]12CC[C@@H]3c4ccc(OC(=O)c5ccccc5)cc4CC[C@H]3[C@@H]1CC[C@H]2O,,0.10349977761507034
6335,O=C1c2ccccc2-c2cccc3cccc1c23,,0.10353321582078934
8703,C1=Nc2ccccc2Oc2ccccc21,,0.10357505828142166
3784,CCCCC(C)C=C(C)C=C(C)C(=O)NC1=CC(O)(C=CC=CC=CC(=O)NC2=C(O)CCC2=O)C2OC2C1=O,,0.10358786582946777
2771,CN1CCc2c[nH]c3c2C1=CC(=O)C3=O,,0.10358842462301254
6762,Oc1ccc(Nc2ccc3ccccc3c2)cc1,,0.10358922928571701
9383,COc1ccc2c(c1)c(CCN)c(C)n2Cc1ccccc1,,0.10361476242542267
446,O=C1c2c(O)cc(O)cc2OC(c2ccc(O)c(O)c2)C1O,,0.10362449288368225
8920,CN(C)c1ccc(/N=N/c2ccccc2)cc1F,,0.10365531593561172
1827,OCc1nnc2n1-c1ccc(Cl)cc1C(c1ccccc1Cl)=NC2,,0.10367041081190109
6377,C[C@H]1C[C@@H]2[C@H]([C@@H](O)C[C@@]3(C)[C@H]2CC[C@]3(O)C(=O)CO)[C@@]2(C)C=CC(=O)C=C12,,0.1036844253540039
3582,COc1ccc(C(=O)NCc2ccc(OCCN(C)C)cc2)cc1OC,,0.10368634760379791
2054,O=C(O)c1c2ccccc2cc2ccccc12,,0.10369060933589935
5032,CCn1ccc(NS(=O)(=O)c2ccc(N)cc2)nc1=O,,0.10369312018156052
2211,COc1cc(C2c3cc4c(c(OC5OC(CO)C(O)C(O)C5O)c3CC3COC(=O)C32)OCO4)cc(OC)c1OC,,0.10372170060873032
1832,NC1=CN(C2OC(COP(=O)(O)OP(=O)(O)OCC3OC(n4cnc5c(N)ncnc54)C(OP(=O)(O)O)C3O)C(O)C2O)C=CC1,,0.10373666137456894
9594,COc1cc2c3c(c1O)-c1c(ccc(OC)c1OC)C[C@@H]3N(C)CC2,,0.10375525057315826
3103,CCOc1ccc2nc3ccc(=O)cc-3oc2c1,,0.10376480966806412
2133,CCC(C)C(N)C1=NC(C(=O)NC(CC(C)C)C(=O)NC(CCC(=O)O)C(=O)NC(C(=O)NCCCCC2NC(=O)C(CC(N)=O)NC(=O)C(CC(=O)O)NC(=O)C(Cc3cnc[nH]3)NC(=O)C(Cc3ccccc3)NC(=O)C(C(C)CC)NC(=O)C(CCCN)NC2=O)C(C)CC)CS1,,0.10379710048437119
1601,COc1ccc2ncnc(NCc3ccc4c(c3)OCO4)c2c1,,0.10380110144615173
5409,COc1ccc(CC[NH+](C)CCc2ccc(OC)c(OC)c2)cc1OC,,0.10383347421884537
4880,CCc1[nH]c(-c2ccc(OC)cc2)nc1-c1ccncc1,,0.103851817548275
3596,O=C1C=CC(=O)c2c(O)cccc21,,0.10390228033065796
6350,O=C1c2ccccc2C(=O)c2c1cccc2S(=O)(=O)O,,0.10390935838222504
3882,COc1c2occc2cc2ccc(=O)oc12,,0.10394232720136642
8535,CC[N+](CC)(CCNC(=O)C(=O)NCC[N+](CC)(CC)Cc1ccccc1OC)Cc1ccccc1OC,,0.10395032912492752
5561,C[C@@H]1C[C@H]2[C@@H]3C[C@H](F)C4=CC(=O)C=C[C@]4(C)[C@H]3[C@@H](O)C[C@]2(C)[C@@]1(O)C(=O)CO,,0.10398117452859879
5155,CN1CCN(CCC=C2c3ccccc3Sc3ccc(S(=O)(=O)N(C)C)cc32)CC1,,0.10398948192596436
4050,NS(=O)(=O)c1ccc(C(=O)NCc2ccccc2F)cc1,,0.10400514304637909
5638,Nc1ncnc2c1ncn2[C@@H]1O[C@H](COP(=O)(O)OP(=O)(O)OP(=O)(O)O)[C@@H](O)[C@H]1O,,0.10401814430952072
4173,CCOc1ccc2ccccc2c1NC(=O)C1C(=O)N2C1SC(C)(C)C2C(=O)[O-],,0.10409234464168549
3230,Cc1[nH]c(C)c(C(=O)c2ccccc2Cc2ccccc2)c1C,,0.10411949455738068
3389,COc1ccc(C2CC(=O)c3c(O)cc(O)cc3O2)cc1O,,0.10412329435348511
9394,Nc1c([N+](=O)[O-])cc(C(F)(F)F)cc1[N+](=O)[O-],,0.10414974391460419
4719,CC1(C)CCCC2(C)C1CCC1(C)OC3=CC(=O)C(O)=CC3=CC12,,0.10418158769607544
347,CCCCCC=CCC=CCCCCCCCC(=O)SCCNC(=O)CCNC(=O)C(O)C(C)(C)COP(=O)(O)OP(=O)(O)OCC1OC(n2cnc3c(N)ncnc32)C(O)C1OP(=O)(O)O,,0.10423151403665543
1748,C=CCN1CC(C(=O)N(CC)CC)C=C2c3cccc4[nH]cc(c34)CC21,,0.10426659137010574
2334,C=CCN1CC(C)N(C(c2ccc(C(=O)N(CC)CC)cc2)c2cccc(O)c2)CC1C,,0.1042899340391159
3789,CN(C)c1ccc(C(=O)c2c[nH]c(C=CC(=O)NO)c2)cc1,,0.10429732501506805
5894,O=C1C=C(N2CC2)C(=O)C(N2CC2)=C1N1CC1,,0.10434705018997192
4190,COc1ccccc1N1CCN(CCCCN2C(=O)c3ccccc3C2=O)CC1,,0.10436932742595673
5359,CNC1C(O)CC(OC2CC=C(C)CC(C)=CC=CCCC(C)CNC(=O)C=CC=CC2C)OC1C,,0.1043764129281044
9595,COc1cc2c(cc1O)C[C@H]1c3c(cc(O)c(OC)c3-2)CCN1C,,0.10438430309295654
4901,O=C(CCCCCN1C(=O)c2cccc3cccc(c23)C1=O)NO,,0.1044130027294159
6427,O=S(=O)(O)c1ccc(O)c2ncccc12,,0.1044151782989502
2674,CCC(=O)CCCCCC1NC(=O)C2CCCCN2C(=O)C(C(C)CC)NC(=O)C(c2cn(CN3CCCC3)c3ccccc23)NC1=O,,0.10442810505628586
4888,Nc1nccc(-c2c(-c3ccc(F)cc3)ncn2CC2CC2)n1,,0.10444130003452301
5956,CC(=O)SCCNC(=O)CCNC(=O)C(O)C(C)(C)COP(=O)(O)OP(=O)(O)OC[C@H]1O[C@@H](n2cnc3c(N)ncnc32)[C@H](O)[C@@H]1OP(=O)(O)O,,0.10445711761713028
4960,CC(C)=CCOc1ccc(C=CC(=O)c2ccc(OCC=C(C)C)cc2OCC(=O)O)cc1,,0.10447634756565094
1513,Cc1cn(C2CC(OP(=O)(O)O)C(COP(=O)(O)O)O2)c(=O)[nH]c1=O,,0.1044788584113121
4080,CC1CCC(O)C1NC(=O)C(Cc1ccccc1)CC(O)CN1CCN(C(=O)c2cnc(N3CCN(C)CC3)c(Cl)n2)CC1C(=O)NC(C)(C)C,,0.10459493100643158
664,CC(C)(COP(=O)(O)OP(=O)(O)OCC1OC(n2cnc3c(N)ncnc32)C(O)C1OP(=O)(O)O)C(O)C(=O)NCCC(=O)NCCSC=O,,0.10471959412097931
3575,O=C(CCCN1C(=O)c2cccc3cccc(c23)C1=O)NO,,0.10472599416971207
9589,Cc1cc(O)c2c(c1O)C(=O)c1c(O)ccc(O)c1C2=O,,0.10475756973028183
4155,Nc1ccc(CNc2ncnc3c2ncn3C2OC(CO)C(O)C2O)cc1,,0.10475999116897583
2326,O=C(C=Cc1ccc(O)c(O)c1)c1ccc(O)cc1O,,0.10476008802652359
5728,CC(N)Cc1ccccc1.CC(N)Cc1ccccc1.O=S(=O)(O)O,,0.10480474680662155
3743,CN1CCN(C2=Nc3ccccc3Oc3ccc(Cl)cc32)CC1,,0.10480932146310806
773,O=C1C=C2NC(C(=O)O)C=C2CC1=O,,0.10496076196432114
8226,Nc1ccc(-c2ccc(Cl)cc2)cc1,,0.10500944405794144
2260,[H]/N=C(\N)N1CCCC(C(=O)NCC2CCCN2C(=O)C(CO)NS(=O)(=O)c2ccc3ccccc3c2)C1,,0.10501798242330551
9642,O=C1c2cccc(O)c2C(=O)c2c(O)cc(CO)cc21,,0.10504677146673203
5584,CN1CC(O)C2=CC(=O)C(=O)C=C21,,0.10509044677019119
6693,Cc1cc(-c2ccc(N=C=O)c(C)c2)ccc1N=C=O,,0.10509166121482849
8204,O=C(C(=O)c1ccccc1)c1ccccc1,,0.10509275645017624
2867,CC=C(C(=CC)c1ccc(O)cc1)c1ccc(O)cc1,,0.10516010969877243
5946,Cc1ccccc1-n1c(C)nc2ccccc2c1=O,,0.10519883781671524
6406,Nc1cc(Cl)cc2c1C(=O)c1ccccc1C2=O,,0.10521373897790909
9584,COc1ccc2c(c1O)-c1c(OC)c(OC)cc3c1[C@H](C2)N(C)CC3,,0.1052410751581192
4054,Nc1cc(S(=O)(=O)Nc2ccccc2C(=O)O)ccc1O,,0.1052464172244072
9593,COc1cc(O)c2c(c1)C(=O)c1c(O)c(C)cc(O)c1C2=O,,0.10532618314027786
771,O=C1OC(C(O)CO)C(=O)C1=O,,0.10548117011785507
3342,NCCNS(=O)(=O)c1cccc2cnccc12,,0.10548646748065948
6705,Cc1cc2nc3ccc(=[N+](C)C)cc-3sc2cc1N,,0.1054946780204773
501,CC(N)CC(=O)SCCNC(=O)CCNC(=O)C(O)C(C)(C)COP(=O)(O)OP(=O)(O)OCC1OC(n2cnc3c(N)ncnc32)C(O)C1OP(=O)(O)O,,0.10552433133125305
5663,CCOC(=O)N(c1ccccc1)C(C)CN1CCC(O)(c2ccccc2)CC1.NS(=O)(=O)O,,0.10553140193223953
1224,COc1ccc2c(c1OC)C(=O)OC2C1c2cc3c(cc2CCN1C)OCO3,,0.10553842037916183
1631,CC(C=CC1=C(C)CCCC1(C)C)=CC=CC(C)=CC(=O)Nc1ccc(O)cc1,,0.10558783262968063
2511,COCc1c(C(C)C)nc(C(C)C)c(C=CC(O)CC(O)CC(=O)O)c1-c1ccc(F)cc1,,0.10559254884719849
2056,COc1cc(C2c3cc4c(cc3CC3COC(=O)C32)OCO4)cc(OC)c1OC,,0.10561902076005936
9379,Cc1c2cccc(F)c2nc2c1ccc1ccccc12,,0.1056266725063324
9386,CN(C)CCc1cc(-c2ccccc2)oc1-c1ccccc1.Cl,,0.10572703927755356
5036,COc1cnc(NS(=O)(=O)c2ccc(N)cc2)nc1,,0.10583200305700302
9713,O=C1O[C@H](C(O)CO)C(=O)C1=O,,0.10583578795194626
1060,CC=C(C)C(=O)SCCNC(=O)CCNC(=O)C(O)C(C)(C)COP(=O)(O)OP(=O)(O)OCC1OC(n2cnc3c(N)ncnc32)C(O)C1OP(=O)(O)O,,0.10587966442108154
5255,Cc1nnc2n1-c1ccc(Cl)cc1C(c1ccccc1Cl)=NC2,,0.1058933362364769
2774,O=C1c2cccc(O)c2C(=O)c2c(O)cccc21,,0.10590953379869461
5682,CN1CCc2cccc3c2[C@H]1Cc1ccc(O)c(O)c1-3,,0.10598155856132507
4761,CC1CC2OC2C=CC=CC(=O)Cc2c(Cl)c(O)cc(O)c2C(=O)O1,,0.1059919148683548
7921,O=C1c2cccc(O)c2C(=O)c2cccc(O)c21,,0.10602894425392151
9619,O=C(O)c1cc(C(=O)O)c(C(=O)O)c(C(=O)O)c1,,0.10605186969041824
3757,CCN(CC)C(=O)C1C=C2c3cccc4[nH]cc(c34)CC2N(C)C1,,0.10610843449831009
1520,O=C(O)C(=O)Nc1cc2ccccc2cc1C(=O)O,,0.10613870620727539
1597,O=C(O)CCC(CSc1ccc(Cc2ccccc2)cc1)NC(=O)CCCCCCc1ccccc1,,0.10617049783468246
3680,O=C(O)c1cc(NCc2cc(O)ccc2O)ccc1O,,0.1061997264623642
3156,CC(C)C(C(=O)OC(C#N)c1cccc(Oc2ccccc2)c1)c1ccc(Cl)cc1,,0.1062907800078392
1959,CC(C)(COP(=O)(O)OP(=O)(O)OCC1OC(n2cnc3c(N)ncnc32)C(O)C1OP(=O)(O)O)C(O)C(=O)NCCC(=O)NCCC(F)C(N)=O,,0.1063065305352211
3790,CCC(C)C(N)C(=O)NC(CC(N)=O)C(=O)NC(CC(C)C)C(=O)NC(CCCCN)C(=O)NC(C)C(=O)NC(CC(C)C)C(=O)NC(C)C(=O)NC(C)C(=O)NC(CC(C)C)C(=O)NC(C)C(=O)NC(CCCCN)C(=O)NC(CCCCN)C(=O)NC(C(=O)NC(CC(C)C)C(N)=O)C(C)CC,,0.1063309833407402
6365,CC(C)(C)c1ccc(CN2CCN(C(c3ccccc3)c3ccc(Cl)cc3)CC2)cc1,,0.1063423901796341
1082,CC(=O)NC1C(OP(=O)(O)OP(=O)(O)OCC2OC(n3ccc(=O)[nH]c3=O)C(O)C2O)OC(CO)C(O)C1OC(C)C(=O)NC(C)C(=O)NC(CCC(=O)NC(CCCC(N)C(=O)O)C(=O)O)C(=O)O,,0.10635118931531906
5725,Nc1ccc(/N=N/c2ccccc2)cc1,,0.10636769235134125
4299,O=c1[nH]c2cc(C(F)(F)F)ccc2n1-c1cc(C(F)(F)F)ccc1O,,0.10637228935956955
4058,NCCCCNS(=O)(=O)c1ccc2ccccc2c1,,0.10637885332107544
7837,CCCC(=O)C1=C(O)C(Cc2c(OC)cc(O)c(C(=O)CCC)c2O)=C(O)C(C)(C)C1=O,,0.10640085488557816
4799,Cc1nc2n(c(=O)c1CCN1CCC(c3noc4cc(F)ccc34)CC1)CCCC2,,0.10642097145318985
2369,CC(C)(CO)C(O)C(=O)NCCC(=O)[O-].CC(C)(CO)C(O)C(=O)NCCC(=O)[O-].[Ca+2],,0.10643141716718674
8262,CC(C)(CO)C(O)C(=O)NCCC(=O)[O-].CC(C)(CO)C(O)C(=O)NCCC(=O)[O-].[Ca+2],,0.10643141716718674
4295,CCOc1cc(CC(=O)NC(CC(C)C)c2ccccc2N2CCCCC2)ccc1C(=O)O,,0.10650334507226944
8546,C[C@@H]1C[C@H]2[C@@H]3C[C@H](F)C4=CC(=O)C=C[C@]4(C)[C@H]3[C@@H](O)C[C@]2(C)[C@H]1C(=O)CO,,0.10657308995723724
9933,CC[N+](C)(CC)CCN(C)C(=O)C(O)(c1ccccc1)c1ccccc1.[Cl-],,0.10660108178853989
6953,Cc1cc(/N=N/c2ccccc2C)ccc1N,,0.10660966485738754
5226,COc1ccc(C=CC(=O)Nc2ccccc2C(=O)O)cc1OC,,0.10661771893501282
1054,Cc1ncc(C[n+]2csc(CCOP(=O)(O)OP(=O)(O)O)c2C)c(N)n1,,0.10670920461416245
223,CCN(CC)CCCC(C)Nc1c2ccc(Cl)cc2nc2ccc(OC)cc12,,0.10675811022520065
3960,CCC(=O)OC1CC(=O)OC(C)CC=CC=CC(O)C(C)CC(CC(C)=O)C(OCC2OC(C)C(OC3(C)CC(C)(O)C(OC(=O)CC)C(C)O3)C(N(C)C)C2O)C1C,,0.10675931721925735
3190,CC1(C)OC2CC3C4CC(F)C5=CC(=O)C=CC5(C)C4(F)C(O)CC3(C)C2(C(=O)CO)O1,,0.10677315294742584
8637,c1cc2c3c(c1)ccc1cccc(c13)C2,,0.10677625983953476
1259,O=C(O)c1cc(C=Cc2cc(O)ccc2O)ccc1O,,0.10678549110889435
6579,O=[N+]([O-])c1cc([N+](=O)[O-])c(O)c([N+](=O)[O-])c1,,0.10679168999195099
5699,C(=C(c1ccccc1)c1ccccc1)c1ccccc1,,0.10680193454027176
9986,C[C@]12CC[C@@H]3c4ccc(O)cc4CC[C@H]3[C@@H]1C[C@@H](OC(=O)CCC(=O)O)[C@@H]2OC(=O)CCC(=O)O,,0.106846384704113
9388,CN(C)CCCc1cc(-c2ccccc2)oc1-c1ccccc1.Cl,,0.10688339918851852
8894,CCN(CC)CCCC(C)Nc1c2cc(Cl)ccc2nc2ccc(OC)cc12,,0.1068931445479393
8988,CN(C)c1ccc(/N=N/c2cccc(F)c2)cc1,,0.10692901164293289
8765,COc1ccc2c(c1O)-c1c3c(cc4c1C(C2)N(C)CC4)OCO3,,0.1069897934794426
4074,NCCCCCCNS(=O)(=O)c1cccc2ccccc12,,0.1070128008723259
2667,CCC(=O)CCCCCC1NC(=O)C2CCCCN2C(=O)C(C(C)CC)NC(=O)C(c2cn(OC)c3ccccc3c2=O)NC1=O,,0.10706502944231033
1508,COc1ccc(N2CC(O)c3cc(S(N)(=O)=O)sc3S2(=O)=O)cc1,,0.10709410160779953
5029,Nc1ccc(S(=O)(=O)NC(=O)c2ccccc2)cc1,,0.10710282623767853
5560,CC(CN1CCC(O)(c2ccccc2)CC1)N(C(=O)c1ccco1)c1ccccc1,,0.10714457929134369
1855,CC(=O)NC(CC(=O)O)C(=O)NC(CCC(=O)O)C(=O)NC(C(=O)NC(CC(=O)O)C(=O)Nc1ccc2c(C)cc(=O)oc2c1)C(C)C,,0.10716097801923752
8541,COc1nccnc1NS(=O)(=O)c1ccc(N)cc1,,0.107163205742836
757,CCCCCCCCCCCCCC(=O)OC(CCCCCCCCCCC)CC(=O)OC1C(NC(=O)CC(CCCCCCCCCCC)OC(=O)CCCCCCCCCCC)C(OCC2OC(OP(=O)(O)OP(=O)(O)O)C(NC(=O)CC(O)CCCCCCCCCCC)C(OC(=O)CC(O)CCCCCCCCCCC)C2O)OC(COC2(C(=O)O)CC(OC3(C(=O)O)CC(O)C(O)C(C(O)CO)O3)C(O)C(C(O)CO)O2)C1OP(=O)(O)O,,0.10719037055969238
1907,COc1cc2ncc(-c3ccccc3)nc2cc1OC,,0.10719373822212219
5929,O=CC(=O)c1ccc(Oc2ccccc2)cc1,,0.10724452137947083
5385,COCC1OC(=O)c2coc3c2C1(C)C1=C(C3=O)C2CCC(=O)C2(C)CC1OC(C)=O,,0.10731124132871628
1326,CCCc1cc(=O)oc2c3c(c4c(c12)OC(C)(C)C=C4)OC(C)C(C)C3=O,,0.10732870548963547
4422,COc1ccc(Cc2nccc3cc(OC)c(OC)cc23)cc1OC,,0.10733957588672638
5515,CN(C)C(=O)Oc1cccc([N+](C)(C)C)c1.COS(=O)(=O)[O-],,0.10735227167606354
4174,CCOc1ccc2ccccc2c1NC(=O)C1C(=O)N2C1SC(C)(C)C2C(=O)O,,0.10737016052007675
9186,O=[N+]([O-])c1ccc(Nc2cccc(C(F)(F)F)c2)cc1,,0.10738977044820786
2279,CC(Cc1ccc(OCC(=O)[O-])cc1)NCC(O)c1cccc(Cl)c1.[Na+],,0.10739042609930038
5272,CCC(COC(=O)c1cc(OC)c(OC)c(OC)c1)(c1ccccc1)N(C)C,,0.10739044845104218
4130,CC(C)(COP(=O)(O)OP(=O)(O)OCC1OC(n2cnc3c(N)ncnc32)C(O)C1OP(=O)(O)O)C(O)C(=O)NCCC(=O)NCCCC(=O)NO,,0.10740764439105988
8089,Cc1ccc2c(c1Cl)C(=O)c1ccccc1C2=O,,0.10746724158525467
4156,Nc1ccc(CCNc2ncnc3c2ncn3C2OC(CO)C(O)C2O)cc1,,0.10755161941051483
9265,COc1cc(C(=O)OCCN2CCN(CCCN3c4ccccc4Sc4ccc(Cl)cc43)CC2)cc(OC)c1OC,,0.10756587237119675
6391,O=C1C=C(O)c2ccccc2C1=O,,0.10757700353860855
9592,Cc1cc(O)c2c(c1O)C(=O)c1cccc(O)c1C2=O,,0.10761409252882004
3669,CC(C)=CCC1=C(O)c2ccccc2C(=O)C1=O,,0.10761941969394684
3135,CC(C)c1c(CN(C)C(C)Cc2ccccc2)n(C)n(-c2ccccc2)c1=O,,0.10767100006341934
3484,C=C1CCCC2C1(C)CCC(C)C2(C)CC1=C(O)C(=O)C=C(OC)C1=O,,0.10767307877540588
4831,[H]/N=C(\N)c1ccc(O)c(CN2CCC(NS(=O)(=O)c3cc4ncccc4s3)C2=O)c1,,0.10768132656812668
4881,Cn1ccc2cc3c(cc21)CCN3C(=O)Nc1cccnc1,,0.1077399030327797
2352,C=CCN1CC(C(=O)N(CCCN(C)C)C(=O)NCC)CC2c3cccc4[nH]cc(c34)CC21,,0.10774432867765427
3765,NCCCCC(N)C(=O)NC(Cc1c[nH]c2ccccc12)C(=O)NC(CCCCN)C(=O)O,,0.10775059461593628
5749,CC(=O)c1ccc2c(c1)N(CCCN(C)C)c1ccccc1S2,,0.10776488482952118
1960,CC(C)(COP(=O)(O)OP(=O)(O)OCC1OC(n2cnc3c(N)ncnc32)C(O)C1OP(=O)(O)O)C(O)C(=O)NCCC(=O)NCCC(F)C(=O)O,,0.10777875036001205
5467,Cc1ccc(N(CC2=NCCN2)c2cccc(O)c2)cc1,,0.10778376460075378
254,CC(=O)NC1C(OP(=O)(O)OP(=O)(O)OCC=C(C)CCC=C(C)CCC=C(C)CCC=C(C)CCC=C(C)CCC=C(C)CCC=C(C)CCC=C(C)CCC=C(C)CCC=C(C)CCC=C(C)C)OC(CO)C(O)C1OC(C)C(=O)NC(C)C(=O)NC(CCC(=O)NC(CCCC(N)C(=O)O)C(=O)NC(C)C(=O)NC(C)C(=O)O)C(=O)O,,0.10780610889196396
4063,NCCCCCNS(=O)(=O)c1cccc2ccccc12,,0.10781202465295792
2375,COc1ccc(C(=O)C=Cc2ccc(O)c(O)c2)c(O)c1,,0.10781633853912354
3976,CC1=C(N)C(=O)c2c(COC(N)=O)c3n(c2C1=O)CC(N)C3,,0.10782350599765778
2222,CN1CCc2cc3c(cc2C1C1OC(=O)c2c1ccc1c2OCO1)OCO3,,0.10782433301210403
2410,CC(C)(COP(=O)(O)OP(=O)(O)OCC1OC(n2cnc3c(N)ncnc32)C(O)C1OP(=O)(O)O)C(O)C(=O)NCCC(=O)NCCCC(=O)O,,0.10783476382493973
4062,O=C(O)c1ccc(N2C(=O)C=CC2=O)cc1O,,0.10785370320081711
7997,COc1cc(-c2ccc(N)c(OC)c2)ccc1N,,0.1078590452671051
1891,Nc1ncnc2c1ncn2C1OC(CO)C(OP(=O)(O)OCC2OC(n3ccc(=O)[nH]c3=O)C(O)C2OP(=O)(O)O)C1O,,0.10790078341960907
2668,CCC(=O)CCCCCC1NC(=O)C2CCCCN2C(=O)C(C(C)CC)NC(=O)C(c2cn(CC)c3ccccc3c2=O)NC1=O,,0.10791464149951935
8775,C[n+]1c2ccccc2nc2ccccc21,,0.1079491525888443
4217,[H]/N=C(\N)CCNC(=O)c1cc(NC(=O)c2cc(NC(=O)CN=C(N)N)cn2C)cn1C,,0.10801862925291061
3584,COc1cc2ncnc(Nc3ccc(O)cc3)c2cc1OC,,0.10805559158325195
6720,Nc1ccc2cc3ccc(N)cc3nc2c1,,0.10806116461753845
4737,C=CC1CC2CCC1CC2C(O)c1cc[nH+]c2ccc(OC)cc12,,0.10807640105485916
5516,C[C@H](N)Cc1ccccc1.C[C@H](N)Cc1ccccc1.O=S(=O)(O)O,,0.10810300707817078
3498,CC(C)(C)NC(=O)C1CN(Cc2cccnc2)CCN1CC(O)CC(Cc1ccccc1)C(=O)NC1c2ccccc2CC1O,,0.10813674330711365
9372,CN(CCO)CC(O)Cn1cnc2c1c(=O)n(C)c(=O)n2C.O=C(O)c1cccnc1,,0.10815468430519104
5742,Cc1c([C@H](C)[C@@H]2NC[C@@H](C)C[C@H]2O)ccc2c1C[C@H]1[C@H]2CC=C2C[C@@H](O)CC[C@@]21C,,0.10817501693964005
4293,COc1ccc2c(c1OC)C(=O)OC2C1c2c(cc3c(c2OC)OCO3)CCN1C,,0.10817590355873108
2210,COc1cc(C2c3cc4c(c(O)c3CC3COC(=O)C32)OCO4)cc(OC)c1OC,,0.10818398743867874
7093,O=[N+]([O-])c1ccc(CCl)cc1,,0.1082206666469574
3717,CCN(CC)C(=O)NC1C=C2c3cccc4[nH]cc(c34)CC2N(C)C1,,0.1082441508769989
8906,Cn1c(=O)c2[nH]cnc2n(C)c1=O.Cn1c(=O)c2[nH]cnc2n(C)c1=O.NCCN,,0.10826364904642105
9042,CN(C)c1ccc(/N=N/c2c(F)cc(F)cc2F)cc1,,0.10828130692243576
3588,COc1cc2ncnc(Nc3ccccc3)c2cc1OC,,0.10832785815000534
4106,NS(=O)(=O)c1ccc(C(=O)NCc2ccccc2)cc1,,0.10833705961704254
3503,Cc1c(CC(N)=O)c2cc(OCCCP(=O)(O)O)ccc2n1Cc1ccccc1,,0.10835994780063629
813,C=C(C)C(=O)SCCNC(=O)CCNC(=O)C(O)C(C)(C)COP(=O)(O)OP(=O)(O)OCC1OC(n2cnc3c(N)ncnc32)C(O)C1OP(=O)(O)O,,0.10847888141870499
2765,Cc1cn(C2C=CC(COP(=O)(O)OP(=O)(O)OP(=O)(O)O)O2)c(=O)[nH]c1=O,,0.10855518281459808
1919,COc1cc(C=C(C#N)C(N)=O)cc(CSc2nc3ccccc3s2)c1O,,0.10856423527002335
5598,CN(C)CCCSc1ccccc1NC(=O)C=Cc1ccccc1,,0.1085783913731575
1444,CC(CSCCNC(=O)CCNC(=O)C(O)C(C)(C)COP(=O)(O)OP(=O)(O)OCC1OC(n2cnc3c(N)ncnc32)C(O)C1OP(=O)(O)O)C(=O)O,,0.10859499126672745
5374,NCCCCNS(=O)(=O)c1cccc2ccccc12,,0.10861688107252121
4097,CC(=O)NC(Cc1ccc(O)cc1)C(=O)NC(C(=O)NC(C)C(=O)NC(CC(=O)O)C(=O)Nc1ccc([N+](=O)[O-])cc1)C(C)C,,0.10862141847610474
4596,COC(C(=O)C(O)C(C)O)C1CC(=O)c2c(cc3ccc(C)c(O)c3c2O)C1,,0.10867495834827423
2694,O=C(NC=Cc1c[nH]c2cc(Br)ccc12)C(=O)c1c[nH]c2ccccc12,,0.10870233923196793
5488,C[n+]1ccccc1C=NO.[Cl-],,0.1087518036365509
4985,COc1ccc(-c2ccc(N)[n+](CCCC(=O)O)n2)cc1,,0.10875475406646729
3852,CCCCC(NC(=O)C(NC(=O)C(CCCCN)NC(=O)C(CCCCN)NC(=O)C(CCSC)NC(=O)C(CCC(N)=O)NC(=O)C(N)CCSC)C(C)C)C(=O)NC(CC(=O)O)C(=O)CC(CO)C(=O)O,,0.10878729075193405
8311,O=C([O-])CN(CCN(CC(=O)[O-])CC(=O)[O-])CCN(CC(=O)[O-])CC(=O)[O-].[Na+].[Na+].[Na+].[Na+].[Na+],,0.10880567133426666
4475,CSCCC(NC(=O)C(Cc1c[nH]c2ccccc12)NC(=O)CCNC(=O)OC(C)(C)C)C(=O)NC(CC(=O)O)C(=O)NC(Cc1ccccc1)C(N)=O,,0.10887619107961655
8638,c1cc2ccc3cccc4[nH]c(c1)c2c34,,0.1088869646191597
2696,O=C(NC=Cc1c[nH]c2ccc(Br)cc12)C(=O)c1c[nH]c2c(O)cccc12,,0.10889305919408798
2275,C=C(C=O)CC1CC(O)C2(C)OC3CC4OC5CC6(C)OC7(C)CCC8OC9CC%10(C)OC%11C(C)=CC(=O)OC%11CC%10OC9CC(C)C8OC7CC6OC5(C)CC=CC4OC3CC2O1,,0.10892070829868317
5562,C[C@]12C=CC(=O)C=C1[C@@H](F)C[C@@H]1[C@@H]2[C@@H](O)C[C@@]2(C)[C@H]1CC[C@]2(O)C(=O)CO,,0.10898618400096893
1908,Cc1cc2ncc(-c3ccc(O)c(O)c3)nc2cc1C,,0.10899890959262848
480,Nc1ncnc2c1ncn2C1OC(COP(=O)(O)OP(=O)(O)OP(=O)(O)OP(=O)(O)O)C(O)C1O,,0.10904766619205475
6584,O=[N+]([O-])c1ccc(S(=O)(=O)O)c([N+](=O)[O-])c1,,0.10906799137592316
3673,COC1(NC(=O)C(C(=O)O)c2ccc(O)cc2)C(=O)N2C(C(=O)O)=C(CSc3nnnn3C)COC21,,0.1090981513261795
94,CC(C)=CC(=O)SCCNC(=O)CCNC(=O)C(O)C(C)(C)COP(=O)(O)OP(=O)(O)OCC1OC(n2cnc3c(N)ncnc32)C(O)C1OP(=O)(O)O,,0.1091107651591301
8693,c1ccc2cc3c(cc2c1)sc1ccccc13,,0.10912437736988068
5033,COc1cc(NS(=O)(=O)c2ccc(N)cc2)nc(OC)n1,,0.10916038602590561
215,Nc1ncnc2c1ncn2C1OC(COP(=O)(O)OS(=O)(=O)O)C(O)C1O,,0.1091795489192009
9587,COc1cc2c3c(c1OC)-c1ccccc1C[C@H]3N(C)CC2,,0.10919148474931717
1272,CC(C)CC(NC(=O)c1ccncc1)C(=O)NCC(O)CNS(=O)(=O)c1ccc(Oc2ccccc2)cc1,,0.10920993238687515
1981,CC1(C)CCC(C)(C)c2cc(C(=O)Nc3ccc(C(=O)O)cc3)ccc21,,0.10926946997642517
894,CCCCCCCCC=CCCCCCCCC(=O)SCCNC(=O)CCNC(=O)C(O)C(C)(C)COP(=O)(O)OP(=O)(O)OCC1OC(n2cnc3c(N)ncnc32)C(O)C1OP(=O)(O)O,,0.10927551239728928
639,O=c1ccn(C2CC(O)C(COP(=O)(O)OP(=O)(O)OP(=O)(O)O)O2)c(=O)[nH]1,,0.10927670449018478
8909,O=C1c2ccccc2-c2ccc(NC(=O)C(F)(F)F)cc21,,0.10928918421268463
4188,Oc1ccc2c3c1OC1c4oc5ccccc5c4CC4(O)C(C2)N(CC2CC2)CCC314,,0.10930736362934113
9517,ClC1=C(Cl)[C@@]2(Cl)[C@H]3[C@H]([C@@H]4C=C[C@@H]3C4)[C@@]1(Cl)C2(Cl)Cl,,0.10931006819009781
6387,CC(=O)N(C(C)=O)c1ccc(/N=N/c2ccccc2C)cc1C,,0.10933792591094971
365,CC(C)CCCC(C)CCCC(C)CCCC(C)CC(=O)SCCNC(=O)CCNC(=O)C(O)C(C)(C)COP(=O)(O)OP(=O)(O)OCC1OC(n2cnc3c(N)ncnc32)C(O)C1OP(=O)(O)O,,0.10934947431087494
8468,COC(=O)[C@@H]1[C@H]2C[C@H]3c4[nH]c5ccccc5c4CCN3C[C@@H]2CC[C@@H]1O,,0.10935078561306
5407,CCCCCCCCNC(=O)C(Cc1ccc(OCc2ccncc2)cc1)NC(=O)C1CCC(CN)CC1,,0.10938984155654907
1906,Cc1cc2ncc(-c3ccccc3)nc2cc1C,,0.10939416289329529
3922,COc1ccc(S(=O)(=O)Nc2ccc(C=CC(=O)NO)cc2)cc1OC,,0.10940570384263992
9065,CN(C)c1ccc(/N=N/c2ccc(F)cc2F)cc1,,0.10941167920827866
2894,COc1ccc(C2Sc3ccccc3N(CCN(C)C)C(=O)C2OC(C)=O)cc1,,0.1094200387597084
3188,CC1(C)OC2CC3C4CC(F)C5=CC(=O)C=CC5(C)C4C(O)CC3(C)C2(C(=O)CO)O1,,0.10944490134716034
3843,CCCCN1C(=O)C(=CC=CC=C2Oc3ccccc3N2CCCS(=O)(=O)O)C(=O)N(CCCC)C1=S,,0.10945485532283783
3242,O=C([O-])c1cc2cc(Cc3cccnc3)ccc2o1,,0.10946640372276306
4526,O=C(CCc1ccc(O)cc1)c1c(O)cc(O)cc1O,,0.10948936641216278
2486,CC(C)(ON=C(C(=O)NC1C(=O)N2C(C(=O)[O-])=C(C[n+]3ccccc3)CSC12)c1csc(N)n1)C(=O)O,,0.10951679199934006
2547,C/N=C1/CN(O)C(c2ccccc2)=c2cc(Cl)ccc2=N1,,0.10953059792518616
857,NC(=O)C1=CN(C2OC(COP(=O)(O)OP(=O)(O)OCC3OC(n4cnc5c(N)ncnc54)C(O)C3O)C(O)C2O)C=CC1,,0.10954128205776215
2392,NC(=O)N1c2ccccc2C=Cc2ccccc21,,0.10957849770784378
4892,CCCCCc1ccc(C(=O)Nc2ccc(S(=O)(=O)N(CCN3CCOCC3)C(C(=O)NO)C(C)C)cc2)cc1,,0.10960537195205688
5807,CC(COc1ccccc1)[NH+](CCCl)Cc1ccccc1.[Cl-],,0.10965992510318756
1073,Cc1cn(C2CC(O)C(COP(=O)(O)OP(=O)(O)OP(=O)(O)O)O2)c(=O)[nH]c1=O,,0.10972772538661957
1361,OC1Cc2c(ccc3cc4ccccc4cc23)C(O)C1O,,0.1097332015633583
4590,CCN1CCC(=C2c3ccccc3CCc3ccccc32)C1C,,0.10973647236824036
1732,O=c1[nH]c2ccccc2c2ccccc12,,0.10973751544952393
2195,NS(=O)(=O)c1cc2c(cc1Cl)NC(Cc1ccccc1)NS2(=O)=O,,0.1097375899553299
4986,CCOc1cc(C=C(C#N)C(N)=O)cc(CSc2ccccc2)c1O,,0.10974294692277908
3408,CSCCC(NC(=O)C(CC(=O)O)NC(=O)C(N)Cc1cnc[nH]1)C(=O)NC(CC(N)=O)C(=O)NC(CCCCN)C(=O)NC(C(=O)NC(CC(C)C)C(=O)NC(CC(=O)O)C(=O)NC(CC(C)C)C(=O)O)C(C)C,,0.10978812724351883
2137,COC1=CC(C)=CC(C)C(O)C(C)CC(C)=CC=CC(OC)C(C(C)C(O)C(C)C2(O)CC(O)C(C)C(C(C)C)O2)OC1=O,,0.10987278819084167
1031,CCCCCCCCCCCCCCCCCC(=O)SCCNC(=O)CCNC(=O)C(O)C(C)(C)COP(=O)(O)OP(=O)(O)OCC1OC(n2cnc3c(N)ncnc32)C(O)C1OP(=O)(O)O,,0.1098821833729744
914,CCCCCCCCCCCCCCCC(=O)SCCNC(=O)CCNC(=O)C(O)C(C)(C)COP(=O)(O)OP(=O)(O)OCC1OC(n2cnc3c(N)ncnc32)C(O)C1OP(=O)(O)O,,0.10988781601190567
1049,CCCCCCCCCCCCCC(=O)SCCNC(=O)CCNC(=O)C(O)C(C)(C)COP(=O)(O)OP(=O)(O)OCC1OC(n2cnc3c(N)ncnc32)C(O)C1OP(=O)(O)O,,0.10989342629909515
3518,CS(=O)c1ccc(-c2nc(-c3cccc(I)c3)c(-c3ccncc3)[nH]2)cc1,,0.1099056601524353
359,CCCCCCCC(=O)SCCNC(=O)CCNC(=O)C(O)C(C)(C)COP(=O)(O)OP(=O)(O)OCC1OC(n2cnc3c(N)ncnc32)C(O)C1OP(=O)(O)O,,0.1099102720618248
5035,Cc1ccnc(NS(=O)(=O)c2ccc(N)cc2)n1,,0.10994455218315125
5037,Cc1cc(C)nc(NS(=O)(=O)c2ccc(N)cc2)n1,,0.1099485456943512
9588,CN1Cc2c(ccc3c2OCO3)C2C(O)Cc3cc4c(cc3C21)OCO4,,0.10995694249868393
7249,Nc1ccc(/N=N/c2ccc(O)cc2)cc1,,0.1099996492266655
2953,COc1cc(OC)c2cc(-c3ccncc3)cnc2c1,,0.11002998054027557
1176,CC(C)CCN(CC(O)C1Cc2ccc(cc2)OCCCCCC(=O)NC(C(C)C)C(=O)N1)S(=O)(=O)c1ccc(N)cc1,,0.11003377288579941
617,O=C1c2c(O)cc(O)cc2OC(c2ccc(O)cc2)C1O,,0.1100391149520874
2376,CN(C)C(=O)COC(=O)Cc1ccc(OC(=O)c2ccc(N=C(N)N)cc2)cc1,,0.1100437119603157
2252,O=C1c2cc(Cl)ccc2N=C2N(c3ccccc3)CCC12O,,0.11009696871042252
2050,COc1ccc(C2C(=O)c3ccccc3C2=O)cc1,,0.11010288447141647
6446,O=C(O)c1ccccc1C(=O)c1ccc(O)cc1,,0.11010678112506866
5936,COc1ccc(C(=O)O[C@H]2CC[C@@]3(C)[C@@H]4CC[C@H]5[C@]6(O)C[C@H](O)[C@@]7(O)[C@@H](CN8C[C@@H](C)CC[C@H]8[C@@]7(C)O)[C@]6(O)C[C@@]53O[C@]24O)cc1OC,,0.11010900139808655
9653,CC[C@H]1CN2CCc3cc(OC)c(OC)cc3[C@@H]2CC1C[C@H]1NCCc2cc(O)c(OC)cc21,,0.11011900007724762
2396,CN1C2=CC(=O)C(=NC(N)=O)C=C2CC1S(=O)(=O)O,,0.1101360023021698
1602,COc1cc2ncnc(Nc3cccc(SC)c3)c2cc1OC,,0.11013664305210114
3923,CCN1CC2(OC(=O)c3ccccc3N3C(=O)CC(C)C3=O)CCC(OC)C34C5CC6C(OC)CC(O)(C5C6OC)C(O)(C(OC)C23)C14,,0.11015260964632034
9055,CN(C)c1ccc(/N=N/c2cc(F)ccc2F)cc1,,0.11018723249435425
6586,O=C(O)c1cc(C(=O)O)c(C(=O)O)cc1C(=O)O,,0.11023972928524017
2425,C=CC(C)=CCC1(C)C(C)CC(OC(=O)c2ccc(O)cc2)C23C(=CC(O)CC12)C(OC(C)=O)OC3OC(C)=O,,0.11025052517652512
3921,CN(c1ccc(C=CC(=O)NO)cc1)S(=O)(=O)c1ccccc1,,0.11025374382734299
8560,Cc1ccc(CCNN)c(C)c1.O=S(=O)(O)O,,0.11027930676937103
2426,C=CC(C)=CCC1(C)C(C)CC(O)C23C(=CC(OC(=O)c4ccc(O)cc4)CC12)C(OC(C)=O)OC3OC(C)=O,,0.1103021577000618
7836,CCCC(=O)C1=C(O)C(Cc2c(O)c(C)c(O)c(C(=O)CCC)c2O)=C(O)C(C)(C)C1=O,,0.11030624061822891
3185,CC1CC2C3CC(F)C4=CC(=O)C=CC4(C)C3(F)C(O)CC2(C)C1(O)C(=O)COC(=O)C(C)(C)C,,0.1103086844086647
3401,CCCCCC(=O)SCCNC(=O)CCNC(=O)C(O)C(C)(C)COP(=O)(O)OP(=O)(O)OCC1OC(n2cnc3c(N)ncnc32)C(O)C1OP(=O)(O)O,,0.11032232642173767
2905,COc1cc2[nH]c3c(c2cc1OC)CCN1CC2C(C)OC=C(C(=O)OCCN(C)C)C2CC31,,0.11039731651544571
861,O=C1CC(c2ccc(O)cc2)Oc2cc(O)cc(O)c21,,0.1104072853922844
3701,Cc1cc2c(cc1C1(c3ccc(C(=O)O)cn3)CC1)C(C)(C)CCC2(C)C,,0.11041849851608276
9643,Cc1cc(O)c2c(c1)C(=O)c1cccc(O)c1C2=O,,0.11043966561555862
3467,COc1cc(OC)c(C=C2C(=O)Nc3ccccc32)c(OC)c1,,0.11045549064874649
8509,CN(C)c1ccc(/N=N/c2ccc(F)cc2)cc1,,0.11048831045627594
2300,c1ccc2nc(C3=NCCN3)ccc2c1,,0.110504150390625
1483,Nc1nc(Nc2ccccc2)nc2c1ncn2C1OC(CO)C(O)C1O,,0.11058571189641953
4236,O=C(O)c1ccc[n+](C2OC(COP(=O)([O-])O)C(O)C2O)c1,,0.1105857640504837
9066,CN(C)c1ccc(/N=N/c2ccc(F)c(F)c2)cc1,,0.11061272025108337
6449,Cn1c2cccc(=O)c-2nc2ccccc21,,0.1106172427535057
2641,O=C(O)C1N=C(c2ccccc2)c2cc(Cl)ccc2NC1=O,,0.11062535643577576
6448,CC(C)(COP(=O)(O)OP(=O)(O)OC[C@H]1O[C@@H](n2cnc3c(N)ncnc32)[C@H](O)[C@@H]1OP(=O)(O)O)C(O)C(=O)NCCC(=O)NCCS,,0.11063679307699203
6346,O=C1c2ccccc2C(=O)c2c(Cl)cccc21,,0.11065297573804855
4517,NC(Cc1cccc(-c2ccccc2CP(=O)(O)O)c1)C(=O)O,,0.11065889149904251
1912,N#CC(=Cc1ccc(O)c(O)c1)C(=O)Nc1ccccc1,,0.11067160218954086
5358,COc1ccc(C(=O)N2CCN(c3ccc4c(c3)CCC(=O)N4)CC2)cc1OC,,0.11067800223827362
4887,Fc1ccc(-c2ncn(CC3CC3)c2-c2ccncc2)cc1,,0.11071954667568207
748,CC(C)CC(=O)SCCNC(=O)CCNC(=O)C(O)C(C)(C)COP(=O)(O)OP(=O)(O)OCC1OC(n2cnc3c(N)ncnc32)C(O)C1OP(=O)(O)O,,0.11073756963014603
5052,Cc1cc(NS(=O)(=O)c2ccc(N)cc2)nc(C)n1,,0.11075659096240997
9640,CC1=CC(=O)c2c(O)cccc2C1=O,,0.11076454073190689
5352,COc1ccc(C(=O)OC2CCC3(C)C4CCC5C6(O)CC(O)C7(O)C(CN8CC(C)CCC8C7(C)O)C6(O)CC53OC24O)cc1OC,,0.1107698604464531
8644,c1ccc2c(c1)-c1cccc3cccc-2c13,,0.11081204563379288
1666,COc1ccc(C2=C(OC(C)=O)c3cccn3-c3ccccc3S2)cc1,,0.11082277446985245
8223,Cc1cc2cc3cc(C)c(N)cc3nc2cc1N.Cl,,0.11086107045412064
4878,COc1cccc(CCc2ccccc2OCC(CN(C)C)OC(=O)CCC(=O)O)c1,,0.11092531681060791
2444,O=C1Nc2ccccc2C1=Cc1c(Cl)[nH]c2ccccc12,,0.11092861741781235
3797,O=C(O)C(=Cc1c(C(=O)O)[nH]c2cc(Cl)cc(Cl)c12)c1ccccc1,,0.11100601404905319
9591,Cc1cc(O)c2c(c1O)C(=O)c1cc(O)cc(O)c1C2=O,,0.11111396551132202
250,CCCC(=O)SCCNC(=O)CCNC(=O)C(O)C(C)(C)COP(=O)(O)OP(=O)(O)OCC1OC(n2cnc3c(N)ncnc32)C(O)C1OP(=O)(O)O,,0.11112870275974274
7904,Nc1ccc(S(=O)(=O)Nc2cnccn2)cc1,,0.1111527755856514
2617,CN(C)C(=O)C(Cc1ccccc1)NC(=O)C(=O)CC(=O)NCCc1ccccn1,,0.11117154359817505
2234,N#CC(=Cc1ccc(O)c(O)c1)C(=O)NCc1ccccc1,,0.11117856204509735
1297,CN1C(=O)C(=O)c2cc(S(=O)(=O)N3CCCC3COc3ccccc3)ccc21,,0.11122231930494308
1747,O=Nc1ccc2oc(=O)ccc2c1,,0.11123914271593094
8442,CC[C@@H](C)C(=O)O[C@H]1[C@H](O)[C@H]2[C@@H](CN3C[C@@H](C)CC[C@H]3[C@@]2(C)O)[C@@H]2C[C@]34O[C@]5(O)[C@@H](OC(=O)[C@@](C)(O)CC)CC[C@@]3(C)[C@@H]5[C@@H](OC(C)=O)[C@@H](OC(C)=O)[C@H]4[C@@]21O,,0.11125735938549042
8004,c1ccc2cc3ccccc3cc2c1,,0.11128196120262146
8960,[Cl-].[NH3+]CC(O)c1ccc(O)c(O)c1,,0.11128204315900803
2259,NC(N)=NCCCC(=O)NCC1CCCN1C(=O)C(CO)NS(=O)(=O)c1ccc2ccccc2c1,,0.1113055944442749
362,CC(CCC(=O)SCCNC(=O)CCNC(=O)C(O)C(C)(C)COP(=O)(O)OP(=O)(O)OCC1OC(n2cnc3c(N)ncnc32)C(O)C1OP(=O)(O)O)C1CCC2C3C(O)CC4CC(O)CCC4(C)C3CC(O)C12C,,0.11130685359239578
1373,CC(C)=CCc1c(O)ccc(C2COc3cc(O)ccc3C2=O)c1O,,0.11141418665647507
9543,CC1=C2C(=O)[C@H]3[C@@H](CC=C4C[C@@H](O)CC[C@@]43C)[C@@H]2CC[C@]12O[C@@H]1C[C@H](C)CN[C@H]1[C@H]2C,,0.11145368218421936
4548,CC(=CCC1=C(C)C(=O)c2ccccc2C1=O)CCCC(C)CCCC(C)CCCC(C)C,,0.11147918552160263
8199,Cl.Nc1c2ccccc2nc2ccccc12,,0.1114899292588234
4324,Nc1nc(OCc2ccccc2)c2[nH]cnc2n1,,0.11149463057518005
1885,Nc1ncnc2c1ncn2C1OC(CO)C(OC2OC(CO)C(OP(=O)(O)O)C(OP(=O)(O)O)C2O)C1OP(=O)(O)O,,0.11151598393917084
2305,CCCC1OC2CC3C4CCC5=CC(=O)C=CC5(C)C4C(O)CC3(C)C2(C(=O)CO)O1,,0.111552394926548
6108,OC(c1ccccc1)(c1ccccc1)c1ccccc1,,0.11155670136213303
492,CC(O)CC(=O)SCCNC(=O)CCNC(=O)C(O)C(C)(C)COP(=O)(O)OP(=O)(O)OCC1OC(n2cnc3c(N)ncnc32)C(O)C1OP(=O)(O)O,,0.11156568676233292
1909,COc1cc2ncnc(Nc3cccc(Cl)c3)c2cc1OC,,0.11165643483400345
1525,Oc1ccc2c(Cc3ccc(OCCN4CCCC4)cc3)c(-c3ccc(OCCN4CCCC4)nc3)sc2c1,,0.1116710901260376
4313,NS(=O)(=O)c1ccc(Nc2nc(OCC3CCCCC3)c3[nH]cnc3n2)cc1,,0.11167386174201965
2267,Cc1cc2c(CCC(CNC(C)(C)C)OC(=O)c3ccccc3)cccc2[nH]1,,0.11167506873607635
2969,CN(C)CCC=C1c2ccccc2CSc2ccccc21,,0.1116844192147255
6952,O=P(O)(O)OC[C@H]1O[C@H](OP(=O)(O)OP(=O)(O)O)[C@H](O)[C@@H]1O,,0.1117207258939743
4186,Cc1ccc(S(=O)(=O)NC(CCCCN)C(=O)CCl)cc1,,0.11173035204410553
1913,CC(NC(=O)C(C#N)=Cc1ccc(O)c(O)c1)c1ccccc1,,0.11174164712429047
6331,O=C1OC(=O)c2cccc3cccc1c23,,0.1117665097117424
9596,O=C(O)c1ccc(C(=O)O)c(C(=O)O)c1C(=O)O,,0.11178712546825409
9162,CC(=O)Nc1ccc2c(c1)Cc1cc(O)ccc1-2,,0.11178924888372421
8886,CCN(CC)CCn1c(C(O)c2ccccc2)nc2c1c(=O)n(C)c(=O)n2C,,0.11181268095970154
1994,CC(C)(COP(=O)(O)OP(=O)(O)OCC1OC(n2cnc3c(N)ncnc32)C(O)C1OP(=O)(O)O)C(O)C(=O)NCCC(=O)NCCCC(N)=O,,0.11184665560722351
5046,Nc1ccc(S(=O)(=O)Nc2ccccn2)cc1,,0.1118507906794548
5286,Cc1ccc(C(=CCN2CCCC2)c2ccccn2)cc1,,0.1118592768907547
8095,O=C1c2ccccc2-c2n[nH]c3cccc1c23,,0.11186325550079346
5875,CC1(C)O[C@@H]2C[C@H]3[C@@H]4C[C@H](F)C5=CC(=O)C=C[C@]5(C)[C@@]4(F)[C@@H](O)C[C@]3(C)[C@]2(C(=O)CO)O1,,0.11199595779180527
3808,Cc1cccc(CN2CCN(C(c3ccccc3)c3ccc(Cl)cc3)CC2)c1,,0.11201874166727066
3791,CCC(C)C(N)C(=O)NC(CC(N)=O)C(=O)NC(CC(C)C)C(=O)NC(CCCCN)C(=O)NC(C)C(=O)NC(CC(C)C)C(=O)NC(C)C(=O)NC(C)C(=O)NC(CC(C)C)C(=O)NC(C)C(=O)NC(CCCN)C(=O)NC(C)C(=O)NC(CC(C)C)C(=O)NC(CC(C)C)C(N)=O,,0.11206850409507751
1003,C[S+](CCC(=O)C(=O)O)CC1OC(n2cnc3c(N)ncnc32)C(O)C1O,,0.11207537353038788
3686,CC(C)CC(NC(=O)C(Cc1ccccc1)NC(=O)CNC(=O)CNC(=O)C(N)Cc1ccc(O)cc1)C(=O)O,,0.11207618564367294
8197,Nc1cccc(-n2ccccc2=O)c1,,0.11208296567201614
2912,COc1cccc2c(-c3ccc4c(c3O)C(C)NC(C)C4)c(C)cc(OC)c12,,0.11214250326156616
4511,CC1=CC=C(N(CC2=NCCN2)c2cccc(O)c2)CC1,,0.11214318871498108
4740,c1ccc2nc(N3CCNCC3)ccc2c1,,0.11214893311262131
5207,Cc1ccc(C(=O)c2ccc(CC(=O)[O-])n2C)cc1,,0.11219123005867004
6592,CN(C)C(=S)Sc1ccc([N+](=O)[O-])cc1[N+](=O)[O-],,0.11223632842302322
961,CCC(=O)SCCNC(=O)CCNC(=O)C(O)C(C)(C)COP(=O)(O)OP(=O)(O)OCC1OC(n2cnc3c(N)ncnc32)C(O)C1OP(=O)(O)O,,0.11224199831485748
3118,CCN1C(=O)c2ccccc2C1Nc1ccc(OCCN2CCCCC2)cc1,,0.11225643008947372
3299,CC(C)CC(CC(=O)O)C(=O)NC(Cc1c[nH]c2ccccc12)C(=O)NC(C)c1ccccc1,,0.11227207630872726
3728,COc1ccc(CN2CCN(C(c3ccc(F)cc3)c3ccc(F)cc3)CC2)c(OC)c1OC,,0.11231186240911484
4177,COc1ccccc1N1CCN(CC(O)COc2cccc3ccccc23)CC1,,0.11231400817632675
4134,CNC(=O)c1cc2c(cn1)[nH]c1ccccc12,,0.11232113093137741
8447,O=C(CCl)C1CCN(C(O)(c2ccccc2)c2ccccc2)CC1,,0.11238034069538116
4927,Nc1ccc(S(=O)(=O)Nc2ncccn2)cc1,,0.11238393932580948
7178,O=[N+]([O-])c1ccc(Oc2ccc([N+](=O)[O-])cc2)cc1,,0.11241389811038971
3774,CC(C)=CCCC(C)=CCc1c(O)c(C)cc2c1[nH]c1ccccc12,,0.11243007332086563
887,COC1=CC(=O)C=C(CC=C(C)CCC=C(C)CCC=C(C)CCC=C(C)CCC=C(C)CCC=C(C)CCC=C(C)CCC=C(C)C)C1=O,,0.11250707507133484
2579,CC(=O)Nc1ccc(C(=O)Nc2ccccc2N)cc1,,0.11250722408294678
4585,NS(=O)(=O)c1cc(C(=O)O)cc(N2CCCC2)c1Oc1ccccc1,,0.11251133680343628
1847,CC(=O)Nc1ccc(OC(=O)c2ccccc2O)cc1,,0.11255863308906555
2424,C=CC(C)=CCC1(C)C(C)CCC23C(=CC(OC(=O)c4ccc(O)c(OC)c4)CC12)C(OC(C)=O)OC3OC(C)=O,,0.1125621348619461
3776,Cn1cc2c3c1C(=O)C(N)=CC3=NCC2,,0.1125868633389473
4238,Cn1c(NCCN(CCO)CCCc2ccc([N+](=O)[O-])cc2)cc(=O)n(C)c1=O,,0.11260174214839935
169,CC(=O)SCCNC(=O)CCNC(=O)C(O)C(C)(C)COP(=O)(O)OP(=O)(O)OCC1OC(n2cnc3c(N)ncnc32)C(O)C1OP(=O)(O)O,,0.11265545338392258
3243,O=C(O)c1cc2cc(Cc3cccnc3)ccc2o1,,0.11269231140613556
4614,Nc1ncnc2c1cnn2-c1ccccc1,,0.11270293593406677
1568,COc1cc2c(cc1CC=C(C)C)C1Oc3cc(O)ccc3C1CO2,,0.1127365380525589
8105,O=C1C=CC(=O)c2ccccc21,,0.11276435106992722
4909,COC1CC(OC2C(C)=CCC3CC(CC4(CCC(C)C(C5CCCCC5)O4)O3)OC(=O)C3C=C(C)CC4OCC(=CC=CC2C)C43O)OC(C)C1O,,0.11280994117259979
3208,CCC(=O)OC1(C(=O)SCF)C(C)CC2C3CC(F)C4=CC(=O)C=CC4(C)C3(F)C(O)CC21C,,0.1128142923116684
1359,COc1ccc(OCc2ccc(COc3c(Cl)cccc3Cl)cc2)c(Cl)c1,,0.11290046572685242
936,Nc1c2ncn(C3OC(COP(=O)(O)O)C(O)C3O)c2nc[n+]1C1OC(COP(=O)(O)O)C(O)C1O,,0.11292374134063721
4163,O=C(COc1ccccc1)Nc1ncnc2c1ncn2C1CC(O)C(CO)O1,,0.1129431426525116
1773,OC1Cc2cc3c(ccc4ccccc43)cc2C(O)C1O,,0.11295218020677567
6475,ClCc1cccc2ccccc12,,0.11301852762699127
965,[H+],,0.11302052438259125
3202,CCN(CC)CCN1C(=O)CN=C(c2ccccc2F)c2cc(Cl)ccc21,,0.11305652558803558
8279,O=[N+]([O-])c1ccc(S(=O)(=O)O)cc1,,0.11305933445692062
1526,c1ccc2c(Cc3ccc(OCCN4CCCC4)cc3)c(-c3ccc(OCCN4CCCC4)cc3)sc2c1,,0.11306825280189514
5966,C/N=C(\NC)NCc1ccccc1Cl.C/N=C(\NC)NCc1ccccc1Cl.O=S(=O)(O)O,,0.1130715161561966
1243,CCn1c(=O)c2[nH]c(-c3ccccc3)nc2n(CC)c1=O,,0.11307870596647263
5300,CC(=Cc1ccc(C(=O)O)cc1)c1ccc2c(c1)C(C)(C)CCC2(C)C,,0.11308471858501434
50,CCC(C)C(=O)SCCNC(=O)CCNC(=O)C(O)C(C)(C)COP(=O)(O)OP(=O)(O)OCC1OC(n2cnc3c(N)ncnc32)C(O)C1OP(=O)(O)O,,0.11311352998018265
6753,CCCCCCCCCCCC[n+]1ccc2ccccc2c1.[Br-],,0.11315329372882843
1053,Cc1ncc(C[n+]2csc(CCOP(=O)(O)O)c2C)c(N)n1,,0.11320250481367111
4068,CC(C)CC(NC(=O)OCC1c2ccccc2-c2ccccc21)C(=O)O,,0.11321837455034256
1078,COC1=C(OC)C(=O)C(CC=C(C)CCC=C(C)CCC=C(C)CCC=C(C)CCC=C(C)CCC=C(C)CCC=C(C)CCC=C(C)CCC=C(C)CCC=C(C)C)=C(C)C1=O,,0.11324262619018555
3766,NCCCCC(N)C(=O)NC(Cc1ccc(O)cc1)C(=O)NC(CCCCN)C(=O)O,,0.11325064301490784
1400,Cc1cc(CCCOc2c(C)cc(-c3nnn(C)n3)cc2C)on1,,0.11325942724943161
3918,O=C(CCCCSCC(=O)c1ccc(-c2ccccc2)cc1)NO,,0.11327739804983139
9528,CCOC(C(=O)N(C)CCN(C)CCc1ccccc1)(c1ccccc1)c1ccccc1.Cl,,0.11328470706939697
2524,CN1CCN(c2nc3cc(C(F)(F)F)ccc3n3cccc23)CC1,,0.11329899728298187
3919,O=C(C=Cc1ccc(NS(=O)(=O)c2ccccc2)cc1)NO,,0.11330042779445648
557,Nc1ccn(C2OC(COP(=O)(O)OP(=O)(O)OP(=O)(O)O)C(O)C2O)c(=O)n1,,0.1133127436041832
83,CC(CO)C(=O)SCCNC(=O)CCNC(=O)C(O)C(C)(C)COP(=O)(O)OP(=O)(O)OCC1OC(n2cnc3c(N)ncnc32)C(O)C1OP(=O)(O)O,,0.11332004517316818
5525,CC(=O)OCC(=O)[C@@]1(O)CC[C@H]2[C@@H]3CCC4=CC(=O)C=C[C@]4(C)[C@H]3[C@@H](O)C[C@@]21C,,0.11334214359521866
2479,CON=C(C(=O)NC1C(=O)N2C(C(=O)O)=C([n+]3cccc4c3CCC4)CSC12)c1csc(N)n1,,0.11335458606481552
3262,CCOCn1c(Cc2cc(C)cc(C)c2)c(C(C)C)c(=O)[nH]c1=O,,0.11335944384336472
8705,c1ccc2nc3ccccc3cc2c1,,0.11336255818605423
5582,CC(=O)N(O)c1ccc2c(c1)Cc1ccccc1-2,,0.11340605467557907
8556,Oc1cc(O)c2c(c1)O[C@H](c1ccc(O)c(O)c1)[C@@H](O)C2,,0.11340848356485367
923,c1ccc2c(c1)ccc1ccccc12,,0.11340899020433426
589,Nc1ccn(C2CC(O)C(COP(=O)(O)OP(=O)(O)OP(=O)(O)O)O2)c(=O)n1,,0.1134338453412056
8503,O=C([O-])CN(CCN(CC(=O)[O-])CC(=O)O)CC(=O)[O-].[Na+].[Na+].[Na+],,0.1134834736585617
4066,NCCCCCCNS(=O)(=O)c1ccc2c(Cl)cccc2c1,,0.11354145407676697
999,Cc1cc2nc3c(=O)[nH]c(=O)nc-3n(CC(O)C(O)C(O)CO)c2cc1C,,0.1135995090007782
1420,C[N+](C)(C)CCC(=O)c1cccc2ccccc12,,0.11361143738031387
1374,C=CC1C(OC2OC(CO)C(O)C(OC(C)=O)C2O)OC=C2C(=O)N3CCC4c5ccccc5NC4C3CC21,,0.1136310026049614
1733,O=C(O)c1ccc2cc(C(F)(F)P(=O)(O)O)ccc2c1,,0.1136687770485878
402,O=C(C=Cc1ccc(O)cc1)c1ccc(O)cc1O,,0.11372069269418716
7189,Nc1ccc(Oc2ccc(N)cc2)cc1,,0.11373937875032425
2023,COc1ccccc1OCCNCC(O)c1ccc(C)c(S(N)(=O)=O)c1,,0.11376795917749405
9536,CCC(=O)C(CCN(C)C)(c1ccccc1)c1ccccc1,,0.11377667635679245
3108,CCOC(=O)C1N=C(c2ccccc2F)c2cc(Cl)ccc2NC1=O,,0.11382319778203964
8335,CC(=O)Nc1ccc(C(=O)CCl)cc1,,0.11383955925703049
8873,C[C@@H]1C[C@H]2[C@@H]3CCC4=CC(=O)C=C[C@]4(C)[C@@]3(F)[C@@H](O)C[C@]2(C)[C@@]1(O)C(=O)COP(=O)(O)O,,0.11392150074243546
3025,Cc1c2ccncc2c(C)c2c1[nH]c1ccccc12,,0.11392666399478912
1916,N#CC(=Cc1ccc(O)c(O)c1)C(=O)NCCCCc1ccccc1,,0.11393531411886215
3930,CCC(CO)NC(=O)C1C=C2c3cccc4c3c(cn4C)CC2N(C)C1,,0.1139969527721405
9527,CN1CC[C@]23c4c5ccc(O)c4O[C@H]2C(=O)CC[C@H]3[C@@H]1C5,,0.11402472108602524
746,CC(C)C(=O)SCCNC(=O)CCNC(=O)C(O)C(C)(C)COP(=O)(O)OP(=O)(O)OCC1OC(n2cnc3c(N)ncnc32)C(O)C1OP(=O)(O)O,,0.11405488103628159
2998,Cc1cccc(CCN2CCC(C(=O)c3ccc(NS(C)(=O)=O)cc3)CC2)n1,,0.11408121138811111
8012,COc1ccc(C(=O)Nc2ccccc2)cc1N,,0.1140974834561348
2332,COC(=O)C1(Cc2ccc(O)c(CC=C(C)C)c2)OC(=O)C(O)C1c1ccc(O)cc1,,0.11412355303764343
5949,CCc1ccc(C(c2ccc(CC)cc2)C(Cl)Cl)cc1,,0.11413542926311493
2822,CCNC(=O)CCNC(=O)C(O)C(C)(C)COP(=O)(O)OP(=O)(O)OCC1OC(n2cnc3c(N)ncnc32)C(O)C1OP(=O)(O)O,,0.11417771875858307
6126,CC(=O)Nc1ccc(S(=O)(=O)c2ccc(NC(C)=O)cc2)cc1,,0.11418108642101288
2586,CN(C(=O)CCCOc1ccc2[nH]c(=O)ccc2c1)C1CCCCC1,,0.11419884115457535
1226,COc1ccc2c(c1OC)C(=O)OC2C1c2ccccc2CCN1C,,0.11421234160661697
7407,O=C1C=CC(=O)C=C1.Oc1ccc(O)cc1,,0.11422423273324966
4065,NCCCCCNS(=O)(=O)c1ccc2c(Cl)cccc2c1,,0.11423905938863754
7180,O=C=Nc1ccc(Cc2ccc(N=C=O)cc2)cc1,,0.11426649987697601
5756,COc1ccc(Cc2nccc3cc(OC)c(OC)cc23)cc1OC.Cl,,0.11427180469036102
8455,O=C([O-])CC(O)(CC(=O)[O-])C(=O)O.[Mg+2],,0.11429647356271744
2312,CC(=O)NC1C(OC2CC(C(=O)NCCS(=O)(=O)O)[NH2+]C2CO)OC(CO)C(OS(=O)(=O)O)C1O,,0.11430494487285614
4675,CCC(=O)c1ccc2c(c1)N(CC(C)N(C)C)c1ccccc1S2,,0.11436924338340759
5428,CN1CCN(C(=O)OC2c3nccnc3C(=O)N2c2ccc(Cl)cn2)CC1,,0.11441601812839508
5373,COC(=O)C(=C1OC(=O)C(c2ccccc2)C1=O)c1ccccc1,,0.11441606283187866
1736,CC(Sc1nc(N)cc(Cl)n1)c1cc2ccoc2cn1,,0.11444710195064545
2427,C=CC(C)=CCC1(C)C(C)CC(OC(=O)c2ccc(O)cc2)C23C(=CC(OC(C)=O)CC12)C(OC(C)=O)OC3OC(C)=O,,0.11449798941612244
2671,CCC(C)C1NC(=O)C(c2cn(OC)c3ccccc23)NC(=O)C(CCCCCC(=O)C(C)F)NC(=O)C2CCCCN2C1=O,,0.11449893563985825
1915,N#CC(=Cc1ccc(O)c(O)c1)C(=O)NCCCc1ccccc1,,0.11451080441474915
4599,CCCCCNC(=O)C(Cc1ccc(OCC(=O)O)c(C(=O)O)c1)NC(=O)C(Cc1ccccc1)NC(=O)CCC(=O)O,,0.11451544612646103
4203,COc1ccc2nc(S(=O)Cc3ccccc3N(C)C)[nH]c2c1,,0.11452994495630264
4195,c1ccc2c(CC3=NCCN3)cccc2c1,,0.11454632878303528
5381,COc1cc2ncnc(Nc3cccc(O)c3)c2cc1OC,,0.11454953253269196
9390,O=C1C=C(N2CC2)C(=O)C2=C1CCCC2,,0.11456640809774399
966,C=CC1C2=NC(=C1C)CC1NC(CC3NC(CC4NC(C2)C(C)C4CCC(=O)O)C(CCC(=O)O)C3C)C(C)C1C=C,,0.1145675927400589
6431,c1ccc2c(c1)ccc1ncccc12,,0.11460922658443451
1921,COC(=O)c1ccc(NCc2cc(O)ccc2O)cc1,,0.11463399231433868
2128,O=C(Oc1cccc(CO[N+](=O)[O-])c1)c1ccccc1O,,0.11464235931634903
3920,CC(=Cc1ccc(NS(=O)(=O)c2ccccc2)cc1)C(=O)NO,,0.1146426647901535
48,CC(O)C(C)C(=O)SCCNC(=O)CCNC(=O)C(O)C(C)(C)COP(=O)(O)OP(=O)(O)OCC1OC(n2cnc3c(N)ncnc32)C(O)C1OP(=O)(O)O,,0.11467356234788895
4567,CCn1cc(C(=O)O)c(=O)c2cnc(N3CCNCC3)nc21,,0.11468742787837982
7247,Oc1ccc(OCc2ccccc2)cc1,,0.11470432579517365
5100,CN1C(=O)C(O)N=C(c2ccccc2)c2cc(Cl)ccc21,,0.1147066280245781
4019,COC1(NC(=O)C(C(=O)O)c2ccc(O)cc2)C(=O)N2C(C(=O)O)=C(C)COC21,,0.11472305655479431
7915,Nc1ccc(O)c2c1C(=O)c1cccc(Cl)c1C2=O,,0.11477022618055344
5310,N#CC(=Cc1cc(O)c(O)c(O)c1)C(N)=C(C#N)C#N,,0.11479424685239792
4625,O=C1CN=C(c2ccccc2)c2cc(Cl)ccc2N1CC1CC1,,0.1148894652724266
2664,CCC(C)C1NC(=O)C(CCNCS(=O)(=O)O)NC(=O)C(NC(=O)C(CCNCS(=O)(=O)O)NC(=O)C(NC(=O)C(CCNCS(=O)(=O)O)NC(=O)CCCCC(C)C)C(C)O)CCNC(=O)C(C(C)O)NC(=O)C(CCNCS(=O)(=O)O)NC(=O)C(CCNCS(=O)(=O)O)NC(=O)C(C(C)CC)NC1=O,,0.11489034444093704
3032,Cc1cc(O)c2c(c1)C(=O)c1cc(O)cc(O)c1C2=O,,0.11489386111497879
9663,COc1ccc2ccc(=O)oc2c1CC=C(C)C,,0.11491583287715912
9599,CC(=O)OC1c2c(ccc3ccc(=O)oc23)OC(C)(C)C1OC(=O)C=C(C)C,,0.11491946130990982
1102,O=c1ccn(C2OC(COP(=O)(O)OP(=O)(O)OP(=O)(O)O)C(O)C2O)c(=O)[nH]1,,0.114919513463974
4386,CCCCC1C(=O)N(c2ccccc2)N(c2ccc(O)cc2)C1=O,,0.11493775993585587
4059,NCCCCNS(=O)(=O)c1ccc2c(Cl)cccc2c1,,0.11494071036577225
5075,CCN(CC)CCS(=O)(=O)C1CCN2C(=O)c3coc(n3)CC(=O)CC(O)C=C(C)C=CCNC(=O)C=CC(C)C(C(C)C)OC(=O)C12,,0.11494883894920349
4498,O=C1c2ccccc2C(=O)C1c1ccccc1,,0.11498364061117172
4995,CC(=O)OC1CCC2(C)C3CC(=O)C(=C(C)C=CC=C(C)c4ccc(C)c(=O)o4)C3(C)CCC2C1(C)C,,0.11498750001192093
3968,Nc1cc(N2CCCCC2)nc(N)[n+]1OS(=O)(=O)[O-],,0.1150280311703682
9523,CCC(=O)C(c1ccccc1)(c1ccccc1)C(C)CN(C)C,,0.11506762355566025
2566,NS(=O)(=O)c1cc(C2(O)NC(=O)c3ccccc32)ccc1Cl,,0.11510726064443588
5798,Nc1ccn([C@@H]2O[C@H](COP(=O)(O)OP(=O)(O)O)[C@@H](O)[C@H]2O)c(=O)n1,,0.11511000990867615
452,O=P(O)(O)OC1C(O)C(OP(=O)(O)O)C(OP(=O)(O)O)C(O)C1OP(=O)(O)O,,0.11513632535934448
453,O=P(O)(O)OC1C(O)C(OP(=O)(O)O)C(OP(=O)(O)O)C(OP(=O)(O)O)C1O,,0.11513632535934448
3613,CC(=O)N1CCN(c2ccc(OCC3COC(Cn4ccnc4)(c4ccc(Cl)cc4Cl)O3)cc2)CC1,,0.11515413969755173
2780,CC[n+]1ccccc1C=Cc1ccc(N(C)C)cc1,,0.1151680126786232
9656,CC1=C(O)c2ccccc2C(=O)C1=O,,0.11517654359340668
4347,O=C(Nc1ccc(O)cc1)c1ccccc1O,,0.11520980298519135
5067,CNS(=O)(=O)Cc1ccc2[nH]cc(CCN(C)C)c2c1,,0.11524563282728195
7967,Cc1c([N+](=O)[O-])cc([N+](=O)[O-])cc1[N+](=O)[O-],,0.11526663601398468
4385,COc1cc2[nH]c(C)c(CCN3CCN(c4ccccc4)CC3)c2cc1OC,,0.11526806652545929
3341,NC1CCC(Nc2nc(NCc3ccccc3)c3ncn(C4CCCC4)c3n2)CC1,,0.11529438197612762
2835,CN1C(=O)CN=C(c2ccccc2)c2cc(Cl)ccc21,,0.11532934010028839
1168,C=C1C(C)CCC2=C(CCCC2(C)C)C1c1cc(O)ccc1O,,0.11533495038747787
9060,CN(C)c1ccc(/N=N/c2cc(F)cc(F)c2)cc1,,0.11539365351200104
3908,CCC(CO)NC(=O)C1C=C2c3cccc4[nH]cc(c34)CC2N(C)C1,,0.11541382223367691
2423,C=CC(C)=CCC1(C)C(C)CCC23C(=CC(OC(=O)c4ccc(O)cc4)CC12)C(OC(C)=O)OC3OC(C)=O,,0.11548395454883575
8679,c1ccc2c(c1)cnc1ccccc12,,0.11552374809980392
5750,CCCCOc1cc(C(=O)NCC[NH+](CC)CC)c2ccccc2n1.[Cl-],,0.11552692204713821
5349,CCOC(=O)c1c(C)[nH]c(C=C2C(=O)Nc3ccccc32)c1C,,0.11555834859609604
1880,CCOc1ccc2nc3cc(N)ccc3c(N)c2c1,,0.11558926105499268
2021,CCC(C)(C)OC(=O)NC(Cc1c[nH]c2ccccc12)C(=O)NC(CCSC)C(=O)NC(CC(=O)O)C(=O)NC(Cc1ccccc1)C(N)=O,,0.11559384316205978
1413,COc1cccc(-c2nc3c(C(N)=O)cccc3[nH]2)c1,,0.11561521142721176
3343,O=S(=O)(c1cccc2cnccc12)N1CCNCC1,,0.11565665900707245
3345,O=S(=O)(c1cccc2cnccc12)N1CCCNCC1,,0.11565794050693512
888,COC1=CC(=O)C(C)=C(CC=C(C)CCC=C(C)CCC=C(C)CCC=C(C)CCC=C(C)CCC=C(C)CCC=C(C)CCC=C(C)C)C1=O,,0.11566345393657684
9119,COc1ccc2c3c1O[C@H]1C[C@@H](O)C=C[C@@]31CCN(C)C2,,0.11567085236310959
1322,CCCc1cc(=O)oc2c3c(c4c(c12)OC(C)(C)C=C4)OC(C)C(C)C3OC(C)=O,,0.11568251997232437
6671,CCN(CC)c1ccc2c(C)cc(=O)oc2c1,,0.1156843975186348
8176,COc1c(C(C)C)oc2cc3oc(=O)ccc3cc12,,0.11568689346313477
1327,CCCc1cc(=O)oc2c3c(c4c(c12)OC(C)(C)C=C4)OC(C)C(C)C3S,,0.11568773537874222
3062,CC(CO)NC(=O)C1C=C2c3cccc4[nH]cc(c34)CC2N(C)C1,,0.1157715767621994
8646,c1ccc2c(c1)-c1cccc3nccc-2c13,,0.11580455303192139
9944,C[N+]1(Cc2ccc(-c3ccccc3)cc2)C2CCC1CC(OC(=O)C(CO)c1ccccc1)C2.[Br-],,0.11581253260374069
2432,CNC1=CC(=O)c2ccncc2C1=O,,0.11581531912088394
2314,CCCCNc1cc(C(=O)O)cc(S(N)(=O)=O)c1Oc1ccccc1,,0.11587875336408615
1557,Cn1c(CCCO)c(CO)c2c1C(=O)C=C(N1CC1)C2=O,,0.1158948764204979
5458,O=C1C=CC(=O)c2cnccc21,,0.11590107530355453
8647,c1ccc2c(c1)-c1cccc3ccnc-2c13,,0.11597441881895065
4883,COc1nccc(-c2c(-c3ccc(F)cc3)ncn2C2CCC(O)CC2)n1,,0.11601603776216507
8830,O=C(O)c1cccc(-c2ccccc2)c1O,,0.11602669954299927
4819,CCC1OC(=O)CC(O)C(C)C(OC2OC(C)CC(N(C)C)C2O)C(CC=O)CC(C)C(=O)C=CC2(C)OC2C1C,,0.11602800339460373
2597,O=C(O)c1cn(C2CC2)c2cc(N3CCNCC3)c(F)cc2c1=O,,0.11604338884353638
5158,COc1ccc(CN(CCN(C)C)c2ncccn2)cc1,,0.11607980728149414
7999,Cc1cc(-c2ccc(N)c(C)c2)ccc1N,,0.1161651536822319
4570,CCN1CCN(C(=O)NC(C(=O)NC2C(=O)N3C2SC(C)(C)C3C(=O)[O-])c2ccccc2)C(=O)C1=O,,0.11618083715438843
1764,O=C1CC(c2ccc(O)cc2)Oc2cc(O)ccc21,,0.11618957668542862
3814,CN1CCN=C(c2ccccc2)c2cc(Cl)ccc21,,0.11619742214679718
6702,Cc1cc2cc3cc(C)c(N)cc3nc2cc1N,,0.1162615716457367
3785,CNCCCC12CCC(c3ccccc31)c1ccccc12,,0.11631868034601212
8149,CCCCNC(=O)c1cccc(-c2ccccc2)c1O,,0.11633192747831345
2592,COc1cc(C=CC(=O)N2CCN(CC(=O)N3CCCC3)CC2)cc(OC)c1OC,,0.1163371130824089
2407,COC(COC(N)=O)C1=C(N2CC2)C(=O)C(C)=C(N2CC2)C1=O,,0.11633965373039246
8641,c1ccc2c(c1)ccc1sc3ccccc3c12,,0.11634593456983566
862,[NH3+]O,,0.11635007709264755
3720,c1ccc(C(=C2CN3CCC2CC3)c2ccccc2)cc1,,0.1163870319724083
8645,c1cnc2c(c1)-c1cccc3cccc-2c13,,0.11640602350234985
3827,CC1=CC(=O)c2ccccc2C1=O,,0.11641715466976166
2154,CCC(=O)OCC(=O)C1(OC(=O)CC)C(C)CC2C3CCC4=CC(=O)C=CC4(C)C3(Cl)C(O)CC21C,,0.11650250107049942
3992,COc1ccc(S(=O)(=O)C2Cc3ccccc3CC2C(=O)NO)cc1,,0.11650627851486206
9612,CCN(CC)C(=O)[C@@H]1C=C2c3cccc4[nH]c(Br)c(c34)C[C@H]2N(C)C1,,0.1165897324681282
4164,OCC1OC(n2cnc3c(Nc4ccccc4)ncnc32)C(O)C1O,,0.11662576347589493
8681,c1ccc2c(c1)ccc1cccnc12,,0.11664007604122162
7920,Nc1cccc2c1C(=O)c1cccc(Cl)c1C2=O,,0.11665508151054382
5261,CC(C=CC(=O)NO)=CC(C)C(=O)c1ccc(N(C)C)cc1,,0.11671112477779388
8234,Nc1ccc(Nc2ccccc2)c(N)c1,,0.11671227216720581
1768,[H]/N=C(\N)n1cc2cccc([N+](=O)[O-])c2n1,,0.11672592908143997
4558,CN1CCC(=C2c3ccccc3Sc3ccccc32)CC1,,0.11674873530864716
6461,O=[N+]([O-])c1ccccc1-c1ccccc1,,0.1167711690068245
1166,Oc1cc(O)c2c(c1)OC(c1cc(O)c(O)c(O)c1)C(O)C2,,0.11681816726922989
632,NC(CC1=CC(=O)C(=O)C=C1)C(=O)O,,0.11682484298944473
3297,CC1(C(=O)O)CCC2(C)CCC3(C)C(=CC(=O)C4C5(C)CCC(OC6OC(C(=O)O)C(O)C(O)C6OC6OC(C(=O)O)C(O)C(O)C6O)C(C)(C)C5CCC43C)C2C1,,0.11685799807310104
2437,C/N=C1\C=C(NCCO)c2ccncc2C1=O,,0.11692701280117035
3864,CCC(=O)C(CC(C)N(C)C)(c1ccccc1)c1ccccc1,,0.11694563925266266
8672,c1ccc2c(c1)SCc1cc3ccccc3nc1-2,,0.11703795939683914
8841,[O-][n+]1c2ccccc2nc2ccccc21,,0.11708393692970276
1731,CCCCCCCCCCCC(CC(=O)O)c1c(C)c(C)cc2c1nc1c(=O)[nH]c(=O)nc-1n2CC(O)C(O)C(O)COP(=O)(O)O,,0.1170882061123848
5583,CC(=O)Nc1ccc2c(c1)Cc1ccccc1-2,,0.117090605199337
4804,CN(C)CCc1c[nH]c2ccc(Cn3cncn3)cc12,,0.11710338294506073
7047,O=[N+]([O-])c1cc([N+](=O)[O-])cc([N+](=O)[O-])c1,,0.11712348461151123
1466,COC(=O)C=Cc1ccc(C(=O)NCC(=O)NC(CCC(=O)OC)C(=O)NC(CC(C)C)C(N)=O)cc1,,0.1172148808836937
9614,CN1CC(C(N)=O)C=C2c3cccc4[nH]cc(c34)CC21,,0.11722147464752197
4352,Cc1onc(-c2ccccc2)c1C(=O)NC1C(=O)N2C1SC(C)(C)C2C(=O)[O-],,0.11723550409078598
6713,Cc1ccc2oc(=O)ccc2c1,,0.1172841489315033
9810,COc1ccc(/N=N/c2ccc(OC)cc2)cc1,,0.1173117533326149
1789,Cn1c(=O)c2[nH]c(-c3ccccc3)nc2n(C)c1=O,,0.11735514551401138
1608,Nc1ccc2c3c(cccc13)C(=O)NC2=O,,0.1173805445432663
2614,Clc1ccc(Cn2c(CN3CCCC3)nc3ccccc32)cc1,,0.11741786450147629
2126,CCC(C)C1NC(=O)CNC(=O)C2Cc3c([nH]c4cc(O)ccc34)S(=O)CC(NC(=O)CNC1=O)C(=O)NC(CC(=O)O)C(=O)N1CC(O)CC1C(=O)NC(C(C)C(O)CO)C(=O)N2,,0.11745066940784454
5745,CCOS(=O)(=O)[O-].CC[N+](C)(C)C(C)CN1c2ccccc2Sc2ccccc21,,0.11748161911964417
3993,COc1ccc(S(=O)(=O)N2Cc3ccccc3CC2C(=O)NO)cc1,,0.1175142303109169
6809,O=C(C=Cc1ccccc1)c1ccccc1,,0.11751687526702881
8047,C=CC=CCC1=C(C)[C@@H](OC(=O)[C@@H]2[C@@H](C=C(C)C(=O)OC)C2(C)C)CC1=O,,0.11751914769411087
8684,c1ccc2c(c1)ncc1nccn12,,0.1175447404384613
3030,CCCCCCCCCCCC1=C(O)C(=O)C=C(O)C1=O,,0.11755242943763733
4288,CCn1cc(C(=O)O)c(=O)c2cc(F)c(N3CCNCC3)cc21,,0.11756419390439987
3794,OC1(c2ccc(Cl)cc2)c2ccccc2C2=NCCN21,,0.11757448315620422
8651,C1=Cc2cccc3cccc1c23,,0.11761286854743958
5712,O=c1ccc2ccccc2[nH]1,,0.11765377223491669
4336,CCC1C=CC=CCC(C)C(O)C(C)(O)C(=O)C(C)C(O)C(C)C(=O)C(C)C(O)C(C)C=CC(=O)OC2C(C)C(CC1)OC1(CCC(C)C(CC(C)O)O1)C2C,,0.11765711009502411
5015,CC(C)c1cc(C=C(C#N)C(=O)NCCCc2ccccc2)cc(C(C)C)c1O,,0.11766409873962402
4994,CC(=CC=CC(C)=C1C(=O)CC2C1(C)CCC1C(C)(C)C(=O)CCC12C)c1ccc(C)c(=O)o1,,0.1176653653383255
2122,c1ccc(/N=N/c2ccccc2)cc1,,0.11767179518938065
3937,Cc1ccccc1N1C(=O)c2cc(S(N)(=O)=O)c(Cl)cc2NC1C,,0.11771772801876068
6944,COc1ccc(C(=O)Nc2ccccc2)cc1[N+](=O)[O-],,0.11775734275579453
2875,CC1CC2C3CC(F)C4=CC(=O)C=CC4(C)C3(F)C(O)CC2(C)C1C(=O)COC(=O)C(C)(C)C,,0.11780305951833725
1751,CC1CC2C(C(O)CC3(C)C2CCC3(O)C(=O)COC(=O)CCC(=O)O)C2(C)C=CC(=O)C=C12,,0.11783798784017563
4436,CC(C)C1NC(=O)c2csc(n2)C(C(C)C)NC(=O)C2N=C(OC2C)C(C(C)C)NC(=O)c2csc(n2)C(Cc2ccccc2)NC(=O)C2COC1=N2,,0.1178574189543724
6402,CC=C(C(=CC)c1ccc(OC(C)=O)cc1)c1ccc(OC(C)=O)cc1,,0.1178799718618393
4199,CNS(=O)(=O)CCc1ccc2[nH]cc(C3CCN(C)CC3)c2c1,,0.11790267378091812
3607,Cc1cccc(C)c1OCC(=O)NC(Cc1ccccc1)C(O)CC(Cc1ccccc1)NC(=O)C(C(C)C)N1CCCNC1=O,,0.11794457584619522
3371,CCCCCCCCCCCCCCCC(=O)OC1C=C(C)C(C=CC(C)=CC=CC(C)=CC=CC=C(C)C=CC=C(C)C=CC2=C(C)CC(OC(=O)CCCCCCCCCCCCCCC)CC2(C)C)C(C)(C)C1,,0.11798068135976791
1309,N#Cc1cccc(CC(NC(=O)C2CCCN2C(=O)C(N)Cc2ccccc2)B(O)O)c1,,0.11802735924720764
388,CN1C(=O)CCC1c1ccc[n+](C2OC(C(=O)O)C(O)C(O)C2O)c1,,0.11811558902263641
7000,O=[N+]([O-])c1cccc(S(=O)(=O)O)c1,,0.11814187467098236
2665,CCC(=O)CCCCCC1NC(=O)C2CCCCN2C(=O)C(C(C)CC)NC(=O)C(c2cn(CC(=O)OC)c3ccccc23)NC1=O,,0.11815610527992249
4922,CC(C)=CCc1c(O)c(C)cc2c1[nH]c1ccccc12,,0.11815658211708069
6641,O=c1c2ccccc2oc2ccccc12,,0.11815734952688217
2456,CCN1CCN(C(=O)NC(C(=O)NC2(OC)C(=O)N3C(C(=O)O)=C(CSc4nnnn4C)CSC32)C(C)O)C(=O)C1=O,,0.1181599348783493
2965,O=c1[nH]c2ccccc2n1CCCN1CCC(n2c(=O)[nH]c3cc(Cl)ccc32)CC1,,0.11817222833633423
5679,CCOS(=O)(=O)[O-].CC[N+](C)(C)CC(C)N1c2ccccc2Sc2ccccc21,,0.11818839609622955
4435,CCC(C)C1NC(=O)c2csc(n2)C(C)NC(=O)C2N=C(OC2C)C(CC(C)C)NC(=O)c2csc(n2)C(Cc2ccccc2)NC(=O)C2N=C1OC2C,,0.1181924119591713
2435,O=C1C=C(NCCO)C(=O)c2cnccc21,,0.11819447576999664
8948,O=C(C=Cc1ccc(O)c(O)c1)O[C@@H]1C[C@](O)(C(=O)O)C[C@@H](O)[C@H]1O,,0.1182234063744545
6400,CCC(=O)Oc1ccc(C(CC)C(CC)c2ccc(OC(=O)CC)c(C)c2)cc1C,,0.1182333454489708
8908,C1CCC(NC2CCCCC2)CC1.O=[N+]([O-])c1cc(C2CCCCC2)c(O)c([N+](=O)[O-])c1,,0.11823557317256927
8297,Nc1ccc(Oc2ccccc2)cc1,,0.11823868006467819
1179,O=C(O)/C(=N\C(=O)C(CS)CCc1ccccc1)c1ccc(Cn2cnnn2)s1,,0.1182413175702095
2096,CNC(=O)CC(N)C(=O)NC(C(=O)NC1C(=O)N2C1SC(C)(C)C2C(=O)O)c1ccc(O)cc1,,0.11825194954872131
2672,CCC(C)C1NC(=O)C(c2cn(OC)c3ccccc23)NC(=O)C(CCCCCC(=O)NO)NC(=O)C2CCCCN2C1=O,,0.11825721710920334
3351,CC1(C)OC2CC3C4CCC5=CC(=O)CCC5(C)C4(F)C(O)CC3(C)C2(C(=O)CCl)O1,,0.11827021837234497
5376,NCCCCCCNS(=O)(=O)c1cccc2c(Cl)cccc12,,0.11830680072307587
3860,CN1CC(CNC(=O)OCc2ccccc2)CC2c3cccc4c3c(cn4C)CC21,,0.11831765621900558
1991,Nc1c(CC(=O)O)cccc1C(=O)c1ccccc1,,0.11833035945892334
3736,CCOC(=O)N1CCC(=C2c3ccc(Cl)cc3CCc3cccnc32)CC1,,0.11838122457265854
9284,O=C=Nc1cccc(S(=O)(=O)F)c1,,0.11840654164552689
9034,COCCOc1cnc(NS(=O)(=O)c2ccccc2)nc1,,0.11841665953397751
8466,Cc1cc2nc3c(=O)[nH]c(=O)nc-3n(C[C@@H](O)[C@@H](O)[C@@H](O)COP(=O)(O)O)c2cc1C,,0.11842821538448334
6686,c1ccc(N2CN(c3ccccc3)CN(c3ccccc3)C2)cc1,,0.11844285577535629
1421,CC1(C)SC(C(NC(=O)Cc2ccccc2)C(=O)NCc2ccccc2)NC1C(=O)NC(CO)Cc1ccccc1,,0.11850577592849731
8871,O=[N+]([O-])c1cc(S(=O)(=O)c2ccc(F)c([N+](=O)[O-])c2)ccc1F,,0.11851225048303604
2032,CCCc1ncc(C[n+]2ccccc2C)c(N)n1,,0.11856438964605331
3617,CN1CCC(=C2c3ccccc3CC(=O)c3sccc32)CC1,,0.11857336014509201
5636,O=[N+]([O-])c1cc[n+]([O-])c2ccccc12,,0.11858844757080078
8687,c1ccc2c3csc4ccccc4c-3nc2c1,,0.11859966069459915
3510,CC(C(=O)O)c1ccc(N2Cc3ccccc3C2=O)cc1,,0.11863669008016586
1524,O=CN1CCN(c2ccc(CC3C(=O)Nc4ccccc43)cc2)CC1,,0.11865727603435516
3178,CN1C(=O)CN=C(c2ccccc2F)c2cc(Cl)ccc21,,0.11873560398817062
9043,CC(=O)Nc1ccc2c(c1)Cc1cc(F)ccc1-2,,0.11880353093147278
95,CC(C)=CCCC(C)=CCCC(C)=CCCC(C)=CCCC(C)=CCCC(C)=CCCC(C)=CCCC(C)=CCc1cc(C(=O)O)ccc1O,,0.11883743107318878
1572,Cc1cc(CCCOc2c(C)cc(-c3noc(C(F)(F)F)n3)cc2C)on1,,0.11885631084442139
1824,NCCNS(=O)(=O)c1cccc2c(Cl)cccc12,,0.11887413263320923
3991,O=C(O)CCC(=NO)c1ccc(-c2ccccc2)cc1,,0.11891419440507889
1365,Nc1ccn(C2CCC(COP(=O)(O)OP(=O)(O)OP(=O)(O)O)O2)c(=O)n1,,0.1189260333776474
4373,CCn1cc(C(=O)O)c(=O)c2cc3c(cc21)OCO3,,0.11895039677619934
5691,CC(CN1c2ccccc2Sc2ccccc21)[N+](C)(C)C.COS(=O)(=O)[O-],,0.11897919327020645
2167,CC(=C(CCOP(=O)(O)O)SC(=O)c1ccccc1)N(C=O)Cc1cnc(C)nc1N,,0.11898764967918396
9503,CC(=O)O[C@H]1C[C@]2(O)C3CC[C@@H]4C[C@@H](OC(=O)CCCCCCC(=O)NC(CCCN=C(N)N)C(=O)O)CC[C@]4(C)C3CC[C@]2(C)[C@H]1c1ccoc(=O)c1,,0.11900720000267029
2065,CCC(=O)CCCCCC1NC(=O)C2CCCCN2C(=O)C(C(C)CC)NC(=O)C(c2cn(OC)c3ccccc23)NC1=O,,0.11902277171611786
1875,CCN1CC2(COC)C(O)CC(OC)C34C5CC6(O)C(OC)C(O)C(OC(C)=O)(C5C6OC(=O)c5ccccc5)C(C(OC)C23)C14,,0.1190391480922699
3589,C=CC(=O)c1ccc2ccccc2c1,,0.11906617879867554
4473,C=C(C)C1OC2CCC3(C)C4(C)c5[nH]c6cc(Cl)c7c8c6c5C(OC(C)(C)C5CC(C(=C)C7)C85O)C4CCC3(O)C23OC3C1O,,0.11909622699022293
4271,CC(C)N(CCC[NH3+])N([O-])N=O,,0.11909835040569305
5382,C#CC1(O)CCC2C3CCC4Cc5nc6nc7ccccc7n6cc5CC4(C)C3CCC21C,,0.11910836398601532
4218,COC1=C(OC)C(=O)C(CC=C(C)C)=C(C)C1=O,,0.1191258579492569
4542,O=C(O)c1ccccc1C(=O)Nc1ccc(S(=O)(=O)Nc2nccs2)cc1,,0.11915023624897003
4064,NCCCCCNS(=O)(=O)c1cccc2c(Cl)cccc12,,0.1191854253411293
4998,COC(=O)C(C)=CC=CC(C)=CC=CC(C)=C1C(=O)CC2C1(C)CCC1C(C)(C)C(=O)CCC12C,,0.11920300126075745
2825,CCCCCCCCCCCCCCCC(=O)OCC(=O)C1(O)C(C)CC2C3CCC4=CC(=O)C=CC4(C)C3(F)C(O)CC21C,,0.11923802644014359
5042,COc1cc(NS(=O)(=O)c2ccc(N)cc2)ncn1,,0.11924797296524048
3340,CC1CNCCN1S(=O)(=O)c1cccc2cnccc12,,0.11929003149271011
7149,c1ccc(N=C(Nc2ccccc2)Nc2ccccc2)cc1,,0.11929081380367279
2878,CCCC(=O)OC1(C(=O)COC(C)=O)CCC2C3CC(F)C4=CC(=O)C=CC4(C)C3(F)C(O)CC21C,,0.11932025104761124
1956,CCC(C)C1NC(=O)CNC(=O)C2Cc3c([nH]c4cc(O)ccc34)S(=O)CC(NC(=O)CNC1=O)C(=O)NC(CC(N)=O)C(=O)N1CC(O)CC1C(=O)NC(C(C)C(O)CO)C(=O)N2,,0.11935049295425415
4439,CC(C)(O)C1OC2CCC3(C)C(O)(CCC4Cc5c([nH]c6ccccc56)C43C)C2=CC1=O,,0.11935994029045105
5464,NCCCCC(NC(=O)C1CCCN1C(=O)C1CSSCC(N)C(=O)NC(Cc2ccc(O)cc2)C(=O)NC(Cc2ccccc2)C(=O)NC(CCC(N)=O)C(=O)NC(CC(N)=O)C(=O)N1)C(=O)NCC(N)=O,,0.11938014626502991
3705,Cc1cccc(C)c1NC(=O)CN1CCN(CCCC(c2ccc(F)cc2)c2ccc(F)cc2)CC1,,0.11938285827636719
3339,O=S(=O)(NCCNCC=Cc1ccc(Br)cc1)c1cccc2cnccc12,,0.11943479627370834
3890,COC(=O)Nc1nc2ccc(C(=O)c3cccs3)cc2[nH]1,,0.11944764107465744
2800,CC([NH-])C[N-]CCNCC(C)[NH-].[N-]=C1C(=[N-])c2ccccc2-c2ccccc21.[Rh+2],,0.11946534365415573
5327,COc1ccc2c(c1)CCC1C2CCC2(C)C(NCCCCCCN3C(=O)C=CC3=O)CCC12,,0.11950048059225082
8039,Cc1ccc([N+](=O)[O-])cc1S(=O)(=O)Cl,,0.11952538788318634
4723,COc1ccc(CN(CCN(C)C)c2ccccn2)cc1,,0.11953296512365341
4247,CS(=O)(=O)Nc1ccc([N+](=O)[O-])cc1Oc1ccccc1,,0.1195351779460907
7106,O=[N+]([O-])c1ccc(SSc2ccc([N+](=O)[O-])cc2)cc1,,0.11953642964363098
4749,CN1CCc2cc(O)cc3c2C1Cc1ccc(O)c(O)c1-3,,0.11953973770141602
9036,Cc1nc2ccccc2c(=O)n1-c1ccccc1Cl,,0.1195981502532959
2160,O=C(O)COc1nn(Cc2ccccc2)c2ccccc12,,0.11964685469865799
4750,COc1ccc2c(c1O)-c1cccc3c1C(C2)N(C)CC3,,0.11965345591306686
1233,c1cnc2c(c1)ccc1cccnc12,,0.119700588285923
3150,Oc1ccc(C2CNCCc3c2cc(O)c(O)c3Cl)cc1,,0.11970986425876617
2067,CN1CCc2cccc3c2C1Cc1ccc(O)c(O)c1-3,,0.11974643170833588
9798,COc1ccc(C=Cc2cc(OC)cc(=O)o2)cc1,,0.11974986642599106
9615,COc1cc(O)c(C(=O)c2ccccc2)c(O)c1,,0.11976157873868942
3428,CCN(CC)CCCNc1ccc(CO)c2sc3ccccc3c(=O)c12,,0.11976451426744461
9752,O=C(NN=Cc1ccccc1O)c1ccncc1,,0.1197676882147789
6436,CCCCCCCCOc1ccc(C(=O)c2ccccc2O)c(O)c1,,0.11978054791688919
1942,CCC(=O)OCC(=O)C1(OC(=O)CC)C(C)CC2C3C(Cl)CC4=CC(=O)C=CC4(C)C3C(O)CC21C,,0.11978805810213089
2595,CCn1nc(C(=O)O)c(=O)c2cc3c(cc21)OCO3,,0.11984064429998398
8950,Cc1cc(C(=O)NNCc2ccc(N(C)C)cc2)no1,,0.11985926330089569
1436,Nc1ncc(S(=O)(=O)c2ccc([N+](=O)[O-])cc2)s1,,0.11986616998910904
2744,C=C1C(=O)C2C=CCC(C)CCCC(O)C=CC(=O)OC23C(=O)NC(Cc2ccccc2)C3C1C,,0.11988714337348938
2150,COC(=O)C1=C(C)NC(C)=C([N+](=O)[O-])C1c1ccccc1C(F)(F)F,,0.1199055165052414
7017,O=[N+]([O-])c1ccc(S(=O)(=O)Cl)cc1,,0.1199304461479187
3916,O=C(CCCCCCC(=O)c1ccc(N2CCN(c3ccccc3)CC2)cc1)NO,,0.1199573427438736
8171,Nc1ccc(C(=O)Oc2ccccc2)c(O)c1,,0.11999647319316864
2874,CC(=O)OCC(=O)C1(OC(C)=O)C(C)CC2C3CC(F)C4=CC(=O)C=CC4(C)C3(F)C(O)CC21C,,0.11999823153018951
3494,CC1Cc2ccccc2N1NC(=O)c1ccc(Cl)c(S(N)(=O)=O)c1,,0.12001459300518036
1649,NC(=O)CCC(N)C(=O)NS(=O)(=O)OCC1OC(n2cnc3c(N)ncnc32)C(O)C1O,,0.12004776298999786
4533,Nc1ncnc2c1ncn2C1OC(COP(=O)(O)OP(=O)(O)NP(=O)(O)O)C(O)C1O,,0.12006448209285736
5375,NCCCCNS(=O)(=O)c1cccc2c(Cl)cccc12,,0.12007022649049759
6445,O=C(O)c1ccccc1C(=O)c1ccccc1,,0.12008439749479294
9586,COc1cc2c(cc1OC)-c1c(OC)c(OC)cc3c1C(C2)N(C)CC3,,0.12011437118053436
8142,O=C(c1ccccc1)c1ccc(O)cc1O,,0.12012114375829697
8839,CC[C@H]1OC(=O)[C@H](C)[C@@H](OC2CC(C)(OC)C(O)C(C)O2)C(C)[C@@H](OC2OC(C)CC(N(C)C)C2O)[C@](C)(O)C[C@@H](C)C(=O)[C@H](C)[C@@H](O)[C@]1(C)O.O=C(O)C(O)C(O)C(O)C(O)CO,,0.12019461393356323
2950,COC1=C(OC)C(=O)c2ccccc2C1=O,,0.12021756917238235
3205,O=C1NCN(c2ccccc2)C12CCN(CCCC(c1ccc(F)cc1)c1ccc(F)cc1)CC2,,0.12024852633476257
6640,Nc1c2ccccc2nc2ccccc12,,0.12025250494480133
9812,C(#Cc1ccccc1)c1ccccc1,,0.1202632486820221
5506,CNC[C@H](O)c1ccc(O)c(O)c1.O=C(O)[C@H](O)[C@@H](O)C(=O)O,,0.12027591466903687
9570,CC[N+](C)(C)c1cccc(O)c1.[OH-],,0.12032432854175568
2214,CC1CC2C3CCC4=CC(=O)C=CC4(C)C3(F)C(O)CC2(C)C1(O)C(=O)COP(=O)(O)O,,0.12032605707645416
5447,C[C@]12C=CC(=O)C=C1CC[C@@H]1[C@@H]2[C@@H](O)C[C@@]2(C)[C@H]1CC[C@]2(O)C(=O)CO,,0.12033048272132874
2525,Nc1nc2ccc(Cl)cc2c2nc(-c3ccco3)nn12,,0.12033402174711227
3965,COC1=C(C)C(=O)c2cc(=O)n(C)cc2C1=O,,0.12033813446760178
3332,Nc1nc(N)c2c(Sc3ccc(N4CCOCC4)cc3)cccc2n1,,0.12034294009208679
6311,CC(=O)c1c(C)c([N+](=O)[O-])c(C(C)(C)C)c([N+](=O)[O-])c1C,,0.12036965787410736
5856,Cc1onc(-c2ccccc2)c1C(=O)N[C@@H]1C(=O)N2[C@@H]1SC(C)(C)[C@@H]2C(=O)O,,0.12037952244281769
2221,CC(O)(CS(=O)(=O)c1ccc(F)cc1)C(=O)Nc1ccc(C#N)c(C(F)(F)F)c1,,0.1203923150897026
9811,Cc1ccc(/N=N/c2ccc(C)cc2)cc1,,0.12039388716220856
5011,C=CC1C(OC2OC(CO)C(O)C(O)C2O)OC=C2C(=O)N3CCC4c5ccccc5NC4C3CC21,,0.12041087448596954
1637,O=C1C=Cc2c1cccc2[N+](=O)[O-],,0.12041603773832321
4631,CC12C=CC(=O)C=C1CCC1C2C(O)CC2(C)C1CCC2(O)C(=O)COP(=O)(O)O,,0.1204395666718483
9344,CC(=O)O[C@]1(C(C)=O)CC[C@H]2[C@@H]3C=C(Cl)C4=CC(=O)[C@@H]5C[C@@H]5[C@]4(C)[C@H]3CC[C@@]21C,,0.12045211344957352
4391,CC(C)CC(NC(=O)C1CCCN1C(=O)CNC(=O)c1ccc(N)cc1)C(=O)NC(C)C(=O)NO,,0.1204657107591629
3144,O=C(O)CCC(=O)c1ccc(-c2ccccc2)cc1,,0.12048150599002838
6998,Nc1cc(S(=O)(=O)O)ccc1O,,0.12050042301416397
1761,CC1(C)C(=O)C=CC2(C)C1CC(=O)C1(C)C2CCC2(C)C(c3ccoc3)OC(=O)C3OC321,,0.12051033228635788
8152,CN1[C@@H]2CC[C@@H]1CC(OC(c1ccccc1)c1ccccc1)C2.CS(=O)(=O)O,,0.1205105185508728
4143,Cc1ccc(S(=O)(=O)NC(C(=O)CCl)C(C)C)cc1,,0.12054817378520966
5283,Cc1cc2cc3c(C)cc(=O)oc3c(C)c2o1,,0.12057352066040039
2666,CCC(=O)CCCCCC1NC(=O)C2CCCCN2C(=O)C(C(C)CC)NC(=O)C(c2cn(CC)c3ccccc23)NC1=O,,0.12057596445083618
2042,O=S(=O)(O)Oc1cc2c(ccn2S(=O)(=O)O)c(Cl)c1O,,0.12061133980751038
1607,[H]/N=C(\N)c1ccc(CS(=O)(=O)F)cc1,,0.12063079327344894
9676,O=C1c2ccccc2-c2ccccc21,,0.12064937502145767
6495,Cc1cc(=O)oc2cc(N(C)C)ccc12,,0.12069723755121231
1121,Oc1cc(O)c2c(c1)OC(c1ccc(O)c(O)c1)C(O)C2,,0.12070398777723312
1037,Cc1ncc(C[n+]2csc(CCOP(=O)(O)OP(=O)(O)OC(O)CCC(=O)O)c2C)c(N)n1,,0.12071733176708221
5793,C[N+]1(C)CCC(=C(c2ccccc2)c2ccccc2)CC1,,0.12074209004640579
8040,Cc1ccc([N+](=O)[O-])cc1S(=O)(=O)O,,0.12075241655111313
1878,O=c1c2ccccc2[nH]c2ccccc12,,0.12075257301330566
4753,COc1cc2c(cc1OC)C(c1ccccc1)CN(C)CC2,,0.12075597047805786
5550,CC(=O)OCC(=O)[C@@]1(O)[C@H](Cl)CC2C3C[C@H](F)C4=CC(=O)C=C[C@]4(C)[C@@]3(F)[C@@H](O)C[C@@]21C,,0.12079351395368576
1119,CCCc1cc(=O)oc2c3c(c4c(c12)OC(C)(C)C=C4)OC(C)C(C)C3O,,0.12081488221883774
1440,c1ccc(Nc2nc(OCC3CCCCC3)c3[nH]cnc3n2)cc1,,0.1209244653582573
1765,O=C1CC(c2ccccc2)Oc2cc(O)ccc21,,0.12093012034893036
8467,C=CCN1Cc2ccccc2-c2ccccc2C1,,0.12093518674373627
5483,OC(c1ccccc1)c1nc2ccccc2[nH]1,,0.12094242125749588
2947,COc1ccc(C=CC(=O)OCCc2ccccc2)cc1OC,,0.12095393985509872
9598,CCC(C)C(=O)OC1C(OC(C)=O)c2c(ccc3ccc(=O)oc23)OC1(C)C,,0.12095990777015686
8227,CC(=O)c1ccc(-c2ccc([N+](=O)[O-])cc2)cc1,,0.12097824364900589
1682,NC(=[NH2+])c1ccc2nc[nH]c2c1,,0.12098658829927444
300,CC(C)(COP(=O)(O)OP(=O)(O)OCC1OC(n2cnc3c(N)ncnc32)C(O)C1OP(=O)(O)O)C(O)C(=O)NCCC(=O)NCCS,,0.12106939405202866
1683,[H]/N=C(\N)c1ccc2nc[nH]c2c1,,0.12106942385435104
1079,COC1=C(OC)C(=O)C(CC=C(C)CCC=C(C)CCC=C(C)CCC=C(C)CCC=C(C)CCC=C(C)CCC=C(C)CCC=C(C)C)=C(C)C1=O,,0.12114399671554565
1254,c1ccc2c(N3CCNCC3)cccc2c1,,0.12114929407835007
2412,CC1(C)SC2C(NC(=O)C(C(=O)Oc3ccc4c(c3)CCC4)c3ccccc3)C(=O)N2C1C(=O)O,,0.12115220725536346
1898,CCC(C)C(NC(=O)C(O)Cc1ccc(O)cc1)C(=O)N1C(C(=O)NCCCCN=C(N)N)CC2CCC(OS(=O)(=O)O)CC21,,0.12115737050771713
3994,COc1ccc(S(=O)(=O)N2CCN(C(=O)OCc3ccccc3)CC2C(=O)NO)cc1,,0.12116400897502899
2436,C/N=C1\C=C(N)c2ccncc2C1=O,,0.12119876593351364
5676,CN[C@H]1[C@@H](O[C@@H]2[C@@H](O[C@H]3[C@H](O)[C@@H](O)[C@H](N=C(N)N)[C@@H](O)[C@@H]3N=C(N)N)O[C@H](C)[C@@]2(O)C=O)O[C@H](CO)[C@@H](O)[C@@H]1O,,0.12120507657527924
2808,COc1cc(CC2C(=O)OCC2Cc2ccc3c(c2)OCO3)cc(OC)c1OC,,0.12123771011829376
9157,O=C(Nc1ccc2c(c1)Cc1ccccc1-2)C(F)(F)F,,0.12124288082122803
4640,CC[N+]1(CC)CCC(=C(c2ccccc2)c2ccccc2)C1C,,0.12125635892152786
4917,c1cc2c(cc1C1OCC3C(c4ccc5c(c4)OCO5)OCC13)OCO2,,0.12125714868307114
815,NCc1cc(COc2ccc(CCNC(=O)CCC(NC(=O)CCC(NC(=O)CCC(C(=O)O)C(CCC(=O)O)C(=O)O)C(=O)O)C(=O)O)cc2)co1,,0.12126345932483673
2913,COc1cccc(C(=O)c2ccccc2O)c1O,,0.12129635363817215
8565,O=Nc1ccc(Nc2ccccc2)cc1,,0.12134282290935516
6088,CC1(C)O[C@@H]2C[C@H]3[C@@H]4CCC5=CC(=O)C=C[C@]5(C)[C@@]4(F)[C@@H](O)C[C@]3(C)[C@]2(C(=O)CO)O1,,0.12135631591081619
3983,O=S(=O)(c1cccc2c(Cl)cccc12)N1CCCNCC1,,0.12138418853282928
4914,COC(=O)C12OCC34C(CC5C(C)C6=CC(=O)OC6=CC5(C)C3C(O)C1O)OC(=O)C(OC(C)=O)C24,,0.12140348553657532
6732,Nc1ccc(-c2ccc(N)cc2)cc1,,0.12141238152980804
3209,O=C1CN=C(c2ccccc2F)c2cc(Cl)ccc2N1CC1CC1,,0.12143423408269882
7045,O=C(Cl)c1cc([N+](=O)[O-])cc([N+](=O)[O-])c1,,0.1214565634727478
8019,O=C(CC(=O)c1ccccc1)c1ccccc1,,0.1214875727891922
4632,CC12C=CC(=O)C=C1CCC1C2C(O)CC2(C)C1CCC2(O)C(=O)COC(=O)CCC(=O)O,,0.12155653536319733
6708,Cc1ccc2nc(-c3ccc(N)cc3)sc2c1,,0.12155742198228836
2893,COc1ccc(C2Sc3ccccc3N(CC[NH+](C)C)C(=O)C2OC(C)=O)cc1,,0.1215619444847107
9534,O=C(O)C1(O)c2ccccc2-c2ccccc21,,0.12159153074026108
5659,O=C1CC2OCC=C3CN4CC[C@]56c7ccccc7N1C5[C@H]2[C@H]3C[C@H]46,,0.12161855399608612
2872,CCC(=C(CC)c1ccc(O)cc1)c1ccc(O)cc1,,0.12162459641695023
3912,O=C(CCc1ccc(NS(=O)(=O)c2ccccc2)cc1)NO,,0.12162473052740097
3753,CC(C)=CCCC(C)=CC=CC(C)=CC=CC(C)=CC=CC=C(C)C=CC=C(C)C=CC=C(C)CCC=C(C)C,,0.1216387152671814
3018,NC(Cc1ccccc1)C(=O)NCCOCCOCCNC(=O)c1ccc(S(N)(=O)=O)cc1,,0.12164232134819031
8144,CC(=O)NS(=O)(=O)c1ccc(NC(=O)c2ccccc2C(=O)O)cc1,,0.12164482474327087
9669,CCC(C)c1cc([N+](=O)[O-])cc([N+](=O)[O-])c1OC(=O)C=C(C)C,,0.12165523320436478
3969,Nc1cc(N2CCCCC2)nc(N)[n+]1OS(=O)(=O)O,,0.12168913334608078
2041,O=S(=O)([O-])Oc1cc2c(ccn2S(=O)(=O)[O-])c(Cl)c1O,,0.12177979201078415
3851,CN1CC(CS(=O)(=O)N(C)C)CC2c3cccc4c3c(cn4C)CC21,,0.12180697172880173
4936,CC(C)(C)C(=O)Oc1ccc(S(=O)(=O)Nc2ccccc2C(=O)NC(=O)O)cc1,,0.12188801169395447
2166,CCCCN(CC)c1c([N+](=O)[O-])cc(C(F)(F)F)cc1[N+](=O)[O-],,0.12188899517059326
1459,CCOC(=O)CN(c1ccccc1C(=O)OC)S(=O)(=O)c1ccc(C)cc1,,0.12191031128168106
1170,CC=C1C2C=C(C)CC1(N)c1ccc(=O)[nH]c1C2,,0.121933713555336
8539,CC[N+](CC)(CCNC(=O)C(=O)NCC[N+](CC)(CC)Cc1ccccc1)Cc1ccccc1,,0.12195174396038055
3615,CC(C(=O)O)c1cccc(C(=O)c2ccccc2)c1,,0.12195831537246704
540,CC(C=CC=C(C)C=CC1=C(C)CCCC1(C)C)=CC=CC=C(C)C=CC=C(C)C=CC1=C(C)CCCC1(C)C,,0.12196225672960281
4361,O=C1Nc2ccc(Cl)cc2C(c2ccccc2)=NC1O,,0.12205208092927933
4069,c1ccc(CNn2nnc3ccccc32)cc1,,0.12209592014551163
2966,COc1cc2c(cc1OC)C(=O)C(CC1CCN(Cc3ccccc3)CC1)C2,,0.12210296094417572
6410,N#CC1=C(C#N)C(=O)C(Cl)=C(Cl)C1=O,,0.12216769903898239
4297,O=C(O)c1cc([N+](=O)[O-])ccc1NCCCc1ccccc1,,0.12219790369272232
8057,O=[N+]([O-])c1cccc(S(=O)(=O)Cl)c1,,0.1222132220864296
3085,CCN(CC)CCOc1ccccc1C(=O)CCc1ccccc1,,0.12222921848297119
4353,Cc1onc(-c2ccccc2)c1C(=O)NC1C(=O)N2C1SC(C)(C)C2C(=O)O,,0.12226296216249466
4997,CC(C=CC=C(C)C(=O)O)=CC=CC(C)=C1C(=O)CC2C1(C)CCC1C(C)(C)C(=O)CCC12C,,0.1223166212439537
1905,N#CC(C#N)=Cc1ccc([N+](=O)[O-])c(O)c1,,0.1223803386092186
9722,Nc1ccc(-c2ccccc2N)cc1,,0.12238297611474991
4329,CC1COc2c(N3CCN(C)CC3)c(F)cc3c(=O)c(C(=O)O)cn1c23,,0.12238852679729462
4428,CC(=O)OCC(=O)C1(O)C(C)CC2C3CC(F)C4=CC(=O)C=CC4(C)C3C(O)CC21C,,0.12240912020206451
4788,COc1ccc(C=C(C#N)c2cccnc2)cc1OC,,0.12242220342159271
3182,CCOC(=O)c1ncn2c1CN(C)C(=O)c1cc(F)ccc1-2,,0.12243632227182388
7046,O=C(O)c1cc([N+](=O)[O-])cc([N+](=O)[O-])c1,,0.12244336307048798
5157,CCCCCCCCCCCCCCCC[N+](C)(C)CCN(Cc1ccc(OC)cc1)c1ncccn1,,0.12244360148906708
7324,CCCCCCCCCCCC[n+]1ccccc1.[Cl-],,0.12245619297027588
3246,NS(=O)(=O)c1cc(C(=O)O)c(NCc2ccco2)cc1Cl,,0.12247185409069061
6479,O=[N+]([O-])c1cccc2ccccc12,,0.12248117476701736
5876,CC(=O)OCC(=O)[C@@]1(O)[C@H](OC(C)=O)C[C@H]2[C@@H]3CCC4=CC(=O)C=C[C@]4(C)[C@@]3(F)[C@@H](O)C[C@@]21C,,0.12249128520488739
3590,CC1=CC(C)CC(C)OC(=O)CC(c2ccc(O)cc2)NC(=O)C(Cc2c(Br)[nH]c3ccccc23)N(C)C(=O)C(C)NC(=O)C(C)C1,,0.12251856178045273
2776,O=C1CN(N=Cc2ccc(-c3ccc([N+](=O)[O-])cc3)o2)C(=O)N1,,0.12252790480852127
8164,O=C(Cc1ccccc1)OC1=C(OC(=O)Cc2ccccc2)C(=O)OC1=O,,0.12256422638893127
3427,CCN(CC)CCNc1ccc(CO)c2sc3ccccc3c(=O)c12,,0.12256849557161331
1501,COc1cccc(N2CCc3cc(S(N)(=O)=O)sc3S2(=O)=O)c1,,0.12259819358587265
8059,CC(C)(C)CC(C)(C)c1ccc(OCCOCC[N+](C)(C)Cc2ccccc2)cc1.[Cl-],,0.12260355800390244
1838,CCCCCc1ccc(C=CC(=O)Nc2ccccc2C(=O)O)cc1,,0.12262463569641113
5089,CCCCOC(=O)C(=O)Nc1cccc(-c2nn[nH]n2)c1,,0.12270060181617737
4201,Cn1cc(C(=O)C2CCc3nc[nH]c3C2)c2ccccc21,,0.1227315217256546
4263,NC(=O)c1cc([N+](=O)[O-])cc([N+](=O)[O-])c1,,0.12276916205883026
6735,O=[N+]([O-])c1ccc(-c2ccccc2)cc1,,0.12277443706989288
7187,Nc1ccc(Cc2ccc(N)cc2)cc1,,0.12277712672948837
4549,Oc1cc(O)cc(C=Cc2ccc(O)c(O)c2)c1,,0.12278293818235397
6587,O=C(O)c1ccc(S(=O)(=O)O)cc1C(=O)O,,0.12278547883033752
5017,Cc1c[nH]c(C=C2C(=O)Nc3ccccc32)c1CCC(=O)O,,0.1227877289056778
3081,CC12CCC3c4ccc(OCc5ccccc5)cc4CCC3C1CC(O)C2O,,0.12284418940544128
3195,CNCCC(Oc1ccc(C(F)(F)F)cc1)c1ccccc1,,0.12285808473825455
3724,CN1C(CC(=O)c2ccccc2)CCCC1CC(O)c1ccccc1,,0.12286040186882019
8829,COC1=C(OC)C(=O)C(CC=C(C)CCC=C(C)CCC=C(C)CCC=C(C)CCC=C(C)CCC=C(C)CCC=C(C)C)=C(C)C1=O,,0.12287497520446777
5096,Cc1scc2c1N(C(=O)CN1CCN(C)CC1)c1ccccc1NC2=O,,0.12290776520967484
2155,CC1CC2C3CCC4=CC(=O)C=CC4(C)C3(Cl)C(O)CC2(C)C1(O)C(=O)CO,,0.12293380498886108
2817,O=C1CN=C(c2ccccc2)c2cc(Cl)ccc2N1,,0.12296535074710846
8127,Cc1cc(OP(=O)(O)O)c2ccccc2c1OP(=O)(O)O,,0.12297608703374863
243,[H]/N=C(\N)N(C)CCC(N)CC(=O)NC1C=CC(n2ccc(N)nc2=O)OC1C(=O)O,,0.12299253046512604
4377,COc1ccc(C(=O)c2ccccc2)c(O)c1,,0.12302395701408386
5599,O=C1N=C([O-])CN1N=Cc1ccc([N+](=O)[O-])o1.[Na+],,0.12304816395044327
5891,Cc1ccc(S(=O)(O)=Nc2ccccc2)cc1,,0.12305299937725067
1263,CC1CN(S(=O)(=O)c2cccc3cnccc23)CCN1,,0.12307596206665039
2265,CC(C)n1cnc2c(NCc3ccccc3)nc(NCCCO)nc21,,0.12307646125555038
9275,CN(C)CCN(Cc1ccc(F)cc1)c1ccccn1,,0.1231435090303421
9907,CC(=O)OC[C@]12CC[C@H](O)C=C1CC[C@@]1(O)C2CC[C@]2(C)[C@@H](c3ccc(=O)oc3)CC[C@]12O,,0.12316705286502838
4289,O=C1CN=C(c2ccccc2F)c2cc(Cl)ccc2N1,,0.12319689244031906
1282,COc1ccc(S(=O)(=O)N2CN(Cc3ccccc3)C(=O)CC2C(=O)NO)cc1,,0.12319810688495636
8060,Nc1ccc(S(=O)(=O)O)cc1,,0.12320148199796677
3405,Oc1ccc(C(O)CNCCCCCCNCC(O)c2ccc(O)c(O)c2)cc1O,,0.12322939187288284
4529,CCCCCCCCCCCCC(=O)OC1C(C)C2(O)C(C=C(C(=O)O)CC3(O)C(=O)C(C)=CC32)C2C(C)(C)C12OC(C)=O,,0.12323857843875885
8003,COc1cc2ccc(=O)oc2cc1OC,,0.12327374517917633
2926,Cc1c(N(C)CS(=O)(=O)[O-])c(=O)n(-c2ccccc2)n1C,,0.12329008430242538
5219,CP(=O)([O-])C1=CC[NH2+]CC1,,0.123313769698143
4157,OCC1OC(n2cnc3c(NCCc4ccccc4)ncnc32)C(O)C1O,,0.12336303293704987
2106,C=C1C2CCC3C4(C)CC(OC5OC(CO)C(OS(=O)(=O)O)C(OS(=O)(=O)O)C5OC(=O)CC(C)C)CC(C(=O)O)C4CCC3(C2)C1O,,0.1233811005949974
1576,CN1C(=O)CN=C(c2ccc(Cl)cc2)c2cc(Cl)ccc21,,0.12339861690998077
4591,CCn1cc(C(=O)O)c(=O)c2cnc(N3CCCC3)nc21,,0.1234361082315445
4798,CC1CN(CCCn2c3ccccc3c3ccccc32)CC(C)N1,,0.1234794333577156
3166,CN1CCN(c2c(F)cc3c(=O)c(C(=O)O)cn(CCF)c3c2F)CC1,,0.12349008023738861
9566,CC(C)=CCCC(C)=CC=CC(C)=CC=CC(C)=CC=CC=C(C)C=CC=C(C)C=CC1=C(C)CCCC1(C)C,,0.12351204454898834
2669,CCC(C)C1NC(=O)C(c2cn(OC)c3ccccc23)NC(=O)C(CCCCCC(=O)OC)NC(=O)C2CCCCN2C1=O,,0.12356512993574142
1611,Cc1nc2cccc(F)c2c(N)c1CSCc1cccc(C(O)(O)C(F)(F)F)c1,,0.12358829379081726
9664,Oc1cc2ccccc2c2ccccc12,,0.1235930323600769
3788,Cc1ccc(C(=O)c2c[nH]c(C=CC(=O)NO)c2)cc1,,0.12360503524541855
4879,O=C(Oc1ccccc1C(=O)O)c1ccccc1O,,0.12362635135650635
8639,C1=Cc2cccc3cccc(c23)C1,,0.12368622422218323
941,NC(=O)c1ncn(C2OC(COP(=O)(O)O)C(O)C2O)c1N/C=N/CC(=O)C(O)C(O)COP(=O)(O)O,,0.12372484803199768
1500,Nc1ncnc2c1ncn2C1OC(COP(=O)(O)OP(=O)(O)O)C(OP(=O)(O)O)C1O,,0.12373922765254974
8551,NC(Cc1c[nH]c2ccc(N(CCCl)CCCl)cc12)C(=O)O,,0.1237821877002716
8694,C1=CCC2=Cc3ccccc3C2=C1,,0.1237872987985611
6432,Cc1ccc2c(ccc3ccccc32)n1,,0.12381461262702942
6116,C=C1C[C@]23C[C@@]1(O)CC[C@H]2[C@@]12C=C[C@H](O)[C@@](C)(C(=O)O1)[C@H]2[C@@H]3C(=O)O,,0.123823381960392
3281,Cc1cnc(C(=O)NCCc2ccc(S(=O)(=O)NC(=O)NC3CCCCC3)cc2)cn1,,0.12389088422060013
4554,Cc1ncc(CO)c(C=NNC(=O)c2ccncc2)c1O,,0.12390293926000595
5276,COc1cc(Cc2cnc(N)nc2N)cc(OC)c1OC,,0.12390343844890594
5637,NCCCCC(NC(=O)C1CCCN1C(=O)C1CSSCC(N)C(=O)NC(Cc2ccccc2)C(=O)NC(Cc2ccccc2)C(=O)NC(CCC(N)=O)C(=O)NC(CC(N)=O)C(=O)N1)C(=O)NCC(N)=O,,0.12393186241388321
8233,Cc1ncc(C[n+]2csc(CCO)c2C)c(=O)[nH]1,,0.12395162135362625
5552,C[C@]12C=CC(=O)C=C1CC[C@@H]1[C@@H]2C(=O)C[C@@]2(C)[C@H]1CC[C@]2(O)C(=O)CO,,0.12397530674934387
4279,CN1Cc2c(N)cccc2C(c2ccccc2)C1,,0.12398108094930649
1812,O=C(O)CNS(=O)(=O)c1ccc(N2CCC(c3ccccc3)CC2)cc1,,0.12400002777576447
1695,Nc1ncnc2c1ncn2C1OC(COP(=O)(O)OP(=O)(O)O)C(O)C1OP(=O)(O)O,,0.12403235584497452
5088,COc1c(N2CCNC(C)C2)c(F)cc2c(=O)c(C(=O)O)cn(C3CC3)c12,,0.1240471601486206
5112,CC(C)N1CCN(c2ccc(OCC3COC(Cn4cncn4)(c4ccc(Cl)cc4Cl)O3)cc2)CC1,,0.12406618148088455
1895,[H]/N=C(N)/N=N/c1cc2c(cc1O)N(C)CC2O,,0.12415189296007156
306,O=c1ccc2ccccc2o1,,0.12416467070579529
9605,COc1ccc2c(c1OC)CN1CCc3cc4c(cc3C1C2O)OCO4,,0.12416904419660568
9376,C/N=C1/CN(O)C(c2ccccc2)=c2cc(Cl)ccc2=N1.Cl,,0.12418516725301743
4653,CC(C)C(NC(=O)C(Cc1ccc(O)cc1)NC(=O)C(N)CCCN=C(N)N)C(=O)N1CCCC1C(=O)NC(C(=O)O)C(C)O,,0.12421468645334244
6509,O=[N+]([O-])c1cc([N+](=O)[O-])c2onnc2c1,,0.1242310032248497
3817,Cc1cccc(Nc2ccccc2C(=O)O)c1C,,0.12423452734947205
6695,Oc1ccc(-c2ccccc2)cc1Cl,,0.12428879737854004
9620,CCN(CC)CCNc1ccc(C)c2sc3ccccc3c(=O)c12,,0.12429789453744888
1081,CC(=O)NC1C(OP(=O)(O)OP(=O)(O)OCC2OC(n3ccc(=O)[nH]c3=O)C(O)C2O)OC(CO)C(O)C1OC(C)C(=O)NC(C)C(=O)NC(CCC(=O)O)C(=O)O,,0.12430652976036072
8239,O=C(Oc1cccc(O)c1)c1ccccc1,,0.12434795498847961
2580,c1ccc(C2(c3ccccc3)CC2C2=NCCN2)cc1,,0.12434964627027512
4337,Cn1cnc2c(NCc3ccccc3)nc(NCCO)nc21,,0.12438642978668213
4323,O=[N+]([O-])c1ccccc1NCCOP(=O)(O)OP(=O)(O)O,,0.12443846464157104
3116,CCc1cc2c(s1)-n1c(C)nnc1CN=C2c1ccccc1Cl,,0.12445013970136642
7982,O=c1[nH]ncc2ccccc12,,0.12445548921823502
348,CC(=O)Oc1ccc2c(C)cc(=O)oc2c1,,0.1244572177529335
8111,O=[N+]([O-])c1cc(C2CCCCC2)c(O)c([N+](=O)[O-])c1,,0.12447655946016312
6405,c1cc2c(c3c1CC1c4cc5c(cc4CCN1C3)OCO5)OCO2,,0.12450645118951797
5356,COc1ccc2c(c1)N1C(C=C(C)C)OOC(C)(C)CC3C1C2C(O)C1(O)C(=O)N2CCCC2C(=O)N31,,0.12452208250761032
2383,CCCCCc1cc(O)c2c(c1)OC(C)(C)c1ccc(C)cc1-2,,0.12453562021255493
1348,CCCCCC=CC=C1C(=O)C=CC1CC=CCCCC(=O)O,,0.1245637834072113
4441,CCCCC(OP(=O)(O)O)C(=O)NC(CC(C)C)C(=O)Nc1ccc([N+](=O)[O-])cc1,,0.12456577271223068
5466,O=C(Cc1cccs1)N[C@@H]1C(=O)N2C(C(=O)O)=C(C[n+]3ccccc3)CS[C@H]12,,0.12457020580768585
6453,Cc1cccc(NC(=O)c2ccccc2C(=O)O)c1,,0.12460204213857651
2815,CNCCCN1c2ccccc2CCc2ccccc21,,0.12461958825588226
5110,CN(CC=CC#CC(C)(C)C)Cc1cccc2ccccc12,,0.12462011724710464
5704,O=c1ccn([C@@H]2O[C@H](COP(=O)(O)O)[C@@H](O)[C@H]2O)c(=O)[nH]1,,0.12464073300361633
1949,COc1cc2nc(N(C)CCCNC(=O)C3CCCO3)nc(N)c2cc1OC,,0.12466876208782196
4339,COc1ccc2nc(S(=O)Cc3ncc(C)c(OC)c3C)[nH]c2c1,,0.1246829554438591
8113,CCC(=O)Oc1ccc(C(CC)=C(CC)c2ccc(OC(=O)CC)cc2)cc1,,0.12468867003917694
6107,ClC(c1ccccc1)(c1ccccc1)c1ccccc1,,0.12472281605005264
3041,CCn1cc(C(=O)O)c(=O)c2cc(F)c(N3CCNCC3)nc21,,0.12474144250154495
1717,CC1(c2ccc(Oc3ccccc3)cc2)C(=O)NC(=O)NC1=O,,0.12479483336210251
2113,CC=C(C)C(=O)OC1CC(OC(C)=O)C2(C(=O)OC)COC3C2C12COC(O)(C(=O)OC)C2C(C)(C12OC1(C)C1CC2OC2OC=CC21O)C3O,,0.12480205297470093
4206,CCc1nn(CCCN2CCN(c3cccc(Cl)c3)CC2)c(=O)n1CCOc1ccccc1,,0.12480416893959045
1264,O=C(Nc1ccccn1)Nc1cccc2c1C1CCCN1C2=O,,0.12480492889881134
8507,c1ccc(CSSCc2ccccc2)cc1,,0.12482403218746185
2876,CCCCC(=O)OCC(=O)C1C(C)CC2C3CC(F)C4=CC(=O)C=CC4(C)C3(F)C(O)CC21C,,0.12482608109712601
3681,CC(C)=CCC1CC2(CC=C(C)C)C(=O)C(C(CC(=O)O)c3ccccc3)(C(=O)C(C(=O)CC(C)C)=C2O)C1(C)C,,0.12482814490795135
8493,COc1cc(C=NNC(=O)c2ccncc2)ccc1O,,0.12483613938093185
3365,COCc1cc(O)c(O)c(O)c1-c1c(COC)cc(O)c(O)c1O,,0.12489427626132965
2202,COc1c2ccoc2cc2oc(=O)ccc12,,0.12490662187337875
9940,C[C@]12CCC3C(CCC4=C[C@@H](O)CC[C@@]43C=O)[C@@]1(O)CC[C@@H]2c1ccc(=O)oc1,,0.12491367012262344
3489,CN(C)CCCN1c2ccccc2CCc2ccccc21,,0.12491939216852188
9767,O=CC(=O)C=O,,0.12494038045406342
4266,O=C(O)C1=CCCN(CCON=C(c2ccccc2)c2ccccc2)C1,,0.12495679408311844
4503,O=S(=O)(O)c1ccc(O)cc1,,0.12498264759778976
2906,CC(CN1c2ccccc2Sc2ccc(S(=O)(=O)N(C)C)cc21)N(C)C,,0.1250607967376709
2670,CCC(C)C1NC(=O)C(c2cn(OC)c3ccccc23)NC(=O)C(CCCCCC(=O)O)NC(=O)C2CCCCN2C1=O,,0.1250724047422409
1160,Oc1cc2c(cc1O)C(c1ccccc1)CNCC2,,0.12507794797420502
2736,NS(=O)(=O)c1cc2c(cc1Cl)NC(C1CC3C=CC1C3)NS2(=O)=O,,0.12508024275302887
4739,C=CC1CN2CCC1CC2C(OC(=O)OCC)c1ccnc2ccc(OC)cc12,,0.12509191036224365
4633,CC(C)(C)CC(=O)OCC(=O)C1(O)CCC2C3CCC4=CC(=O)C=CC4(C)C3C(O)CC21C,,0.12510362267494202
8702,C1=Cc2ccccc2Nc2ccccc21,,0.12511219084262848
4403,O=[N+]([O-])c1ccc(NCCOP(=O)(O)OP(=O)(O)O)cc1,,0.12512429058551788
5650,ON=Cc1cc[n+](CCC[n+]2ccc(C=NO)cc2)cc1,,0.1251428872346878
4752,Oc1ccc2c(c1O)-c1cccc3c1C(C2)NCC3,,0.12517254054546356
8826,CCCCCC(=O)OCC(=O)C1[C@H](C)C[C@H]2C3C[C@H](F)C4=CC(=O)C=CC4(C)C3C(O)CC12C,,0.125172957777977
3184,CC1CC2C3CC(F)C4=CC(=O)C=CC4(C)C3(F)C(O)CC2(C)C1(O)C(=O)CO,,0.1251855343580246
1756,CCC(CC)n1ccc2c3c(N)nc(N)nc3ccc21,,0.1252012401819229
3951,CN1CCN2c3ccccc3Cc3ccccc3C2C1,,0.12520217895507812
3072,CC12CCC3c4ccc(OC(=O)c5ccccc5)cc4CCC3C1CCC2O,,0.1252039223909378
5289,Cc1c(C)c2c(c(C)c1O)CCC(C)(COc1ccc(CC3SC(=O)NC3=O)cc1)O2,,0.12523600459098816
2031,CC(C)CN(CC(O)C(Cc1ccccc1)NC(=O)OC1CCOC1)S(=O)(=O)c1ccc(N)cc1,,0.12525014579296112
3755,C=CC(C)(CCC=C(C)C)c1ccc2c3c(c[nH]c13)CC(CO)NC(=O)C(C(C)C)N2C,,0.12525321543216705
5282,CC(CN(C)C)CN1c2ccccc2CCc2ccccc21,,0.12526139616966248
1202,COc1ccc(CC2COC(=O)C2Cc2ccc(OC)c(OC)c2)cc1OC,,0.1252872794866562
1775,Cn1c(=O)c2c(nc(C=Cc3cccc(Cl)c3)n2C)n(C)c1=O,,0.1253119856119156
3980,CCCCCCCCCCCCCCCCOCC(COCC(F)(F)F)OP(=O)([O-])OC.[Li+],,0.12531474232673645
2909,Cc1c(C(N)=O)cc([N+](=O)[O-])cc1[N+](=O)[O-],,0.12532950937747955
1386,Nc1nc(N)c2c(n1)NCC(c1ccccc1)N2,,0.12533047795295715
2673,CCC(C)C1NC(=O)C(c2cn(OC)c3ccccc23)NC(=O)C(CCCCCSC(C)=O)NC(=O)C2CCCCN2C1=O,,0.1253495216369629
2928,CC1=NC(CC2=NCC(CCC(=O)O)=C2CC(=O)O)C(CCC(=O)O)=C1CC(=O)O,,0.12536044418811798
8961,C[NH2+]CC(O)c1ccc(O)c(O)c1.[Cl-],,0.12541508674621582
4748,CCCN1CCc2cc(O)cc3c2C1Cc1ccc(O)c(O)c1-3,,0.1254359483718872
4105,CCOC(CN(Cc1ccc2c(c1)OCO2)S(=O)(=O)c1ccc(C)cc1)OCC,,0.12543830275535583
4450,C=CC(=O)Nc1ccc2ncnc(Nc3cccc(Br)c3)c2c1,,0.12544037401676178
2276,C=C(CO)CC1CC(O)C2(C)OC3CC4OC5CC6(C)OC7(C)CCC8OC9CC%10(C)OC%11C(C)=CC(=O)OC%11CC%10OC9CC(C)C8OC7CC6OC5(C)CC=CC4OC3CC2O1,,0.1254754364490509
3344,NC(N)=NCCNS(=O)(=O)c1cccc2cnccc12,,0.12554208934307098
8120,C=C[C@H]1CN2CCC1C[C@H]2[C@H](O)c1ccnc2ccc(OC)cc12,,0.12557409703731537
5634,C=C[C@H]1CN2CCC1C[C@@H]2[C@@H](O)c1ccnc2ccc(OC)cc12,,0.12557409703731537
3941,CC(C)(C(=O)c1cccnc1)c1cccnc1,,0.12558504939079285
483,O=C(O)C(=O)C=CCC(=O)c1ccccc1,,0.12560947239398956
6575,CCC(C)c1cc([N+](=O)[O-])cc([N+](=O)[O-])c1O,,0.12561684846878052
4571,CCN1CCN(C(=O)NC(C(=O)NC2C(=O)N3C2SC(C)(C)C3C(=O)O)c2ccccc2)C(=O)C1=O,,0.1256517618894577
5003,CC=C(C)C=CC=CC(OC)C(C)C(OC)C(C)CCc1oc2c(O)c(OC)cc(OC)c2c(=O)c1C,,0.12566028535366058
7848,ON=Cc1cc[n+](COC[n+]2ccc(C=NO)cc2)cc1,,0.12568126618862152
3290,COc1ccc(Cl)cc1C(=O)NCCc1ccc(S(=O)(=O)NC(=O)NC2CCCCC2)cc1,,0.12577545642852783
6659,O=C(c1ccccc1)c1ccccn1,,0.1258222907781601
6334,O=C1c2ccccc2-c2ccc(Br)c3cccc1c23,,0.125837504863739
8140,COc1ccc(C(=O)c2ccc(OC)cc2O)c(O)c1,,0.12583793699741364
5053,Cc1noc(NS(=O)(=O)c2ccc(N)cc2)c1C,,0.12588299810886383
4442,CC1(C)Oc2ccc(C#N)cc2C(OC2=CC(=O)CC2)C1O,,0.12592019140720367
4598,CCCCCNC(=O)C(Cc1ccc(OC(C(=O)O)C(=O)O)cc1)NC(=O)NC(Cc1ccccc1)C(=O)O,,0.12592151761054993
4677,CCCOC(C(=O)OC1CCN(C)CC1)(c1ccccc1)c1ccccc1,,0.1259227991104126
2703,CC1=C(SCCO)C(=O)c2ccccc2C1=O,,0.12594738602638245
4634,CCCCC(=O)OC1(C(=O)COC(C)=O)CCC2C3CCC4=CC(=O)C=CC4(C)C3C(O)CC21C,,0.1259537786245346
4717,CCC(Nc1nc(Nc2cccc(Cl)c2)c2ncn(C(C)C)c2n1)C(C)C,,0.12599581480026245
8441,CN1CC[C@]23c4c5ccc(O)c4O[C@@]2(C)C(=O)CC[C@H]3[C@@H]1C5,,0.12606272101402283
8150,O=Nc1c(O)ccc2ccccc12,,0.1260794997215271
7174,Nc1ccc(Nc2ccccc2)cc1,,0.1261090487241745
6935,Nc1ccc([N+](=O)[O-])cc1[N+](=O)[O-],,0.12611551582813263
9548,CC(=O)O[C@H]1[C@H]2O[C@]23C2CC[C@@H]4C[C@@H](O)CCC4(C)C2CCC3(C)[C@H]1c1ccoc(=O)c1,,0.1261233389377594
3308,CC(=O)OC1CCC2(C)C3CC(O)C4(C)C(C(C=O)CC(=O)C=C(C)C)C(O)CC4(CO)C3=CCC2C1(C)C(=O)OC1OC(CO)C(O)C(O)C1O,,0.12614190578460693
6304,CC(=O)N(c1onc(C)c1C)S(=O)(=O)c1ccc(N)cc1,,0.12619078159332275
3263,CC(=O)OC1CC2C(C)(C)C(=O)C=CC2(C)C2CCC3(C)C(c4ccoc4)OC(=O)C4OC43C12C,,0.12622736394405365
9692,O=S(=O)(O)Oc1c[nH]c2ccccc12,,0.12624691426753998
3971,CN1CCN2c3ncccc3Cc3ccccc3C2C1,,0.12627992033958435
3080,CC(=O)OC1CC2C3CCc4cc(OC(=O)c5ccccc5)ccc4C3CCC2(C)C1OC(C)=O,,0.12629033625125885
2374,COCC(C(O)C(O)C(=O)NCCC(C)c1nc(C=CCC2OC3(CC(O)C2C)OC(C(CC(O)C(C)C(O)C(C)C=C(C)C(C)=CC=CC(C)=CC#N)OC)C(OP(=O)(O)O)C3(C)C)co1)N(C)C,,0.1263010948896408
4290,NCCC(Oc1ccc(C(F)(F)F)cc1)c1ccccc1,,0.12631921470165253
9342,CC(=O)[C@@]1(O)CC[C@H]2[C@@H]3C[C@H](C)C4=CC(=O)C=C[C@]4(C)[C@@]3(F)[C@@H](O)C[C@@]21C,,0.126328706741333
1220,O=c1ccc2c([nH]1)CCCC2NCCCCCCCCCCNC1CCCc2[nH]c(=O)ccc21,,0.12637871503829956
1644,NCCCCNC(=O)c1ccc(S(N)(=O)=O)cc1,,0.12638667225837708
9657,Cc1cccc2c1ccc1cc(C(C)C)ccc12,,0.12643088400363922
5039,Cc1cc(NS(=O)(=O)c2ccc(N)cc2)no1,,0.12643499672412872
4613,CC(C)(C)n1nc(-c2ccc(Cl)cc2)c2c(N)ncnc21,,0.12645769119262695
2418,CC(C(=O)O)c1ccc2c(c1)[nH]c1ccc(Cl)cc12,,0.12648238241672516
4576,O=C(C=CC=Cc1ccc2c(c1)OCO2)N1CCCCC1,,0.12655077874660492
9407,Nc1cc(NCCc2ccc(O)c(O)c2)ccn1,,0.1265624612569809
3199,CC12C=CC(=O)C=C1C(F)CC1C2C(O)CC2(C)C1CCC2(O)C(=O)CO,,0.12663650512695312
9114,CN1CC[C@]23c4c5ccc(O)c4O[C@H]2C(=O)CC[C@@]3(O)[C@@H]1C5,,0.12668786942958832
6454,COc1cc([N+](=O)[O-])c2ncccc2c1,,0.12669634819030762
5002,CC=C(C)C=CC=CC(C)C(C)C(C)C(C)CCc1oc2c(O)c(OC)cc(OC)c2c(=O)c1C,,0.12670283019542694
3473,CC(=O)OCC(=O)C1(O)C(C)CC2C3CCC4=CC(=O)C=CC4(C)C3(F)C(O)CC21C,,0.12671610713005066
4996,CC(=CC=CC(C)=C1C(=O)CC2C1(C)CCC1C(C)(C)C(=O)CCC12C)C=C(C)C=C(C)C(=O)O,,0.1267392635345459
4713,COc1c2occc2c(CC(O)C(C)(C)O)c2ccc(=O)oc12,,0.12675854563713074
4081,CC(C)CC(NC(=O)OCc1ccccc1)C(=O)NNC(=O)c1csc(C(CC(C)C)NC(=O)OCc2ccccc2)n1,,0.126761794090271
1052,Cc1ncc(C[n+]2csc(CCO)c2C)c(N)n1,,0.12676405906677246
7183,CC(C)Nc1ccc(Nc2ccccc2)cc1,,0.12679438292980194
6403,C=CC1CN2CCC1CC2C(=O)c1ccnc2ccc(OC)cc12,,0.1268034726381302
3777,CC(=O)NCCCCC(NC(=O)OC(C)(C)C)C(=O)Nc1ccc2c(C)cc(=O)oc2c1,,0.12682890892028809
8496,O=S(=O)([O-])c1cc(O)c(O)c(S(=O)(=O)[O-])c1.[Na+].[Na+],,0.12686049938201904
1636,[H]N=S(C)(CC(CC(C)C)C(=O)NC1Cc2cn(c3ccccc23)CCCCCCNC1=O)=N[H],,0.1268685907125473
6696,Oc1ccc(-c2ccccc2)cc1O,,0.12688378989696503
8205,Cc1ccc(C(=O)c2ccccc2)cc1,,0.12690459191799164
8158,O=Nc1ccc2ccccc2c1O,,0.12691755592823029
6262,Cc1cc(C(C)(C)c2ccc(O)c(C)c2)ccc1O,,0.12694206833839417
756,CCCCCCCCCCCC(=O)OC(CCCCCCCCCCC)CC(=O)NC1C(OCC2OC(OP(=O)(O)O)C(NC(=O)CC(O)CCCCCCCCCCC)C(OC(=O)CC(O)CCCCCCCCCCC)C2O)OC(COC2(C(=O)O)CC(OC3(C(=O)O)CC(O)C(O)C(C(O)CO)O3)C(O)C(C(O)CO)O2)C(OP(=O)(O)O)C1OC(=O)CC(O)CCCCCCCCCCC,,0.1269506812095642
6578,O=[N+]([O-])c1cc([N+](=O)[O-])c(Cl)c([N+](=O)[O-])c1,,0.12696166336536407
8497,O=S(=O)(O)c1cc(O)c(O)c(S(=O)(=O)O)c1,,0.12696731090545654
4751,CC(Cc1ccccc1)Nc1ncnc2c1ncn2C1OC(CO)C(O)C1O,,0.12696996331214905
7939,O=C(c1ccccc1)c1ccccc1O,,0.12704052031040192
4742,CN1CCN(c2ccc3ccccc3n2)CC1,,0.1271219551563263
2136,CC(C)(c1ccc(OCC2CO2)cc1)c1ccc(OCC2CO2)cc1,,0.12714417278766632
1476,C[n+]1ccc2c(c1)[nH]c1cc(Br)c(O)cc12,,0.127152681350708
4176,CCN(CC)CCOC(=O)C(Cc1cccc2ccccc12)CC1CCCO1,,0.12717148661613464
8683,c1ccc2c(c1)ccc1ccsc12,,0.127181276679039
8141,O=C(c1ccc(O)cc1O)c1ccc(O)cc1O,,0.12720276415348053
4208,Cc1c(O)cccc1C(=O)NC(CSc1ccccc1)C(O)CN1CC2CCCCC2CC1C(=O)NC(C)(C)C,,0.12721142172813416
8139,COc1ccc(C(=O)c2ccccc2O)c(O)c1,,0.12721499800682068
758,CCCCCCCCCCCC(O)CC(=O)NC1C(OP(=O)(O)O)OC(COC2OC(COC3(C(=O)O)CC(O)C(OC4(C(=O)O)CC(O)C(O)C(C(O)CO)O4)C(C(O)CO)O3)C(OP(=O)(O)O)C(OC(=O)CC(O)CCCCCCCCCCC)C2NC(=O)CC(O)CCCCCCCCCCC)C(O)C1OC(=O)CC(O)CCCCCCCCCCC,,0.12723658978939056
5379,COc1cccc(OC)c1OCCNCC1COc2ccccc2O1,,0.12733377516269684
5109,COc1cc2nc(N3CCN(C(=O)C4CCCO4)CC3)nc(N)c2cc1OC,,0.12733976542949677
1109,O=c1[nH]c(=O)c2ncn(C3OC(COP(=O)(O)OP(=O)(O)OP(=O)(O)O)C(O)C3O)c2[nH]1,,0.1273500621318817
4623,CC(C(=O)O)c1ccc2c(c1)Cc1cccnc1O2,,0.1273840069770813
2152,CCCCOC(=O)C(O)C(NC(=O)c1ccc2n1C(=O)CN(S(=O)(=O)Cc1ccccc1)C2)C1CCC(N)CC1,,0.12738966941833496
8568,O=[N+]([O-])c1ccc(/C=N/c2ccccc2)o1,,0.1274476945400238
6593,O=C1NC(=O)c2cc([N+](=O)[O-])ccc21,,0.12746873497962952
8876,C[C@]12CC[C@@H]3c4ccc(O)cc4CC[C@H]3[C@@H]1CC[C@@H]2OC(=O)CCC1CCCC1,,0.12750181555747986
9939,C[C@]12CCC3C(CC[C@]4(O[C@@H]5OC(CO)[C@@H](O)C(O)C5O)C=CCC[C@]34C=O)[C@@]1(O)CC[C@@H]2c1ccc(=O)oc1,,0.12750250101089478
6636,Nc1ccccc1-c1ccccc1,,0.12753558158874512
2844,CCCCOc1cc(C(=O)NCCN(CC)CC)c2ccccc2n1,,0.1275564432144165
5368,CCOC(=O)C1=CC2(CC)CCCN3CCc4c(n1c1ccccc41)C32,,0.12762530148029327
3811,Cc1ccc(Cl)c(Nc2ccccc2C(=O)[O-])c1Cl.[Na+],,0.1276320368051529
4651,CCC(NC(C)C)C(O)c1ccc(O)c2[nH]c(=O)ccc12,,0.1276525855064392
4240,O=C(O)c1cccnc1Nc1cccc(C(F)(F)F)c1,,0.1276744306087494
5243,CC12C=CC(=O)C=C1CCC1C3CC(O)C(O)(C(=O)CO)C3(C)CC(O)C12F,,0.1276787668466568
2633,CN(C)CCCN1c2ccccc2CCc2ccc(Cl)cc21,,0.12770996987819672
3057,CCOC(CN1CCN(CC(C)C(=O)c2ccccc2)CC1)c1ccccc1,,0.12775473296642303
4515,Nc1ncnc2c1ncn2C1OC(COP(=O)(O)OCC(N)Cc2ccccc2)C(O)C1O,,0.12776154279708862
5268,CCCN(CCC)c1c([N+](=O)[O-])cc(C(F)(F)F)cc1[N+](=O)[O-],,0.12781666219234467
1242,CC(C)CC(NC(=O)OCc1ccccc1)C(=O)NCC(=O)CNC(=O)C(CC(C)C)NC(=O)OCc1ccccc1,,0.12786144018173218
3638,CC(C)CC(NC(=O)C(Cc1ccccc1)CC(O)C(Cc1ccccc1)NC(=O)OC(C)(C)C)C(=O)NC(Cc1ccccc1)C(N)=O,,0.12788265943527222
4820,CCC(CO)Nc1nc(NCc2ccccc2)c2ncn(C(C)C)c2n1,,0.12793219089508057
2223,CNCCCCOc1ccccc1Cc1ccccc1,,0.1279458999633789
3616,O=C(c1ccccc1)c1ccc2n1CCC2C(=O)O,,0.12798580527305603
3204,CC(=O)OC(C)OC(=O)C(C)c1ccc(-c2ccccc2)c(F)c1,,0.1280328631401062
3261,c1ccc(CCCN2CCN(CCOC(c3ccccc3)c3ccccc3)CC2)cc1,,0.12806101143360138
9398,O=C(CF)Nc1ccc(-c2ccccc2)cc1,,0.12806975841522217
2043,O=S(=O)([O-])n1ccc2c(Cl)c(O)c(O)cc21,,0.12807416915893555
9806,COc1cc(C=CC(=O)NCCCCN)ccc1O,,0.1280847191810608
6265,CC(C)(c1ccc(O)cc1)c1ccc(O)cc1,,0.12810850143432617
1221,O=c1ccc2c([nH]1)CCCC2NCCCCCCCCCCCCNC1CCCc2[nH]c(=O)ccc21,,0.12811391055583954
3180,O=C(O)c1ccccc1Nc1cccc(C(F)(F)F)c1,,0.12811802327632904
2754,CC(=O)NC(Cc1cccc2ccccc12)[B-](O)(O)O,,0.12811940908432007
1159,C=CCN1CCc2cc(O)c(O)cc2C(c2ccccc2)C1,,0.12814240157604218
1955,Cc1[nH]cnc1CN1CCc2c(c3ccccc3n2C)C1=O,,0.1281612068414688
7832,NC(=O)CCC1NC(=O)C(Cc2ccccc2)NC(=O)C(Cc2ccc(O)cc2)NC(=O)C(N)CSSCC(C(=O)N2CCCC2C(=O)NC(CCCN=C(N)N)C(=O)NCC(N)=O)NC(=O)C(CC(N)=O)NC1=O,,0.1281682401895523
3066,CCOC(=O)CCC(=O)OC1C(OC2C(C)C(OC3CC(C)(OC)C(O)C(C)O3)C(C)C(=O)OC(CC)C(C)(O)C(O)C(C)C(=O)C(C)CC2(C)O)OC(C)CC1N(C)C,,0.12817896902561188
6096,COc1ccc2c3c1O[C@H]1C(=O)CC[C@@]4(O)[C@H](C2)N(C)CC[C@]314,,0.1281920075416565
4283,CC(Cc1ccc(O)c(O)c1)C(C)Cc1ccc(O)c(O)c1,,0.1282002031803131
5115,CC12CCC3C(CCC4=CC(=O)C=CC43C)C1CCC(=O)O2,,0.12822522222995758
5697,Nc1ncnc2c1ncn2[C@@H]1O[C@H](COP(=O)(O)OP(=O)(O)O)[C@@H](O)[C@H]1O,,0.12823747098445892
3917,CN(CCCCCC(=O)NO)Cc1ccc2ccccc2c1,,0.12829434871673584
4340,Cc1nccn1CC1CCc2c(c3ccccc3n2C)C1=O,,0.12832725048065186
9668,COc1ccc(CC2c3cc(O)c(OC)cc3CCN2C)cc1O,,0.12835516035556793
9797,Nc1ncnc(Nc2ccc(Cl)cc2)n1,,0.12836714088916779
5082,CC1(C)SC2C(NC(=O)C(N)c3ccccc3)C(=O)N2C1C(=O)OC1OC(=O)c2ccccc21,,0.12839503586292267
3966,Cc1cc(-c2ccccc2)nnc1NCCN1CCOCC1,,0.1284235715866089
7827,CCC(=O)Oc1ccc2c(c1)CC[C@@H]1[C@@H]2CC[C@]2(C)[C@@H](OC(=O)CC)CC[C@@H]12,,0.12845352292060852
7179,CCCCCCCCc1ccc(Nc2ccc(CCCCCCCC)cc2)cc1,,0.12846095860004425
6723,Nc1ccc(-c2ccccc2)cc1,,0.1285073161125183
3634,O=C(O)c1cc(=O)c2ccccc2[nH]1,,0.1285376101732254
8822,Cc1c([N+](=O)[O-])cc(C(C)C)c(O)c1[N+](=O)[O-],,0.12856899201869965
4495,c1ccc2nc3ccccc3nc2c1,,0.1285715103149414
1697,Nc1ccc(OP(=O)(O)OCC2OC(n3cc(F)c(=O)[nH]c3=O)CC2O)cc1,,0.12867972254753113
3145,CC(NCCC(c1ccccc1)c1ccccc1)c1ccccc1,,0.12871094048023224
6559,Cc1ccc(N)c(S(=O)(=O)O)c1,,0.1287120282649994
9724,O=c1c2ccccc2sc2ccccc12,,0.12876200675964355
6997,Cc1cc(S(=O)(=O)O)ccc1N,,0.128890261054039
3610,O=C1Cc2c([nH]c3ccc(Br)cc23)-c2ccccc2N1,,0.12893183529376984
3769,O=[N+]([O-])c1cccc(NCCOP(=O)(O)OP(=O)(O)O)c1,,0.1289360076189041
8450,CCOC(=O)C1(c2ccccc2)CCN(CCc2ccc(N)cc2)CC1,,0.12894190847873688
1273,CC(C)CC(NC(=O)OCc1ccccc1)C(=O)NC1CN(C(=O)C(CC(C)C)NC(=O)OCc2ccccc2)CC1=O,,0.128973588347435
7833,CN(C)CCC(c1ccc(Cl)cc1)c1ccccn1.O=C(O)C=CC(=O)O,,0.12898370623588562
3656,CC(CCc1ccccc1)NCC(O)c1ccc(O)c(C(N)=O)c1,,0.1289919912815094
7188,Nc1ccc(Oc2ccc(Cl)cc2)cc1,,0.12900729477405548
3805,CCN(CCCCOC(=O)c1ccc(OC)c(OC)c1)C(C)Cc1ccc(OC)cc1,,0.12900884449481964
4968,CC1CN(c2c(F)c(N)c3c(=O)c(C(=O)O)cn(C4CC4)c3c2F)CC(C)N1,,0.12904511392116547
3164,O=C([NH2+]CC1CCCCN1)c1cc(OCC(F)(F)F)ccc1OCC(F)(F)F,,0.12909694015979767
5328,CCCCOC(=O)c1ccccc1Nc1cccc(C(F)(F)F)c1,,0.12910139560699463
4020,COc1c(N2CC3CCCNC3C2)c(F)cc2c(=O)c(C(=O)O)cn(C3CC3)c12,,0.1291150152683258
8055,Nc1cccc(S(=O)(=O)O)c1,,0.12911570072174072
6727,c1ccc2c(c1)Cc1ccccc1N2,,0.12914934754371643
3602,CN(C)c1ccc(C(=O)NCCCCCCCC(=O)NO)cc1,,0.12915973365306854
2299,Cc1ccc(S(=O)(=O)Nc2ccccc2)cc1,,0.12916216254234314
9032,CC(=O)OCC(=O)C1(O)CCC2C3CCC4=CC(=O)C=CC4(C)[C@@]3(F)[C@@H](O)CC21C,,0.1291949450969696
3126,CCCCC=CC=CCC(=O)OC12CC(C)C3(O)C(C=C(CO)CC4(O)C(=O)C(C)=CC43)C1C2(C)C,,0.12920145690441132
4683,NC(C(=O)NC1C(=O)N2C(C(=O)O)=C(CSc3cn[nH]n3)CSC12)c1ccc(O)cc1,,0.12922263145446777
6734,CC(=O)c1ccc(-c2ccccc2)cc1,,0.12922297418117523
9520,CC1OC(O[C@@H]2C=C3CCC4C(CC[C@]5(C)[C@@H](c6ccc(=O)oc6)CC[C@]45O)[C@@]3(C)CC2)C(O)C(O)C1O,,0.12923237681388855
387,CN1CCCC1c1ccc[n+](C2OC(C(=O)O)C(O)C(O)C2O)c1,,0.1292608678340912
6639,O=C1c2ccccc2Cc2ccccc21,,0.1292838454246521
4312,Clc1cccc(Nc2nc(OCC3CCCCC3)c3[nH]cnc3n2)c1,,0.1293133944272995
2448,O=C(Cc1cccs1)NC1C(=O)N2C(C(=O)O)=C(C[n+]3ccccc3)CSC12,,0.129332035779953
4128,O=C(CC1(S(=O)(=O)c2ccc(Oc3ccccc3)cc2)CCOCC1)NO,,0.1293857991695404
9513,C[C@]12CC[C@H](O)C=C1CCC1C2CC[C@]2(C)[C@@H](c3ccc(=O)oc3)CC[C@]12O,,0.1293931007385254
2395,CN1CC(O)c2cc(/N=N/C(N)=O)c(O)cc21,,0.1294008195400238
8902,CN1CCN(CCCN2c3ccccc3Sc3ccc(S(=O)(=O)N(C)C)cc32)CC1,,0.12942498922348022
1589,NCCc1ccc(S(=O)(=O)F)cc1,,0.1294533759355545
7001,O=S(=O)(O)c1cccc(S(=O)(=O)O)c1,,0.12945598363876343
9579,Cc1c([C@H](C)[C@@H]2NCC(C)CC2O)ccc2c1C[C@H]1[C@H]2CC=C2CC(OC3OC(CO)C(O)C(O)C3O)CCC21C,,0.12945659458637238
4076,COc1ccc(CNS(=O)(=O)c2ccc(S(N)(=O)=O)s2)cc1,,0.12948812544345856
3671,CCN1CC2(OC(=O)c3ccccc3NC(C)=O)CCC(OC)C34C1C(CC23)C1(O)CC(OC)C2CC4C1(O)C2OC,,0.1295018494129181
4180,CCn1cc(C(=O)O)c(=O)c2ccc(C)nc21,,0.1295042186975479
5071,CCCCC1(COC(=O)CCC(=O)O)C(=O)N(c2ccccc2)N(c2ccccc2)C1=O,,0.12952537834644318
4784,Oc1ccc(C=Cc2cc(O)cc(O)c2)cc1,,0.12953758239746094
3621,OCC1OC(n2cnc3c(NCc4ccco4)ncnc32)C(O)C(O)C1O,,0.12954574823379517
9569,Nc1ccc(S(=O)(=O)c2cnc(N)s2)cc1,,0.12955529987812042
6698,CN(C)CCOc1ccccc1Cc1ccccc1,,0.12957073748111725
9942,CCC(CN(C)C)(C(=O)OCc1ccccc1)c1ccccc1,,0.12957583367824554
3402,CCC(c1ccc(O)cc1)C(CC)c1ccc(O)cc1,,0.12959766387939453
4169,CC1CCc2c(N3CCC(O)CC3)c(F)cc3c(=O)c(C(=O)O)cn1c23,,0.1296227127313614
3581,COc1ccc(C(=O)C(O)c2ccccc2)cc1,,0.12963230907917023
7993,O=[N+]([O-])c1ccccc1Nc1ccccc1,,0.12966662645339966
4718,CC(C)C(CO)Nc1nc(Nc2cccc(Cl)c2)c2ncn(C(C)C)c2n1,,0.12969999015331268
4975,O=C(CCCN1CCC2(CC1)C(=O)NCN2c1ccccc1)c1ccc(F)cc1,,0.12975116074085236
6800,O=C(OCc1ccccc1)c1ccc(O)cc1,,0.1298241913318634
1427,CC(C)C(NC(=O)Cn1c(-c2cccs2)ncc(N)c1=O)C(=O)C(F)(F)C(=O)NCCN1CCOCC1,,0.12983645498752594
5377,CS(=O)CCC1NC(=O)C2CCCN2C(=O)C2CCCN2C(=O)C(CCS(C)=O)NC(=O)c2csc(n2)C(Cc2ccccc2)NC(=O)C2CCCN2C1=O,,0.1298370510339737
1439,Nc1ccc2c(c1)Cc1ccccc1-2,,0.12987250089645386
1377,c1ccc(-c2ccccn2)nc1,,0.12987683713436127
5303,CCOC(=O)Nc1ccc(SCC2COC(Cn3ccnc3)(c3ccc(Cl)cc3Cl)O2)cc1,,0.12988993525505066
3889,CN1C(CCl)Nc2cc(Cl)c(S(N)(=O)=O)cc2S1(=O)=O,,0.12990497052669525
1917,CCOC(=O)CCC(CC1CCNC1=O)NC(=O)C(CC(=O)C(NC(=O)c1cc(C)on1)C(C)C)Cc1ccc(F)cc1,,0.1299140900373459
8682,c1ccc2c(c1)ccc1occc12,,0.1299479454755783
4630,CC(=O)OCC(=O)C1(O)CCC2C3CCC4=CC(=O)C=CC4(C)C3C(O)CC21C,,0.12998618185520172
6104,CCN(CC)CCC1(c2ccccc2)C(=O)Oc2ccccc21,,0.1299937218427658
4357,CC(C)NCC1CCc2cc(CO)c([N+](=O)[O-])cc2N1,,0.13003405928611755
5393,O=C(O)c1cc(=O)c2cccc(O)c2[nH]1,,0.13005459308624268
9749,O=Nc1ccc(NNC(=O)c2ccccc2)cc1,,0.1300598531961441
4207,CN1CCOC(c2ccccc2)c2ccccc2C1,,0.13007034361362457
870,O=C(O)c1ccc[n+](C2OC(COP(=O)(O)O)C(O)C2O)c1,,0.13009032607078552
5378,COc1ccccc1N1CCN(CCN(C(=O)C2CCCCC2)c2ccccn2)CC1,,0.1300903707742691
2920,Nc1ncnc2c1ncn2C1OC(COP(=O)(O)CP(=O)(O)OP(=O)(O)O)C(O)C1O,,0.13017036020755768
4609,COc1cc(S(=O)(=O)O)ccc1O,,0.13018298149108887
4017,CCO/C([O-])=N/C1=C[N+](N2CCOCC2)=NC1,,0.1302085667848587
3007,O=c1c2ccccc2[se]n1-c1ccccc1,,0.1302381306886673
5397,O=c1c2cccnc2sn1-c1ccccc1,,0.13027095794677734
6389,COc1c(C(C)(C)C)cc([N+](=O)[O-])c(C)c1[N+](=O)[O-],,0.1302776336669922
333,CC(OP(=O)(O)O)C(NC(=O)CCCCCCSSCCS(=O)(=O)O)C(=O)O,,0.13029542565345764
9714,CC1=CC(=O)C(C(C)C)=CC1=O,,0.13032901287078857
5266,O=C(CCCN1CCC(O)(c2cccc(C(F)(F)F)c2)CC1)c1ccc(F)cc1,,0.13041886687278748
6306,O=[N+]([O-])c1ccccc1S(=O)(=O)O,,0.13042345643043518
6487,CCCCc1cc2ccccc2c(OCCN(C)C)n1,,0.130446657538414
3363,CC1=NCCc2c1[nH]c1cc(O)ccc21,,0.13045497238636017
2393,NC(=O)N1c2ccccc2C2OC2c2ccccc21,,0.13050544261932373
3910,O=C(NO)c1ccc(CCSc2ccccc2)cc1,,0.1305341124534607
5131,O=C1C(O)=C(O)C(=O)C(O)=C1O,,0.1305398792028427
9525,CO[C@H]1C=CC2=CCN3CCC4=C(CC(=O)OC4)[C@]23C1,,0.13056017458438873
9545,CCC(=O)O[C@](Cc1ccccc1)(c1ccccc1)[C@H](C)CN(C)C,,0.13056713342666626
7968,O=C(O)c1cc([N+](=O)[O-])c(Cl)c([N+](=O)[O-])c1,,0.13060534000396729
5139,CC(=C(CCO)SSC(CCO)=C(C)N(C=O)Cc1cnc(C)nc1N)N(C=O)Cc1cnc(C)nc1N,,0.1306207925081253
3770,CN(C)c1ccc(C(=O)NCCCCCCC(=O)NO)cc1,,0.1306256204843521
8964,O=[N+]([O-])c1ccc([N+](=O)[O-])c(O)c1,,0.13063737750053406
1760,CC1(C)C(=O)C=CC2(C)C1CC(O)C1(C)C2CCC2(C)C(c3ccoc3)OC(=O)C3OC321,,0.1306467205286026
9301,Fc1ccc(SCc2ccc(Cl)cc2)cc1,,0.13069018721580505
326,O=C1CC(O)C(O)C(O)C1=O,,0.1307293176651001
2823,CC1CC2C3CCC4=CC(=O)C=CC4(C)C3(F)C(O)CC2(C)C1(O)C(=O)CO,,0.1307743936777115
9717,O=c1[nH]ccc2ccccc12,,0.13079853355884552
4448,CNc1cc2ncnc(Nc3cccc(Br)c3)c2cc1N,,0.1307995766401291
2331,CCCCOc1ccc(C[N+]2(C)C3CCC2CC(OC(=O)C(CO)c2ccccc2)C3)cc1,,0.13080994784832
4269,NCCN(CC[NH3+])N([O-])N=O,,0.13085022568702698
3362,COc1ccc2c3c([nH]c2c1)C(C)=NCC3,,0.1308699995279312
2877,O=C(O)c1cc(-c2ccc(F)cc2F)ccc1O,,0.13092635571956635
4561,COc1c(OC)c2occc2c2oc(=O)ccc12,,0.13093680143356323
5392,O=c1[nH]c(=O)c2[nH]c[n+](C3OC(COP(=O)(O)O)C(O)C3O)c2[nH]1,,0.130939319729805
1395,O=[N+]([O-])c1ccc(O)c([N+](=O)[O-])c1,,0.13094072043895721
8154,CCn1c2ccccc2c2cc(N)ccc21,,0.13095860183238983
1475,C[n+]1ccc2c(c1)[nH]c1ccc(O)c(Br)c12,,0.13099630177021027
9515,C=CCN1CC[C@]23c4c5ccc(O)c4O[C@H]2C(=O)CC[C@@]3(O)[C@@H]1C5,,0.13100779056549072
7974,COc1ccc([N+](=O)[O-])cc1[N+](=O)[O-],,0.13104099035263062
704,CC(=O)NC(CC(=O)NC1OC(CO)C(OC2OC(CO)C(OC3OC(CO)C(OC4OC(COP(=O)(O)OC5OC(CO)C(O)C(O)C5NC(C)=O)C(O)C(O)C4O)C(O)C3O)C(O)C2NC(C)=O)C(O)C1NC(C)=O)C(N)=O,,0.1310521811246872
5581,ONc1ccc2c(c1)Cc1ccccc1-2,,0.13105498254299164
1803,CN(C)CCNC(=O)c1cccc2nc3cccc(Br)c3nc12,,0.13106012344360352
111,C=C(OC1C=C(C(=O)O)C=CC1N)C(=O)O,,0.1310751885175705
1821,NC(Cc1ccccc1)C(=O)N1CCCC1C(=O)NCCNc1ccncc1,,0.1310761719942093
5954,C[C@]12C=CC(=O)C=C1CC[C@@H]1[C@@H]2CC[C@@]2(C)[C@H]1CC[C@]2(C)O,,0.13107649981975555
1130,CC(N)(C(=O)O)c1ccc(-c2nn[nH]n2)cc1,,0.13108320534229279
6733,Oc1ccc(-c2ccc(O)cc2)cc1,,0.1310918778181076
5473,O=C1NC(=O)C(=O)C(=O)N1,,0.13110528886318207
1152,COc1ccc(CCN(C)CCCC(C#N)(c2cc(OC)c(OC)c(OC)c2)C(C)C)cc1OC,,0.13110662996768951
5279,COc1cc(CC2NCCc3cc(O)c(O)cc32)cc(OC)c1OC,,0.1311436891555786
6936,O=C(O)c1cc(S(=O)(=O)O)ccc1O,,0.13115037977695465
9636,CC1=C2[C@H]3OC(=O)C(C)[C@@H]3CC[C@@]2(C)C=CC1=O,,0.13116371631622314
7963,CC(C)(C)c1cc(Cc2cc(C(C)(C)C)c(O)c(C(C)(C)C)c2)cc(C(C)(C)C)c1O,,0.131193608045578
6679,Sc1ccc2ccccc2c1,,0.13126292824745178
1990,COc1c[n+](-c2ccccc2)ncc1N,,0.13126549124717712
3335,CC(C)(C)c1ccc(Sc2cccc3nc(N)nc(N)c23)cc1,,0.13127467036247253
2816,CC1OC(OC2CCC3(C)C(CCC4C3CC(O)C3(C)C(C5=CC(=O)OC5)CCC43O)C2)CC(O)C1OC1CC(O)C(OC2CC(O)C(OC3OC(CO)C(O)C(O)C3O)C(C)O2)C(C)O1,,0.13127948343753815
9623,Oc1cccc2cc3cccc(O)c3c(O)c12,,0.1313622146844864
5504,NCC(O)c1ccc(O)c(O)c1.O=C(O)[C@H](O)[C@@H](O)C(=O)O,,0.13137155771255493
3725,O=C(O)c1ccccc1Nc1cc(Cl)ccc1C(=O)O,,0.13141272962093353
3927,CC1CC2C(C(O)CC3(C)C2CCC3(O)C(=O)CO)C2(C)C=CC(=O)C=C12,,0.13141633570194244
3260,Fc1ccc(C(OCCN2CCN(CCCc3ccccc3)CC2)c2ccc(F)cc2)cc1,,0.131418377161026
2111,CCC1OC2(C)C(O)C(C=CC=CC=Cc3oc(=O)cc(OC)c3C)OC1(C)C2OC(C)=O,,0.13153724372386932
3758,CN1CC(CO)C=C2c3cccc4[nH]cc(c34)CC21,,0.1315939575433731
6801,CCc1nnc(NS(=O)(=O)c2ccc(N)cc2)s1,,0.13159582018852234
8680,c1ccc2c(c1)nnc1ccccc12,,0.1316060870885849
3772,NCc1ccc(S(N)(=O)=O)cc1,,0.13161063194274902
7988,Nc1ccc(S(=O)c2ccc(N)cc2)cc1,,0.13162246346473694
9559,CC1(C)[C@@H](O)CC[C@]2(C)[C@H]3C(=O)C=C4[C@@H]5C[C@@](C)(C(=O)O)CC[C@]5(C)CC[C@@]4(C)[C@]3(C)CC[C@@H]12,,0.13167305290699005
8823,Clc1ccc(C(c2ccccc2)N2CCNCC2)cc1,,0.13167767226696014
3608,COc1ccc(CCNCC(O)c2ccc(O)cc2)cc1OC,,0.13168840110301971
3622,OCC1OC(n2cnc3c(NCc4ccco4)ncnc32)C(O)C1O,,0.13170543313026428
9662,COc1cc2nc3occc3c(OC)c2cc1OC,,0.13171038031578064
9928,COc1ccc2c(c1)C13CCN4CC5=CCOC6CC(=O)N2C1C6C5CC43,,0.13173721730709076
4366,CN(C(=O)CN(CCO)CC(=O)N(C)C(C)(C)Cc1ccccc1)C(C)(C)Cc1ccccc1,,0.13176414370536804
6276,Nc1ccc(S(=O)(=O)Nc2ccc(Cl)nn2)cc1,,0.13178952038288116
8293,O=C([O-])CN(CCN(CC(=O)[O-])CC(=O)O)CC(=O)O.[Na+].[Na+],,0.13180111348628998
623,O=C(O)c1cc(O)c2ccccc2c1O,,0.1318049281835556
660,Cc1cc2nc3c(=O)[nH]c(=O)nc-3n(CC(O)C(O)C(O)COP(=O)(O)O)c2cc1C,,0.13181744515895844
5208,Cc1ccc(C(=O)c2ccc(CC(=O)O)n2C)cc1,,0.1318816840648651
2186,CC(=O)C(C)NC(=O)C(Cc1ccc(O)cc1)NC(=O)OCc1ccccc1,,0.13188819587230682
4153,CC(C)CC(CC(=O)NO)C(=O)NC1Cc2cn(c3ccccc23)CCCCCCNC1=O,,0.13189290463924408
2684,CC(C)n1cnc2c(Nc3cccc(Cl)c3)nc(NCCO)nc21,,0.1319219321012497
8840,CC[C@H]1OC(=O)[C@H](C)[C@@H](OC2CC(C)(OC)C(O)C(C)O2)C(C)[C@@H](OC2OC(C)CC(N(C)C)C2O)[C@](C)(O)C[C@@H](C)C(=O)[C@H](C)[C@@H](O)[C@]1(C)O,,0.13192284107208252
537,O=C(O)C(=O)C=CC=C(O)c1ccccc1,,0.13193781673908234
3866,CC[N+](C)(CC)CCOC(=O)C1c2ccccc2Oc2ccccc21,,0.13197249174118042
3381,C[N+]1(C)CCOC(O)(c2ccc(-c3ccc(C4(O)C[N+](C)(C)CCO4)cc3)cc2)C1,,0.13197354972362518
3718,[Li+].[OH-],,0.13199329376220703
6700,COc1ccccc1NC(=O)CC(=O)c1ccccc1,,0.13203081488609314
7952,O=C(Oc1ccccc1)c1ccccc1O,,0.13203878700733185
5000,COc1cc2c(cc1O)C1Cc3ccc(O)c(OC)c3CN1CC2,,0.13205143809318542
6474,O=C(O)c1ccc2ccccc2c1O,,0.13205614686012268
3009,CC(C)c1cc2c(cc1S(=O)(=O)O)C1(C)CCC(C)(C(=O)O)CC1CC2,,0.13206444680690765
6725,O=C(O)c1cc2ccccc2cc1O,,0.13206984102725983
6317,C[C@H](CCC(=O)NCCS(=O)(=O)O)[C@H]1CC[C@H]2[C@@H]3[C@H](O)C[C@@H]4C[C@H](O)CC[C@]4(C)[C@H]3C[C@H](O)[C@]12C,,0.13208214938640594
2608,CC#CC(=O)Nc1ccc2ncnc(Nc3cccc(Br)c3)c2c1,,0.13209916651248932
3601,CN(C)c1ccc(C(=O)NCCCCCC(=O)NO)cc1,,0.13210709393024445
2270,Cn1cnc2cc3c(Nc4cccc(Br)c4)ncnc3cc21,,0.13213138282299042
2826,CC1CC2C3CCC4=CC(=O)C=CC4(C)C3(F)C(O)CC2(C)C1(O)C(=O)COP(=O)([O-])[O-],,0.13215677440166473
2055,O=C1c2c(O)cccc2Cc2cccc(O)c21,,0.13217659294605255
1449,Nc1nc(Cl)nc2c1ncn2C1OC(COP(=O)(O)OP(=O)(O)OP(=O)(O)O)C(O)C1O,,0.132178395986557
9675,CCCCSc1ccc(C(SCCN(C)C)c2ccccc2)cc1,,0.13217994570732117
3143,COC(=O)Nc1nc2ccc(Sc3ccccc3)cc2[nH]1,,0.1322120577096939
2102,Nc1ncnc2c1ncn2C1OC(COP(=O)([O-])OP(=O)([O-])OP(=O)([O-])O)C(O)C1O,,0.13222721219062805
4724,CCc1nc(N)nc(N)c1-c1ccc(Cl)cc1,,0.13222907483577728
3203,CC(C(=O)O)c1ccc(-c2ccccc2)c(F)c1,,0.1322823315858841
5402,N#C[Se]Cc1ccc(C[Se]C#N)cc1,,0.13229265809059143
7834,CC[C@H]1OC(=O)[C@H](C)[C@@H](O[C@H]2C[C@@](C)(OC)[C@@H](O)[C@H](C)O2)[C@H](C)[C@@H](O[C@H]2O[C@@H](C)C[C@@H](N(C)C)[C@@H]2O)[C@](C)(O)C[C@@H](C)C(=O)[C@H](C)[C@@H](O)[C@]1(C)O,,0.13239869475364685
1448,Nc1nc(Cl)nc2c1ncn2C1OC(COP(=O)([O-])OP(=O)([O-])OP(=O)([O-])[O-])C(O)C1O,,0.1324177384376526
6395,COc1ccc2c(OC)c3ccoc3nc2c1OC,,0.13244162499904633
911,O=P(O)(O)OP(=O)(O)OP(=O)(O)O,,0.13244792819023132
2970,CCN1CC(CCN2CCOCC2)C(c2ccccc2)(c2ccccc2)C1=O,,0.13245688378810883
3664,CC(=O)OC1CC(OC2C(O)CC(OC3C(O)CC(OC4CCC5(C)C(CCC6C5CC(O)C5(C)C(C7=CC(=O)OC7)CCC65O)C4)OC3C)OC2C)OC(C)C1OC1OC(CO)C(O)C(O)C1O,,0.1324767768383026
2493,CON=C(C(=O)NC1C(=O)N2C(C(=O)O)=C(CSc3nc(=O)c(=O)[nH]n3C)CSC12)c1csc(N)n1,,0.1324816644191742
4219,Cc1ccnc2c1NC(=O)c1cccnc1N2C1CC1,,0.13251754641532898
8981,O=C(Nc1ccc([N+](=O)[O-])cc1)Nc1ccc([N+](=O)[O-])cc1,,0.13264337182044983
8304,O=C([O-])CN(CCO)CCN(CC(=O)[O-])CC(=O)[O-].[Na+].[Na+].[Na+],,0.13265013694763184
6459,CCC(c1ccc(O)cc1)C(CC)C(C)c1ccc(O)cc1,,0.13270394504070282
1480,CSc1nc(N)c2ncn(C3OC(COP(=O)(O)OP(=O)(O)OP(=O)(O)O)C(O)C3O)c2n1,,0.13275101780891418
6716,c1ccc(-c2ccccc2)cc1,,0.13275575637817383
4209,CNc1cc(OC)c(C(=O)NC2CCN(Cc3ccccc3)C2C)cc1Cl,,0.13278859853744507
3193,CC(=O)C1(O)CCC2C3CC(C)C4=CC(=O)C=CC4(C)C3(F)C(O)CC21C,,0.13280470669269562
6508,Nc1ccccc1C(=O)OCC=Cc1ccccc1,,0.13280537724494934
5424,CN(C)CCc1c[nH]c2ccc(CC3COC(=O)N3)cc12,,0.13280706107616425
3835,CC1CC2C3CCC4=CC(=O)C=CC4(C)C3C(=O)CC2(C)C1(O)C(=O)CO,,0.13285638391971588
3549,COC(=O)C12OCC34C(CC5C(C)=CC(=O)C(O)C5(C)C3C(O)C1O)OC(=O)C(OC(C)=O)C24,,0.13286270201206207
9606,COc1cc2c(c(O)c1OC)C1Cc3ccc(OC)c(OC)c3CN1CC2,,0.13287268579006195
5007,CNC1C(OC2C(OC3C(O)C(O)C(N=C(N)N)C(O)C3N=C(N)N)OC(C)C2(O)C=O)OC(CO)C(O)C1O,,0.1328873634338379
3970,CC(O)C#CC#CC#CC#CCCCCCCCC(=O)O,,0.13291820883750916
4979,O=C1CCc2c(ccc3ccccc23)O1,,0.13297057151794434
7176,Nc1ccc(Sc2ccc([N+](=O)[O-])cc2)cc1,,0.13297569751739502
1672,Cc1cc(CCCCCCCOc2ccc(C3=NC(C)CO3)cc2)on1,,0.1329919993877411
8918,CC(C)OC(=O)c1ccc(N)cc1S(N)(=O)=O,,0.13300441205501556
3236,COC1C(OC(=O)C=CC=CC=CC=CC(=O)O)CCC2(CO2)C1C1(C)OC1CC=C(C)C,,0.1330510377883911
2918,O=C(c1ccccc1)c1ccccc1,,0.13306166231632233
4734,CCOC(=O)C(CCc1ccccc1)NC(C)C(=O)N1Cc2ccccc2CC1C(=O)O,,0.13306313753128052
4205,Cc1ccc(S(=O)(=O)NC(CCCNC(=O)OCc2ccccc2)C(=O)O)cc1,,0.13306573033332825
8198,O=c1[nH]c(=O)n([C@H]2C[C@H](O)[C@@H](COP(=O)(O)O)O2)cc1F,,0.1330699920654297
1498,Nc1ncnc2c1ncn2C1OC(COP(=O)(O)OP(=O)(O)OP(=O)(O)O)CC1O,,0.1330980658531189
3895,COC(=O)C(C)c1ccc(-c2ccccc2)c(F)c1,,0.13311365246772766
9535,CCC(=O)C(CC(C)N1CCOCC1)(c1ccccc1)c1ccccc1,,0.13313043117523193
5559,CC(CN1CCC(O)(c2ccccc2)CC1)N(C(=O)c1ccco1)c1ccccc1.Cl,,0.1331387758255005
6447,CCCC(c1cc(C(C)(C)C)c(O)cc1C)c1cc(C(C)(C)C)c(O)cc1C,,0.1331460028886795
3239,Cc1nc2c([nH]1)c(=O)n(C)c(=O)n2Cc1ccco1,,0.13314752280712128
1754,CCCc1cc(=O)oc2c3c(c4c(c12)OC(C)(C)CC4)OC(C)C(C)C3=O,,0.1331566870212555
4629,CC12C=CC(=O)C=C1CCC1C2C(O)CC2(C)C1CCC2(O)C(=O)CO,,0.1331576257944107
7246,Oc1ccc(NCc2ccccc2)cc1,,0.13320307433605194
1363,O=c1ccn(C2CC(F)C(COP(=O)(O)OP(=O)(O)O)O2)c(=O)[nH]1,,0.13326585292816162
2482,CC=CC1=C(C(=O)O)N2C(=O)C(NC(=O)C(N)c3ccc(O)cc3)C2SC1,,0.13327160477638245
3546,COc1ccc(C2C(=O)C(O)C(c3ccccc3)C(=O)C2O)cc1,,0.1332726925611496
4303,CC(C)=CCOc1c(CC=C(C)C)c(=O)[nH]c2ccccc12,,0.13328135013580322
9167,Cc1cn([C@H]2C[C@H](O)[C@@H](COP(=O)(O)O)O2)c(=O)[nH]c1=O,,0.13328464329242706
5267,CN(C)CCCN1c2ccccc2Sc2ccc(C(F)(F)F)cc21,,0.1332899034023285
3668,Cc1c(OCC(F)(F)F)ccnc1CS(=O)c1nc2ccccc2[nH]1,,0.13329224288463593
4537,Nc1ncnc2c1ncn2C1OC(COP(=O)(O)OP(=O)(O)CP(=O)(O)O)C(O)C1O,,0.1332976520061493
2315,CCCC(=O)N1CCCN(c2nc(N)c3cc(OC)c(OC)cc3n2)CC1,,0.13331611454486847
2578,CC(C)CC(NC(=O)C(NC(=O)NC(Cc1ccccc1)C(=O)O)C1CCN=C(N)N1)C(=O)NC(Cc1ccccc1)C(=O)O,,0.13332878053188324
5759,COc1cccc(OC)c1C(=O)N[C@@H]1C(=O)N2[C@@H]1SC(C)(C)[C@@H]2C(=O)O,,0.133343905210495
1971,O=P(O)(O)Oc1cccc2ccccc12,,0.13335686922073364
6500,O=C(Nc1ccccc1)c1ccccc1O,,0.13337060809135437
4669,CC(C)[N+](C)(CCOC(=O)C1c2ccccc2Oc2ccccc21)C(C)C,,0.13345922529697418
5031,Nc1ccc(S(=O)(=O)Nc2cnnc(Cl)c2)cc1,,0.13350309431552887
2204,NC(=O)C1=CN(C2OC(COP(=O)(O)OP(=O)(O)OCC3OC(n4cnc5c(N)ncnc54)C(O)C3O)C(O)C2O)C(O)CC1,,0.1335044652223587
3871,COc1cccc(OC)c1C(=O)NC1C(=O)N2C1SC(C)(C)C2C(=O)[O-],,0.13351134955883026
5297,[H]/N=C(/Cc1c[nH]c2ccccc12)C(=O)O,,0.13352303206920624
84,Nc1c(O)cccc1C(=O)CC(N)C(=O)O,,0.13352344930171967
9266,CC(Cc1ccccc1)NCCC(c1ccccc1)c1ccccc1,,0.1335325837135315
2105,C=C1C2CCC3C4(C)CC(OC5OC(CO)C(OS(=O)(=O)[O-])C(OS(=O)(=O)[O-])C5OC(=O)CC(C)C)CC(C(=O)O)C4CCC3(C2)C1O,,0.13358323276042938
7156,Oc1cccc(Nc2ccccc2)c1,,0.1335899382829666
6564,CC(=O)Nc1ccc(S(=O)(=O)O)c(N)c1,,0.13360120356082916
5673,CC(C)C(C)C=CC(C)[C@H]1CCC2C3=CC=C4C[C@@H](O)CC[C@]4(C)[C@H]3CC[C@@]21C,,0.13365517556667328
289,C=C(OC1C=C(C(=O)O)C=CC1O)C(=O)O,,0.13365553319454193
6685,Nc1nc(N)nc(-c2ccccc2)n1,,0.1336631327867508
2277,C=C(C)CC1CC(O)C2(C)OC3CC4OC5CC6(C)OC7(C)CCC8OC9CC%10(C)OC%11C(C)=CC(=O)OC%11CC%10OC9CC(C)C8OC7CC6OC5(C)CC5OC5C4OC3CC2O1,,0.13369083404541016
7049,CNCC(=O)c1ccc(O)c(O)c1,,0.13371825218200684
3300,CNC(=O)C(Cc1c[nH]c2ccccc12)NC(=O)C(CC(=O)NO)CC(C)C,,0.13373880088329315
1307,Cc1ccc(-c2nn(C(C)(C)C)c3ncnc(N)c23)cc1,,0.1337568163871765
7101,CN(C)c1ccc([N+](=O)[O-])cc1,,0.13380220532417297
9685,O=C1CC(c2ccccc2)Oc2ccccc21,,0.1338190883398056
3727,CCn1cc(C(=O)O)c(=O)c2cc(F)c(N3CCNC(C)C3)c(F)c21,,0.13388031721115112
1877,[H]/N=C(\N)c1ccc(NC(=O)Nc2ccc(Cl)cc2)cc1,,0.1339087039232254
5556,C[C@]12CC[C@@H]3c4ccc(O)cc4CC[C@H]3[C@@H]1CCC2=O,,0.1339443027973175
9031,CC12C[C@H](O)[C@@]3(F)C(CCC4=CC(=O)C=CC43C)C1CCC2(O)C(=O)CO,,0.13396483659744263
3141,O=C(O)Cc1ccc(-c2ccccc2)cc1,,0.13397128880023956
6368,CC(C)(C)C(=O)C1C(=O)c2ccccc2C1=O,,0.13401652872562408
4731,OCCOCCN1CCN(C2=Nc3ccccc3Sc3ccccc32)CC1,,0.13403843343257904
1605,CC(C)CC(CN1CC(=O)C(NC(=O)C(CC(C)C)NC(=O)OCc2ccncc2)C1)NC(=O)OCc1ccccc1,,0.13404691219329834
6788,O=C(OC(=O)c1ccccc1)c1ccccc1,,0.13408824801445007
5285,CN(C)CCN(Cc1ccccc1)c1ccccn1,,0.134105384349823
5331,COC1C=C2CCN(C)C2C2c3cc4c(cc3C(=O)OC12)OCO4,,0.13411149382591248
2194,CCCCOC(=O)c1ccccc1C(=O)OCc1ccccc1,,0.13411417603492737
6815,O=[N+]([O-])c1ccc2nc[nH]c2c1,,0.13414262235164642
8115,Oc1ccc2c(c1)CC[N+]1=C2CCC2CCCC21,,0.13415426015853882
5232,O=c1n(CCCN2CCN(c3cccc(Cl)c3)CC2)nc2ccccn12,,0.13415838778018951
9930,COc1ccc2c(c1)N1C(=O)CC3OCC=C4CN5CCC26C5CC4C3C16,,0.1341739445924759
2013,CCN1CCCC1CNC(=O)c1cc(S(=O)(=O)CC)c(N)cc1OC,,0.13417811691761017
2927,Cc1c(N(C)CS(=O)(=O)O)c(=O)n(-c2ccccc2)n1C,,0.1342029720544815
586,Nc1ncnc2c1ncn2C1CC(O)C(COP(=O)(O)OP(=O)(O)OP(=O)(O)O)O1,,0.1342119574546814
2271,Brc1cccc(Nc2ncnc3cc4nc[nH]c4cc23)c1,,0.13428305089473724
3373,CC(=O)OC1CC2(C)C(CCC3C4C=CC(=O)C(C)C4C(OC(C)=O)C(=O)C32C)C1=C(CCC=C(C)C)C(=O)O,,0.13428895175457
1606,CC(=O)Nc1ccc(OC(=O)c2ccc(N=C(N)N)cc2)cc1,,0.13434317708015442
3421,CN1CCCN(C(c2ccccc2)c2ccc(Cl)cc2)CC1,,0.13435034453868866
6176,CC(C)(C)c1ccc(OP(=O)(Oc2ccc(C(C)(C)C)cc2)Oc2ccc(C(C)(C)C)cc2)cc1,,0.13435129821300507
4635,CC12C=CC(=O)C=C1CCC1C2C(=O)CC2(C)C1CCC2(O)C(=O)CO,,0.1343580186367035
5168,CCN(CC)CCNC(=O)c1cc(S(C)(=O)=O)ccc1OC,,0.13438066840171814
224,Nc1ncnc2c1ncn2C1OC(COP(=O)(O)OP(=O)(O)OP(=O)(O)O)C(O)C1O,,0.13445471227169037
4252,CNCCC(Oc1ccccc1OC)c1ccccc1,,0.1344805359840393
9934,CC[N+](C)(CC)CCN(C)C(=O)C(O)(c1ccccc1)c1ccccc1,,0.13456344604492188
8706,c1ccc2c(c1)Oc1ccccc1O2,,0.1345774084329605
9509,CO[C@@H]1C[C@H](O[C@H]2CC[C@@]3(C)C(CCC4C3CC[C@]3(C)[C@@H](C5=CC(=O)OC5)[C@@H](OC(C)=O)C[C@]43O)C2)O[C@H](C)[C@H]1O,,0.13457833230495453
9508,CO[C@H]1C[C@H](O[C@H]2CC[C@@]3(C)C(CCC4C3CC[C@]3(C)[C@@H](C5=CC(=O)OC5)[C@@H](OC(C)=O)C[C@]43O)C2)O[C@@H](C)[C@@H]1O,,0.13457833230495453
2360,COc1ccc(CCN(C)CCCC(C#N)(c2ccc(OC)c(OC)c2)C(C)C)cc1OC,,0.1346195489168167
5051,O=C1C(CCS(=O)c2ccccc2)C(=O)N(c2ccccc2)N1c1ccccc1,,0.13463206589221954
9737,c1ccc2c(c1)CCc1ccccc1N2,,0.1346341371536255
9655,COc1cc2c(cc1O)C1Cc3ccc(OC)c(OC)c3CN1CC2,,0.13463452458381653
4499,CN(C)CCC(c1ccccc1)c1ccccn1,,0.1346844732761383
1668,Cc1cc(CCCCCOc2ccc(C3=NCCO3)cc2)on1,,0.13472528755664825
2676,CCC(=O)CCCCCC1NC(=O)C2CCCCN2C(=O)C(C(C)CC)NC(=O)C(c2cnc3ccccc3c2Cl)NC1=O,,0.13480249047279358
1594,NC1=NC(=C2CCC(N)CC2)C=N1,,0.13482196629047394
1227,O=P(O)(O)OP(=O)(O)OCC1OC(n2cnc3c2ncn2ccnc32)C(O)C1O,,0.13482335209846497
4757,COCCCOc1ccnc(CS(=O)c2nc3ccccc3[nH]2)c1C,,0.13484406471252441
2333,CC(C=Cc1cccc(Oc2ccc(F)cc2)c1)N(O)C(N)=O,,0.13486719131469727
3425,CCC1=CC2Cc3nc4cc(Cl)ccc4c(N)c3C(C1)C2,,0.13490834832191467
6477,O=C(O)c1cccc2ccccc12,,0.134945347905159
406,Cc1cc2c(cc1C)N(CC(O)C(O)C(O)CO)C1=NC(=O)NC(=O)C1N2,,0.13494868576526642
1767,O=[N+]([O-])c1cccc2cn[nH]c12,,0.13496454060077667
9720,Cc1cc(O)c2c(O)c3c(O)cccc3cc2c1,,0.13499517738819122
1185,CC(C)C(NC(=O)C(Cc1ccccc1)CC(O)C(Cc1ccccc1)NC(=O)OC(C)(C)C)c1ncc[nH]1,,0.13505347073078156
4978,O=C1NCN(c2ccccc2)C12CCN(CC1COc3ccccc3O1)CC2,,0.13506728410720825
4891,CCCCCCCNS(=O)(=O)c1cccc2c(Cl)cccc12,,0.13507026433944702
2811,CCC(=O)OC1(C(C)=O)CCC2C3CCC4=CC(=O)C=CC4(C)C3C(O)CC21C,,0.13512741029262543
1884,CNC1C(O)C(NC)C2OC3(O)C(=O)CC(C)OC3OC2C1O,,0.13516485691070557
4802,CC(C)c1nc(CN(C)C(=O)NC(C(=O)NC(Cc2ccccc2)CC(O)C(Cc2ccccc2)NC(=O)OCc2cncs2)C(C)C)cs1,,0.13519097864627838
8058,O=C(O)c1cccc(S(=O)(=O)O)c1,,0.13521750271320343
6109,Cl[Si](c1ccccc1)(c1ccccc1)c1ccccc1,,0.13523216545581818
9807,C[N+](C)(C)CCc1cccc(O)c1.[OH-],,0.1352342665195465
9980,C[C@]12CC[C@H](O)C[C@H]1CCC1C2CC[C@]2(C)[C@@H](C3=CC(=O)OC3)[C@@H](OC=O)C[C@]12O,,0.13524936139583588
1729,[H]/N=C(\N)N(O)c1ncnc2c1ncn2C1OC(CO)C(O)C1O,,0.13530851900577545
8934,Nc1ccc(-c2ccc(F)cc2)cc1,,0.135335311293602
2560,CN(C)CCC(c1ccc(Cl)cc1)c1ccccn1,,0.13533686101436615
3600,CN(C)c1ccc(C(=O)NCCCCC(=O)NO)cc1,,0.1353401094675064
3876,COc1ccccc1CNCCCCCCNCCCCCCCCNCCCCCCNCc1ccccc1OC,,0.13539478182792664
7943,O=C(O)c1c(O)cnc2ccccc12,,0.13540758192539215
2763,CCCCCC(O)CC=C1C(=O)C=CC1CC=CCCCC(=O)O,,0.13545145094394684
6638,Oc1ccccc1-c1ccccc1,,0.13549113273620605
1178,O=C(Cc1ccccc1)NC(Cc1cccc(C(=O)O)c1)B(O)O,,0.13550779223442078
2172,COc1cccc(OC)c1OCCNCC1CSc2ccccc2O1,,0.1355198472738266
2030,CCOC(=O)OC(C)OC1=C(C(=O)Nc2ccccn2)N(C)S(=O)(=O)c2ccccc21,,0.135530486702919
9646,COc1c2ccoc2c(OC[C@@H](O)C(C)(C)O)c2oc(=O)ccc12,,0.1355307251214981
3747,CCCc1c(OCCCCc2nn[nH]n2)ccc(C(C)=O)c1O,,0.13554790616035461
4332,COC1CC(OC2C(C)C(=O)OC(C)C(C)C(O)C(C)C(=O)C3(CO3)CC(C)C(OC3OC(C)CC(N(C)C)C3O)C2C)OC(C)C1O,,0.13561680912971497
1828,CC1OC(=O)c2c(O)cc(O)cc2C=CCC2CC(=O)CCC21,,0.1356438398361206
5043,Nc1ccc(S(N)(=O)=O)cc1,,0.13566215336322784
3698,COc1ccc2c(c1)N(CC(C)CN(C)C)c1ccccc1S2,,0.13571524620056152
2921,CNCC(O)c1ccc(OC(=O)C(C)(C)C)c(OC(=O)C(C)(C)C)c1,,0.13571661710739136
7198,CCOc1ccc(/N=C(\C)Nc2ccc(OCC)cc2)cc1,,0.13573183119297028
1999,NCCOCCOCCNC(=O)c1ccc(S(N)(=O)=O)cc1,,0.13576826453208923
6466,CCn1c2ccccc2c2ccccc21,,0.13576923310756683
2797,CCOC(=O)C(CCc1ccccc1)NC(C)C(=O)N(CC(=O)O)C1Cc2ccccc2C1,,0.13578832149505615
239,Oc1cccc(-c2ccccc2)c1O,,0.13578972220420837
2499,CCN(CC)C(=O)Nc1ccc(OCC(O)CNC(C)(C)C)c(C(C)=O)c1,,0.13579563796520233
6281,Cc1ccc(S(=O)(=O)OCCCl)cc1,,0.13581213355064392
8813,CCN(CC)CCOC(=O)C(O)(c1ccccc1)c1ccccc1,,0.1358226239681244
6465,COc1ccccc1-c1ccccc1,,0.13584819436073303
6282,CC(C)c1ccc(S(=O)(=O)O)cc1,,0.13586269319057465
1904,N#CC(=Cc1ccc(O)cc1)C(N)=C(C#N)C#N,,0.13587449491024017
5191,COc1cc(C=Cc2ccc(OC)cc2OC)cc(OC)c1,,0.13589847087860107
2820,CC1CC2C3CCC4=CC(=O)C=CC4(C)C3(F)C(O)CC2(C)C1C(=O)CO,,0.13590337336063385
8910,O=C(CF)Nc1cccc2ccccc12,,0.1359468698501587
2253,CC=C(C)C=C1CN=C2N(c3ccccc3)CCC2(O)C1=O,,0.13595761358737946
1869,O=C(O)C(=O)Nc1cccc(-c2nn[nH]n2)c1,,0.1359601467847824
7150,c1ccc(OP(Oc2ccccc2)Oc2ccccc2)cc1,,0.1359604299068451
5830,COC(=O)[C@@H]1[C@H]2C[C@H]3c4[nH]c5ccccc5c4CCN3C[C@@H]2CC[C@@H]1O.Cl,,0.13596472144126892
6174,Cc1ccc(OP(=O)(Oc2ccccc2)Oc2ccccc2)cc1,,0.1360025703907013
5448,C[C@]12CC[C@@H]3c4ccc(O)cc4CC[C@H]3[C@@H]1C[C@@H](O)[C@@H]2O,,0.13600899279117584
1669,Cc1cc(CCCCCOc2ccc(C3=NC(C)CO3)cc2)on1,,0.13601677119731903
2417,NC(=O)C1(N2CCCCC2)CCN(CCCN2c3ccccc3CCc3ccccc32)CC1,,0.13602283596992493
9274,O=[N+]([O-])c1cc(C(F)(F)F)cc([N+](=O)[O-])c1Cl,,0.13603462278842926
5238,CC(C=CC1=C(C)CCCC1(C)C)=CC=CC(C)=CC(=O)Oc1c(C)c(C)c2c(c1C)CCC(C)(CCCC(C)CCCC(C)CCCC(C)C)O2,,0.13605263829231262
6248,CC(=O)OCC(=O)[C@@]1(O)CCC2C3CCC4=CC(=O)C=CC4(C)[C@@]3(Cl)C(Cl)CC21C,,0.13608847558498383
4702,CC(Cc1ccc2c(c1)OCO2)NCC(O)c1ccc(O)c(O)c1,,0.13614092767238617
8545,CC(=O)[C@H]1CC[C@H]2[C@@H]3C=CC4=CC(=O)CC[C@@]4(C)[C@@H]3CC[C@]12C,,0.13620074093341827
8936,O=C(CF)Nc1ccc2ccccc2c1,,0.13623514771461487
5064,CCN1CCCC1CNC(=O)c1cc(S(N)(=O)=O)ccc1OC,,0.13626976311206818
4233,O=C(Nc1ccc([N+](=O)[O-])cc1Cl)c1cc(Cl)ccc1O,,0.13630704581737518
2269,Nc1cc2ncnc(Nc3cccc(Br)c3)c2cc1N,,0.13636082410812378
4607,CC12CCC(=O)C=C1C=CC1C2CCC2(C)C1CCC2(O)CCC(=O)O,,0.1363641917705536
6483,c1ccc2c(c1)Cc1ccccc1-2,,0.1363692581653595
665,O=CNCc1cc(COc2ccc(CCNC(=O)CCC(NC(=O)CCC(NC(=O)CCC(C(=O)O)C(CCC(=O)O)C(=O)O)C(=O)O)C(=O)O)cc2)co1,,0.1363755762577057
3620,c1coc(CNc2ncnc3nc[nH]c23)c1,,0.13643614947795868
2564,CN(C)CCC=C1c2ccccc2Sc2ccc(Cl)cc21,,0.13648658990859985
7986,O=C(c1ccccc1)C(O)c1ccccc1,,0.13650204241275787
868,NC(=O)c1ccc[n+](C2OC(COP(=O)(O)O)C(O)C2O)c1,,0.136536106467247
5851,O=[N+]([O-])c1cccc(O)c1[N+](=O)[O-],,0.13656014204025269
9678,O=C(O)c1ccnc2ccccc12,,0.13657048344612122
6551,Nc1ccccc1S(=O)(=O)O,,0.13658295571804047
1364,Nc1ncnc2c1ncn2C1CCC(COP(=O)(O)OP(=O)(O)OP(=O)(O)O)O1,,0.13658364117145538
661,Cc1cc2c(cc1C)N(CC(O)C(O)C(O)COP(=O)(O)O)c1[nH]c(=O)[nH]c(=O)c1N2,,0.13662976026535034
6369,CC(C)CC(=O)C1C(=O)c2ccccc2C1=O,,0.13667374849319458
1613,[H]/N=C(\N)c1ccc(N)cc1,,0.13668718934059143
9145,CCCCCCCCCC(=O)O[C@H]1CC[C@H]2[C@@H]3CCC4=CC(=O)CC[C@@H]4[C@H]3CC[C@]12C,,0.13669785857200623
8265,CC1=CC(=O)C(C)=CC1=O,,0.13671758770942688
3599,CN(C)c1ccc(C(=O)NCCCC(=O)NO)cc1,,0.1367865651845932
5797,Nc1ccn([C@@H]2O[C@H](COP(=O)(O)O)[C@@H](O)[C@H]2O)c(=O)n1,,0.1367948204278946
2610,COC1CC(OC2CC(OC3OC(C)CC(N(C)C)C3O)C(C)(OC)CC(C)C(=O)C(C)C(O)C(C)(O)C(C)OC(=O)C2C)OC(C)C1O,,0.13684704899787903
3211,C[N+]1(CCF)C2CCC1CC(OC(=O)C(O)(c1ccccc1)c1ccccc1)C2,,0.13688771426677704
9247,C[C@H]1C[C@H]2[C@@H]3CCC4=CC(=O)C=C[C@]4(C)[C@@]3(F)[C@@H](O)C[C@]2(C)[C@@]1(O)C(=O)CO,,0.13689148426055908
5436,C[C@@H]1C[C@H]2[C@@H]3CCC4=CC(=O)C=C[C@]4(C)[C@@]3(F)[C@@H](O)C[C@]2(C)[C@@]1(O)C(=O)CO,,0.13689148426055908
4767,CNC(=C[N+](=O)[O-])NCCSCc1ccc(CN(C)C)o1,,0.1369195431470871
5313,CC(C)Oc1cccnc1N(C)C1CCN(Cc2ccccc2)CC1,,0.13692429661750793
2975,CN(C)CCOC(C)(c1ccccc1)c1ccccn1,,0.13693362474441528
3183,CC1CCc2cc(F)cc3c(=O)c(C(=O)O)cn1c23,,0.136956587433815
5408,COc1ccc(CCN(C)CCc2ccc(OC)c(OC)c2)cc1OC,,0.13697731494903564
4645,CCCC(C(=O)OCCN(CC)CC)(c1ccccc1)c1ccccc1,,0.1369803249835968
2025,CC1(C)SC2C(NC(=O)C(N)c3ccc(O)cc3)C(=O)N2C1C(=O)O,,0.13708366453647614
3053,NC1=NCC2c3ccccc3Cc3ccccc3N12,,0.13708767294883728
2164,COc1ccccc1CNCCCCCCNCCSSCCNCCCCCCNCc1ccccc1OC,,0.13712337613105774
705,CC(=O)NC(CC(=O)NC1OC(CO)C(OC2OC(CO)C(OC3OC(CO)C(OC4OC(COP(=O)(O)O)C(O)C(O)C4O)C(O)C3O)C(O)C2NC(C)=O)C(O)C1NC(C)=O)C(N)=O,,0.1371367871761322
3215,CN(CC(=O)N1CCOCC1)Cc1c(Cl)cccc1NC(=O)c1ccccc1,,0.13717752695083618
9917,CC1O[C@H](O[C@H]2CC[C@]3(C=O)C4C(CC[C@]3(O)C2)[C@@]2(O)CC[C@H](C3=CC(=O)OC3)[C@@]2(C)C[C@H]4O)C(O)C(O)[C@H]1O,,0.13718435168266296
2779,CC(NC(=O)Cc1cc(F)cc(F)c1)C(=O)NC(C(=O)OC(C)(C)C)c1ccccc1,,0.13725368678569794
9915,C=C1C(=O)O[C@@H]2[C@H]1CC[C@H](C)[C@@]1(O)C=CC(=O)[C@@]21C,,0.13726474344730377
6590,CCCCCCCCCCCCc1ccc2c(c1)C(C)=CC(C)(C)N2,,0.1372876614332199
4145,O=C(O)c1ccccc1Nc1ccccc1,,0.1373051255941391
6553,CCc1cc(Cc2cc(CC)cc(C(C)(C)C)c2O)c(O)c(C(C)(C)C)c1,,0.13732506334781647
4667,CCCNCC(O)COc1ccccc1C(=O)CCc1ccccc1,,0.1373288333415985
3872,COc1cccc(OC)c1C(=O)NC1C(=O)N2C1SC(C)(C)C2C(=O)O,,0.13737918436527252
2621,CN1C(=O)CC(=O)N(c2ccccc2)c2cc(Cl)ccc21,,0.13738888502120972
8489,NS(=O)(=O)c1cc2c(cc1C(F)(F)F)NC=NS2(=O)=O,,0.1374800056219101
4886,COC(=O)C(NC(=O)C(NC(=O)C(C)N1CCC(C(C)NC(=O)C(C)N)=CC(Cc2ccccc2)C1)C(C)C)C(C)C,,0.13758227229118347
4988,O=C(O)Cc1nn(Cc2ccc(Br)cc2F)c(=O)c2ccccc12,,0.13759037852287292
5125,COc1ccc(CC2NCCc3cc(OC)c(OC)cc32)cc1OC,,0.13759170472621918
1841,CCCC(=O)Nc1ccc(OCC(O)CNC(C)C)c(C(C)=O)c1,,0.13760128617286682
6135,Cc1cc(Cc2cc(C)cc(C3(C)CCCCC3)c2O)c(O)c(C2(C)CCCCC2)c1,,0.13760139048099518
5363,CCC12CCCN3CCc4c(n(c5ccccc45)C(O)(C(=O)OC)C1)C32,,0.1376330852508545
4370,O=C1Nc2ccccc2C1=Cc1ccc[nH]1,,0.13766241073608398
5465,O=C(Cc1cccs1)N[C@@H]1C(=O)N2C(C(=O)[O-])=C(C[n+]3ccccc3)CS[C@H]12,,0.1376822292804718
6724,Oc1ccc(-c2ccccc2)cc1,,0.13771726191043854
5773,Cc1ccc(S(=O)(=O)O)cc1,,0.13774582743644714
7996,CCCCCCC1=CC(=O)CC(c2ccc3c(c2)OCO3)C1,,0.13778439164161682
1083,C=C(OC1C(O)C(CO)OC(OP(=O)(O)OP(=O)(O)OCC2OC(n3ccc(=O)[nH]c3=O)C(O)C2O)C1NC(C)=O)C(=O)O,,0.13781307637691498
9542,COC1=CC(=O)C2(Oc3c(Cl)c(OC)cc(OC)c3C2=O)C(C)C1,,0.13783112168312073
6670,O=Cc1ccccc1S(=O)(=O)O,,0.13784167170524597
3697,CC1CN(C2CCC(C#N)(c3ccc(F)cc3)CC2)CCC1(C(=O)O)c1ccccc1,,0.1378612369298935
3388,CC(=O)Oc1ccc2c3c1OC1C(OC(C)=O)C=CC4C(C2)N(C)CCC341,,0.13786493241786957
2587,O=C1CCc2cc(OCCCCc3nnnn3C3CCCCC3)ccc2N1,,0.13791371881961823
1889,Nc1ncnc2c1ncn2C1OC(COP(=O)(O)OP(=O)(O)OP(O)(O)=S)C(O)C1O,,0.13792160153388977
1303,NS(=O)(=O)c1ccc(-n2nc(C(F)(F)F)cc2-c2ccc(Br)cc2)cc1,,0.13792359828948975
5795,CNC(=O)Oc1cccc2ccccc12,,0.13792462646961212
5937,C[C@H]1O[C@@H](O[C@H]2[C@@H](O)C[C@H](O[C@H]3[C@@H](O)C[C@H](O[C@H]4CC[C@@]5(C)[C@H](CC[C@@H]6[C@@H]5CC[C@]5(C)[C@H](C7=CC(=O)OC7)CC[C@]65O)C4)O[C@@H]3C)O[C@@H]2C)C[C@H](O)[C@@H]1O,,0.13795065879821777
4874,CC1=C2C3OC(=O)C(C)C3CCC2(C)C=CC1=O,,0.1379728466272354
6430,c1cc[n+]2c(c1)-c1cccc[n+]1CC2,,0.13802635669708252
5205,Cc1cccc(N(C)C(=S)Oc2ccc3c(c2)C2CCC3C2)c1,,0.1380818635225296
2500,CCC1CN2CCc3cc(OC)c(OC)cc3C2CC1CC1NCCc2cc(O)c(OC)cc21,,0.13811689615249634
1005,C[S+](CCC(N)C(=O)O)CC1OC(n2cnc3c(N)ncnc32)C(O)C1O,,0.13812443614006042
3217,COc1ccc(CC(C)NCC(O)c2ccc(O)c(NC=O)c2)cc1,,0.13812658190727234
5597,CN(C)CCCSc1ccccc1NC(=O)C=Cc1ccccc1.Cl,,0.13815076649188995
9931,CCC(OC(C)=O)C(CC(C)N(C)C)(c1ccccc1)c1ccccc1,,0.1381855607032776
2679,CCC(C)C1NC(=O)C(Cc2ccc(OC)cc2)NC(=O)C(CCCCCC(=O)NO)NC(=O)C2CCCCN2C1=O,,0.13819670677185059
5736,CN1CCN(CC(=O)[C@@]2(O)CC[C@H]3[C@@H]4CCC5=CC(=O)C=C[C@]5(C)[C@H]4[C@@H](O)C[C@@]32C)CC1.Cl,,0.1382020115852356
2053,c1ccc(CN(CC2=NCCN2)c2ccccc2)cc1,,0.13822077214717865
7184,CC(C)Oc1ccc(Nc2ccccc2)cc1,,0.1382215917110443
3732,O=C(O)c1nn(Cc2ccc(Cl)c(Cl)c2)c2ccccc12,,0.13822585344314575
9910,COC1C[C@@H](O[C@H]2CC[C@]3(C=O)C4C(O)C[C@]5(C)[C@@H](C6=CC(=O)OC6)CC[C@]5(O)C4CC[C@@H]3C2)OC(C)[C@H]1O,,0.13822749257087708
1424,OCCNc1ncnc2c1nc1ccccn12,,0.1382339894771576
8696,c1cnc2c(c1)nc1ccccn12,,0.13829025626182556
1645,NS(=O)(=O)c1ccc(C(=O)NCCCCNCS)cc1,,0.1383265256881714
1230,Nc1ncnc2c1ncn2C1OC(COP(=O)(O)OP(=O)(O)C(F)(F)CCCC(F)(F)P(=O)(O)O)C(O)C1O,,0.13833290338516235
1603,COc1ccc2c(c1)CN(C(=O)CCN1CCC(Cc3ccccc3)CC1)CCS2,,0.13838015496730804
5529,C[C@]12CCC(=O)C=C1CC[C@@H]1[C@@H]2[C@@H](O)C[C@]2(C=O)[C@@H](C(=O)CO)CC[C@@H]12,,0.1384456902742386
1184,CC1(C)SC(C(NC(=O)Cc2ccccc2)C(=O)NCc2ccccc2)NC1C(=O)O,,0.13844747841358185
1918,N#CC(C#N)=Cc1cc(O)c(O)c(O)c1,,0.13849954307079315
5124,COc1cc2c(cc1OC)C1Cc3ccc(OC)c(OC)c3CN1CC2,,0.13852886855602264
1691,NCCc1c[nH]c2ccc(C(N)=O)cc12,,0.13860228657722473
3255,COc1ccc2c3c1OC1CC(O)C=CC31CCN(C)C2,,0.13863065838813782
8278,NS(=O)(=O)c1ccc(C(=O)O)cc1,,0.1386355310678482
8064,CC(=O)Nc1ccc(S(=O)(=O)O)cc1,,0.1386512666940689
4505,CC(C)=CC1C(C(=O)OCc2cccc(Oc3ccccc3)c2)C1(C)C,,0.138683021068573
56,CC(CO)(OP(=O)(O)O)C(O)COP(=O)(O)OP(=O)(O)OCC1OC(n2ccc(N)nc2=O)C(O)C1O,,0.13877610862255096
5860,O=Cc1ccc(-c2ccc(C=O)cc2)cc1,,0.13877911865711212
6362,CN1CCN(C(c2ccccc2)c2ccccc2)CC1,,0.1387908011674881
151,NC1=NC2NCC(C(O)C(O)COP(=O)(O)OP(=O)(O)OP(=O)(O)O)=NC2C(=O)N1,,0.13879311084747314
6691,Nc1ccc(-c2ccc(N)c(Cl)c2)cc1Cl,,0.1388377547264099
4093,CC(=O)N(C)C(Cc1ccc(O)cc1)C(=O)NC(C(=O)NC(C)C(=O)NC(C=O)CC(=O)O)C(C)C,,0.13886654376983643
6926,O=[N+]([O-])c1ccc(Cl)c(S(=O)(=O)O)c1,,0.13888707756996155
637,O=c1ccn(C2CC(O)C(COP(=O)(O)OP(=O)(O)O)O2)c(=O)[nH]1,,0.13888923823833466
1217,COc1ccc2cc(C(C)C(=O)O)ccc2c1,,0.13890661299228668
6728,c1ccc2c(c1)Cc1ccccc1O2,,0.13893719017505646
2530,CCC(C)C1NC(=O)C(Cc2ccc(OC)cc2)NC(=O)C(CCCCCC(=O)NO)NC(=O)C2CCCN2C1=O,,0.13894398510456085
3426,CC(=O)NC1C(O)OC(CO)C(O)C1COC1OC(C(=O)O)C(COCC2OC(CO)C(O)C(COC3OC(C(=O)O)C(O)C(O)C3O)C2NC(C)=O)C(O)C1(C)O,,0.1389608383178711
7015,CCc1ccc(S(=O)(=O)O)cc1,,0.13896572589874268
5152,NC(=O)CSP(=O)(O)OP(=O)(O)OP(=O)(O)OCC1OC(n2cnc3c(N)ncnc32)C(O)C1O,,0.1389736831188202
549,O=C(O)C(=O)C=Cc1ccccc1O,,0.13905861973762512
5114,CCN(CC)C(=O)NC1CC2c3cccc4[nH]cc(c34)CC2N(C)C1,,0.13907590508460999
4539,CC(C)CC(NP(=O)(O)OC1OC(C)C(O)C(O)C1O)C(=O)NC(Cc1c[nH]c2ccccc12)C(=O)O,,0.13908761739730835
2163,NC(N)=NCC1CCC(C(=O)Oc2ccccc2C(=O)OCc2ccccc2)CC1,,0.13915222883224487
2575,O=C(O)c1cc(=O)c2ccccc2o1,,0.13915640115737915
7154,COc1cccc(Nc2ccccc2)c1,,0.13921037316322327
8695,c1ccc2c(c1)Cc1cccnc1-2,,0.13921712338924408
5062,COc1cc(S(C)=O)ccc1-c1nc2ncccc2[nH]1,,0.13925907015800476
5143,NC(=[NH2+])c1cc2cccnc2s1,,0.13926352560520172
4346,Cc1ccccc1C(OCCN(C)C)c1ccccc1,,0.13926513493061066
2916,CN(C)CCOC(c1ccccc1)c1ccccc1,,0.1393326371908188
4440,COC(=O)C1=C(C)NC(C)=C(C(=O)OCCSc2ccccc2)C1C,,0.13933514058589935
8899,CCC1CN2CCc3cc(OC)c(OC)cc3C2CC1CC1NCCc2cc(OC)c(OC)cc21,,0.1393488347530365
2016,CCOC(=O)C1=C(COCCN)NC(C)=C(C(=O)OC)C1c1ccccc1Cl,,0.13940462470054626
3064,CC1OC(OC2CCC3(C=O)C4CCC5(C)C(C6=CC(=O)OC6)CCC5(O)C4CCC3(O)C2)CC(O)C1COCC1OC(CO)CC(O)C1O,,0.13941128551959991
3065,CCC1OC(=O)C(C)C(OC2CC(C)(OC)C(O)C(C)O2)C(C)C(OC2OC(C)CC(N(C)C)C2O)C(C)(O)CC(C)C(=O)C(C)C(O)C1(C)O,,0.1394197940826416
1048,Cc1cn(C2CC(O)C(COP(=O)(O)OP(=O)(O)O)O2)c(=O)[nH]c1=O,,0.13945423066616058
9258,C[C@@H]1CC2C3CCC4=CC(=O)C=CC4(C)[C@@]3(F)C(O)CC2(C)C1C(=O)CO,,0.1394655704498291
6382,CC[C@H](C=C[C@@H](C)[C@H]1CC[C@H]2[C@@H]3CC=C4C[C@@H](O)CC[C@]4(C)[C@H]3CC[C@]12C)C(C)C,,0.13948997855186462
9070,Fc1ccc(CCl)cc1,,0.13949057459831238
5018,Cc1cc(C)c(C=C2C(=O)Nc3ccc(Cl)cc32)[nH]1,,0.1395220160484314
1595,NS(=O)(=O)c1ccc(/N=N/C2=c3cc(Br)ccc3=NC2=O)cc1,,0.1395636349916458
2545,CN1CCN(C(c2ccccc2)c2ccc(Cl)cc2)CC1,,0.13958629965782166
8220,Clc1ccc(CC(=CCN2CCCC2)c2ccccc2)cc1,,0.13959522545337677
2144,COC(=O)c1ccc(C=Cc2ccc([N+](=O)[O-])o2)o1,,0.13960297405719757
5231,O=C1NC(Cc2ccccc2)C(=O)N2CCCC2C(=O)NC(CCCCCC(=O)C2CO2)C(=O)NC1Cc1ccccc1,,0.1396041363477707
4969,O=C([O-])CCCc1ccccc1.[Na+],,0.13963790237903595
5296,CC(C)=CCc1[nH]c2ccccc2c1CC1NC(=O)C2CCCN2C1=O,,0.13966137170791626
6745,O=C(O)c1ccc2ccccc2n1,,0.13971491158008575
7830,CN(C)CCCN1c2ccccc2CCc2ccccc21.Cl,,0.13971661031246185
69,Nc1ncnc2c1ncn2C1OC(COP(=O)(O)O)C(OP(=O)(O)O)C1O,,0.1397334337234497
9683,Cn1cccc1-c1cccnc1,,0.1397417038679123
8112,CCC(c1ccc(OC)cc1)C(CC)c1ccc(OC)cc1,,0.13976150751113892
587,Nc1ccn(C2CC(O)C(COP(=O)(O)OP(=O)(O)O)O2)c(=O)n1,,0.13979338109493256
1426,[H]/N=C(\N)C1CCC(CNC(=O)C2C=CCn3c(=O)n(CCS(=O)(=O)c4ccc(Br)cc4)c(=O)n32)CC1,,0.13985218107700348
4525,O=C1NC([O-])=NC1(c1ccccc1)c1ccccc1,,0.13985586166381836
2094,Nc1ncnc2c1ncn2C1OC(COP(=O)(O)OC(=O)C(N)CC(=O)O)C(O)C1O,,0.13988468050956726
1269,CCC(C)C(NC(=O)C1CCCN1CC(O)C1Cc2ccc(cc2)OCCCC(=O)NC(CC(N)=O)C(=O)N1)C(=O)NC(C(N)=O)C(C)C,,0.1398959904909134
7294,O=C(O)C(=O)Nc1ccc([N+](=O)[O-])cc1,,0.13990314304828644
1621,Cc1ncc2ccccc2c1C#N,,0.13990642130374908
5536,C[N+]1(CCCCC[N+]2(C)CCCC2)CCCC1.O=C([O-])[C@H](O)[C@@H](O)C(=O)O.O=C([O-])[C@H](O)[C@@H](O)C(=O)O,,0.13991078734397888
2402,CN(C)CCOC(c1ccc(Cl)cc1)c1ccccn1,,0.1399509161710739
7876,CC(C)=CC(=O)NS(=O)(=O)c1ccc(N)cc1,,0.13996237516403198
2804,CCCCn1c(=O)c2c(ncn2CC(C)=O)n(CCCC)c1=O,,0.1400277465581894
9564,CC(=O)O[C@H]1C[C@]2(O)C3CC[C@@H]4C[C@@H](O)CC[C@]4(C)C3CC[C@]2(C)[C@H]1c1ccc(=O)oc1,,0.14004136621952057
1888,Nc1ncnc2c1ncn2C1OC(COP(=O)(O)O)C(O)C1OP(=O)(O)O,,0.1400618702173233
9538,C[C@]12CCC3C(CC[C@@H]4C[C@@H](O)CC[C@]34C=O)[C@@]1(O)C[C@H](O)[C@@H]2C1=CC(=O)OC1,,0.14006370306015015
1545,CC12CCC3c4ccc(OS(=O)(=O)[O-])cc4CCC3C1CCC2O,,0.1400783658027649
6950,COc1cc([N+](=O)[O-])ccc1N,,0.14009511470794678
8045,C=CC=CCC1=C(C)[C@@H](OC(=O)[C@@H]2[C@@H](C=C(C)C)C2(C)C)CC1=O,,0.1401611566543579
3614,CC(=O)CCC1C(=O)N(c2ccccc2)N(c2ccccc2)C1=O,,0.1401812881231308
2555,NS(=O)(=O)c1cc2c(cc1Cl)NC=NS2(=O)=O,,0.1401875615119934
2428,COCC1CCCN1S(=O)(=O)c1ccc2c(c1)C(=O)C(=O)N2,,0.1402052789926529
7173,Oc1ccc(Cc2ccccc2)cc1,,0.14021003246307373
3148,CC(C)OC(=O)C(C)(C)Oc1ccc(C(=O)c2ccc(Cl)cc2)cc1,,0.14025254547595978
2612,COc1cc(N)c(Cl)cc1C(=O)NC1CCN(Cc2ccccc2)CC1,,0.14026838541030884
1901,N#CC(C#N)=Cc1ccc([N+](=O)[O-])cc1,,0.1402687281370163
2156,CC(=O)c1cc2cccc(OCC(O)CNC(C)C)c2o1,,0.14027108252048492
8704,c1ccc2c(c1)-c1ccccc1-2,,0.1403075009584427
298,Nc1ccn(C2OC(COP(=O)(O)OCC(O)C(O)C(O)C(O)CC(=O)C(=O)O)C(O)C2O)c(=O)n1,,0.14031042158603668
4544,CC1CCC2OC(C)(C)CCCC2(C)C1(O)CCCCC1(C)CC2(O)CCC1C(C)(C)C2Cc1cc(OS(=O)(=O)O)ccc1O,,0.14044475555419922
4530,CCCCCCCCCCCCCC(=O)OC1C(C)C2(O)C(C=C(CO)CC3(O)C(=O)C(C)=CC32)C2C(C)(C)C12OC(C)=O,,0.14044728875160217
3357,O=C(CCCN1CCC(O)(c2ccc(Cl)cc2)CC1)c1ccc(F)cc1,,0.14045117795467377
4433,Fc1ccc(C2CCNCC2COc2ccc3c(c2)OCO3)cc1,,0.14048531651496887
1750,O=P(O)(O)OCC1OC(n2cnc3c(OP(=O)(O)O)ncnc32)C(O)C1O,,0.14052870869636536
5855,O=Cc1cccc2ccccc12,,0.14054720103740692
2962,O=C(OC1CC2CC3CC(C1)N2CC3=O)c1c[nH]c2ccccc12,,0.14058111608028412
6484,c1ccc2c(c1)[nH]c1ccccc12,,0.14058123528957367
9116,CC(CN1CCOCC1)C(C(=O)N1CCCC1)(c1ccccc1)c1ccccc1,,0.1406412571668625
5256,CCOC1OC(C(COCc2ccccc2)OCc2ccccc2)C(OCc2ccccc2)C1O,,0.14065110683441162
4540,O=C([O-])CCC(NC(=O)c1ccccc1C(=O)[O-])C(=O)[O-],,0.14068743586540222
7058,COc1ccc([N+](=O)[O-])cc1N,,0.14069560170173645
5065,NS(=O)(=O)c1ccc(N2CCCCS2(=O)=O)cc1,,0.14082562923431396
5443,C=C1CC[C@H](O)CC1=CC=C1CCC[C@]2(C)[C@@H]([C@H](C)C=C[C@H](C)C(C)C)CC[C@@H]12,,0.14086757600307465
4467,CCCCCC1Nc2cc(C(F)(F)F)c(S(N)(=O)=O)cc2S(=O)(=O)N1,,0.14088565111160278
1499,CC(=O)OC1CC(n2cc(C)c(=O)[nH]c2=O)OC1COP(=O)(O)OP(=O)(O)Oc1ccccc1,,0.1408858746290207
5881,C=C1CC[C@H](O)CC1=CC=C1CCC[C@]2(C)[C@@H]([C@H](C)CCCC(C)C)CC[C@@H]12,,0.14088736474514008
4747,CN1CCc2cc(Cl)c(O)cc2C(c2ccccc2)C1,,0.14094001054763794
2447,CC1=C(C(=O)O)N2C(=O)C(NC(=O)C(N)c3ccc(O)cc3)C2SC1,,0.14101622998714447
1251,CC(C)CC(NC(=O)OCc1ccccc1)C(=O)NNC(=O)NNC(=O)C(CC(C)C)NC(=O)OCc1ccccc1,,0.1410188227891922
8240,Cl.Nc1ccc(/N=N/c2ccccc2)c(N)n1,,0.14105500280857086
6577,O=[N+]([O-])c1cc(Cl)cc([N+](=O)[O-])c1O,,0.14106228947639465
4488,N#Cc1ccc2c(c1)N(CCCN1CCC(O)CC1)c1ccccc1S2,,0.1411173939704895
9918,C[C@@H]1OC(O[C@H]2CC[C@]3(C=O)[C@H]4CC[C@]5(C)C(C6=CC(=O)OC6)CC[C@]5(O)[C@@H]4CC[C@]3(O)C2)[C@H](O)[C@H](O)[C@H]1O,,0.1411217898130417
2748,CC(=O)OC1C=CC(C)(O)C(=O)C(C)CC=CC2C(O)C3(C)OC3(C)C3C(Cc4ccccc4)NC(=O)C123,,0.14113134145736694
4449,CNc1cc2c(Nc3cccc(Br)c3)ncnc2cn1,,0.14115403592586517
5265,CN1CCN(CCCN2c3ccccc3Sc3ccc(C(F)(F)F)cc32)CC1,,0.14119276404380798
2919,CN1CCC(OC(c2ccccc2)c2ccccc2)CC1,,0.14122489094734192
1929,Nc1cccc2c(=O)[nH]ccc12,,0.14122891426086426
3949,COc1cc(C(O)CO)ccc1OS(=O)(=O)[O-],,0.14125901460647583
2044,O=S(=O)(O)n1ccc2c(Cl)c(O)c(O)cc21,,0.14129024744033813
6653,COc1ccc(C(=O)c2ccc(OC)cc2)cc1,,0.14129981398582458
4451,CCC(=O)Nc1ccc2ncnc(Nc3cccc(Br)c3)c2c1,,0.14130105078220367
4801,CC(CC(O)c1ccc(O)cc1)NCc1ccc(O)cc1,,0.14132201671600342
5770,Cc1onc(-c2ccccc2Cl)c1C(=O)N[C@@H]1C(=O)N2[C@@H]1SC(C)(C)[C@@H]2C(=O)O,,0.14133816957473755
6789,O=C(Nc1ccccc1)c1ccccc1,,0.14137007296085358
447,Nc1ccccc1C(=O)CC(=O)C(=O)O,,0.1413756161928177
2441,N#CC(=Cc1cc2c3c(c1)CCCN3CCC2)C(=O)O,,0.1413992941379547
2607,COc1cc(OC)c2ccc(=O)oc2c1,,0.14140884578227997
1809,Cc1ccccc1CC(=O)Nc1cc(C)c(S(=O)(=O)NCC(=O)O)c(C)c1,,0.1414279192686081
3068,CCC(=O)OC1C(OC2C(C)C(OC3CC(C)(OC)C(O)C(C)O3)C(C)C(=O)OC(CC)C(C)(O)C(O)C(C)C(=O)C(C)CC2(C)O)OC(C)CC1N(C)C,,0.14143452048301697
3493,CCC(=CC=CC1C=CC2C(CC)CCC2C1C(=O)c1ccc[nH]1)C1OC(C(C)C(=O)O)CCC1C,,0.141474187374115
1479,CSc1nc(N)c2ncn(C3OC(COP(=O)([O-])OP(=O)([O-])OP(=O)([O-])[O-])C(O)C3O)c2n1,,0.1414814293384552
8250,CCOc1ccc([N+](=O)[O-])cc1N,,0.14148926734924316
2457,CON=C(C(=O)NC1C(=O)N2C(OC(=O)COC(=O)C(C)(C)C)=C(C=Cc3scnc3C)CSC12)c1coc(N)n1,,0.14149314165115356
205,Cc1ncc(COP(=O)(O)OP(=O)(O)O)c(N)n1,,0.14157523214817047
2045,CC12C=CC(=O)C=C1CCC1C2CCC2(C)C(=O)CCC12,,0.14159129559993744
4665,CC(C)NCC(O)c1ccc2ccccc2c1,,0.14159907400608063
7979,Cc1ccc(N)cc1[N+](=O)[O-],,0.14160491526126862
8767,CC(C(=O)N1c2ccccc2Sc2ccccc21)[N+](C)(C)C,,0.14162246882915497
3466,CC(C)Cc1ccc(C(C)C(=O)OCc2ccccn2)cc1,,0.14162948727607727
9041,O=C(Nc1cccc2ccccc12)OCCF,,0.1416463404893875
6563,Cc1ccc(S(=O)(=O)O)c(C)c1,,0.1417018324136734
181,Nc1ncnc2c1ncn2C1OC(CSCCC(N)C(=O)O)C(O)C1O,,0.14170773327350616
1497,Cc1cn(C2CC(N=[N+]=[N-])C(COP(=O)(O)O)O2)c(=O)[nH]c1=O,,0.14171497523784637
3151,CC(C(=O)O)c1cccc(Oc2ccccc2)c1,,0.1417209655046463
1136,Oc1cc2c(c(Cl)c1O)CCNCC2c1ccccc1,,0.14176885783672333
3067,CCC1OC(=O)C(C)C(OC2CC(C)(OC)C(O)C(C)O2)CC(OC2OC(C)CC(N(C)C)C2O)C(C)(O)CC(C)C(=O)C(C)CC1(C)O,,0.14177419245243073
6263,O=S(=O)(c1ccccc1)c1ccc(Cl)cc1,,0.14179278910160065
3422,COC(=O)CC(O)(CCCC(C)(C)O)C(=O)OC1C(OC)=CC23CCCN2CCc2cc4c(cc2C13)OCO4,,0.14179302752017975
3683,Cc1oc(=O)oc1COC(=O)C1N2C(=O)C(NC(=O)C(N)c3ccccc3)C2SC1(C)C,,0.14182177186012268
4300,CS(=O)(=O)Nc1ccc([N+](=O)[O-])cc1OC1CCCCC1,,0.14182879030704498
5200,CCOC(=O)NNc1nncc2ccccc12,,0.14187651872634888
5206,Cc1cc(Nc2ccccc2C(=O)O)ccc1Cl,,0.1419016718864441
5119,CCCCNc1ccc(C(=O)OCCN(C)C)cc1,,0.1419028341770172
4227,C/[NH+]=C(\N)NCCCC(N)C(=O)O,,0.1419195830821991
357,O=[N+]([O-])c1ccc(OP(=O)(O)O)cc1,,0.14192740619182587
6678,Nc1ccc2ccccc2c1,,0.14193588495254517
2257,COC(=O)C1CSC2(c3ccccc3)c3ccccc3C(=O)N12,,0.14201854169368744
4586,c1cnc(N2CCN(Cc3ccc4c(c3)OCO4)CC2)nc1,,0.1420261114835739
3087,CCOC(=O)c1cnc2c(cnn2CC)c1NN=C(C)C,,0.1420431286096573
2488,CON=C(C(=O)NC1C(=O)N2C(C(=O)OCOC(=O)C(C)(C)C)=C(Cn3nnc(C)n3)CSC12)c1csc(N)n1,,0.14206485450267792
604,CC(C)(COP(=O)(O)OP(=O)(O)OCC1OC(n2cnc3c(N)ncnc32)C(O)C1O)C(O)C(=O)NCCC(=O)NCCS,,0.14207805693149567
3547,CNC1C(O)C(OC2C(NC(=O)C(O)CN)CC(N)C(OC3OC(CN)C(O)C(O)C3O)C2O)OCC1(C)O,,0.14207880198955536
3314,COC1=CC(=O)CC(C)C12Oc1c(Cl)c(OC)cc(OC)c1C2=O,,0.14218652248382568
2070,CCN(CC)CCCN(c1ccccc1)C1Cc2ccccc2C1,,0.14220529794692993
8043,Cc1ccc([N+](=O)[O-])cc1[N+](=O)[O-],,0.14221815764904022
4729,COC1=CC(C)C2CC3OC(=O)CC4C(C)=C(OC)C(=O)C(C2(C)C1=O)C34C,,0.14226721227169037
8109,CC1(S(=O)(=O)O)CC(=O)c2ccccc2C1=O,,0.14227570593357086
1982,CCCCCC=CCC=CCC=CCC=CCCCC(=O)Nc1ccc(O)cc1,,0.14232340455055237
9927,CCN1CC2(COC)C(O)CC(OC)C34[C@@H]5C[C@]6(O)C(OC)C(O)[C@](O)(C(C(OC)[C@H]23)[C@@H]14)[C@H]5C6O,,0.14233101904392242
947,O=[N+]([O-])c1ccc(O)c(OP(=O)(O)O)c1,,0.14233365654945374
6478,CN(C)c1cccc2ccccc12,,0.14236879348754883
5853,C[C@]12CCC3[C@@H](CC[C@H]4C[C@H]([N+](C)(C)C)CC[C@]34C)C1CC[C@H]2[N+](C)(C)C,,0.1423691064119339
3364,COC(=O)CC(O)(CCC(C)(C)O)C(=O)OC1C(OC)=CC23CCCN2CCc2cc4c(cc2C13)OCO4,,0.14241178333759308
8046,CC(C)NCC(=O)c1ccc(O)c(O)c1,,0.14241254329681396
4730,Fc1ccccc1C1=NCC(=S)N(CC(F)(F)F)c2ccc(Cl)cc21,,0.1424207240343094
9382,ON=C(c1ccccc1)C(O)c1ccccc1,,0.14242197573184967
1310,CCN(CC)C(C)C(=O)N1c2ccccc2Sc2ccccc21,,0.14244383573532104
8827,C[C@@H]1Cc2c(Cl)cc(C(=O)NC(Cc3ccccc3)C(=O)O)c(O)c2C(=O)O1,,0.142477348446846
9401,O=C(Cc1ccccc1)c1ccccc1,,0.14248377084732056
2006,Cc1c(N)c(=O)n(-c2ccccc2)n1C,,0.1424846351146698
1610,Nc1nc(C(F)(F)F)ncc1COP(=O)(O)OP(=O)(O)O,,0.14249612390995026
2472,CC(OC(=O)OC1CCCCC1)OC(=O)C1=C(CSc2nnnn2CCN(C)C)CSC2C(NC(=O)Cc3csc(N)n3)C(=O)N12,,0.14249888062477112
5335,COc1ccccc1N1CCN(CCCNc2cc(=O)n(C)c(=O)n2C)CC1,,0.1425136923789978
3715,COc1cccc(N(C)C(=S)Oc2ccc3c(c2)CCCC3)n1,,0.14257168769836426
4685,CC1OC(OC2C=C3CCC4C(CCC5(C)C(c6ccc(=O)oc6)CCC45O)C3(C)CC2)C(O)C(O)C1O,,0.14258354902267456
9281,O=[N+]([O-])c1cc(C(F)(F)F)ccc1O,,0.14260761439800262
4588,CCCCCC(O)C=CC1c2cc(CCCC(=O)O)n(-c3ccccc3)c2CC1O,,0.1426335871219635
747,C=C(OC1C=CC=C(C(=O)O)C1O)C(=O)O,,0.1426357924938202
8324,c1ccc(CNCCNCc2ccccc2)cc1,,0.14266085624694824
6744,O=C(O)c1ccc2ccccc2c1,,0.1426776647567749
4643,COc1cc(NC(C)CCCN)c2ncccc2c1,,0.14269611239433289
2084,NC(=O)C(N)CCC[NH+]=C(N)N,,0.1427004039287567
2548,NC(=N/C(N)=N/CCCCCC/N=C(\N)N=C(N)Nc1ccc(Cl)cc1)Nc1ccc(Cl)cc1,,0.14274920523166656
4534,Nc1ncnc2c1ncn2C1OC(COP(=O)(O)OP(=O)(O)C(F)(F)P(=O)(O)O)C(O)C1O,,0.14276878535747528
4855,C[S+](CCC(N)C(=O)[O-])CC1OC(n2cnc3c(N)ncnc32)C(O)C1O,,0.14283913373947144
6602,Cc1ccc(N)c([N+](=O)[O-])c1,,0.14287306368350983
3950,COc1cc(C(O)CO)ccc1OS(=O)(=O)O,,0.14290151000022888
3855,O=[N+]([O-])c1cccc(OC2OC(CO)C(O)C(O)C2O)c1,,0.1429360806941986
9919,CC1O[C@@H](O[C@H]2CC[C@]3(C=O)C4CC[C@]5(C)[C@@H](C6=CC(=O)OC6)CC[C@]5(O)C4CC[C@]3(O)C2)CC(O)[C@@H]1O,,0.14295148849487305
6990,Nc1cccc(S(N)(=O)=O)c1,,0.14296254515647888
5463,CCC(C)C1NC(=O)C(Cc2ccc(O)cc2)NC(=O)C(N)CSSCC(C(=O)N2CCCC2C(=O)NC(CC(C)C)C(=O)NCC(N)=O)NC(=O)C(CC(N)=O)NC(=O)C(CCC(N)=O)NC1=O,,0.1429821103811264
4389,O=C(O)C=Cc1ccc(Cn2ccnc2)cc1,,0.14301533997058868
4088,CC(=O)NC(CC(=O)O)C(=O)NC(CCC(=O)O)C(=O)NC(C(=O)NC(CC(=O)O)C(=O)Nc1ccc([N+](=O)[O-])cc1)C(C)C,,0.14307665824890137
275,C[N+](C)(C)CCOP(=O)(O)OP(=O)(O)OCC1OC(n2ccc(N)nc2=O)C(O)C1O,,0.14309987425804138
2745,C=C1C(C)C2C(Cc3ccccc3)NC(=O)C23OC(=O)C=CC(O)CCCC(C)CC=CC3C1O,,0.14315058290958405
5429,CN(C)CCOC1=Cc2ccccc2Sc2ccc(Cl)cc21,,0.1431604027748108
2492,CON=C(C(=O)NC1C(=O)N2C(C(=O)[O-])=C(CSc3nc(=O)c([O-])nn3C)CSC12)c1csc(N)n1,,0.14316433668136597
1684,NC(=O)c1cnn(-c2ccccc2)c1N,,0.14321361482143402
2955,CC(CNCCc1ccc(O)c(O)c1)Cc1cccc(O)c1,,0.14324109256267548
4098,CC(=O)NC(Cc1ccc(O)cc1)C(=O)NC(C(=O)NC(C)C(=O)NC(C=O)CC(=O)O)C(C)C,,0.1432817429304123
3440,NS(=O)(=O)c1cc2c(cc1C(F)(F)F)NCNS2(=O)=O,,0.143301323056221
1071,NC(CCC(=O)NC(CS)C(=O)NCC(=O)NCCCCNCCCNC(=O)CNC(=O)C(CS)NC(=O)CCC(N)C(=O)O)C(=O)O,,0.14330939948558807
1642,N#Cc1c(-c2ccccc2)no[n+]1[O-],,0.14331036806106567
8298,Nc1ccc(Sc2ccc(N)cc2)cc1,,0.14334426820278168
4765,Cc1c(NC(C)C)c(=O)n(-c2ccccc2)n1C,,0.14338034391403198
1993,[H]/N=C(\N)c1ccc(CC(=O)C(=O)O)cc1,,0.1434149444103241
9999,CC(CCC(=O)NCCS(=O)(=O)O)[C@H]1CC[C@H]2[C@@H]3[C@H](O)C[C@@H]4C[C@H](O)CC[C@]4(C)[C@H]3CC[C@]12C,,0.1434209644794464
6173,Cc1ccccc1OP(=O)(Oc1ccccc1C)Oc1ccccc1C,,0.14344917237758636
649,CC12CCC3c4ccc(OS(=O)(=O)O)cc4CCC3C1CCC2=O,,0.14345988631248474
4852,[N-]=[N+]=Nc1ccc(C(=O)CSCC(NC(=O)CCC(N)C(=O)O)C(=O)NCC(=O)O)cc1,,0.14349667727947235
8814,N#CC(CCN1CCC(C(N)=O)(N2CCCCC2)CC1)(c1ccccc1)c1ccccc1,,0.1435130089521408
940,NC(=O)c1ncn(C2OC(COP(=O)(O)O)C(O)C2O)c1NC=NC1OC(COP(=O)(O)O)C(O)C1O,,0.14351794123649597
3070,OCC1OC(n2cnc3c2ncn2ccnc32)C(O)C1O,,0.1435198038816452
8540,C#C[C@]1(O)CC[C@H]2[C@@H]3CCc4cc(OC5CCCC5)ccc4[C@H]3CC[C@@]21C,,0.14354512095451355
7883,CC[N+](CC)(CCNC(=O)C(=O)NCC[N+](CC)(CC)Cc1ccccc1Cl)Cc1ccccc1Cl.[Cl-].[Cl-],,0.14355802536010742
6932,O=C(O)c1cc([N+](=O)[O-])ccc1O,,0.14363127946853638
1299,Cn1c(N)c2ncn(C3OC(CO)C(O)C3O)c2nc1=O,,0.14363858103752136
183,O=C(O)CC(Nc1ncnc2c1ncn2C1OC(COP(=O)(O)O)C(O)C1O)C(=O)O,,0.1437099426984787
8238,c1ccc(/N=N/Nc2ccccc2)cc1,,0.14371483027935028
9180,Nc1nc(Nc2ccccc2)nc(C(F)(F)F)n1,,0.14372947812080383
7941,C=CC1CN2CCC1CC2[C@@H](O)c1ccnc2ccccc12,,0.1437450498342514
5971,CC(C)NCC(O)c1ccc([N+](=O)[O-])cc1,,0.14375068247318268
6476,N#Cc1cccc2ccccc12,,0.1438143402338028
274,Nc1ccn(C2OC(COP(=O)(O)OP(=O)(O)O)C(O)C2O)c(=O)n1,,0.1438228189945221
3750,CC(O)C(C)OC(=O)C1CC2c3cccc4c3c(cn4C(C)C)CC2N(C)C1,,0.14383117854595184
9526,COc1ccc2c3c1OC1C(OC(C)=O)=CCC4C(C2)N(C)CCC314,,0.14387907087802887
1189,CCC(C=O)C(CNS(=O)(=O)c1ccc([N+](=O)[O-])cc1)C(=O)O,,0.14388102293014526
5445,C[C@]12C[C@H](O)[C@H]3[C@@H](CCC4=CC(=O)CC[C@@]43C)[C@@H]1CC[C@@H]2C(=O)CO,,0.1438814401626587
1911,N#CC(=Cc1ccc(O)c(O)c1)C(=O)O,,0.1439095288515091
4871,NC(=O)c1cn(C2OC(CO)C(O)C2O)c2ncnc(N)c12,,0.14393532276153564
6434,O=C(c1ccccc1)c1cc(Cl)ccc1O,,0.14395123720169067
4083,CNC(=O)C(Cc1ccc(OC)cc1)NC(=O)C(CC(=O)NO)CC(C)C,,0.14402392506599426
4194,CC12CCC3C4CCC(=O)C=C4CCC3C1CCC2OC(=O)CCc1ccccc1,,0.14402829110622406
7193,c1ccc(Oc2ccccc2)cc1,,0.1440320461988449
6353,COc1c2ccoc2cc2oc(C)cc(=O)c12,,0.14403708279132843
4212,CN(C)C(=O)Oc1cccc([N+](C)(C)C)c1,,0.14404813945293427
1546,CC12CCC3c4ccc(OS(=O)(=O)O)cc4CCC3C1CCC2O,,0.14405390620231628
1730,C=C1C2=C(CC1(C)CC=CC(C)=CC(=O)O)C(C)(C)CCC2,,0.14406605064868927
2902,COc1cc(C(CN(CC(=O)O)CC(=O)O)N(CC(=O)O)CC(=O)O)c([N+](=O)[O-])cc1OC,,0.14407148957252502
5106,CC(C)CC1NC(=O)C(C)N(C)C(=O)CNC(=O)C(=Cc2ccccc2)N(C)C1=O,,0.14408814907073975
9721,CCN(CC)CCCC(C)Nc1cc(OC)cc2cccnc12,,0.1441146731376648
9277,CC(=O)Nc1ccc(-c2ccc(F)cc2)cc1,,0.14412249624729156
4384,CN1CCC23c4c5ccc(O)c4OC2C(=O)CCC3(O)C1C5,,0.14414606988430023
6995,CS(=O)(=O)c1ccc(O)c(N)c1,,0.1441485583782196
2715,CC(C)(O)C=CC(=O)C(C)(O)C1C(O)CC2(C)C3CC=C4C(C=C(O)C(=O)C4(C)C)C3(C)C(=O)CC12C,,0.14418597519397736
535,c1ccc2c(c1)oc1ccccc12,,0.14418968558311462
1977,C=CCSCC1Nc2cc(Cl)c(S(N)(=O)=O)cc2S(=O)(=O)N1,,0.14420351386070251
23,CC(=O)C(=O)C1=NC2C(=O)NC(N)=NC2N(O)C1O,,0.14423756301403046
3453,NC1=NC(=O)C(C2CCNC(=O)C3=NC(Br)=CC32)=N1,,0.14424028992652893
1998,CN1C2CCC1CC(OC(c1ccccc1)c1ccccc1N)C2,,0.14425019919872284
1143,C=CCN1CCc2c(cc(O)c(O)c2Cl)C(c2ccccc2)C1,,0.14430132508277893
742,O=C(O)C(=O)Cc1c[nH]c2ccccc12,,0.1444043666124344
9150,C[N+](C)(C)CCCN1c2ccccc2Sc2ccc(Cl)cc21,,0.14443352818489075
8410,CC(=O)[O-].CC(=O)[O-].[Mg+2],,0.1444491744041443
9631,C=C1CC(=CC)C(=O)O[C@@H]2CCN3CC=C(COC(=O)[C@]1(C)O)[C@H]23,,0.14450286328792572
6175,Cc1ccc(OP(=O)(Oc2ccc(C)cc2)Oc2ccc(C)cc2)cc1,,0.14451387524604797
9690,O=Cc1c[nH]c2ccccc12,,0.14452850818634033
5239,[H]/N=C(\N)SCCCC(NC(=O)C1CCCN1C(=O)C(Cc1ccccc1)NC(=O)CC)B(O)O,,0.1445465087890625
3117,CCc1cccc2c3c([nH]c12)C(CC)(CC(=O)O)OCC3,,0.14454808831214905
5446,C[C@]12CCC(=O)C=C1CC[C@@H]1[C@@H]2[C@@H](O)C[C@@]2(C)[C@H]1CC[C@]2(O)C(=O)CO,,0.1445520520210266
5414,CC(C(=O)O)c1ccc2c(c1)CC(=O)c1ccccc1S2,,0.14455677568912506
2284,O=C1CN=C(c2ccccn2)c2cc(Br)ccc2N1,,0.14458738267421722
6110,c1cc[c]([SnH]([c]2ccccc2)[c]2ccccc2)cc1,,0.1446041464805603
8759,C#C[C@]1(OC(C)=O)CC[C@H]2[C@@H]3CCC4=C[C@@H](OC(C)=O)CC[C@@H]4[C@H]3CC[C@@]21C,,0.14460505545139313
8470,CCN(CCCl)CCCNc1c2ccc(Cl)cc2nc2ccc(OC)cc12.Cl.Cl,,0.1446496993303299
1759,O=C(O)c1cc(=O)c2ccc(Cl)cc2[nH]1,,0.14465095102787018
2751,CC(=O)OC1C=CC(C)(O)C(=O)C(C)CC=CC2C3OC3(C)C(C)C3C(Cc4ccccc4)NC(=O)C123,,0.14466948807239532
1997,NCCC(O)C(=O)NC1CC(N)C(OC2OC(CN)C(O)C(O)C2O)C(O)C1OC1OC(CO)C(O)C(N)C1O,,0.14472831785678864
8780,C1CCN2C[C@H]3C[C@H](CN4CCCC[C@@H]34)[C@H]2C1.O=S(=O)(O)O,,0.1447417438030243
6124,CN(C)CCOC(C)(c1ccccc1)c1ccc(Cl)cc1,,0.14476588368415833
509,CC1=C2N=C(CC3=NC(C(C)C4=NC(C(CC(=O)O)C4(C)CCC(=O)O)C4(C)N=C1C(CCC(=O)O)C4(C)CC(N)=O)C(CCC(=O)O)C3(C)C)C(CCC(=O)O)C2(C)CC(N)=O.[Co],,0.14478899538516998
6345,O=C1c2cccc(Cl)c2C(=O)c2c(Cl)cccc21,,0.1448473334312439
2158,CCOC(=O)C(CCc1ccccc1)NC1CCc2ccccc2N(CC(=O)O)C1=O,,0.14485757052898407
3829,C[N+]1(C)CCCC(OC(=O)C(O)(c2ccccc2)c2ccccc2)C1,,0.14491936564445496
2431,CC(C)C(NC(=O)OC(C)(C)C)C(=O)NC(Cc1ccccc1)C(=O)NOC(=O)c1ccc(Cl)cc1,,0.1449258029460907
4937,NS(=O)(=O)c1ccc2c(c1)CNCC2,,0.14493177831172943
9785,NCC(=O)c1ccc(O)c(O)c1,,0.1449502855539322
3078,CC12CCC3c4ccc(OC(=O)N(CCCl)CCCl)cc4CCC3C1CCC2OP(=O)(O)O,,0.14495699107646942
7950,O=c1[nH]c2ccccc2c(=O)o1,,0.14496049284934998
8926,Cc1c(Cl)c(=O)oc2cc(OP(=O)(OCCCl)OCCCl)ccc12,,0.14497622847557068
4932,CC1(CC(N)CCC(N)C(=O)O)OC(C)(n2cnc3c(N)ncnc32)C(O)C1O,,0.14498423039913177
5818,CC1CCC2(CC1)CC[NH+](CCCC(=O)c1ccc(F)cc1)CC2.[Cl-],,0.1449888050556183
6462,CN1[C@@H]2CC[C@@H]1CC(OC(c1ccccc1)c1ccccc1)C2,,0.14501355588436127
8903,CCNc1cccc2nc3c(cc12)CCCC3,,0.14502152800559998
9677,O=c1c2ccccc2nc2n1CCC2O,,0.145051971077919
6348,O=C1c2cccc(Cl)c2C(=O)c2cccc(Cl)c21,,0.14508861303329468
1922,N#CC(=Cc1ccc(O)c(O)c1)C(N)=O,,0.1451164036989212
2678,O=C(CCCCCC1NC(=O)C2CCCCN2C(=O)C(Cc2ccccc2)NC(=O)C(Cc2ccccc2)NC1=O)NO,,0.14515554904937744
2298,Cc1nnsc1C(=O)Nc1ccc(-n2nc(C(F)(F)F)cc2C(F)(F)F)cc1,,0.14518724381923676
335,CC(OC(=O)C(N)CCC(=O)O)C(OC(=O)C(N)CCC(=O)O)C1=CNc2nc(N)nc(OC(=O)C(N)CCC(=O)O)c2N1C,,0.14519520103931427
4380,COc1ccc2c3c1OC1C(=O)CCC4(O)C(C2)N(C)CCC314,,0.14519597589969635
6743,CC(=O)c1ccc2ccccc2c1,,0.1451999843120575
1852,CC(=O)c1ccc(S(=O)(=O)NC(=O)NC2CCCCC2)cc1,,0.14525124430656433
3170,COC1(NC(=O)CSCF)C(=O)N2C(C(=O)O)=C(CSc3nnnn3CCO)COC21,,0.14526167511940002
4367,CCCOc1ccc2nc(NC(=O)OC)[nH]c2c1,,0.14527663588523865
2714,CC(=O)OC(C)(C)C=CC(=O)C(C)(O)C1C(O)CC2(C)C3CC=C4C(C=C(O)C(=O)C4(C)C)C3(C)C(=O)CC12C,,0.14532214403152466
6556,O=[N+]([O-])c1ccc(O)cc1C(F)(F)F,,0.14537574350833893
1679,CCCCCCCCCOc1ccc2[nH]cc(CCN)c2c1,,0.14540624618530273
5340,O=c1ccn(C2OC(COP(=O)([O-])OP(=O)([O-])OP(=O)([O-])O)C(O)C2O)c(=O)[nH]1,,0.1454140543937683
9125,CC=CC(O)(CC[N+](C)(C)C)c1ccc(OC)cc1,,0.14546480774879456
4326,CC1Cc2c(Cl)cc(C(=O)NC(Cc3ccccc3)C(=O)O)c(O)c2C(=O)O1,,0.1454789638519287
7927,CCCCCCc1cc(O)c2c(c1)OC(C)(C)C1=C2CC(C)CC1,,0.14551648497581482
3207,O=C1CN2CCOC2(c2ccccc2F)c2cc(Cl)ccc2N1CCO,,0.14554822444915771
1084,CC(=O)NC1C(OP(=O)(O)OP(=O)(O)OCC2OC(n3ccc(=O)[nH]c3=O)C(O)C2O)OC(CO)C(O)C1OC(C)C(=O)NC(C)C(=O)O,,0.14557811617851257
5696,CN(C)c1ncnc2c1ncn2[C@@H]1O[C@H](CO)[C@@H](N)[C@H]1O,,0.14560483396053314
951,O=P(O)(O)OP(=O)(O)O,,0.1456119865179062
9608,COc1c2occc2c(O)c2c(=O)cc(C)oc12,,0.14562903344631195
1782,Nc1nc2c3ncnc2n1C1OC(COP(=O)(OP(=O)(O)O)OCC2OC(N3)C(O)C2O)C(O)C1O,,0.1457069367170334
2625,NC(=O)C1(N2CCCCC2)CCN(CCCN2c3ccccc3CCc3ccc(Cl)cc32)CC1,,0.14570769667625427
2680,O=C(CCCCCC1NC(=O)C2CCCN2C(=O)C(Cc2ccccc2)NC(=O)C(Cc2ccccc2)NC1=O)NO,,0.14577478170394897
9154,CCCC(=O)Nc1ncnc2c1ncn2[C@@H]1O[C@@H]2COP(=O)(O)O[C@H]2[C@H]1OC(=O)CCC,,0.14579446613788605
4619,C[n+]1ccccc1C=NO,,0.1458384096622467
1591,O=P(O)(O)C=CCCSc1cc(F)ccc1O,,0.14586110413074493
1080,O=c1ccn(C2OC(COP(=O)(O)OP(=O)(O)O)C(O)C2O)c(=O)[nH]1,,0.14595293998718262
7094,CNc1ccc([N+](=O)[O-])cc1,,0.14596843719482422
5685,Cc1c(N(C)C)c(=O)n(-c2ccccc2)n1C,,0.14597906172275543
4102,Cc1ccc(S(=O)(=O)NC(CCCCN)C(N)=O)cc1,,0.14598427712917328
4228,O=C(CCNNC(=O)c1ccncc1)NCc1ccccc1,,0.14599724113941193
3931,CN1c2ccccc2Sc2ccc(CC(=O)O)cc21,,0.1460200399160385
3353,CSCCC1NC(=O)C2CCCN2C(=O)C2CCCN2C(=O)C(CCS(C)=O)NC(=O)c2csc(n2)C(Cc2ccccc2)NC(=O)C2CCCN2C1=O,,0.1460241824388504
844,CNC(Cc1c[nH]c2ccccc12)C(=O)O,,0.14602503180503845
9502,C[C@]12CC[C@H](O)C[C@H]1CCC1C2C(O)C(=O)[C@]2(C)[C@@H](c3ccc(=O)oc3)CC[C@]12O,,0.1460558921098709
3660,O=C(CS(=O)Cc1ccco1)NCC=CCOc1cc(CN2CCCCC2)ccn1,,0.14608529210090637
137,NC(Cc1c[nH]c2ccc(O)cc12)C(=O)O,,0.1461506336927414
9250,CCC1(c2ccc(O)cc2)C(=O)NC(=O)NC1=O,,0.14615249633789062
1646,Nc1ncnc2c1ncn2C1OC(C(=O)NC2CC2)C(O)C1O,,0.14615580439567566
5755,Nc1ncnc2c1ncn2[C@@H]1O[C@H](COP(=O)(O)O)[C@@H](O)[C@H]1O,,0.14616557955741882
8778,O=C([O-])[C@H](O)[C@@H](O)[C@H](O)[C@H](O)CO.O=C([O-])[C@H](O)[C@@H](O)[C@H](O)[C@H](O)CO.[Ca+2],,0.1461881399154663
7946,NCc1cccc2ccccc12,,0.1461961716413498
3423,CC=C1C2Cc3[nH]c(=O)ccc3C1(N)CC(C)C2,,0.14621084928512573
4661,CN(C)CCCN1c2ccccc2Sc2ccccc21,,0.14623616635799408
7954,O=C(OCc1ccccc1)c1ccccc1O,,0.14625482261180878
5511,ClCCN(Cc1ccccc1)Cc1ccccc1,,0.14628395438194275
4041,CCN(CC)C(=O)C(NS(=O)(=O)c1ccc(C)cc1)C(C)C,,0.14629478752613068
7182,NC(=O)Oc1ccc(Cc2ccccc2)cc1,,0.14634586870670319
4187,O=C1CCC2(O)C3Cc4ccc(O)c5c4C2(CCN3CC2CC2)C1O5,,0.14636172354221344
3682,Cc1oncc1C(=O)Nc1ccc(C(F)(F)F)cc1,,0.14636440575122833
4519,CCCCC1C(=O)N(c2ccccc2)N(c2ccccc2)C1=O,,0.14638233184814453
1252,O=c1[nH]ccc2c(O)cccc12,,0.14641211926937103
1517,Oc1ccc2c(Cc3ccc(CN4CCCC4)c(Br)c3)c(-c3ccc(OCCN4CCCC4)cc3)sc2c1,,0.14642122387886047
8008,O=C(O)COc1ccc2ccccc2c1,,0.14643438160419464
2929,CC(C)N(CCC(C(N)=O)(c1ccccc1)c1ccccn1)C(C)C,,0.14643678069114685
4680,CC(CN(C)C)C(O)(Cc1ccccc1)c1ccccc1,,0.14644815027713776
4506,CC(COc1ccccc1)N(CCCl)Cc1ccccc1,,0.14646920561790466
2999,CC(C)CC(NC(=O)C(O)CC(=O)O)C(=O)NCCCC[NH+]=C(N)N,,0.14647190272808075
6460,CCN(C(=O)N(CC)c1ccccc1)c1ccccc1,,0.146478533744812
4648,CCN(CC)CCNC(=O)c1ccc(N)cc1,,0.14650289714336395
755,CCCCCCCCCCCC(O)CC(=O)NC1C(OP(=O)(O)O)OC(COC2OC(COC3(C(=O)O)CC(O)C(O)C(C(O)CO)O3)C(OP(=O)(O)O)C(OC(=O)CC(O)CCCCCCCCCCC)C2NC(=O)CC(O)CCCCCCCCCCC)C(O)C1OC(=O)CC(O)CCCCCCCCCCC,,0.14651158452033997
5030,CC(=O)NS(=O)(=O)c1ccc(N)cc1,,0.14655232429504395
2646,Cc1onc(-c2ccccc2Cl)c1C(=O)NC1C(=O)N2C1SC(C)(C)C2C(=O)O,,0.1465756595134735
5661,CNC(=O)Oc1ccc2c(c1)[C@]1(C)CCN(C)[C@@H]1N2C,,0.14658387005329132
3496,C1=Cc2cccc(OCC3CNCCO3)c2C1,,0.14666195213794708
8933,Fc1ccc(-c2ccccc2)cc1,,0.1466638445854187
3173,Cc1onc(-c2c(F)cccc2Cl)c1C(=O)NC1C(=O)N2C1SC(C)(C)C2C(=O)O,,0.14667466282844543
6439,O=C(O)c1cccc([N+](=O)[O-])c1O,,0.14669260382652283
6424,CN1C(=CC=O)C(C)(C)c2ccccc21,,0.1467168778181076
3441,CN1CCC23c4c5ccc(O)c4OC2C(=O)CCC3C1C5,,0.14674173295497894
5693,c1ccc2c(c1)Oc1ccccc1[As]2O[As]1c2ccccc2Oc2ccccc21,,0.14677201211452484
1204,CC(C)C1C(=O)NC(CO)Cc2c[nH]c3cccc(c23)N1C,,0.14677231013774872
4587,CCCCCC(O)C=CC1c2cc(CCCC(=O)[O-])n(-c3ccccc3)c2CC1O.[K+],,0.1467914879322052
9510,C[C@]12CC[C@H](O)C[C@H]1CCC1C2CC[C@]2(C)[C@@H](c3ccc(=O)oc3)[C@@H](O)C[C@]12O,,0.14679275453090668
6492,O=C(O)Cc1cccc2ccccc12,,0.14680251479148865
5038,Cc1nnc(NS(=O)(=O)c2ccc(N)cc2)s1,,0.1468101292848587
16,O=C(O)C(=O)C(=O)C(O)C(O)CO,,0.1468191146850586
3618,COc1c2occc2c(OC)c2c(=O)cc(C)oc12,,0.14688260853290558
5333,N#CC(=C(N)Sc1ccccc1N)C(C#N)=C(N)Sc1ccccc1N,,0.14689689874649048
4012,Cc1ccc(C2(O)CCN(CCCC(=O)c3ccc(F)cc3)CC2)cc1,,0.14692725241184235
2399,CC1(C(=O)O)CCC2(C)CCC3(C)C(=CC(=O)C4C5(C)CCC(OC(=O)CCC(=O)O)C(C)(C)C5CCC43C)C2C1,,0.14693109691143036
8942,OC(CNc1ccccn1)c1ccccc1,,0.14693202078342438
9920,CO[C@H]1C[C@H](O[C@H]2CCC3(C=O)C4CCC5(C)C(C6=CC(=O)OC6)CCC5(O)C4CC[C@]3(O)C2)O[C@H](C)[C@H]1O,,0.14699307084083557
5066,CCN1CCCC1CNC(=O)c1cc(S(=O)(=O)CC)ccc1OC,,0.1470104604959488
2691,C=CC(=C)CCC1(C)C(C)CC(O)C23C(=CC(OC(=O)C=CC=CCCCCC)CC12)C(OC(C)=O)OC3OC(C)=O,,0.14701354503631592
9978,CC(C)C1=CC2=CC[C@@H]3[C@](C)(CCC[C@@]3(C)C(=O)O)[C@H]2CC1,,0.14702512323856354
2693,COC(=O)C1C(O)CCC2CN3CCc4c([nH]c5ccccc45)C3CC21,,0.14705230295658112
1323,CCCc1cc(=O)oc2c3c(c4c(c12)OC(C)(C)CC4)OC(C)C(C)C3N,,0.1470559686422348
3756,CC(NC(=O)C(C)NC(=O)C(CCCN=C(N)N)NC(=O)C(CCCCN)NC(=O)C(N)CCCCN)C(=O)NC(CCCN=C(N)N)C(=O)NC(C)C(=O)NC(C(=O)NC(CO)C(N)=O)C(C)O,,0.1470835953950882
4568,CC[N+]1(C)CCCC(OC(=O)C(O)(c2ccccc2)c2ccccc2)C1,,0.14710277318954468
5747,CN1CCCC(CN2c3ccccc3Sc3ccccc32)C1,,0.1471191793680191
6642,COc1cc(C=CC(=O)O)cc(OC)c1OC,,0.14712819457054138
411,CNCCCC(=O)c1cccnc1,,0.1471671462059021
4215,CCCCCOc1ccccc1C(=CSC)n1ccnc1,,0.14720560610294342
4673,CCCn1cnc2c1c(=O)n(CCCCC(C)=O)c(=O)n2C,,0.14720793068408966
3121,CCOC(=O)C=C(C)C=CC=C(C)C=Cc1c(C)cc(OC)c(C)c1C,,0.14722265303134918
2616,C[N+]12CCC(CC1)C(OC(=O)C(O)(c1ccccc1)c1ccccc1)C2,,0.14725209772586823
1702,O=C(O)c1cc2cc(F)ccc2[nH]1,,0.14729665219783783
7181,COc1ccc(Nc2ccc(OC)cc2)cc1,,0.14733706414699554
6677,Clc1ccc2ccccc2c1,,0.14734503626823425
909,Nc1c(C(=O)NC(CC(=O)O)C(=O)O)ncn1C1OC(COP(=O)(O)O)C(O)C1O,,0.14737291634082794
2439,O=C(C=Cc1cccc(C(=O)NO)c1)NO,,0.14738193154335022
2645,Cc1onc(-c2ccccc2Cl)c1C(=O)NC1C(=O)N2C1SC(C)(C)C2C(=O)[O-],,0.14738307893276215
3572,CC(CN1c2ccccc2Sc2cccnc21)N(C)C,,0.14739562571048737
4738,C=CC1CC2CCC1CC2C(O)c1ccnc2ccc(OC)cc12,,0.14742271602153778
8935,FCCOc1ccc2ccccc2c1,,0.14744500815868378
4101,CCN(CC)CCNC(=O)c1ccc(NC(C)=O)cc1,,0.14748160541057587
6790,O=C(Oc1ccccc1)c1ccccc1,,0.14748312532901764
5664,CCOC(=O)N(c1ccccc1)C(C)CN1CCC(O)(c2ccccc2)CC1,,0.14751382172107697
5430,COC(=O)CC(NC(=O)C(C)NC(=O)C(NC(=O)OCc1ccccc1)C(C)C)C(=O)CF,,0.1475261002779007
5270,C[n+]1cccc(C(=O)O)c1,,0.1475374847650528
3719,NCC1OC(OC2C(CO)OC(OC3C(O)C(N)CC(N)C3OC3OC(CO)C(O)CC3N)C2O)C(N)C(O)C1OC1OC(CO)C(O)C(O)C1O,,0.14755231142044067
1142,CC(C)(C)C1(O)CCN2CC3c4ccccc4CCc4cccc(c43)C2C1,,0.14759333431720734
3853,C=NC(C(=O)NC1C(=O)N2C1SC(C)(C)C2C(=O)[O-])c1ccccc1,,0.14762669801712036
6657,NC(c1ccccc1)c1ccccc1,,0.14766556024551392
968,O=P(O)(O)OCC1OC(OP(=O)(O)OP(=O)(O)O)C(O)C1O,,0.1476903259754181
708,Nc1nc(=O)c2ncn(C3OC(CO)C(O)C3O)c2[nH]1,,0.1477031260728836
9539,C[C@]12CCC3C(CC[C@H]4C[C@@H](O)CC[C@]34C=O)[C@@]1(O)CC[C@@H]2c1ccc(=O)oc1,,0.14771202206611633
6754,CCCCCCCCCCCC[n+]1ccc2ccccc2c1,,0.1477460414171219
3391,CC1(C)SC2C(N3C(=O)C(c4ccccc4)NC3(C)C)C(=O)N2C1C(=O)[O-],,0.14776134490966797
467,N/C(=N\CCCC(N)C(=O)O)NC1OC(COP(=O)(O)OP(=O)(O)OCC2OC(n3cnc4c(N)ncnc43)C(O)C2O)C(O)C1O,,0.1477678120136261
5668,C#C[C@]1(O)CC[C@H]2[C@@H]3CCc4cc(O)ccc4[C@H]3CC[C@@]21C,,0.14777109026908875
7158,FC(F)(F)c1cccc(Nc2ccccc2)c1,,0.14779032766819
4903,OC(COc1ccc(C2CCCCC2)cc1)CN1CCN(c2ccccn2)CC1,,0.1477946639060974
2434,CNC1=C(Cl)C(=O)c2ccncc2C1=O,,0.14779509603977203
4485,CN1CCN(CCCN2c3ccccc3Sc3ccccc32)CC1,,0.14781995117664337
8564,C[N+]1(C)[C@H]2CC(OC(=O)C(CO)c3ccccc3)C[C@H]1[C@H]1O[C@H]12,,0.14783015847206116
2078,NCCC(O)C(=O)NC1CC(N)C(OC2OC(CN)CCC2N)C(O)C1OC1OC(CO)C(O)C(N)C1O,,0.1478566974401474
4330,C=C1C(O)C2OC3(CCC(C=CC(C)C4CC(C)=CC5(OC(CC(C)(O)C(=O)O)CCC5O)O4)O3)CCC2OC1C(O)CC(C)C1OC2(CCCCO2)CCC1C,,0.14785824716091156
3059,CC12CCC3C(=CCc4cc(O)ccc43)C1CCC2=O,,0.14786283671855927
4184,C=CCN1CCC23c4c5ccc(O)c4OC2C(=O)CCC3(O)C1C5,,0.14791567623615265
3543,CC(C=CC1C(C)=CCC(C)C1(C)C)=CCCC1(CO)C(CCCO)C(=C(C)C=O)CCC1(C)O,,0.14794282615184784
3675,CC1=CC(=O)OC2CC(CCC(C)C=CC=CCC1)OC(O)(C1CSC(=O)N1)C2,,0.1479458510875702
3201,CC1(C)OC2CC3C4CC(F)C5=CC(=O)CCC5(C)C4C(O)CC3(C)C2(C(=O)CO)O1,,0.14794734120368958
2785,N#CC(C#N)=Cc1cc2c3c(c1)CCCN3CCC2,,0.1479722559452057
8905,CNc1cccc2nc3c(cc12)CCCC3,,0.14797267317771912
5802,COc1ccc(CN(CCN(C)C)c2ncccn2)cc1.Cl,,0.14799098670482635
6491,NC(=O)Cc1cccc2ccccc12,,0.148002490401268
7014,COc1ccc(S(=O)(=O)Cl)cc1,,0.14801761507987976
8896,CCCCNc1c2c(nc3ccccc13)CCCC2,,0.14802329242229462
997,CC(C=CC=C(C)C=CC1=C(C)CCCC1(C)C)=CC=O,,0.1480613797903061
2120,CC1(C)SC2C(NC(=O)C(NC(=O)N3CCNC3=O)c3ccccc3)C(=O)N2C1C(=O)[O-],,0.14807459712028503
5273,CC(CN(C)C)CN1c2ccccc2Sc2ccccc21,,0.14808058738708496
6103,C=C[CH2][Sn]([c]1ccccc1)([c]1ccccc1)[c]1ccccc1,,0.14816096425056458
1495,NCCOB(c1ccccc1)c1ccccc1,,0.148176908493042
7261,O=C(C=Cc1ccccc1)OCc1ccccc1,,0.14818814396858215
4662,CC(CN1c2ccccc2Sc2ccccc21)N(C)C,,0.14820483326911926
2182,CC(C)(C)CC(C)(C)c1ccc(OCCOCC[N+](C)(C)Cc2ccccc2)cc1,,0.14821308851242065
1164,CCCc1cc(=O)oc2c3c(c4c(c12)OC(C)(C)CC4)OC(C)C(C)C3O,,0.1482209712266922
8904,CCCCCNc1c2c(nc3ccccc13)CCCC2,,0.14823386073112488
8175,Nc1ccccc1C(=O)OCCc1ccccc1,,0.14825598895549774
4956,O=P(O)(O)C(O)(Cc1cccnc1)P(=O)(O)O,,0.1482594609260559
5920,O=[N+]([O-])c1ccc(F)c([N+](=O)[O-])c1,,0.14833366870880127
5199,Cc1c(C)c2c(c(C)c1OC(=O)c1cccnc1)CCC(C)(CCCC(C)CCCC(C)CCCC(C)C)O2,,0.1483546644449234
1910,N#CC(C#N)=Cc1ccc(O)c(O)c1,,0.1483692079782486
5945,C#C[C@]1(O)CC[C@H]2[C@@H]3CCc4cc(OC)ccc4[C@H]3CC[C@@]21C,,0.1483742743730545
3754,OC1C=C2CCN3Cc4cc5c(cc4C(C1O)C23)OCO5,,0.14838846027851105
6384,Cn1ccc(=O)c2ccccc21,,0.14841535687446594
7208,COc1ccc(COC(=O)Cc2ccccc2)cc1,,0.14843328297138214
9299,Fc1cccc(N=C=S)c1,,0.14843757450580597
8206,O=C(c1ccccc1)c1ccc(Cl)cc1,,0.14844828844070435
3430,NNc1nncc2ccccc12,,0.14845800399780273
9671,O=C1c2ccccc2C(=O)C1(O)O,,0.14847996830940247
4168,COc1ccc2cc(CCC(C)=O)ccc2c1,,0.14862626791000366
2189,CCN(CC)C(=O)C1CN2CCc3cc(OC)c(OC)cc3C2CC1OC(C)=O,,0.14863677322864532
2040,CC(C)(C#N)c1cc(Cn2cncn2)cc(C(C)(C)C#N)c1,,0.14866264164447784
2005,NCC(=O)NCCOCCOCCNC(=O)c1ccc(S(N)(=O)=O)cc1,,0.14866715669631958
1018,Nc1ncnc2c1ncn2C1OC(COP(=O)(O)OC(=O)C(N)CO)C(O)C1O,,0.1487104296684265
5133,O=C1CCC(N2C(=O)c3ccccc3C2=O)C(=O)N1,,0.1487181931734085
5247,C#CC(O)C=CCCCCCCCCCCC=CCCCCCCCCC(O)C#CC#CC#CCO,,0.14872358739376068
4836,CC1CCC2(O)C3(C)CC4(O)OC2(C1O)C1(O)C3(O)C(OC(=O)c2ccc[nH]2)C(O)(C(C)C)C41C,,0.14876066148281097
5246,C#CC(O)C=CCCCCCCCCCCC=CCCCCCCCC(O)C#CC#CC#CCO,,0.14876604080200195
5248,C#CC(O)C=CCCCCCCCCC=CCCCCCCCCC(O)C#CC#CC#CCO,,0.14880849421024323
2746,CC1CC=CC2C3OC3(C)C(C)C3C(Cc4ccccc4)NC(=O)C23OC(=O)OC=CC(C)(O)C1=O,,0.14881880581378937
6514,Cc1cc(OC(=O)N(C)C)n(-c2ccccc2)n1,,0.14882177114486694
3463,CC(CCC1(C(C)C)CC1C)C1CCC2(C)C3CC(OS(=O)(=O)O)C4CC(OS(=O)(=O)O)C(OS(=O)(=O)O)CC4(C)C3=CCC12C,,0.14882443845272064
1575,CN1C2CCC1CC(OC(c1ccccc1)c1ccc(Cl)cc1)C2,,0.14883141219615936
1163,COc1ccc2c3c1OC1C(=O)CCC4(O)C(C2)N(CC2CC2)CCC314,,0.1488322764635086
3414,CC(=O)OCOC(c1ccc2ccccc2c1)P(=O)(OCOC(C)=O)OCOC(C)=O,,0.1488349586725235
5190,CCN(CC)CCCCCCCOC(=O)c1cc(OC)c(OC)c(OC)c1,,0.1488773673772812
197,CC(=O)NC(CC(=O)NC1OC(CO)C(OC2OC(CO)C(OC3OC(CO)C(O)C(OC4(C(=O)O)CC(O)C(NC(C)=O)C(C(O)C(O)CO)O4)C3O)C(O)C2NC(C)=O)C(O)C1NC(C)=O)C(N)=O,,0.14888936281204224
5211,Cc1ccc(O)c(C(CCN(C(C)C)C(C)C)c2ccccc2)c1,,0.1489107757806778
7942,C=C1N(C)c2ccccc2C1(C)C,,0.1489216834306717
3099,CCN(CC)C(C)CN1c2ccccc2Sc2ccccc21,,0.1489448994398117
2328,NCCC(O)C(=O)NC1CC(N)C(OC2OC(CN)C(O)C(O)C2N)C(OC2OC(CO)C(O)C2O)C1O,,0.14895497262477875
5716,Cc1ncc(C[n+]2csc(CCO)c2C)c(N)n1.[Cl-],,0.1489865928888321
5648,CC(=O)O.CC(=O)O.NC(=N/C(N)=N/CCCCCC/N=C(\N)N=C(N)Nc1ccc(Cl)cc1)Nc1ccc(Cl)cc1,,0.1490105837583542
6666,c1ccc2nccnc2c1,,0.1490192413330078
2613,CN1CCCC1CCOC(C)(c1ccccc1)c1ccc(Cl)cc1,,0.1490398794412613
1316,CCCCCc1cc(O)c2c(c1)OC(C)(C)C1CC=C(C(=O)O)CC21,,0.1491013914346695
5437,CC(=O)OCC(=O)[C@@]1(O)CC[C@H]2[C@@H]3CCC4=CC(=O)CC[C@]4(C)[C@H]3[C@@H](O)C[C@@]21C,,0.14913204312324524
7884,O=P(Oc1ccccc1)(Oc1ccccc1)Oc1ccccc1,,0.14913633465766907
1835,Nc1nc(NC2CC2)c2ncn(C3C=CC(CO)C3)c2n1,,0.14914512634277344
107,O=C([O-])C(=O)C(O)COP(=O)(O)O,,0.14914825558662415
4018,O=C1NC2CCCCN2C12CCN(CCCN1c3ccccc3CCc3ccc(Cl)cc31)CC2,,0.14916345477104187
8102,CN1C(=O)C2=NC=NC2N(C)C1=O,,0.14919781684875488
2752,CC(=O)OC1C=CC(C)(O)C(=O)C(C)CC=CC2C(O)C(C)=C(C)C3C(Cc4ccccc4)NC(=O)C123,,0.14920401573181152
4015,CN1CCC23c4c5ccc(O)c4OC2C(O)C=CC3C1C5,,0.14921621978282928
4275,C[NH2+]CCCCCCN(C)N([O-])N=O,,0.1492489129304886
546,CC(=O)NC(CSSCC(NC(C)=O)C(=O)NC1C(OC2C(O)C(O)C(O)C(O)C2O)OC(CO)C(O)C1O)C(=O)NC1C(OC2C(O)C(O)C(O)C(O)C2O)OC(CO)C(O)C1O,,0.14928090572357178
5294,O=C(OC1CC2CCC(C1)[N+]21CCCC1)C(O)(c1ccccc1)c1ccccc1,,0.14931125938892365
2358,O=C(O)C=Cc1ccc(O)c(O)c1,,0.14934656023979187
5461,C=CC1CN2CCC1C[C@@H]2C(O)c1ccnc2ccc(OC)cc12,,0.1493636816740036
4325,CCCCCCCCCCCCCCCCCCc1ccc(C(=O)C=CC(=O)O)cc1,,0.14936725795269012
4854,Nc1ncnc2c1ncn2C1OC(C[Se]CCC(N)C(=O)O)C(O)C1O,,0.1494019627571106
7980,Cc1ccc(O)c([N+](=O)[O-])c1,,0.14940406382083893
6761,CC(O)C(=O)Oc1ccc2ccccc2c1,,0.14941303431987762
1892,CCN(CC)CCOC(=O)C(c1ccccc1)c1ccccc1,,0.14942646026611328
2689,CC1OC(OC2CCC3(C=O)C4CCC5(C)C(C6=CC(=O)OC6)CCC5(O)C4CCC3(O)C2)C(O)C(O)C1O,,0.14943251013755798
2657,COc1ccc2c3c1OC1C(O)C=CC4C(C2)N(C)CCC341,,0.1494448482990265
5305,CC(=O)NC1C(OC2OC(CC(O)C3OC(n4ccc(=O)[nH]c4=O)C(O)C3O)C(O)C(O)C2NC(=O)C=CCCCCCCCCC(C)C)OC(CO)C(O)C1O,,0.1494906097650528
9286,O=[N+]([O-])c1ccc(C(F)(F)F)cc1,,0.1494983732700348
4565,CCc1ccc(CCOc2ccc(CC3SC(=O)NC3=O)cc2)nc1,,0.14950138330459595
5410,CC(NC(=O)C(NC(=O)OCc1ccccc1)C(C)C)C(=O)NC(CC(=O)O)C(=O)OC(F)F,,0.1495061069726944
9711,COC(=O)c1ccccc1OC1OC(COC2OCC(O)C(O)C2O)C(O)C(O)C1O,,0.14951016008853912
4378,CCCCOc1cc(C(=O)OCCN(CC)CC)ccc1N,,0.14951102435588837
199,Cc1cc2ncn(C3OC(CO)C(O)C3O)c2cc1C,,0.14952664077281952
4342,CC1OC(Oc2ccccc2[N+](=O)[O-])C(O)C(O)C1O,,0.149559885263443
7155,Clc1cccc(Nc2ccccc2)c1,,0.1495620608329773
1670,Cc1cc(CCCCCOc2ccc(C3=NCCO3)cc2Cl)on1,,0.14960527420043945
4926,[Ag+].[H][O+]=S(=O)([NH2+]c1ncccn1)c1ccc(N)cc1,,0.1496228575706482
2058,CC(C)C(NC(=O)C(CCCN=C(N)N)NC(=O)NC(Cc1ccccc1)C(=O)O)C(=O)NC(C=O)CCCN=C(N)N,,0.1496894806623459
4150,Nc1cccc(S(=O)(=O)N(CCO)CCO)c1,,0.1496906727552414
4695,CCCCCC(O)C=CC1C(=O)C=CC1CC=CCCCC(=O)O,,0.14969517290592194
1681,CCCN(CCc1ccccc1)C(=O)C1OC(C(=O)O)=CC(N)C1NC(C)=O,,0.14971952140331268
5192,C[N+](C)(C)c1cccc(C(=O)C(F)(F)F)c1,,0.14972379803657532
9368,C[C@]12CC[C@H]3[C@@H](CCC4=CC(=O)CC[C@@H]43)[C@@H]1CC[C@@H]2O,,0.14976926147937775
8062,CC(=O)Nc1ccc(S(=O)(=O)Cl)cc1,,0.14977847039699554
8022,O=C(OCCOCCOC(=O)c1ccccc1)c1ccccc1,,0.1497838795185089
9524,CC[C@@]12CCCN3CCC4(c5cccc(OC)c5N(C(C)=O)[C@@H]4CC1)[C@H]32,,0.14981332421302795
5883,CN1C(=O)[C@]23CC4=CC=C[C@H](O)[C@H]4N2C(=O)[C@@]1(CO)SS3,,0.14981848001480103
6675,O=C1Nc2ccccc2C1=O,,0.14986826479434967
9926,C=C[C@]12CN(C)C3C4COC(CC41)[C@]1(C(=O)Nc4ccccc41)C32,,0.14987415075302124
1249,[H]/N=C(\N)SCCc1ccc(CCS/C(N)=N/[H])cc1,,0.14987996220588684
1707,O=C(O)Cc1c[nH]c2ccc(O)cc12,,0.1498941332101822
1780,NCCCCCCNc1nc2c(N)ncnc2n1C1OC(COP(=O)(O)O)C(O)C1O,,0.14991244673728943
5193,CCN(CC)CCCCCCCCOC(=O)c1cc(OC)c(OC)c(OC)c1,,0.14993968605995178
5278,C[N+](C)(C)c1ccc(N)cc1,,0.14996808767318726
5772,CC[N+](C)(C)Cc1ccccc1Br.Cc1ccc(S(=O)(=O)[O-])cc1,,0.14997513592243195
8721,c1ccc2cccc-2cc1,,0.14998158812522888
2149,CC(C)(C)c1ccc(S(=O)(=O)C=CC#N)cc1,,0.14999717473983765
3206,CC(C)C(=O)Nc1ccc([N+](=O)[O-])c(C(F)(F)F)c1,,0.15000994503498077
3424,CC1=CC2Cc3[nH]c(=O)ccc3C3(C1)NCCCC23,,0.1500539928674698
3112,CCOc1ccc2c3c1OC1C(O)C=CC4C(C2)N(C)CCC341,,0.15006358921527863
1831,CC1=C(C)C(=O)C(CCCCC#CCCCC#CCO)=C(C)C1=O,,0.1500926911830902
5137,c1ccc2[nH]c(-c3cscn3)nc2c1,,0.15009716153144836
5153,CSc1ccc2c(c1)N(CCC1CCCCN1C)c1ccccc1S2,,0.15011587738990784
4216,CCNC1CC(N)C(OC2OC(CN)=CCC2N)C(O)C1OC1OCC(C)(O)C(NC)C1O,,0.15011605620384216
3198,CCCCCCC(=O)OCCN1CCN(CCCN2c3ccccc3Sc3ccc(C(F)(F)F)cc32)CC1,,0.15012115240097046
4491,CC1NC(=O)C(CC(C)(O)CO)NC(=O)C2Cc3c([nH]c4ccccc34)SCC(NC(=O)C(C(C)O)NC1=O)C(=O)N1CC(O)CC1C(=O)NC(C)C(=O)N2,,0.15013426542282104
5735,CC(=O)O[C@H]1CC[C@]2(C=O)C3CC[C@]4(C)[C@@H](C5=CC(=O)OC5)CC[C@]4(O)C3CC[C@]2(O)C1,,0.15014231204986572
4829,CCC1OC(=O)C(C)C(OC2CC(C)(OC)C(O)C(C)O2)C(C)C(OC2OC(C)CC(N(C)C)C2O)C(C)(O)CC(C)C(=NOCOCCOC)C(C)C(O)C1(C)O,,0.15016433596611023
4870,OCc1cc(C(O)CNCCCCCCOCCCCc2ccccc2)ccc1O,,0.15016737580299377
6807,O=C(OOC(=O)c1ccccc1)c1ccccc1,,0.150201216340065
3854,C=NC(C(=O)NC1C(=O)N2C1SC(C)(C)C2C(=O)O)c1ccccc1,,0.15020652115345
9443,CC(C=NN=C(N)N)=NN=C(N)N,,0.15021935105323792
1004,C[S+](CCCN)CC1OC(n2cnc3c(N)ncnc32)C(O)C1O,,0.1502293348312378
186,Nc1ncnc2c1ncn2C1OC(COP(=O)(O)OP(=O)(O)OC2OC(CO)C(O)C(O)C2O)C(O)C1O,,0.1502552330493927
3152,CC(Cc1ccc(O)cc1)NCC(O)c1cc(O)cc(O)c1,,0.15027473866939545
3593,COc1oc(=O)c2cc(N)ccc2c1Cl,,0.1503218710422516
7086,Nc1ccc([N+](=O)[O-])cc1,,0.15033702552318573
2602,COc1cc(N)c(Cl)cc1C(=O)NC1CCN(CCCOc2ccc(F)cc2)CC1OC,,0.15035080909729004
5547,C[N+]1(C)C2CCC1CC(OC(=O)C(CO)c1ccccc1)C2.O=[N+]([O-])[O-],,0.15037722885608673
2115,Cn1cnc([N+](=O)[O-])c1Sc1ncnc2nc[nH]c12,,0.150390625
1983,C[NH+](CCc1ccc(Cl)c(Cl)c1)CC(O)COc1ccc(NS(C)(=O)=O)cc1,,0.1503961831331253
4670,CCCOc1ccc(C(=O)OCCN(CC)CC)cc1N,,0.150475412607193
7036,Nc1cccc([N+](=O)[O-])c1,,0.15048998594284058
334,CC(OC(=O)C(N)CCC(=O)O)C(OC(=O)C(N)CCC(=O)O)C1=CNc2nc(N)nc(OC(=O)C(N)CCC(=O)O)c2N1,,0.150503009557724
2313,CC(=O)NC1C(OC2CC(C(=O)NCCS(=O)(=O)O)NC2CO)OC(CO)C(OS(=O)(=O)O)C1O,,0.1505236029624939
5258,CCC(C)C(=O)OC1(C)OCC23C(O)C(OC(C)=O)C(OC(C)=O)C1(C)C2CCC1(C)C3C(=O)C(O)C2(C)C(c3ccoc3)CC3OC312,,0.15056736767292023
4543,O=Cc1ccccc1C=O,,0.1505889892578125
9750,CC#CC#CC(=O)c1ccccc1,,0.15060913562774658
8196,Nc1cccc2ccccc12,,0.15061846375465393
7972,CCOP(=S)(OCC)Oc1ccc(=O)n(-c2ccccc2)n1,,0.15062053501605988
7010,Cc1ccc(S(=O)(=O)Cl)cc1,,0.15064433217048645
4490,COC1C(O)C(C)OC(OC2CCC3(C=O)C(CCC4C3CCC3(C)C(C5=CC(=O)OC5)CCC43O)C2)C1O,,0.15065117180347443
9519,C[C@]12CCC3C(CC[C@]4(O)C[C@@H](O)CC[C@]34C=O)[C@@]1(O)CC[C@@H]2c1ccc(=O)oc1,,0.15066644549369812
2590,C=CC1CN2CCC1CC2C(O)c1ccnc2ccccc12,,0.15066833794116974
3008,CCC12CCCN3CCc4c(n(c5ccccc45)C(=O)C1)C32,,0.15071067214012146
7329,Cc1ccc(CCl)cc1,,0.15073442459106445
2256,Cc1cccc(C23SCCN2C(=O)c2ccccc23)c1,,0.15074153244495392
2605,C[N+](C)(C)CCOP(=O)(O)OP(=O)(O)OCC1(O)COC(n2ccc(N)nc2=O)C1O,,0.15075255930423737
6668,c1ccc2ncccc2c1,,0.15076319873332977
7987,OC(c1ccccc1)c1ccc(Cl)cc1,,0.15076518058776855
3154,CCC(=O)N(c1ccccc1)C1CCN(CCc2ccccc2)CC1,,0.15078997611999512
6250,CC#C[C@]1(O)CC[C@H]2[C@@H]3C[C@H](C)C4=CC(=O)CC[C@]4(C)[C@H]3CC[C@@]21C,,0.1508316993713379
5312,CC(C)(C)c1cc(C=C(C#N)C#N)cc(C(C)(C)C)c1O,,0.15083330869674683
1337,C/C(N)=N\Cc1cccc(CN)c1,,0.15083785355091095
5861,O=Cc1ccc2ccccc2c1,,0.15085145831108093
9033,CCCCNC(=O)NS(=O)(=O)c1ccc(N)cc1,,0.15085303783416748
433,C[n+]1cccc(C(N)=O)c1,,0.15086054801940918
2286,CC(C)CC1C(=O)N2CCCC2C2(O)OC(NC(=O)C3C=C4c5cccc6[nH]c(Br)c(c56)CC4N(C)C3)(C(C)C)C(=O)N12,,0.15089061856269836
8932,[H]/N=C(\N)N(Cc1ccccc1)c1ccccc1,,0.15089808404445648
7054,Cc1cc([N+](=O)[O-])ccc1N,,0.1509021371603012
5953,CC[N+](C)(C)[C@@H]1CC[C@]2(C)C3CC[C@@]4(C)C(CC[C@H]4[N+](C)(C)CC)[C@@H]3CC[C@H]2C1,,0.15091557800769806
1741,COc1cc2c(CCNC(C)=O)c[nH]c2cc1O,,0.15093621611595154
8116,COC(=O)C(OC(C)=O)=C(OC(C)=O)C(=O)OC,,0.1509741097688675
4884,NC(N)=NCCCC(NC(=O)COCC(c1ccccc1)c1ccccc1)C(=O)O,,0.15098898112773895
393,CN1C(=O)C(OC2OC(C(=O)O)C(O)C(O)C2O)CC1c1cccnc1,,0.1510053128004074
4575,CCN1CCCC(OC(=O)C(c2ccccc2)c2ccccc2)C1,,0.15103964507579803
8912,CN(CCF)Cc1cccc2ccccc12,,0.15105368196964264
5845,C[C@]12CC[C@H]3[C@@H](CC[C@]4(O)C[C@@H](O)CC[C@]34C=O)[C@@]1(O)CC[C@@H]2C1=CC(=O)OC1,,0.15106543898582458
8842,CCN(CC)C(=O)c1ccc(O)c(OC)c1,,0.1511063277721405
4553,[H]/N=c1\sc2c(n1CC(=O)c1ccc(C)cc1)CCCC2,,0.15111257135868073
4481,CC(=O)CCCCn1c(=O)c2c(ncn2C)n(C)c1=O,,0.15119591355323792
3672,CCC(C(=O)C(C)C(O)C(C)CCc1ccc(C)c(O)c1C(=O)O)C1OC(CC)(C2CCC(O)(CC)C(C)O2)CC1C,,0.15121087431907654
1125,CC12NC(Cc3ccccc31)c1ccccc12,,0.15122467279434204
9159,NCCC(=O)c1ccccc1N,,0.15126214921474457
5306,CCCCCCCCCCCCCC=CC(=O)NC1C(OC2OC(CO)C(O)C(O)C2NC(C)=O)OC(CC(O)C2OC(n3ccc(=O)[nH]c3=O)C(O)C2O)C(O)C1O,,0.15126438438892365
7057,Cc1ccc([N+](=O)[O-])cc1N,,0.15128079056739807
2554,CCN(CC)CCCC(C)Nc1ccnc2cc(Cl)ccc12,,0.15130095183849335
5449,C[C@]12CC[C@@H]3c4ccc(O)cc4CC[C@H]3[C@@H]1CC[C@@H]2O,,0.1513190120458603
3392,CC1(C)SC2C(N3C(=O)C(c4ccccc4)NC3(C)C)C(=O)N2C1C(=O)O,,0.15133026242256165
1038,O=C(O)CCC(=O)C1=C(C(=O)O)C(O)CC=C1,,0.1513478010892868
9418,Cc1ccc(S(=O)(=O)F)cc1,,0.15135696530342102
8042,Cc1cccc(C)c1OP(=O)(Oc1c(C)cccc1C)Oc1c(C)cccc1C,,0.15136636793613434
1117,Cc1ccc(S(=O)(=O)N(CC(=O)O)c2cccc(Cl)c2)cc1,,0.1513921171426773
4834,O=C(CC1(S(=O)(=O)c2ccc(Oc3ccc(Cl)cc3)cc2)CCOCC1)NO,,0.15145254135131836
3448,Nc1c2c(nc3ccccc13)CCCC2O,,0.15146198868751526
3279,CCC1=C(C)CN(C(=O)NCCc2ccc(S(=O)(=O)NC(=O)NC3CCC(C)CC3)cc2)C1=O,,0.1514621376991272
8285,CN(C)c1ccc(N=O)cc1,,0.15146715939044952
3438,CC12CCC(=O)C=C1CCC1C2C(O)CC2(C)C1CCC2(O)C(=O)COP(=O)(O)O,,0.1514747142791748
2165,CC(Cc1cccc(C(F)(F)F)c1)NCCOC(=O)c1ccccc1,,0.1514955461025238
8341,CCCCCCCCCCc1ccc(S(=O)(=O)O)cc1,,0.15153391659259796
3644,Cc1ncc(COP(=O)(O)O)c(CNC(C=COCCN)C(=O)O)c1O,,0.1515379548072815
6550,Cc1ccccc1S(=O)(=O)O,,0.1515546590089798
3894,COC(=O)C1Cc2cccc(c2)CNC(=O)CC(NC(=O)C(NC(=O)CC(C)C)C(C)C)C(=O)NC(CC(C)C)P(=O)(O)O1,,0.15156491100788116
5925,Cc1ccc(S(N)(=O)=O)cc1,,0.15156932175159454
1928,NC1(C(=O)O)CCc2cc(C(=O)O)ccc21,,0.1515820324420929
2059,Cc1cc(=O)n(-c2ccccc2)n1C,,0.1515895426273346
6656,ClC(c1ccccc1)c1ccccc1,,0.15159998834133148
2627,CN(C)CCC(O)(c1ccccc1)c1ccccc1Cl,,0.1516197770833969
4722,CN(C)C(=O)Oc1ccc[n+](C)c1,,0.15163971483707428
3312,CN1C2CCCC1CC(NC(=O)c1nn(C)c3ccccc13)C2,,0.15166997909545898
5438,CC(=O)OCC(=O)[C@@]1(O)CC[C@H]2[C@@H]3CCC4=CC(=O)CC[C@]4(C)[C@H]3C(=O)C[C@@]21C,,0.1516730934381485
3495,CNC1CC(c2ccc(Cl)c(Cl)c2)c2ccccc21,,0.15169043838977814
2121,CC1(C)SC2C(NC(=O)C(NC(=O)N3CCNC3=O)c3ccccc3)C(=O)N2C1C(=O)O,,0.15170319378376007
869,NC(=O)c1ccc[n+](C2OC(CO)C(O)C2O)c1,,0.1517138034105301
5554,C[C@]12CC[C@@H](O)C=C1CC[C@@H]1[C@@H]2C(=O)C[C@@]2(C)[C@H]1CC[C@]2(O)C(=O)CO,,0.15174004435539246
3748,CN1C2CCC1CC(NC(=O)c1nn(C)c3ccccc13)C2,,0.15175513923168182
8699,c1cnc2cnccc2c1,,0.15176671743392944
5034,NC(N)=NS(=O)(=O)c1ccc(N)cc1,,0.15176793932914734
3109,CCOC(=O)c1ccc(NC(=O)CN2CCCCC2)cc1,,0.15176844596862793
9546,CCC(=O)C1(c2cccc(O)c2)CCN(C)CC1,,0.1517738699913025
4362,CC1CN2CC(=O)Nc3ccc(Cl)cc3C2(c2ccccc2)O1,,0.15178894996643066
301,CC1=C2N=C(CC3=NC(C(C)C4=NC(C(CC(N)=O)C4(C)CCC(=O)NCC(C)O)C4(C)N=C1C(CCC(N)=O)C4(C)CC(N)=O)C(CCC(N)=O)C3(C)C)C(CCC(N)=O)C2(C)CC(N)=O.[Co],,0.15179455280303955
2197,O=C(O)CCCN1CCC(OC(c2ccc(Cl)cc2)c2ccccn2)CC1,,0.15179595351219177
3104,CCOc1ccc2nc(S(N)(=O)=O)sc2c1,,0.1518370658159256
3737,O=C1Nc2ccc(Cl)cc2C(c2ccccc2Cl)=NC1O,,0.15186788141727448
4789,N#CC(=Cc1cc(Cl)cc(Cl)c1)c1cccnc1,,0.15187178552150726
6984,O=S(=O)(O)c1ccccc1,,0.15188777446746826
1800,CC(C=Cc1c(C)cc(O)cc1C)=CC=CC(C)CC(=O)O,,0.15190567076206207
5134,CC=C(C)C(=O)OC1C(C)=C2C(C1OC(=O)CCCCC)C(C)(OC(C)=O)CC(OC(=O)CCC)C1(O)C2OC(=O)C1(C)O,,0.15190590918064117
2203,COc1c(O)cc2c(c1O)C1OC(CO)C(O)C(O)C1OC2=O,,0.15191368758678436
5935,CC(=O)O[C@]1(C(C)=O)CC[C@H]2[C@@H]3C[C@H](C)C4=CC(=O)CC[C@]4(C)[C@H]3CC[C@@]21C,,0.15193067491054535
5293,CN1C2CCC1CC(OC(=O)c1c[nH]c3ccccc13)C2,,0.1519438773393631
5336,COc1ccccc1N1CCN(CCCNc2c(C)c(=O)n(C)c(=O)n2C)CC1,,0.15195399522781372
6703,FC(F)(F)c1ccc2c(c1)Nc1ccccc1S2,,0.1519624888896942
2609,O=C(NCCCCN1CCOCC1)c1cc2ccccc2o1,,0.1519680619239807
3933,COC1C(O)CC(OC2C(O)CC(OC3C(O)CC(OC4CCC5(C)C(CCC6C5CC(O)C5(C)C(C7=CC(=O)OC7)CCC65O)C4)OC3C)OC2C)OC1C,,0.1519899070262909
9719,O=c1ccoc2ccccc12,,0.1520208716392517
1692,Nc1ccn(C2OC(CCl)C(O)C2O)c(=O)n1,,0.15204863250255585
5284,NS(=O)(=O)c1cc(C(=O)NN2CC3C4CCC(C4)C3C2)ccc1Cl,,0.15205231308937073
3160,O=C(COc1ccc(Cl)cc1)N1CCN(Cc2ccc3c(c2)OCO3)CC1,,0.15205484628677368
1757,Cn1c(=O)c2c(ncn2CCCl)n(C)c1=O,,0.15216028690338135
2148,Cc1ccc(S(=O)(=O)C=CC#N)cc1,,0.15217779576778412
1213,NC(C(=O)O)c1ccc(C(=O)O)c(O)c1,,0.15221816301345825
659,COc1cc(C=CC(=O)O)ccc1O,,0.15221825242042542
1939,CCCSc1ccc2nc(NC(=O)OC)[nH]c2c1,,0.1522217094898224
9651,COC(=O)C1=COC(C)C2CN3CCC4c5ccccc5NC4C3CC12,,0.1522294580936432
8082,O=C(Cl)c1ccc([N+](=O)[O-])cc1,,0.1522338092327118
5144,[H]/N=C(\N)c1cc2cccnc2s1,,0.15224000811576843
5295,COc1cc(C(=O)NC2CCCNC2)cc(OC)c1OC,,0.15224120020866394
9507,CC(=O)O[C@H]1C[C@]2(O)C3CC[C@@H]4C[C@@H](O)CC[C@]4(C)C3CC[C@]2(C)[C@H]1C1=CC(=O)OC1,,0.15224851667881012
9912,CC(=O)O[C@H]1C[C@]2(O)C3CC[C@@H]4C[C@H](O)CC[C@]4(C)C3CC[C@]2(C)[C@H]1C1=CC(=O)OC1,,0.15224851667881012
4132,COC(=O)CCC(=O)NC(C)C(=O)NC(C)C(=O)N1CCCC1C(=O)NC(C(=O)CCl)C(C)C,,0.1522676646709442
3174,OC(Cn1cncn1)(Cn1cncn1)c1ccc(F)cc1F,,0.15229949355125427
3786,C=C(C)OCOC(=O)CN(CC(=O)OCOC(C)=O)c1ccc(C)cc1OCCOc1cc(C)ccc1N(CC(=O)OCOC(C)=O)CC(=O)OCOC(C)=O,,0.15232321619987488
8971,O=C(NN=C1CCCCC1)c1ccc([N+](=O)[O-])cc1,,0.15243923664093018
2662,C=CC1(C)CC(=O)C2(O)C(C)(O1)C(OC(C)=O)C(OC(=O)CCN(C)C)C1C(C)(C)CCC(O)C12C,,0.15255838632583618
5189,CC(NC(=O)OCc1ccccc1)C(=O)NC(C(=O)NC(CO)Cc1ccccc1)C(C)C,,0.15256130695343018
2749,CC(=O)OC1C=CC(C)(O)C(=O)C(C)CC=CC2C(O)C(C)(O)C(C)C3C(Cc4ccccc4)NC(=O)C123,,0.15257760882377625
2048,COC(CCC(C)C1OC23CC(OC(=O)CC(C(C)O)OC(=O)CC(=C(C)CC2(C)C)O3)C1C)c1cccc(O)c1,,0.15257973968982697
8916,Nc1ncn([C@@H]2O[C@H](CO)[C@@H](O)[C@H]2O)c(=O)n1,,0.15257993340492249
4577,CC[N+]1(CCOC(=O)C(O)(c2ccccc2)c2ccccc2)CCCCC1,,0.15259763598442078
7268,O=C(C=Cc1ccccc1)OCCc1ccccc1,,0.15260136127471924
6750,CCOc1ccc2ccccc2c1,,0.15260249376296997
8216,Oc1ccc2ccccc2c1,,0.15265561640262604
4859,CCCCCCSCC(NC(=O)CCC([NH3+])C(=O)O)C(=O)NCC(=O)O,,0.15268151462078094
9627,CC=C1C[C@@H](C)[C@](O)(CO)C(=O)OCC2=CCN3CC[C@@H](OC1=O)[C@@H]23,,0.15271933376789093
4014,COC1(NC(=O)CSC(F)F)C(=O)N2C(C(=O)O)=C(CSc3nnnn3CCO)COC21,,0.15273445844650269
4321,NC(Cc1ccc(OC(=O)OCc2ccccc2)cc1)C(=O)O,,0.15274715423583984
4108,CC(NC(=O)OCc1ccccc1)C(=O)N1CCCC1C(=O)NC(Cc1ccccc1)C(C)O,,0.15276315808296204
9514,C[C@]12CC[C@H](O)C[C@H]1CCC1C2CC[C@]2(C)[C@@H](c3ccc(=O)oc3)C[C@H]3O[C@]132,,0.15276426076889038
5692,CC(CN1c2ccccc2Sc2ccccc21)[N+](C)(C)C,,0.15280427038669586
2388,COc1cc(CNC(=O)CCCCC=CC(C)C)ccc1O,,0.15280896425247192
1648,NCCSCC1OC(n2cnc3c(N)ncnc32)C(O)C1O,,0.1528455913066864
860,c1ccc2ccccc2c1,,0.15289686620235443
907,O=C(O)C(=O)Cc1ccc(O)cc1,,0.1529420018196106
593,[H]/N=C(\N)N(C)CCC(N)CC(=O)NC1C=CC(n2ccc(=O)[nH]c2=O)OC1C(=O)O,,0.15298667550086975
4999,CC(=O)OC(CC=C(C)C)C(C)=CC=CC(C)=C1C(=O)CC2C1(C)CCC1C(C)(CO)C(O)CCC21C,,0.15298742055892944
9056,O=S(=O)(Cl)c1ccc(F)cc1,,0.1530107855796814
4331,COC1CC(OC(C(C)C(=O)OC(C)C(C)C(O)C(C)C(=O)C2(C)CO2)C(C)C(OC2OC(C)CC(N(C)C)C2O)C(C)C)OC(C)C1O,,0.1530209630727768
3684,CCC(C=CC1OC(=O)C=CC1C)=CC(C)CC=CC(C)=CC(C)=CC(C)C(=O)C(C)C(O)C(C)CC=CC(=O)O,,0.15304034948349
4696,CC(=O)OC12CC(C)C3(O)C(C=C(CO)CC4(O)C(=O)C(C)=CC43)C1C2(C)C,,0.15305399894714355
6184,O=P(OCC(Cl)CCl)(OCC(Cl)CCl)OCC(Cl)CCl,,0.15308193862438202
6117,CN1CC[C@]23CCCC[C@H]2[C@@H]1Cc1ccc(O)cc13,,0.15308459103107452
1296,CN1CC=C(c2ccccc2)CC1,,0.1530890017747879
3902,CC[N+](C)(CC)CCOC(=O)C(O)(c1ccccc1)c1ccccc1,,0.15309801697731018
8970,O=C(NN=C1CCCC1)c1ccc([N+](=O)[O-])cc1,,0.1531292200088501
5545,CC[C@]1(O)CC[C@H]2[C@@H]3CCC4=CC(=O)CC[C@@H]4[C@H]3CC[C@@]21C,,0.1531490534543991
9164,Nc1c(F)cc(F)cc1[N+](=O)[O-],,0.15317930281162262
7306,CCCCNc1ccc(C(=O)OCCOCCOCCOCCOCCOCCOCCOCCOCCOC)cc1,,0.15319465100765228
4273,C[NH2+]CCCN(C)N([O-])N=O,,0.1532144546508789
4916,CNC1CCC(c2ccc(Cl)c(Cl)c2)c2ccccc21,,0.15322698652744293
5186,CCCCS(=O)(=O)NC(Cc1ccc(OCCCCC2CCNCC2)cc1)C(=O)O,,0.15323200821876526
6681,Cc1ccc2ccccc2n1,,0.15323512256145477
3818,CCN(CC)CCNC(=O)COc1ccc(OC)cc1,,0.1532910317182541
2880,CC1OC(OC2C(O)CC(OC3C(O)CC(OC4CCC5(C)C(CCC6C5CC(O)C5(C)C(C7=CC(=O)OC7)CCC65O)C4)OC3C)OC2C)CC(O)C1O,,0.15329308807849884
1438,CN(CC1(C)OCCO1)S(=O)(=O)c1ccccc1N,,0.1532946079969406
5834,CN1CCCC1c1cccnc1.O=C(O)[C@H](O)[C@@H](O)C(=O)O.O=C(O)[C@H](O)[C@@H](O)C(=O)O,,0.1533019095659256
1673,Cc1cc(CCCCCCCOc2ccc(C3=NC(C)CO3)cc2Cl)on1,,0.1533108949661255
9541,C[C@]12CCC3C(CC[C@H]4C[C@@H](O)CC[C@]34C=O)[C@@]1(O)CC[C@@H]2C1=CC(=O)OC1,,0.1533435434103012
6999,O=[N+]([O-])c1cccc(C(F)(F)F)c1,,0.15345679223537445
744,O=P(O)(O)OC1C(O)C(O)C(OP(=O)(O)O)C(OP(=O)(O)O)C1O,,0.1534581184387207
6811,O=C(OCc1ccccc1)c1cccnc1,,0.15347272157669067
9395,O=[N+]([O-])c1ccc(F)cc1O,,0.15351736545562744
6712,Oc1cc2ccccc2cc1O,,0.15352126955986023
6759,Cc1ccc2ccc(C)nc2c1,,0.15354490280151367
5135,CC=C(C)C(=O)OC1C(C)=C2C(C1OC(=O)CCCCCCC)C(C)(OC(C)=O)CC(OC(=O)CCC)C1(O)C2OC(=O)C1(C)O,,0.15354974567890167
6680,Cc1ccc2ncccc2c1,,0.15360713005065918
1744,COc1ccc2[nH]c3c(c2c1)CCNC3,,0.15361753106117249
8911,CCN(CCF)Cc1cccc2ccccc12,,0.15364453196525574
992,C=CC1CN2CCC1CC2C(O)c1ccnc2ccc(OC)cc12,,0.1536724865436554
9436,COc1cc(C=CC=O)ccc1O,,0.15368671715259552
6661,Cc1c(N=C=O)cccc1N=C=O,,0.15373341739177704
2758,NC(N)=NCCCC(NC(=O)C(N)Cc1ccc(O)cc1)C(=O)O,,0.15376140177249908
2451,Cn1nnnc1SCC1=C(C(=O)O)N2C(=O)C(NC(=O)C(O)c3ccccc3)C2SC1,,0.15377959609031677
8063,CC(=O)Nc1ccc(S(N)(=O)=O)cc1,,0.15379516780376434
4245,CC1(C)NC(=O)N(c2ccc([N+](=O)[O-])c(C(F)(F)F)c2)C1=O,,0.1538013517856598
1565,O=[N+]([O-])c1cccc(B(O)O)c1,,0.1538201868534088
8474,Nc1nc(F)nc2c1ncn2[C@@H]1O[C@H](CO)[C@@H](O)[C@H]1O,,0.1538902372121811
5959,N[C@@H](Cc1c[nH]c2ccccc12)C(=O)O,,0.15389905869960785
8552,N[C@H](Cc1c[nH]c2ccccc12)C(=O)O,,0.15389905869960785
3455,CC(C)=CCCC1(C)C(CC=C(C)C)CC2(CC=C(C)C)C(=O)C1(C(=O)C(C)C)C(=O)C(CC=C(C)C)=C2O,,0.15390081703662872
5574,C[C@@]12CCC[C@H]1[C@@H]1CCc3cc(O)ccc3[C@H]1CC2,,0.153901606798172
4687,CCCCCC(O)C=CC1C=CC(=O)C1CC=CCCCC(=O)O,,0.15390974283218384
1860,CC(=O)OC1CC(OC2C(O)CC(OC3C(O)CC(OC4CCC5(C)C(CCC6C5CCC5(C)C(C7=CC(=O)OC7)CCC65O)C4)OC3C)OC2C)OC(C)C1O,,0.1539354771375656
9745,[O-]/[N+](=N\c1ccccc1)c1ccccc1,,0.15395694971084595
299,CC(=O)NC1C(O)CC(OP(=O)(O)OCC2OC(n3ccc(N)nc3=O)C(O)C2O)(C(=O)O)OC1C(O)C(O)CO,,0.1539815068244934
4046,NC(N)=Nc1ccc(CNC(=O)NC23CC4CC(CC(C4)C2)C3)cc1,,0.1539880931377411
5452,COC(=O)[C@@H]1C2CCC(C[C@@H]1OC(=O)c1ccccc1)N2C,,0.1539931446313858
5427,NS(=O)(=O)Cc1noc2ccccc12,,0.1540684849023819
5,O=[N+]([O-])c1ccc(Cl)c([N+](=O)[O-])c1,,0.15406933426856995
1371,Nc1ncnc2c1ncn2C1C=CC(O)C1O,,0.15407921373844147
2191,CN1C2CCC1CC(OC(c1ccccc1)c1ccccc1)C2,,0.15412528812885284
1461,CCCCCCCc1cc(=O)c2ccccc2n1O,,0.15413258969783783
1604,O=C(O)CCC(NC(=O)c1ccc(S(=O)(=O)N2CCCC2C(=O)O)cc1)C(=O)O,,0.1541566699743271
5221,CCCCNc1c(C(=O)OCC)c(C)nc2c1cnn2CC,,0.15418362617492676
6493,Nc1cccc2cc(O)ccc12,,0.15419232845306396
3197,CCCCCCCCCC(=O)OCCN1CCN(CCCN2c3ccccc3Sc3ccc(C(F)(F)F)cc32)CC1,,0.1542109102010727
739,O=CCc1c[nH]c2ccccc12,,0.15423494577407837
956,O=C(O)C(=O)CC1(C(=O)O)C=CC(O)C=C1,,0.15424613654613495
4182,C=CCN1CCC23c4c5ccc(O)c4OC2C(O)C=CC3C1C5,,0.1542477309703827
3505,O=P(O)(O)OCCCc1c[nH]c2ccccc12,,0.15425164997577667
6558,Nc1ccc(Cl)c(S(=O)(=O)O)c1,,0.15425504744052887
5680,CC[N+](C)(C)CC(C)N1c2ccccc2Sc2ccccc21,,0.15427961945533752
6751,CC(C)Cc1ccc2ccccc2n1,,0.1543315201997757
7060,O=Cc1cccc([N+](=O)[O-])c1,,0.15434055030345917
1425,Cc1ncc(COP(=O)(O)O)c(CNC(C)(CC(=O)O)C(=O)O)c1O,,0.15434688329696655
7162,COc1cc(CC2=NCCN2)cc(OC)c1OC,,0.15440909564495087
7991,c1ccc2cnccc2c1,,0.15441453456878662
5835,Nc1ccn([C@@H]2O[C@H](CO)[C@@H](O)[C@H]2O)c(=O)n1,,0.15443280339241028
5909,Nc1ccn([C@@H]2O[C@H](CO)[C@@H](O)[C@@H]2O)c(=O)n1,,0.15443280339241028
2082,CC(NC(=O)C(CCCN=C(N)N)NC(=O)C(CCCCN)NC(=O)C(N)CCCN=C(N)N)C(=O)NC(CCCN=C(N)N)C(=O)NC(CCCCN)C(=O)NC(CCC(=O)O)C(=O)O,,0.15447506308555603
7949,Nc1cccc2ccc(O)cc12,,0.15451925992965698
9537,COC1C(O)[C@H](O[C@H]2CC[C@]3(CO)C4CC[C@]5(C)[C@@H](c6ccc(=O)oc6)CC[C@]5(O)C4CC[C@@H]3C2)OC(C)[C@H]1O,,0.15453031659126282
3903,Cc1cc(C(C)(C)CC(C)(C)C)ccc1OCCOCC[N+](C)(C)Cc1ccccc1,,0.1545311063528061
8011,Oc1ccc(Cl)cc1Cc1ccccc1,,0.15453428030014038
2738,CC1(C)C(C=C(Cl)Cl)C1C(=O)OC(C#N)c1cccc(Oc2ccccc2)c1,,0.15453968942165375
7831,CCC(C)C1NC(=O)C(Cc2ccc(O)cc2)NC(=O)CCSSCC(C(=O)N2CCCC2C(=O)NC(CC(C)C)C(=O)NCC(N)=O)NC(=O)C(CC(N)=O)NC(=O)C(CCC(N)=O)NC1=O,,0.15455128252506256
6614,Cc1ccc([N+](=O)[O-])c(C)c1,,0.1545577496290207
6278,O=S(=O)(Oc1ccc(Cl)cc1)c1ccccc1,,0.15457692742347717
6946,Cc1ccccc1/N=C(\N)Nc1ccccc1C,,0.1546160876750946
2838,CC1=NS(=O)(=O)c2cc(Cl)ccc2N1,,0.15462353825569153
2319,COC12CCC3(CC1C(C)(O)C(C)(C)C)C1Cc4ccc(O)c5c4C3(CCN1CC1CC1)C2O5,,0.15468281507492065
5906,CC1(C)S[C@@H]2[C@H](NC(=O)[C@H](N)c3ccccc3)C(=O)N2[C@H]1C(=O)O,,0.1547112762928009
2704,COc1ccc2[nH]cc(CCNC(=O)C3CC3)c2c1,,0.15472981333732605
5500,CN1[C@H]2CC(OC(=O)C(CO)c3ccccc3)C[C@H]1[C@H]1O[C@H]12,,0.15475843846797943
1110,O=C(COP(=O)(O)O)C(O)C(O)COP(=O)(O)O,,0.1547645479440689
8959,[H]/N=C(\N)N(Cc1ccccc1)Cc1ccccc1,,0.1548040211200714
2174,NC(CO)C(=O)NNCc1ccc(O)c(O)c1O,,0.15481597185134888
1089,CC(=O)NC1C(OP(=O)(O)OP(=O)(O)OCC2OC(n3ccc(=O)[nH]c3=O)C(O)C2O)OC(C(=O)O)C(O)C1O,,0.15482652187347412
3989,CCCC(C)N(CC(=O)NO)S(=O)(=O)c1ccc(OC)cc1,,0.15482735633850098
970,c1cnc2ncncc2n1,,0.1548435091972351
3060,COC(=O)C=Cc1cc(O)ccc1O,,0.15484821796417236
5322,Cc1c(C)c2c(c(C)c1O)CCC(C)(CN1CCN(c3cc(N4CCCC4)nc(N4CCCC4)n3)CC1)O2,,0.15485520660877228
2362,C=C1C(=CC=C2CCCC3(C)C2CCC3C(C)C=CC(O)C2CC2)CC(O)CC1O,,0.15489880740642548
87,C=CC1(O)CN2CCC1CC2C(O)c1ccnc2ccc(OC)cc12,,0.15491963922977448
4853,NC(CCC(=O)NC(CSCc1ccc([N+](=O)[O-])cc1)C(=O)NCC(=O)O)C(=O)O,,0.1549377292394638
1246,[H]/N=C(\N)SCCc1cccc(CCS/C(N)=N/[H])c1,,0.1549592912197113
536,Oc1ccccc1-c1cccc(O)c1O,,0.15496057271957397
6552,Nc1cc(Cl)cc(S(=O)(=O)O)c1O,,0.15497730672359467
7191,c1ccc(Cc2ccccn2)cc1,,0.15502223372459412
9137,CC(C)=CCN1CC[C@@]2(C)c3cc(O)ccc3C[C@@H]1[C@H]2C,,0.15504199266433716
8281,O=C(O)c1cc(=O)cc(C(=O)O)[nH]1,,0.15506333112716675
6933,Cc1ccc(C(=O)O)cc1[N+](=O)[O-],,0.15515261888504028
5027,CC1(C)SC2C(NC(=O)C(c3ccccc3)S(=O)(=O)O)C(=O)N2C1C(=O)O,,0.15520057082176208
6798,CCN(CC)CC(C)(C)COC(=O)c1ccc(N)cc1,,0.1552036702632904
2544,O=C(O)CCC(=O)OCC(NC(=O)C(Cl)Cl)C(O)c1ccc([N+](=O)[O-])cc1,,0.15522877871990204
3102,CCOc1ccc2c(c1)C(C)=CC(C)(C)N2,,0.15526747703552246
5568,C[C@]12CC[C@@H]3c4ccccc4CC[C@H]3[C@@H]1CCC2=O,,0.1552836298942566
9718,Cc1ccnc2ccccc12,,0.15529192984104156
9613,O=C1CC2=C(CCN3CCc4cccc2c43)CO1,,0.15529422461986542
8473,Nc1nc(Cl)nc2c1ncn2[C@@H]1O[C@H](CO)[C@@H](O)[C@H]1O,,0.15530414879322052
6676,Cc1ccc2ccccc2c1,,0.15531180799007416
5108,CN(C)CC1Cc2ccccc2C1=O,,0.15532687306404114
3641,CCC(C)C(COC(Cc1ccccc1)C(=O)NC(CCS(C)(=O)=O)C(=O)OC(C)C)NCC(N)CS,,0.1553288996219635
1596,CCC(CC)C(=O)Nc1cc(C(=O)O)ccc1NC(C)=O,,0.15535424649715424
3825,NC(Cc1ccc(N(CCCl)CCCl)cc1)C(=O)O,,0.1553841531276703
8168,C[C@@H](Oc1ccccc1)C(=O)N[C@@H]1C(=O)N2[C@@H]1SC(C)(C)[C@@H]2C(=O)O,,0.15539436042308807
8499,CCCC[N+]1(C)[C@H]2CC(OC(=O)C(CO)c3ccccc3)C[C@H]1[C@H]1O[C@H]12,,0.15540391206741333
9504,C[C@]12CC[C@H](O)C[C@H]1CCC1C2C(O)C[C@]2(C)[C@@H](c3ccc(=O)oc3)CC[C@]12O,,0.15542174875736237
4394,CCCCNc1ccc(C(=O)OCCN(CC)CC)cc1,,0.15546156466007233
6279,CCNS(=O)(=O)c1ccc(C)cc1,,0.15546660125255585
3133,CC(=O)OCC(CCn1cnc2cnc(N)nc21)COC(C)=O,,0.15550071001052856
2685,CCOc1cc2ncnc(Nc3cccc(Br)c3)c2cc1OCC,,0.15550662577152252
2301,C=CC(C)(C)C1(CCC=C(C)C)C(=O)Nc2ccccc2C1=O,,0.15558460354804993
2000,CCC1(c2ccc(N)cc2)CCC(=O)NC1=O,,0.155587300658226
3585,COc1cc2ncnc(Nc3ccc(O)c(Br)c3)c2cc1OC,,0.15560095012187958
2142,CC(=O)OCOC(=O)CN(CC(=O)OCOC(C)=O)c1ccccc1OCCOc1ccccc1N(CC(=O)OCOC(C)=O)CC(=O)OCOC(C)=O,,0.15563252568244934
2561,CN(C)CCCN1c2ccccc2Sc2ccc(Cl)cc21,,0.15563629567623138
1865,CC(=O)NC(Cc1c[nH]c2ccccc12)C(=O)O,,0.15566708147525787
3716,NCCCCC(NC(CCc1ccccc1)C(=O)O)C(=O)N1CCCC1C(=O)O,,0.1556745171546936
4447,COc1cc2ncnc(Nc3cccc(Br)c3)c2cc1OC,,0.15567979216575623
740,O=C([O-])Cc1c[nH]c2ccccc12,,0.15568996965885162
9408,Nc1ncc2[nH]cnc2n1,,0.15572227537631989
782,Nc1ccccc1C(=O)CC(N)C(=O)O,,0.15573304891586304
1616,CC(=O)OC1=C2CCC3C4CCC(=O)C4(C)CCC3C2(C)CCC1=O,,0.15574438869953156
1866,CC(=O)NC(Cc1c[nH]c2ccccc12)C(N)=O,,0.15576061606407166
6747,COc1ccccc1NCS(=O)(=O)O,,0.1558130532503128
180,Nc1ncnc2c1ncn2C1OC(COP(=O)(O)OP(=O)(O)OCC2OC(O)C(O)C2O)C(O)C1O,,0.15581752359867096
5524,CC(=O)S[C@@H]1CC2=CC(=O)CC[C@]2(C)[C@H]2CC[C@@]3(C)[C@@H](CC[C@@]34CCC(=O)O4)[C@H]12,,0.15585210919380188
826,COc1ccc2[nH]cc(CCNC(C)=O)c2c1,,0.15591025352478027
9549,C[C@]12CC[C@H](O)C[C@@]1(O)CCC1C2CC[C@]2(C)[C@@H](c3ccc(=O)oc3)C[C@H]3O[C@]132,,0.15595383942127228
5904,CCN(CC)Cc1cc(Nc2ccnc3cc(Cl)ccc23)ccc1O.Cl.Cl,,0.15600216388702393
350,O=C(O)c1cc(O)c(O)c(O)c1,,0.15600934624671936
3934,CN1CCCC(CC2c3ccccc3Sc3ccccc32)C1,,0.1560213714838028
1286,CCOC(=O)NC(Cc1ccccc1)C(=O)N1CCCC1C(=O)NNCCCCN,,0.1560218632221222
8066,CCCCCCCCCCCCc1ccc(S(=O)(=O)O)cc1,,0.15602335333824158
8811,CC(=O)O[C@]1(C(C)=O)CC[C@H]2[C@@H]3C=C(Cl)C4=CC(=O)CC[C@]4(C)[C@H]3CC[C@@]21C,,0.1560329794883728
1177,CCCCOc1ccc(S(=O)(=O)N2CC(NS(C)(=O)=O)CC2C(=O)NO)cc1,,0.1560523957014084
1958,N#CC(=Cc1ccc(O)cc1)C(=O)O,,0.1560640186071396
4129,COc1ccc(S(=O)(=O)N2CCCSC(C)(C)C2C(=O)NO)cc1,,0.15607143938541412
3266,Nc1ccn(C2OC(CO)C(O)C2(F)F)c(=O)n1,,0.15609778463840485
2003,Nc1ccc(C(=O)NCC(=O)O)cc1,,0.1561177372932434
2713,CC(C)(O)C=CC(=O)C(C)(O)C1C(O)CC2(C)C3CC=C4C(CC(O)C(=O)C4(C)C)C3(C)C(=O)CC12C,,0.15613320469856262
4935,CNC1C(O)C(OC2C(N)CC(N)C(OC3OC(CN)=CCC3N)C2O)OCC1(C)O,,0.15614193677902222
2179,[H]/N=C(\N)c1ccccc1,,0.15617790818214417
7957,CC(=O)O.CCC(N)Cc1c[nH]c2ccccc12,,0.15619832277297974
9184,N#[N+]c1ccccc1,,0.15622587502002716
9276,Fc1ccc(-c2ccc(F)cc2)cc1,,0.1562386304140091
3824,Cc1cnc(NC(=O)C2=C([O-])c3ccccc3S(=O)(=O)N2C)s1.[Na+],,0.15624795854091644
2264,COC(=O)CN(N=O)c1ccc(N(CC(=O)OC)N=O)cc1,,0.15625369548797607
5558,COC(=O)[C@H]1C(OC(=O)c2ccccc2)C[C@H]2CC[C@H]1N2C,,0.15633918344974518
5684,CCN(CC)CCSC(=O)N(c1ccccc1)c1ccccc1,,0.15638147294521332
7102,O=[N+]([O-])c1ccc([N+](=O)[O-])cc1,,0.15639489889144897
903,NC(CCC(=O)NC(CSSCC(NC(=O)CCC(N)C(=O)O)C(=O)NCC(=O)O)C(=O)NCC(=O)O)C(=O)O,,0.15640778839588165
2280,CC(Cc1ccc(OCC(=O)O)cc1)NCC(O)c1cccc(Cl)c1,,0.15643566846847534
2288,O=C1OC(=CBr)CCC1c1cccc2ccccc12,,0.15646547079086304
8698,c1ccc2nnccc2c1,,0.1564943492412567
1574,O=c1cc(-c2ccc(Br)cc2)oc2ccccc12,,0.15652446448802948
1211,c1ccc(C(c2ccccc2)C2CCCN2)cc1,,0.1565762460231781
3932,Cc1cc2c(cc1S(N)(=O)=O)S(=O)(=O)CCC2,,0.15659278631210327
7874,CC[N+](C)(C)CCC(C(N)=O)(c1ccccc1)c1ccccc1,,0.15659600496292114
8104,CC=C1C[C@@H](C)[C@@](C)(O)C(=O)OCC2=CCN3CC[C@@H](OC1=O)[C@@H]23,,0.15664930641651154
5235,CCOc1cc(OCC)c(C(=O)CCC(=O)O)cc1OCC,,0.1567188948392868
7948,COc1cc(C(=O)O)cc(OC)c1OC,,0.15673716366291046
9530,OC(c1ccccc1)(c1ccccc1)C1CCCCN1,,0.15674373507499695
6571,Nc1ccccc1[N+](=O)[O-],,0.15675754845142365
9665,NNc1nnc(NN)c2ccccc12,,0.15676096081733704
2924,OCCN(CCO)c1nc(N2CCCCC2)c2nc(N(CCO)CCO)nc(N3CCCCC3)c2n1,,0.15677215158939362
1261,O=C1CC(=O)N(C2OC(COP(=O)(O)O)C(O)C2O)C(=O)N1,,0.15677380561828613
3819,OC(c1cc(C(F)(F)F)nc2c(C(F)(F)F)cccc12)C1CCCCN1,,0.15681713819503784
4605,CN1C(CSCC(F)(F)F)Nc2cc(Cl)c(S(N)(=O)=O)cc2S1(=O)=O,,0.15685498714447021
4594,CCCCCCCN1C(C)=CSC1=CC=C(C=Cc1scc(C)[n+]1CCCCCCC)c1scc(C)[n+]1CCCCCCC,,0.15685707330703735
8119,C=CC12CCN(CC1)C(C(O)c1ccnc3ccc(OC)cc13)C2,,0.15687350928783417
1984,CN(CCc1ccc(Cl)c(Cl)c1)CC(O)COc1ccc(NS(C)(=O)=O)cc1,,0.15687672793865204
3476,CN(C(=O)Cc1ccc(Cl)c(Cl)c1)C(CN1CCCC1)c1cccc(OCC(=O)O)c1,,0.15688446164131165
3573,CC(COc1ccccc1)NC(C)C(O)c1ccc(O)cc1,,0.15688996016979218
3084,CC12CCC3c4ccc(OC(=O)CCC(=O)O)cc4CCC3C1CCC2=O,,0.15689729154109955
9269,CC[N+](CC)(CC)CCOC(=O)c1ccc(OC)c(OC)c1OC,,0.15693604946136475
4964,CC(C)NCC(O)c1ccc(NS(C)(=O)=O)cc1,,0.15693865716457367
2147,Cn1cc2c3c1C(=O)C(=O)C(Cl)=C3NCC2,,0.15697240829467773
8165,CCCC(=O)OC1=C(OC(=O)CCC)C(=O)OC1=O,,0.15699917078018188
8232,Cc1ncc(C[n+]2csc(CCO)c2C)c(=O)[nH]1.[Cl-],,0.15702976286411285
6165,O=[N+]([O-])OCC(CO[N+](=O)[O-])(CO[N+](=O)[O-])CO[N+](=O)[O-],,0.15703068673610687
2471,CN(C)CCn1nnnc1SCC1=C(C(=O)O)N2C(=O)C(NC(=O)Cc3csc(N)n3)C2SC1,,0.15703144669532776
6585,CCCCCCCCOC(=O)c1ccc(C(=O)OCCCCCCCC)c(C(=O)OCCCCCCCC)c1,,0.15704047679901123
4040,O=C(O)c1cccc(S(=O)(=O)N(CCO)CCO)c1,,0.15705086290836334
3569,Cc1c(C(C)C)c(=O)n(-c2ccccc2)n1C,,0.157060444355011
6740,COc1ccc2ccccc2c1,,0.1570700854063034
2219,COc1ccc(CCNCC(O)COc2cccc(C)c2)cc1OC,,0.15710441768169403
1172,COc1ccc2c3c1OC1C(O)C=CC4C(C2)NCCC341,,0.15711723268032074
1478,CSc1nc(N)c2ncn(C3OC(COP(=O)(O)OP(=O)(O)O)C(O)C3O)c2n1,,0.15717098116874695
6625,Cc1cccc2ccccc12,,0.15718144178390503
3352,CSCCC1NC(=O)C2CCCN2C(=O)C2CCCN2C(=O)C(CCSC)NC(=O)c2csc(n2)C(Cc2ccccc2)NC(=O)C2CCCN2C1=O,,0.15719351172447205
6598,Cc1ccc(C)c([N+](=O)[O-])c1,,0.1572682410478592
9285,C=CC[N+](C)(C)c1ccc(CCC(=O)CCc2ccc([N+](C)(C)CC=C)cc2)cc1.[Br-].[Br-],,0.15727701783180237
908,O=[N+]([O-])c1ccc(O)cc1,,0.15734025835990906
1070,NC(Cc1c[nH]c2ccccc12)C(=O)O,,0.15734495222568512
1801,Nc1c2c(nc3ccccc13)CCCC2,,0.15735669434070587
5291,CCN(Cc1ccncc1)C(=O)C(CO)c1ccccc1,,0.15736587345600128
548,O=C(O)C1(O)C=Cc2ccccc2O1,,0.15736599266529083
277,NCCOP(=O)(O)OP(=O)(O)OCC1OC(n2ccc(N)nc2=O)C(O)C1O,,0.1573670357465744
4162,CNc1ncnc2c1ncn2C1OC(COP(=O)(O)O)C(O)C1O,,0.15738092362880707
6658,OC(c1ccccc1)c1ccccc1,,0.1573827862739563
7097,CC(=O)c1ccc([N+](=O)[O-])cc1,,0.1573828160762787
5721,N[C@@H](Cc1ccc(O)c(O)c1)C(=O)O,,0.15740738809108734
4085,O=C(O)CCNC(=O)C1CCCN1S(=O)(=O)c1ccc(C(=O)NC(CCC(=O)O)C(=O)O)cc1,,0.1574089229106903
833,CC(=O)NCCc1c[nH]c2ccc(O)cc12,,0.15741688013076782
3179,CC(=O)OCC(=O)C1(O)CCC2C3CCC4=CC(=O)CCC4(C)C3(F)C(O)CC21C,,0.15743720531463623
9981,CC(=O)OCC(=O)C1(O)CCC2C3CCC4=CC(=O)CCC4(C)[C@@]3(F)C(O)CC21C,,0.15743720531463623
1533,NC1(Cc2ccccc2)CCN2CCC(C=O)N2C1=O,,0.15745961666107178
8181,Cc1ccccc1S(=O)(=O)Cl,,0.15746468305587769
5903,Nc1ncnc2c1ccn2[C@@H]1O[C@H](CO)[C@@H](O)[C@H]1O,,0.1574769914150238
8530,C=CCN1CC[C@]23CCCC[C@H]2[C@@H]1Cc1ccc(O)cc13,,0.157481849193573
2266,COC(CC=CC=CCCC=CCC(C)C=CC(=CC(=O)O)CC(=O)O)C(C)=CC=C(C)C(=O)O,,0.1574850082397461
9045,NC(Cc1c[nH]c2ccc(F)cc12)C(=O)O,,0.1576009839773178
2515,NCC1CCC(C(=O)Oc2ccc(CCC(=O)O)cc2)CC1,,0.15766862034797668
4181,C=C1CCC2(O)C3Cc4ccc(O)c5c4C2(CCN3CC2CC2)C1O5,,0.15770429372787476
9684,O=c1[nH]c(=O)c2nccnc2[nH]1,,0.15770672261714935
9264,C[C@@H]1CC2C3C[C@H](F)C4=CC(=O)CCC4(C)C3C(O)CC2(C)[C@@]1(O)C(=O)CO,,0.1577092707157135
5103,Cn1nnc2c(C(N)=O)ncn2c1=O,,0.15773659944534302
3031,CCOCCn1c(N2CCCN(C)CC2)nc2ccccc21,,0.15779371559619904
4809,NCCNC(=O)c1ncsc1-c1cccc(F)c1,,0.15780238807201385
529,CSCCC(=O)C(=O)COP(=O)(O)O,,0.15781114995479584
8536,CC[N+](CC)(CCCNC(=O)C(=O)NCCC[N+](CC)(CC)Cc1ccccc1Cl)Cc1ccccc1Cl.[Cl-].[Cl-],,0.15783748030662537
7933,O=C1C(Cl)=C(Cl)C(=O)c2ccccc21,,0.15784582495689392
4904,CCOC(=O)c1csc(N2CCN(C3=Nc4ccccc4SC3)CC2)n1,,0.1578889787197113
9397,CCC(=O)N1C2CCC1CN(CC=Cc1ccccc1)C2,,0.15796849131584167
2743,Nc1ccn(C2OC(COP(=O)(O)OC3(C(=O)O)CC(O)C(O)C(C(O)CO)O3)C(O)C2O)c(=O)n1,,0.15798260271549225
7902,CC[N+](C)(C)c1cccc(O)c1.[Cl-],,0.15801973640918732
185,Nc1ncnc2c1ncn2C1OC(COP(=O)(O)OP(=O)(O)O)C(O)C1O,,0.15803569555282593
5228,CC(=CCNc1ncnc2c1ncn2C1OC(CO)C(O)C1O)CO,,0.15808530151844025
8395,CCCCCCCCC=CCCCCCCCC(=O)[O-].CCCCCCCCC=CCCCCCCCC(=O)[O-].[Ca+2],,0.15808898210525513
8162,CC(=O)OC1=C(OC(C)=O)C(=O)OC1=O,,0.15809880197048187
3482,CC(C(O)c1ccc(O)cc1)N1CCC(Cc2ccccc2)CC1,,0.15810391306877136
5419,Cc1cn(C2CC(N=[N+]=[N-])C(CO)O2)c(=O)[nH]c1=O,,0.15810687839984894
5746,CC[N+](C)(C)C(C)CN1c2ccccc2Sc2ccccc21,,0.15813246369361877
9710,Cc1cccc2ccc(C(C)C)cc12,,0.15818946063518524
9941,CCC(CN(C)C)(C(=O)OCc1ccccc1)c1ccccc1.Cl,,0.15818984806537628
5644,C[N+](C)(C)Cc1ccccc1.[Cl-],,0.15821340680122375
5426,Cc1cc(CC(=O)O)n(C)c1C(=O)c1ccc(Cl)cc1,,0.15821503102779388
2584,CCOC(=O)C(CCc1ccccc1)NC1CCCN2CCCC(C(=O)O)N2C1=O,,0.15827685594558716
9741,C=C(C=O)c1ccccc1,,0.15831780433654785
8782,CCN(CC)CC(C)C(C)OC(=O)c1ccc(OCC(C)C)cc1,,0.15832576155662537
7039,Cc1cc(C)cc([N+](=O)[O-])c1,,0.1583631932735443
271,O=C(O)c1ccccc1NCC(=O)C(O)C(O)COP(=O)(O)O,,0.15840405225753784
2513,O=C(O)COCCN1CCN(C(c2ccccc2)c2ccc(Cl)cc2)CC1,,0.15840484201908112
9625,COc1cc(O)c2c(=O)cc(C)oc2c1,,0.15841473639011383
7055,Cc1cc([N+](=O)[O-])ccc1O,,0.15841911733150482
1745,CNc1ncnc2c1ncn2C1OC(CO)C(O)C1O,,0.158420130610466
6982,O=S(=O)(Cl)c1ccccc1,,0.158446803689003
2993,CCCCOc1ccc(C(=O)CCN2CCCCC2)cc1,,0.1584542691707611
3780,CC(C)OC(=O)C(C(=O)OC(C)C)=C1SC=CS1,,0.15851648151874542
5180,CCOC(=O)c1c(N)sc2c1CCN(Cc1ccccc1)C2,,0.15852536261081696
4646,CCCN(CCC)S(=O)(=O)c1ccc(C(=O)O)cc1,,0.1585538685321808
337,O=C(O)C(=O)c1ccc(O)cc1,,0.15856274962425232
6473,CCCOc1cc(N)ccc1C(=O)OCCN(CC)CC,,0.15858514606952667
2712,CC(=O)OC(C)(C)C=CC(=O)C(C)(O)C1C(O)CC2(C)C3CC=C4C(CC(O)C(=O)C4(C)C)C3(C)C(=O)CC12C,,0.15859684348106384
9571,O=[N+]([O-])c1ccc(S(=O)(=O)Nc2nccs2)cc1,,0.1586107760667801
3464,CC(C)C(=O)c1c(C(C)C)nn2ccccc12,,0.15861378610134125
2879,CC1OC(OC2C(O)CC(OC3C(O)CC(OC4CCC5(C)C(CCC6C5CCC5(C)C(C7=CC(=O)OC7)CCC65O)C4)OC3C)OC2C)CC(O)C1O,,0.15862393379211426
1542,Nc1nccc2c1ncn2C1OC(CO)C(O)C1O,,0.15868160128593445
6729,c1ccc2c(c1)Nc1ccccc1S2,,0.158694788813591
2303,CCCC(=O)Nc1ncnc2c1ncn2C1OC2COP(=O)(O)OC2C1OC(=O)CCC,,0.1586957722902298
4967,NCCCCC(N)C(=O)NCC(=O)NC(Cc1cnc[nH]1)C(=O)NC(CCCCN)C(=O)O,,0.15869881212711334
3181,OCCN1CCN(CCCN2c3ccccc3Sc3ccc(C(F)(F)F)cc32)CC1,,0.15871015191078186
9582,C[C@H](CCC(=O)NCC(=O)O)[C@H]1CC[C@H]2[C@@H]3[C@H](O)C[C@@H]4C[C@H](O)CC[C@]4(C)[C@H]3C[C@H](O)[C@]12C,,0.15871331095695496
4343,CC(C)=CC1CC(C)C2(CCC3(C)CC4C(C(=O)CC4(C)O)C(C=O)=CCC32)O1,,0.15871673822402954
4547,CNC(=O)Oc1ccc2c(c1)C1(C)CCN(C)C1N2C,,0.15873993933200836
5249,C#CC(O)C=CCCCCCCCCCCCCC=CCCCCCCCCCCCCCCC(O)C#CC#CC#CCO,,0.1587769091129303
8156,CCC(c1ccccc1)c1noc(CCN(CC)CC)n1,,0.1587892323732376
4496,CC(Oc1ccccc1)C(=O)NC1C(=O)N2C1SC(C)(C)C2C(=O)[O-],,0.15879540145397186
1186,CC(C)CC(NC(=O)C(O)C(N)Cc1ccc([N+](=O)[O-])cc1)C(=O)O,,0.15882287919521332
1496,CN(C)c1ncnc2c1ncn2C1OC(CO)C(N)C1O,,0.15883485972881317
7969,NC[C@@H]1O[C@H](O[C@H]2[C@@H](O)[C@H](O[C@@H]3[C@@H](O)[C@H](N)C[C@H](N)[C@H]3O[C@H]3O[C@H](CN)[C@@H](O)[C@H](O)[C@H]3N)O[C@@H]2CO)[C@H](N)[C@@H](O)[C@@H]1O,,0.15883716940879822
2363,C=C1C(=CC=C2CCCC3(C)C2CCC3C(C)C=CC(O)C2CC2)CC(O)CC1(C)O,,0.15885578095912933
7063,O=[N+]([O-])c1cccc([N+](=O)[O-])c1,,0.15887613594532013
6468,O=NN(c1ccccc1)c1ccccc1,,0.1588790863752365
7976,CCCCOc1cc(N)ccc1C(=O)OCCN(CC)CC,,0.15893816947937012
4471,CC1(C)SC2C(NC(=O)COc3ccccc3)C(=O)N2C1C(=O)[O-],,0.15896815061569214
2460,CON=C(C(=O)NC1C(=O)N2C(C(=O)O)=C(CSc3nnnn3C)CSC12)c1csc(N)n1,,0.15898120403289795
6613,CC(=O)c1ccc(O)cc1O,,0.15899568796157837
135,O=C1COC(OP(=O)(O)OP(=O)(O)OCC2OC(n3ccc(=O)[nH]c3=O)C(O)C2O)C(O)C1O,,0.15901300311088562
5269,C[n+]1cccc(C(=O)[O-])c1,,0.15901616215705872
81,Nc1c(O)cccc1C(=O)O,,0.15903571248054504
4650,CNNCc1ccc(C(=O)NC(C)C)cc1,,0.1590554416179657
5175,Cn1cc(OCC(O)CNC(C)(C)C)c2ccccc2c1=O,,0.15908460319042206
3061,C=C1CCC(O)CC1=CC=C1CCCC2(C)C1CCC2C(C)C=CC(C)C(C)C,,0.15911616384983063
3848,CN1CCCCC1CCN1c2ccccc2Sc2ccc(S(C)=O)cc21,,0.15912936627864838
4392,Nc1ccc(C(=O)O)c(O)c1,,0.1591411978006363
369,O=C(O)C1OC(OP(=O)(O)OP(=O)(O)OCC2OC(n3ccc(=O)[nH]c3=O)C(O)C2O)C(O)C(O)C1O,,0.15917010605335236
4087,CC(C)CC(C(=O)NO)N(Cc1ccccc1)P(C)(=O)c1ccccc1,,0.15919026732444763
5253,C#CC=CC(O)CCCCCCCCCC=CCCCCCCCCCCCC(O)C#CC#CC#CCO,,0.15919966995716095
5703,O=c1ccn([C@@H]2O[C@H](CO)[C@@H](O)[C@H]2O)c(=O)[nH]1,,0.15923897922039032
2747,C=C1C(C)C2C(Cc3ccccc3)NC(=O)C23C(OC(C)=O)C=CC(C)(O)CC(C)CC=CC3C1O,,0.15927185118198395
3742,CC(=O)c1ccc(C)cc1NC(C(N)=O)c1c(Cl)cccc1Cl,,0.15928955376148224
3874,CSc1ccc2c(c1)C(N1CCN(C)CC1)Cc1ccccc1S2,,0.15930159389972687
635,Cc1cn(C2CC(O)C(COP(=O)(O)OP(=O)(O)OC3OC(C)C(=O)C(O)C3O)O2)c(=O)[nH]c1=O,,0.15936356782913208
2057,CCCCCC1C(=O)OC(C)C(NC(=O)c2cccc(NC=O)c2O)C(=O)OC(C)C1OC(=O)CC(C)C,,0.15938729047775269
6179,C=CC(C)(CCC=C(C)C)OC(=O)C=Cc1ccccc1,,0.15939225256443024
4193,CC12CCC3C4CCC(=O)C=C4CCC3C1CCC2OC(=O)CCc1ccco1,,0.1594456136226654
1593,O=P(O)(O)C=CCCSc1ccccc1O,,0.15944725275039673
1493,CC(=O)OC1CCC2(C)C3CC(=O)C(=C(C)C=CC=C(C)C(O)CC=C(C)C)C3(C)CCC2C1(C)CO,,0.15946967899799347
4743,Cc1cccc(C)c1NC(=O)C[N+](C)(C)C,,0.1594768613576889
4803,CCN(C)C(=O)Oc1cccc(C(C)N(C)C)c1,,0.15952466428279877
4566,NC(=O)C1(N2CCCCC2)CCN(CCCC(=O)c2ccc(F)cc2)CC1,,0.1595449149608612
7303,CCOCCOC(=O)C=Cc1ccc(OC)cc1,,0.15954521298408508
9880,CCCC(O)C=CC=CC=CC#CC#CCCCO,,0.15955671668052673
978,Cc1ncc(COP(=O)(O)O)c(C=O)c1O,,0.15955761075019836
3306,CCC(C)(C)C(=O)C(=O)N1CCCC1C(=O)OCCCc1cccnc1,,0.1595580279827118
4536,Nc1ncnc2c1ncn2C1OC(COP(=O)(O)CP(=O)(O)O)C(O)C1O,,0.15959739685058594
6370,c1cc2c3c(cccc3c1)CC2,,0.1596309393644333
5202,Cc1ccc(S(=O)(=O)NC(=O)NN2CCCCCC2)cc1,,0.15966294705867767
4314,CC(CCc1ccccc1)NC(C)C(O)c1ccc(O)cc1,,0.1596674919128418
200,Cc1cc2ncn(C3OC(COP(=O)(O)O)C(O)C3O)c2cc1C,,0.1596679985523224
8700,c1ccc2ncncc2c1,,0.15967272222042084
3132,C=C1C(=CC=C2CCCC3(C)C2CCC3C(C)CCCC(O)(C(F)(F)F)C(F)(F)F)CC(O)CC1O,,0.15974001586437225
2851,O=C([O-])Cc1ccccc1Nc1c(Cl)cccc1Cl,,0.15976357460021973
5523,C#C[C@]1(OC(C)=O)CC[C@H]2[C@@H]3CCC4=CC(=O)CC[C@@H]4[C@H]3CC[C@@]21C,,0.15978308022022247
1790,Oc1cccc2cccnc12,,0.15979120135307312
2262,COc1ccccc1N1CCN(CCN2C(=O)CC3(CCCC3)CC2=O)CC1,,0.1597990095615387
5319,COc1ccc2c(c1)CCC1C2CCC2(C)C(NCCCCCCN3C(=O)CCC3=O)CCC12,,0.15980379283428192
4589,CC1CCCC(C)N1CCCC(O)(c1ccccc1)c1ccccn1,,0.15980976819992065
3436,CC12CCC(=O)C=C1CCC1C2C(O)CC2(C)C1CCC2(O)C(=O)COC(=O)CCC(=O)O,,0.15984384715557098
4649,CCN(CC)CCOC(=O)c1ccc(N)cc1,,0.1598517745733261
3256,CC[N+](CC)(CC)CCOc1cccc(OCC[N+](CC)(CC)CC)c1OCC[N+](CC)(CC)CC,,0.1598563939332962
8931,Cl.[H]/N=C(\N)N(Cc1ccccc1)c1ccccc1,,0.1598898321390152
6628,Oc1cccc2ccccc12,,0.15990234911441803
3311,CCCN(CCc1ccccc1)C(=O)C1OC(C(=O)O)CC(N)C1NC(C)=O,,0.1599157452583313
2027,CC1(C)SC2C(NC(=O)C(N)c3ccccc3)C(=O)N2C1C(=O)[O-],,0.15991920232772827
8900,O=c1[nH]c(=O)n([C@@H]2O[C@H](CO)[C@@H](O)[C@H]2O)cc1F,,0.15992876887321472
8845,CC(C)NNC(=O)c1ccncc1.O=P(O)(O)O,,0.1599562019109726
519,O=C(O)CC(C=CC(=O)C(=O)O)C(=O)O,,0.1599646359682083
9183,F[P-](F)(F)(F)(F)F.N#[N+]c1ccccc1,,0.15996944904327393
4781,CC(C)=CC1C(C(=O)OCc2coc(Cc3ccccc3)c2)C1(C)C,,0.1599758267402649
4094,CC(=O)NC(CO)C(O)c1ccc([N+](=O)[O-])cc1,,0.16000686585903168
9511,C[C@]12CC[C@@H](O)C[C@H]1CCC1C2CC[C@]2(C)[C@@H](c3ccc(=O)oc3)CC[C@]12O,,0.16000710427761078
9512,C[C@]12CC[C@H](O)C[C@H]1CCC1C2CC[C@]2(C)[C@@H](c3ccc(=O)oc3)CC[C@]12O,,0.16000710427761078
9506,COC1C(O)[C@H](O[C@H]2CC[C@]3(C)C4CC[C@]5(C)C(C6=CC(=O)OC6)[C@@H](OC(C)=O)C[C@]5(O)C4CC[C@@H]3C2)OC(C)[C@@H]1O,,0.16002589464187622
2066,COc1cc(C(C)=O)ccc1O,,0.16004064679145813
7985,Cc1cc(Cc2cc(C)cc(C(C)(C)C)c2O)c(O)c(C(C)(C)C)c1,,0.16007044911384583
5277,C[N+](C)(C)c1cccc(N)c1,,0.16017118096351624
7030,CC(=O)c1cccc(N)c1,,0.16018816828727722
1622,C[N+]1(C)CCC(OC(=O)C(c2ccccc2)c2ccccc2)CC1,,0.16019129753112793
3559,O=C(NNC1OC(C(=O)O)C(O)C(O)C1O)c1ccncc1,,0.1602085679769516
2408,CC1(C)N(O)C(c2ccc(C(=O)O)cc2)=[N+]([O-])C1(C)C,,0.16021619737148285
3416,C[n+]1ccccc1C(=O)O,,0.16022932529449463
9364,CC12CCC(=O)C=C1CCC1C2C(O)CC2(C)C1CCC2(O)C(=O)CF,,0.16025331616401672
994,CC(OP(=O)(O)OCC(O)C(O)C(O)CN1c2[nH]c(=O)[nH]c(=O)c2CC2CCC(O)CC21)C(=O)NC(CCC(=O)NC(CCC(=O)O)C(=O)O)C(=O)O,,0.16026701033115387
9139,C=CCC(O)(CC[N+](C)(C)C)c1ccc(F)cc1,,0.16029900312423706
3449,CCCCNC(=O)NS(=O)(=O)c1ccc(CO)cc1,,0.1603124737739563
2994,CC(=O)C1CCC2C3C=CC4=CC(=O)CCC4(C)C3CCC12C,,0.16031886637210846
996,CC(C)=CCCC(C)=CCCC(C)=CCCC(C)=CCCC(C)=CCCC(C)=CCCC(C)=CCCC(C)=CCC1=C(C)C(O)c2ccccc2C1O,,0.1603318601846695
8155,CCC(c1ccccc1)c1noc(CCN(CC)CC)n1.O=C(O)CC(O)(CC(=O)O)C(=O)O,,0.16034889221191406
9708,Nc1nc(N)c(-c2ccccc2)s1,,0.16034938395023346
2690,CC(=O)OCC(=O)C1(O)CCC2C3CCC4=CC(=O)CCC4(C)C3C(=O)CC21C,,0.16035471856594086
9050,O=C(c1ccc(F)cc1)c1ccc(F)cc1,,0.16035893559455872
9929,CC(=O)N1c2ccccc2[C@@]23CCN4CC5=CCOC(O)C(C5CC42)C13,,0.16046997904777527
6390,Cc1cc(N)c2ccccc2c1O,,0.16047504544258118
5145,CCSc1ccc2c(c1)N(CCCN1CCN(C)CC1)c1ccccc1S2,,0.16047640144824982
6488,COc1cc(C=O)cc(OC)c1OC,,0.16051146388053894
8074,CC(=O)c1cccc([N+](=O)[O-])c1,,0.16056153178215027
7090,CN(C)c1ccc(C=O)cc1,,0.16060039401054382
1281,O=C(c1ccc2c(c1)OCO2)N1CCCCC1,,0.16064898669719696
6644,COc1cc(N)c2ncccc2c1,,0.1607045978307724
741,O=C(O)Cc1c[nH]c2ccccc12,,0.1607152670621872
3083,CC(=O)Oc1ccc2c(c1)CCC1C2CCC2(C)C(=O)CCC12,,0.1607610136270523
5789,CC=C(C)C(=O)O[C@H]1CC[C@@]2(C)[C@@H]3CC[C@H]4[C@]5(O)C[C@H](O)[C@@]6(O)[C@@H](CN7C[C@@H](C)CC[C@H]7[C@@]6(C)O)[C@]5(O)C[C@@]42O[C@]13O,,0.16085384786128998
9121,C[N+](C)(C)CCC(O)(c1ccccc1)c1cccs1,,0.16094085574150085
7059,O=C(O)c1ccc([N+](=O)[O-])cc1Cl,,0.16094627976417542
2387,NCCCC(N)CC(=O)NCC1NC(=O)C(CO)NC(=O)C(N)CNC(=O)C(C2CCN=C(N)N2)NC(=O)C(=CNC(N)=O)NC1=O,,0.16094809770584106
6687,CN(C)CCN(Cc1ccsc1)c1ccccn1,,0.16095784306526184
891,CCCCCCCCCCCC(O)CC(=O)NC1C(OP(=O)(O)OP(=O)(O)OCC2OC(n3ccc(=O)[nH]c3=O)C(O)C2O)OC(CO)C(O)C1OC(=O)CC(O)CCCCCCCCCCC,,0.1610303670167923
1713,COc1ccc2[nH]cc(CCN(C)C)c2c1,,0.16103368997573853
9290,O=[N+]([O-])c1ccc(O)c(F)c1,,0.16103820502758026
3809,Cc1ccc(Cl)c(Nc2ccccc2C(=O)[O-])c1Cl,,0.1610392928123474
2818,CCCCCCCCC(=O)NCc1ccc(O)c(OC)c1,,0.16104212403297424
1494,CC(=O)OC(CC=C(C)C)C(C)=CC=CC(C)=C1C(=O)CC2C1(C)CCC1C(C)(CO)C(OC(C)=O)CCC21C,,0.16104714572429657
2799,CCCCCc1cc(O)c2c(c1)OC(C)(C)C1CCC(C)=CC21,,0.16111645102500916
2173,CC(COc1ccccc1Cc1ccccc1)N1CCCCC1,,0.16114315390586853
2791,C=C1OC(CO)(n2cnc3c(N)ncnc32)C(O)C1O,,0.16115806996822357
5694,COc1cc2c(cc1OC)C1CC(=O)C(CC(C)C)CN1CC2,,0.16117799282073975
1477,CSc1nc(N)c2ncn(C3OC(COP(=O)([O-])OP(=O)([O-])[O-])C(O)C3O)c2n1,,0.1612222045660019
8877,O=[N+]([O-])O.[H]/N=C(\N)N(C(C)C)C(C)C,,0.16122226417064667
6113,O=C(O)C(O)(c1ccccc1)c1ccccc1,,0.16123005747795105
6572,O=[N+]([O-])c1ccccc1O,,0.16123034060001373
884,O=C(O)CCC(=O)c1ccccc1C(=O)O,,0.16133172810077667
8558,CN(C)CCN(Cc1ccccc1)c1ccccn1.Cl,,0.16133901476860046
15,O=C(O)C1=NC(C(=O)O)CC=C1,,0.16135141253471375
6647,CN(C)Cc1cc(CN(C)C)c(O)c(CN(C)C)c1,,0.16135162115097046
3042,CC1(C(=O)O)CCC2(C)CCC3(C)C(=CC(=O)C4C5(C)CCC(O)C(C)(C)C5CCC43C)C2C1,,0.16135722398757935
1867,CCOC(=O)C(Cc1ccc(O)cc1)NC(C)=O,,0.16139967739582062
8208,COc1cc(C=O)cc(OC)c1O,,0.16140754520893097
68,O=C(O)c1ccc(O)c(O)c1,,0.16144004464149475
2123,NS(=O)(=O)c1cc(-c2nn[nH]n2)c(NCc2cccs2)cc1Cl,,0.16145755350589752
1158,CCCN(CCc1ccccc1)C1CCc2c(O)cccc2C1,,0.16157492995262146
6497,CC1(C)S[C@@H]2[C@H](NC(=O)COc3ccccc3)C(=O)N2[C@H]1C(=O)O,,0.1616075187921524
1244,CCCn1c(=O)c2[nH]c(C3CCCC3)nc2n(CCC)c1=O,,0.16160878539085388
1091,CCCCCCCCCCCC(O)CC(=O)OC1C(O)C(CO)OC(OP(=O)(O)OP(=O)(O)OCC2OC(n3ccc(=O)[nH]c3=O)C(O)C2O)C1NC(C)=O,,0.16163669526576996
5586,O=c1cnn([C@@H]2O[C@H](CO)[C@@H](O)[C@H]2O)c(=O)[nH]1,,0.16165129840373993
1090,CC(=O)NC1C(OP(=O)(O)OP(=O)(O)OCC2OC(n3ccc(=O)[nH]c3=O)C(O)C2O)OC(CO)C(O)C1OC(C)C(=O)O,,0.16173450648784637
1953,C=C(C)CNc1ccc(C(C)C(=O)O)cc1,,0.16175155341625214
8967,O=[N+]([O-])O.[H]/N=C(\N)N(CCCC)CCCC,,0.16176381707191467
1352,CC1=CC2OC(=O)C(N(C)C)C2CCC(C)=CCCC(C(=O)O)=CCC1,,0.1617719680070877
2541,CC1(C)NC(=O)C(CCCCCC(=O)C2CO2)NC(=O)C2CCCN2C(=O)C(Cc2ccccc2)NC1=O,,0.1617758721113205
5169,CC(C(=O)O)c1ccc(C(=O)c2ccccc2)s1,,0.16180163621902466
3278,Cc1ccc(S(=O)(=O)NC(=O)NN2CC3CCCC3C2)cc1,,0.16180205345153809
6318,CC(CCC(=O)O)[C@H]1CC[C@H]2[C@@H]3[C@H](O)C[C@@H]4C[C@H](O)CC[C@]4(C)[C@H]3C[C@H](O)[C@]12C,,0.1618051826953888
547,CN1C(=O)CCC1c1ccc[n+](C)c1,,0.16183756291866302
9427,Fc1cccc(CCl)c1,,0.1618701070547104
9479,N#CC#CC#CC=CC(=O)O,,0.16187235713005066
276,Nc1ccn(C2OC(COP(=O)(O)OP(=O)(O)OC3OC(CO)C(O)C(O)C3O)C(O)C2O)c(=O)n1,,0.16187557578086853
8922,Fc1cccc2ccccc12,,0.16193191707134247
3548,Cn1cc2c3c1C(=O)C(N)=C(Cl)C3=NCC2,,0.1619383543729782
4032,COc1c(C)c2c(c(O)c1CC=C(C)CCC(=O)OCCN1CCOCC1)C(=O)OC2,,0.16194161772727966
1474,CNC(C)C(=O)c1ccccc1,,0.1619434356689453
1107,O=c1[nH]c(=O)c2ncn(C3OC(CO)C(O)C3O)c2[nH]1,,0.16195614635944366
816,CC(=O)C=O,,0.161956787109375
5889,C#C[C@]1(O)CC[C@H]2[C@@H]3CCC4=CC(=O)CC[C@@H]4[C@H]3CC[C@@]21C,,0.16197940707206726
4868,CCC(C(=O)[O-])C1CCC(C)C(C(C)C(O)C(C)C(=O)C(CC)C2OC3(C=CC(O)C4(CCC(C)(C5CCC(O)(CC)C(C)O5)O4)O3)C(C)CC2C)O1,,0.16198833286762238
8956,O=[N+]([O-])O.[H]/N=C(\N)N(CC(C)C)CC(C)C,,0.16201525926589966
1140,CC(N)(C(=O)O)c1ccc(C(=O)O)cc1,,0.16203491389751434
8794,COc1cc(C[C@H](N)C(=O)O)ccc1O,,0.16206294298171997
2717,O=C(c1ccc2c(c1)OCCO2)N1CCCCC1,,0.16207434237003326
4977,CC(=O)SC1CC2=CC(=O)CCC2(C)C2CCC3(C)C(CCC34CCC(=O)O4)C12,,0.1620844155550003
798,CCCCCCCCCCCC(O)CC(=O)NC1C(OP(=O)(O)O)OC(COC2OC(CO)C(OP(=O)(O)O)C(OC(=O)CC(O)CCCCCCCCCCC)C2NC(=O)CC(O)CCCCCCCCCCC)C(O)C1OC(=O)CC(O)CCCCCCCCCCC,,0.1621066778898239
3666,N#CC(=C1SCC(c2ccccc2Cl)S1)n1ccnc1,,0.1621432900428772
2452,Cn1nnnc1SCC1=C(C(=O)O)N2C(=O)C(NC(=O)C(OC=O)c3ccccc3)C2SC1,,0.1621566116809845
2750,CC(=O)OC1C=CC(C)(O)CC(C)CC=CC2C(O)C(C)(C)C(C)C3C(Cc4ccccc4)NC(=O)C123,,0.1621692031621933
2543,O=C(O)CCCc1ccc(N(CCCl)CCCl)cc1,,0.16217318177223206
3291,CC(C)(C)c1nnc(NS(=O)(=O)c2ccccc2)s1,,0.16217784583568573
3566,CC(C)[N+](C)(CCC(C(N)=O)(c1ccccc1)c1ccccc1)C(C)C,,0.16219767928123474
2842,c1ccc2c(c1)sc1ccccc12,,0.16221721470355988
6510,O=[N+]([O-])O[C@H]1CO[C@H]2[C@@H]1OC[C@H]2O[N+](=O)[O-],,0.16225512325763702
3142,CCOC(=O)C1=C(C)NC(C)=C(C(=O)OC)C1c1cccc(Cl)c1Cl,,0.16229020059108734
9712,CC(=O)c1cc(O)ccc1O,,0.1623072773218155
4166,O=C1C=CC(=O)c2c(O)c(Cl)c(Cl)c(O)c21,,0.1623438596725464
1788,CCCCN1C(=O)C(C)C(=O)c2[nH]c(COC)nc21,,0.16237610578536987
8049,COc1cc(C(=O)O)ccc1O,,0.1623864322900772
8118,C=CC12CCN(CC1)C(C(O)c1ccnc3ccc(OC)cc13)C2.Cl,,0.16239577531814575
1284,Nc1ccnc2c1ncn2C1OC(CO)C(O)C1O,,0.16243301331996918
4686,CCCCCC(O)C=CC1C=CC(=O)C1CCCCCCC(=O)O,,0.16243506968021393
8958,Cl.[H]/N=C(\N)N(Cc1ccccc1)Cc1ccccc1,,0.1624373495578766
2132,CCOC(=O)OC(C)OC(=O)C1N2C(=O)C(NC(=O)C(N)c3ccccc3)C2SC1(C)C,,0.16249752044677734
1592,O=S(CCCCP(=O)(O)O)c1ccccc1O,,0.16251018643379211
5141,CS(=O)(=O)c1ccc(C(O)C(COC(=O)CN)NC(=O)C(Cl)Cl)cc1,,0.1625238060951233
2710,CC=CC(=O)N(CC)c1ccccc1C,,0.16254504024982452
6934,O=C(O)c1ccc(Cl)c([N+](=O)[O-])c1,,0.16259340941905975
9759,O=C(O)c1cc2ccccc2o1,,0.16260510683059692
2731,NS(=O)(=O)c1cc2c(cc1Cl)NC(CC1CCCC1)NS2(=O)=O,,0.16262522339820862
8965,O=[N+]([O-])O.[H]/N=C(\N)N(CCC)CCC,,0.16262683272361755
518,O=C(O)CC(C=CC(=O)C(=O)O)=CO,,0.16263291239738464
6375,Cc1cccc([N+](=O)[O-])c1C,,0.16264410316944122
4497,CC(Oc1ccccc1)C(=O)NC1C(=O)N2C1SC(C)(C)C2C(=O)O,,0.16266591846942902
3225,CCC(=O)OC(OP(=O)(CCCCc1ccccc1)CC(=O)N1CC(C2CCCCC2)CC1C(=O)[O-])C(C)C,,0.162703275680542
9039,CSc1ncnc2c1ncn2[C@@H]1O[C@H](CO)[C@@H](O)[C@H]1O,,0.16271668672561646
3821,CC(=O)OC1(C(C)=O)CCC2C3C=C(C)C4=CC(=O)CCC4(C)C3CCC21C,,0.1627260148525238
9189,O=C(NN=C1CCCCC1)C(=O)NN=C1CCCCC1,,0.16273051500320435
8075,O=C(Cl)c1cccc([N+](=O)[O-])c1,,0.16274097561836243
9735,CN(C)CCN(Cc1cccs1)c1ccccc1,,0.16277199983596802
2654,CCOC(=O)C1C(OC(=O)c2ccccc2)CC2CCC1N2C,,0.16277562081813812
3177,Nc1nc(F)nc2c1ncn2C1OC(COP(=O)(O)O)C(O)C1O,,0.1627831906080246
4151,Cc1ccc2c(c1)ncn2C1OC(COP(=O)(O)O)C(O)C1O,,0.16281086206436157
8889,CCCCCCC(=O)O[C@H]1CC[C@H]2[C@@H]3CCC4=CC(=O)CC[C@]4(C)[C@H]3CC[C@]12C,,0.1628360003232956
5204,CCCCNC(=O)NS(=O)(=O)c1ccc(C)cc1,,0.16283991932868958
4472,CC1(C)SC2C(NC(=O)COc3ccccc3)C(=O)N2C1C(=O)O,,0.1628425419330597
4639,OC(CCN1CCCCC1)(c1ccccc1)c1ccccc1,,0.162857785820961
2636,CC1CCCC(C)N1NC(=O)c1ccc(Cl)c(S(N)(=O)=O)c1,,0.16288398206233978
3477,CCCCN(C)C(=O)CCCCCCCCCCC1Cc2cc(O)ccc2C2CCC3(C)C(O)CCC3C12,,0.16289614140987396
2925,[O-][n+]1ccccc1SSc1cccc[n+]1[O-],,0.1629127562046051
3176,Nc1nc(F)nc2c1ncn2C1OC(CO)C(O)C1O,,0.16295213997364044
2643,CCc1cc2c(s1)N(C)C(=O)CN=C2c1ccccc1Cl,,0.16296221315860748
9152,CC12CCC3c4cc(O)c(O)cc4CCC3C1CCC2=O,,0.1629820615053177
3445,CCN(CCO)CCCC(C)Nc1ccnc2cc(Cl)ccc12,,0.16299837827682495
6451,CCCCOC(=O)COC(=O)c1ccccc1C(=O)OCCCC,,0.1630268692970276
1658,O=C1NC(=O)C(c2ccccc2)(c2ccccc2)N1,,0.16302981972694397
9984,COC1C(O)[C@H](O[C@H]2CC[C@]3(C)C4CC[C@]5(C)[C@@H](C6=CC(=O)OC6)CC[C@]5(O)C4CC[C@]3(O)C2)OC(C)[C@@H]1O,,0.16303378343582153
1786,Cn1c(=O)c2[nH]c(C3CCCC3)nc2n(C)c1=O,,0.1630433350801468
7204,N/C(=N\c1ccccc1)Nc1ccccc1,,0.16304424405097961
4051,Cc1ccc(S(=O)(=O)N(CCO)CC(C)O)cc1,,0.16307775676250458
4120,CCNC(=O)C=C(C)C=CC=C(C)C=CC1=C(C)CCCC1(C)C,,0.16310755908489227
5417,O=C(O)Cn1c(=O)n(Cc2ccc(Br)cc2F)c(=O)c2ccc(Cl)cc21,,0.16312561929225922
1188,CCC(C=O)C(CNS(=O)(=O)c1ccc(C)cc1)C(=O)O,,0.16312813758850098
1468,[Na+].[O-][n+]1ccccc1[S-],,0.16314202547073364
5014,O=C1CC2OCC=C3CN4CCC56c7ccccc7N1C5C2C3CC46,,0.16317960619926453
5380,CC(C)C1NC(=O)C(Cc2ccccc2)NC(=O)C(CCCCCC(=O)C2CO2)NC(=O)C2CCCN2C1=O,,0.16318173706531525
584,Nc1ncnc2c1ncn2C1CC(O)C(COP(=O)(O)OP(=O)(O)O)O1,,0.16318373382091522
5174,C[N+]1(CCC(O)(c2ccccc2)c2cccs2)CCOCC1,,0.1632295846939087
6246,CC(C)C1=CC[C@H]2C(=C1)CCC1[C@](C)(C(=O)O)CCC[C@@]12C,,0.16323396563529968
3967,[H]/N=c1\nc(N2CCCCC2)cc(N)n1O,,0.1632729321718216
3407,CC(C)c1cccc(O)c(=O)c1,,0.16330143809318542
3346,c1cc(SC2CCCNCC2)c2ccncc2c1,,0.16330640017986298
2187,CN1C2CCC1C(C(=O)O)C(OC(=O)c1ccccc1)C2,,0.16331222653388977
2569,C=C1CCC(O)CC1=CC=C1CCCC2(C)C1CCC2C(C)CCCC(C)C,,0.1633145809173584
6316,C[C@H](CCC(=O)O)[C@H]1CC[C@H]2[C@@H]3C(=O)C[C@@H]4CC(=O)CC[C@]4(C)[C@H]3CC(=O)[C@]12C,,0.16331465542316437
2119,CCC1OC(=O)C(C)C(OC2CC(C)(OC)C(O)C(C)O2)C(C)C(OC2OC(C)CC(N(C)C)C2O)C(C)(O)CC(C)CN(C)C(C)C(O)C1(C)O,,0.16334612667560577
9923,CC(C)(C)CC(=O)OCC(=O)C1(O)CCC2C3CCC4=CC(=O)CCC4(C)C3C(O)CC21C,,0.1633954793214798
1464,NCC(O)(CS(=O)(=O)O)c1ccc(Cl)cc1,,0.16340017318725586
7281,O=C=Nc1ccccc1,,0.16343258321285248
2873,OC(CCCN1CCCCC1)(c1ccccc1)c1ccccc1,,0.1634557843208313
353,O=C(O)CC(=CC(=O)C(=O)O)C(=O)O,,0.1634804606437683
7913,Nc1c(Br)cc(O)c2c1C(=O)c1ccccc1C2=O,,0.16348600387573242
6719,CCN(Cc1ccccc1)c1ccccc1,,0.1634926199913025
2028,CC1(C)SC2C(NC(=O)C(N)c3ccccc3)C(=O)N2C1C(=O)O,,0.16349944472312927
1484,CC(C)CCNCC(O)C1Cc2ccc(cc2)OCCCC(=O)NC(CC(N)=O)C(=O)N1,,0.16350455582141876
3047,CC(=Cc1ccccc1)C=C1SC(=S)N(CC(=O)O)C1=O,,0.16350948810577393
3358,CC(=O)OCC(=O)C1(OC(C)=O)CCC2C3CC(F)C4=CC(=O)C(Br)=CC4(C)C3(F)C(O)CC21C,,0.163518026471138
3434,CC(=O)OCC(=O)C1(O)CCC2C3CCC4=CC(=O)CCC4(C)C3C(O)CC21C,,0.16353201866149902
3317,Cc1ccc(C(C)C)cc2c(C)ccc1-2,,0.16353335976600647
7992,O=Cc1ccccc1C(=O)O,,0.16356122493743896
7344,O=Nc1ccc(NO)cc1,,0.16359257698059082
2450,Cn1nnnc1SCC1=C(C(=O)[O-])N2C(=O)C(NC(=O)C(O)c3ccccc3)C2SC1,,0.16359703242778778
4681,CC(C)NCC(O)COc1cccc2ccccc12,,0.16360095143318176
3224,O=C(O)c1ccccc1OP(=O)(O)O,,0.16360490024089813
9257,CC1C[C@@]2(C)C(=CC1=O)CC[C@H]1[C@@H]3CC[C@](O)(C(=O)CO)[C@@]3(C)C[C@H](O)[C@@]12F,,0.1636326164007187
2853,C=C(NCc1ccc(Cl)cc1Cl)NC(=O)c1nc(Cl)c(N)nc1N,,0.1636366844177246
3650,NC(Cn1ccc(=O)c(O)c1)C(=O)O,,0.1636381447315216
2510,C=CC1=C(C(=O)O)N2C(=O)C(NC(=O)C(=NOCC(=O)O)c3csc(N)n3)C2SC1,,0.16364023089408875
4637,CC(=O)C1CCC2C3CC=C4CC(OS(=O)(=O)[O-])CCC4(C)C3CCC12C,,0.16365119814872742
8161,N#CCc1cccc2ccccc12,,0.1636548638343811
3536,O=C(O)CCc1c[nH]c2ccccc12,,0.16367098689079285
7888,COP(=S)(OC)Oc1ccc(S(N)(=O)=O)cc1,,0.16367225348949432
1108,O=c1[nH]c(=O)c2ncn(C3OC(COP(=O)(O)O)C(O)C3O)c2[nH]1,,0.16367849707603455
3469,CCN(CC)CC(=O)Nc1c(C)cccc1C,,0.16368578374385834
3253,CCOC(=O)c1ccc(OC(=O)CCCCCN=C(N)N)cc1,,0.16369743645191193
5608,Cl.ClCCN(Cc1ccccc1)Cc1ccccc1,,0.1637808233499527
2397,CC1(C)SC2C(NC(=O)C(C(=O)[O-])c3ccccc3)C(=O)N2C1C(=O)[O-],,0.1637873649597168
4387,CN1CCCN=C1COC(=O)C(O)(c1ccccc1)C1CCCCC1,,0.16379854083061218
1779,NCCCCCCNc1nc2c(N)ncnc2n1C1OC2COP(=O)(O)OC2C1O,,0.16379931569099426
2281,CN1CCC(c2c[nH]c3ccc(O)cc23)CC1,,0.16380789875984192
4023,CCCCCCCCN1C(=O)C(C(C)=O)=C(C)C1(C)O,,0.16385264694690704
7095,COc1ccc([N+](=O)[O-])cc1,,0.1638597846031189
7265,c1ccc(CNCc2ccccc2)cc1,,0.16386549174785614
3240,O=C1OC(CN2CCOCC2)CN1N=Cc1ccc([N+](=O)[O-])o1,,0.16389162838459015
7142,O=S(=O)(O)Cc1ccccc1,,0.16390421986579895
6275,Cc1ccc(S(=O)(=O)NC2CCCCC2)cc1,,0.16391639411449432
9709,COc1cc(OC)c(C(=O)O)cc1OC,,0.16392169892787933
5683,CCN(CC)CCSC(=O)N(c1ccccc1)c1ccccc1.Cl,,0.16393119096755981
1543,Nc1ccn(C2OC(CO)C(O)C2O)c(=O)c1,,0.16395601630210876
1701,O=P(O)(O)OCCCc1c[nH]c2ccc(F)cc12,,0.1639619618654251
1948,C=C1C(=CC=C2CCCC3(C)C2CCC3C(C)CCCC(C)C)CC(O)CC1O,,0.16397365927696228
204,Cc1ncc(COP(=O)(O)O)c(N)n1,,0.16399095952510834
6467,N#CC(c1ccccc1)c1ccccc1,,0.16402709484100342
3486,CCOC(=O)C(CCc1ccccc1)NC(C)C(=O)N1C(=O)N(C)CC1C(=O)O,,0.16403523087501526
8697,c1ccc2cnncc2c1,,0.16404519975185394
5514,NC(N)=NC(=O)Nc1ccc([N+](=O)[O-])cc1,,0.16404545307159424
4689,CCCCCC(O)C=CC1=C(CC=CCCCC(=O)O)C(=O)CC1,,0.16409094631671906
1473,Cc1[nH]c2ccc(O)cc2c1CCN,,0.16409137845039368
3867,CN(C)CCN(Cc1cccs1)c1ccccn1,,0.1641005426645279
1957,N#CC(=Cc1cccc(O)c1)C(=O)O,,0.16411839425563812
3171,CCC(=O)c1c(O)cc(O)cc1O,,0.16414472460746765
9911,CC1(C)CC[C@]2(C(=O)O)CC[C@]3(C)C(=CC[C@@H]4[C@@]5(C)CC[C@H](O)C(C)(C)[C@@H]5CC[C@]43C)[C@@H]2C1,,0.1641511470079422
2830,CCCCCCCCCCNc1cc(CO)c2cc[nH]c2c1,,0.16415168344974518
8177,O=C(O)CCCc1c[nH]c2ccccc12,,0.16416409611701965
160,CC(C)CCCC(C)C1CCC2C3=CC=C4CC(O)CCC4(C)C3CCC21C,,0.164260596036911
9924,CC12CCC(=O)C=C1CCC1C2C(O)CC2(C)C1CC[C@]2(O)C(=O)COC(=O)CCC1CCCC1,,0.16429370641708374
6669,COc1ccccc1[N+](=O)[O-],,0.16430462896823883
42,O=C(O)C(=O)CC(O)C(O)COP(=O)(O)O,,0.16433051228523254
1393,O=C(O)c1ccc(O)cc1O,,0.16433721780776978
3276,CCCCCC(O)CC(=O)CCc1ccc(O)c(OC)c1,,0.16434386372566223
1490,C=C1CCC(O)CC1=CC=C1CCCC2(C)C1CCC2C(C)CCCC(C)(C)O,,0.16435518860816956
2788,COC(CCC(C)C1OC23CC(OC(=O)CC(C(C)O)OC(=O)CC(O)(O2)C(C)CC3(C)C)C1C)c1cccc(O)c1,,0.16436727344989777
1714,COc1ccc2[nH]cc(CCN)c2c1,,0.16437625885009766
100,O=C(O)C(=O)COP(=O)(O)O,,0.16438548266887665
374,NC(=O)Cc1c[nH]c2ccccc12,,0.1644033044576645
2863,O=C(NO)c1ccc(O)c(O)c1,,0.16441671550273895
1531,NC(Cc1ccccc1)C(=O)CCl,,0.16444432735443115
8200,CCN(CC)CC(C)(C)COC(=O)C(CO)c1ccccc1.O=P(O)(O)O,,0.1644515097141266
3845,Nc1ccc(O)c(C(=O)O)c1,,0.1644851714372635
478,Nc1c(NC2OC(COP(=O)(O)O)C(O)C2O)[nH]c(=O)[nH]c1=O,,0.16453179717063904
2655,COC(=O)C1C(OC(=O)c2ccccc2)CC2CCC1N2C,,0.1645476222038269
1715,Cc1cn(C2CC(O)C(COP(=O)(O)O)O2)c(=O)nc1N,,0.16456152498722076
179,Nc1ncnc2c1ncn2C1OC(CO)C(O)C1O,,0.16461466252803802
9037,Cc1ccccc1C(OCCN(C)C)c1ccccc1.Cl,,0.1646146923303604
3462,CC(CCC1(C(C)C)CC1C)C1CCC2(C)C3CC(OS(=O)(=O)[O-])C4CC(OS(=O)(=O)[O-])C(OS(=O)(=O)[O-])CC4(C)C3=CCC12C,,0.16461890935897827
8073,Nc1ccc([N+](=O)[O-])cc1Cl,,0.1646268516778946
108,O=C(O)C(=O)C(O)COP(=O)(O)O,,0.16466419398784637
2984,NC(C(=O)O)C(O)c1ccc(O)c(O)c1,,0.16466541588306427
9565,C[C@]12CC[C@H](O)C[C@@]1(O)CCC1C2CC[C@]2(C)[C@@H](c3ccc(=O)oc3)CC[C@]12O,,0.1646837592124939
4486,CCCN1CC(CSC)CC2c3cccc4[nH]cc(c34)CC21,,0.16471654176712036
6420,CCOC(=O)COC(=O)c1ccccc1C(=O)OCC,,0.1647232323884964
4071,Cc1ccc(S(=O)(=O)NC(CCC(N)=O)C(=O)OC(C)C)cc1,,0.16478374600410461
3550,CC(C)Cn1c(=O)n(C)c(=O)c2[nH]cnc21,,0.1647951900959015
6752,OCCOc1ccc2ccccc2c1,,0.16482557356357574
5899,Cn1c(=O)c2c(ncn2C)n(C)c1=O.O=C(O)CC(O)(CC(=O)O)C(=O)O,,0.16483040153980255
5708,CCOc1cc(NC(C)=O)ccc1C(=O)OC,,0.16484618186950684
2049,COc1ccc(C(=O)N2CCCC2=O)cc1,,0.1648598164319992
9791,O=C(O)c1cncc(C(=O)O)c1,,0.16487178206443787
7041,COC(=O)c1cc(O)c(O)c(O)c1,,0.16487710177898407
6673,COc1ccc(C(=O)O)c(OC)c1,,0.1648941934108734
7282,S=C=Nc1ccccc1,,0.16490209102630615
8253,Cc1ccc2n[nH]nc2c1,,0.16490502655506134
4033,COc1c(C)c2c(c(O)c1CC=C(C)CCC(=O)O)C(=O)OC2,,0.1649278849363327
2401,CC(Cc1ccc(O)c(O)c1)(NN)C(=O)O,,0.16493438184261322
588,Nc1ccn(C2CC(O)C(COP(=O)(O)O)O2)c(=O)n1,,0.16496001183986664
5302,Nc1ncnc2c1ccn2C1OC(CO)C(O)C1O,,0.16496962308883667
9982,COC1C(O)[C@H](O[C@@H]2CC[C@]3(C)C4C(O)C[C@]5(C)[C@@H](C6=CC(=O)OC6)CC[C@]5(O)C4CC[C@@H]3C2)OC(C)[C@@H]1O,,0.16501696407794952
6089,C[C@]12CC[C@H](O)C[C@H]1CC[C@@H]1[C@@H]2[C@H](O)C[C@]2(C)[C@@H](C3=CC(=O)OC3)CC[C@]12O,,0.16505151987075806
2364,C=C1C(=CC=C2CCCC3(C)C2CCC3C(C)CCCC(C)(C)O)CC(O)CC1O,,0.16507795453071594
3551,Cc1cc(C(=O)NNCc2ccccc2)no1,,0.16508890688419342
511,O=Cc1ccc([N+](=O)[O-])cc1,,0.16512930393218994
9670,O=c1cccc2n1C[C@@H]1CNC[C@H]2C1,,0.16513164341449738
3962,COc1ccc(OC)c(C(O)CNC(=O)CN)c1,,0.16515988111495972
5961,CCC1NC(=O)c2cc(S(N)(=O)=O)c(Cl)cc2N1,,0.16520120203495026
3082,CCC(=O)Oc1ccc2c(c1)CCC1C2CCC2(C)C1CC(OC(=O)CC)C2OC(=O)CC,,0.16520127654075623
4262,O=[N+]([O-])OCC(CO[N+](=O)[O-])O[N+](=O)[O-],,0.16523046791553497
2029,CC1(C)SC2C(NC(=O)C(N)c3ccccc3)C(=O)N2C1C(=O)OCOC(=O)C1N2C(=O)CC2S(=O)(=O)C1(C)C,,0.1652318388223648
419,O=C(O)C(=O)C(O)C(O)C(O)COP(=O)(O)O,,0.16527912020683289
9288,O=[N+]([O-])c1cccc(F)c1,,0.16529440879821777
5896,CC(=O)[C@@]1(O)CC[C@H]2[C@@H]3CCC4=CC(=O)CC[C@]4(C)[C@H]3CC[C@@]21C,,0.16530285775661469
5926,CCC(=O)c1ccc(N)cc1,,0.16530391573905945
7924,CCC(C(c1ccc(Cl)cc1)c1ccc(Cl)cc1)[N+](=O)[O-],,0.16530494391918182
8955,O=C=Nc1cccc(C(F)(F)F)c1,,0.16530877351760864
5434,COc1cc2c(cc1OC)C(=O)C(CC1CCN(Cc3ccccc3)CC1)C2.Cl,,0.16531415283679962
6742,COc1ccc(C(=O)O)cc1OC,,0.1653517335653305
1893,CCCCCCCCCCN(C)c1cc(CO)cc(NC(C)=O)c1,,0.1653778851032257
7105,CCOc1ccc([N+](=O)[O-])cc1,,0.16539426147937775
9192,O=C(CF)Nc1ccc([N+](=O)[O-])cc1,,0.1654120832681656
5944,CC12CCC(=O)C=C1CCC1C2C(=O)CC2(C)C(C(=O)CO)CCC12,,0.1654287427663803
6549,Cc1ccccc1S(N)(=O)=O,,0.1654452383518219
560,Nc1ccn(C2OC(CO)C(O)C2O)c(=O)n1,,0.16549359261989594
1362,COC1(C)C(C)(O)C(CO)OC1(C)n1cnc2c(N)ncnc21,,0.16550593078136444
906,Nc1ccc(C(=O)O)cc1,,0.16556516289710999
5080,C=C1C(=CC=C2CCCC3(C)C2CCCC3C(C)CCC(O)C(C)C)CC(O)CC1O,,0.1655702292919159
4109,O=CC1CCCN1C(=O)C1CCCN1C(=O)OCc1ccccc1,,0.16558627784252167
5827,C[C@]12CC[C@H]3[C@@H](CCC4=CC(=O)CC[C@@]43C)[C@@H]1CC[C@@H]2C(=O)CO,,0.16558918356895447
6112,CCCCOc1ccc(C(=O)OCCCN(CC)CC)cc1,,0.16559523344039917
9790,O=C(O)c1ccnc(C(=O)O)c1,,0.16559720039367676
4026,CC(C)CCC(O)C(C)(O)C1CCC2(O)C3=CC(=O)C4(O)CC(O)C(O)CC4(C)C3C(O)CC12C,,0.16560646891593933
2814,CC(C)CC(NC(=O)C(Cc1ccccc1)NC(=O)CNC(=O)CN)C(=O)O,,0.16562306880950928
2588,CC(C)NCC(O)c1ccc(N)c(C#N)c1,,0.16562816500663757
2192,O=C(OCc1ccccc1)c1ccccc1,,0.16563855111598969
8490,CN(C)CCN(Cc1ccc(Cl)s1)c1ccccn1,,0.16563953459262848
6287,COS(=O)(=O)c1ccc(C)cc1,,0.16564831137657166
139,CSCC1OC(n2cnc3c(N)ncnc32)C(O)C1O,,0.16569912433624268
7079,CC(=O)c1ccc(N)cc1,,0.16569992899894714
17,O=C(O)c1cccc(O)c1O,,0.16570508480072021
7145,CCCCCCCCCCCCNC(=O)C[N+](C)(C)Cc1ccccc1.[Cl-],,0.1657678633928299
5689,C[C@]12CC[C@H]3[C@@H](CCC4=CC(=O)CC[C@@]43C)[C@@H]1CC[C@@H]2O,,0.16579808294773102
9639,C[C@]12CC[C@H]3[C@@H](CCC4=CC(=O)CC[C@@]43C)[C@@H]1CC[C@H]2O,,0.16579808294773102
5418,CC1=CCC(C)(C)C=CC(=O)C(C)=CCC1,,0.16583991050720215
7153,Nc1ccc(Cc2ccc(N)c(Cl)c2)cc1Cl,,0.16586248576641083
5640,O=C(N[C@H](CO)[C@H](O)c1ccc([N+](=O)[O-])cc1)C(Cl)Cl,,0.16586923599243164
4280,CC1CC2CCC(O2)C(C)C(=O)OC(C)CC2CCC(O2)C(C)C(=O)OC(C)CC2CCC(O2)C(C)C(=O)OC(C)CC2CCC(O2)C(C)C(=O)CO1,,0.16590185463428497
3435,CCCC(=O)OC1(C(=O)CO)CCC2C3CCC4=CC(=O)CCC4(C)C3C(O)CC21C,,0.16591796278953552
4211,NCC1OC(OC2C(CO)OC(OC3C(O)C(N)CC(N)C3OC3OC(CN)C(O)C(O)C3N)C2O)C(N)C(O)C1O,,0.165932759642601
2103,CC(C)(C)c1o[nH]c(=O)c1CC([NH3+])C(=O)[O-],,0.1659841239452362
5087,O=C1C2C3CCC(C3)C2C(=O)N1CCCCN1CCN(c2ncccn2)CC1,,0.1659863144159317
2193,S=C=NCc1ccccc1,,0.1660153567790985
772,NC(Cc1ccc(O)c(O)c1)C(=O)O,,0.1660216599702835
5854,O=c1[nH]cc(N(CCCl)CCCl)c(=O)[nH]1,,0.1660458743572235
4869,CCC(C(=O)O)C1CCC(C)C(C(C)C(O)C(C)C(=O)C(CC)C2OC3(C=CC(O)C4(CCC(C)(C5CCC(O)(CC)C(C)O5)O4)O3)C(C)CC2C)O1,,0.16604700684547424
6280,CCOS(=O)(=O)c1ccc(C)cc1,,0.16605183482170105
4708,CCC(C)C(=O)OC1C(O)C2C(CN3CC(C)CCC3C2(C)O)C2CC34OC5(O)C(OC(=O)C(C)(O)C(C)O)CCC3(C)C5C(OC(C)=O)C(OC(C)=O)C4C21O,,0.16607847809791565
919,CCOP(=S)(OCC)Oc1ccc([N+](=O)[O-])cc1,,0.16608451306819916
2637,Clc1ccc(C(OCCN2CCCCC2)c2ccccc2)cc1,,0.16610945761203766
2705,NC(C(=O)O)(c1ccc(P(=O)(O)O)cc1)C1CC1,,0.16611170768737793
2310,COc1cc(OC)c(C(=O)CCCN2CCCC2)c(OC)c1,,0.1661197394132614
5344,CC1OC(=O)C(C(C)C)NC(=O)C(C(C)C)OC(=O)C(C(C)C)NC(=O)C(C)OC(=O)C(C(C)C)NC(=O)C(C(C)C)OC(=O)C(C(C)C)NC(=O)C(C)OC(=O)C(C(C)C)NC(=O)C(C(C)C)OC(=O)C(C(C)C)NC1=O,,0.16613760590553284
856,Nc1ncnc2c1ncn2C1OC(COP(=O)(O)OP(=O)(O)OCC2OCC(O)C2O)C(O)C1O,,0.16615240275859833
3940,Cc1ncc([N+](=O)[O-])n1CCO,,0.1661660224199295
7925,CC(C(c1ccc(Cl)cc1)c1ccc(Cl)cc1)[N+](=O)[O-],,0.1661888062953949
6940,O=S(=O)(Oc1ccc(Cl)cc1Cl)c1ccccc1,,0.16620486974716187
4541,O=C(O)CCC(NC(=O)c1ccccc1C(=O)O)C(=O)O,,0.16621364653110504
9153,COc1cc2c(cc1O)CCC1C2CCC2(C)C(=O)CCC12,,0.1662297546863556
4198,CCC(C(=O)C(C)C(O)C(C)C1OC(C(C)C(=O)O)C(C)CC1C)C1OC2(C=CC(O)C3(CCC(C)(C4CCC(O)(CC)C(C)O4)O3)O2)C(C)CC1C,,0.16624915599822998
8076,O=C(O)c1cccc(C(=O)O)c1,,0.16630318760871887
3838,c1ccc2c(c1)Sc1ccccc1N2CC1CN2CCC1CC2,,0.16630719602108002
1559,COc1cc(CC(N)C(=O)O)ccc1O,,0.16631846129894257
3043,COC(=O)CCC=C=CCC1C(=O)CC(O)C1C=CC(O)COc1ccccc1,,0.16632850468158722
8143,C#CC(C)(CC)OC(=O)c1ccccc1C(=O)O,,0.16640746593475342
7084,Cc1ccc([N+](=O)[O-])cc1,,0.1664154827594757
7053,Cc1ccc([N+](=O)[O-])cc1C,,0.16642943024635315
2118,COP(=S)(OC)SCn1nnc2ccccc2c1=O,,0.16643095016479492
4828,CC(=O)OCC(=O)NCCCOc1cccc(CN2CCCCC2)c1,,0.16643692553043365
78,C=C(OC1CC(C(=O)O)=CC(OP(=O)(O)O)C1O)C(=O)O,,0.1664648801088333
7203,O=C(Cc1ccccc1)Cc1ccccc1,,0.1664765477180481
1687,Nc1ncn(C2OC(CO)C(O)C2O)c(=O)n1,,0.16650554537773132
6684,NC(=O)Nc1ccc([As](Sc2ccccc2C(=O)O)Sc2ccccc2C(=O)O)cc1,,0.16661152243614197
5573,CN(C)CCCN1c2ccccc2Sc2ccccc21.Cl,,0.16661162674427032
2848,CCCC(=O)Nc1ncnc2c1ncn2C1OC2COP(=O)([O-])OC2C1OC(=O)CCC,,0.16661560535430908
4178,Oc1ccc2c3c1OC1C(O)CCC4(O)C(C2)N(CC2CCC2)CCC314,,0.16662909090518951
9260,O=[N+]([O-])c1ccccc1C(F)(F)F,,0.16664929687976837
5671,CC(=O)[C@H]1CC[C@H]2[C@@H]3CCC4=CC(=O)CC[C@]4(C)[C@H]3CC[C@]12C,,0.16669011116027832
3630,NCc1cc(=O)c(O)co1,,0.16670313477516174
633,O=C(OP(=O)(O)O)C(O)COP(=O)(O)O,,0.16670531034469604
8478,CN(C)CCOC(c1ccccc1)c1ccccc1.Cl,,0.1667269617319107
1295,Cn1sc(=O)c2cc(S(N)(=O)=O)ccc21,,0.1667524129152298
5230,CCN(CC)c1cc(C)nc2ncnn12,,0.16679298877716064
3708,CC(=O)NCC1CN(c2ccc(N3CCOCC3)c(F)c2)C(=O)O1,,0.1668155938386917
3251,NC1C=CC=C(C(=O)O)C1,,0.1668376624584198
6803,CCOc1ccc(C(=O)OCCN(CC)CC)cc1,,0.1668420284986496
8131,C=CCOC(=O)c1ccccc1C(=O)OCC=C,,0.16684332489967346
2757,Cc1ncc(COP(=O)(O)O)c(CNC2CONC2=O)c1O,,0.16687150299549103
57,O=C(O)C(COP(=O)(O)O)OP(=O)(O)O,,0.16689351201057434
407,CN1CCCC1c1ccc[n+](C)c1,,0.1668981909751892
3459,C=C1C(=O)CC2CC3OC3(C)CCC3OC3(C)CC(OC(C)=O)C1C2(C)C,,0.16690045595169067
5353,CC=C(C)C(=O)OC1CCC2(C)C3CCC4C5(O)CC(O)C6(O)C(CN7CC(C)CCC7C6(C)O)C5(O)CC42OC13O,,0.16690556704998016
9256,CC12CC(=O)C3C(CCC4=CC(=O)CCC43C)C1CCC2=O,,0.16691459715366364
3086,O=C(Cn1ccnc1[N+](=O)[O-])NCCO,,0.16693659126758575
4837,NC(C(=O)O)c1ccc(C(=O)O)cc1,,0.16694606840610504
1680,CC(=O)Nc1sc(S(N)(=O)=O)n[n+]1C,,0.16696491837501526
9794,O=Cc1cccnc1,,0.16698330640792847
1766,Cn1c(=O)c2c(ncn2CCO)n(C)c1=O,,0.1670185774564743
4638,CC(=O)C1CCC2C3CC=C4CC(OS(=O)(=O)O)CCC4(C)C3CCC12C,,0.16705648601055145
5224,CCOC(=O)C(CCc1ccccc1)NC(C)C(=O)N1C(C(=O)O)CC2CCCCC21,,0.1670566350221634
4416,NCCC(O)(P(=O)(O)O)P(=O)(O)O,,0.16709408164024353
8289,CCCCCCCCCCCCCC[N+](C)(C)Cc1ccccc1.[Cl-],,0.16712528467178345
305,O=C(O)C=Cc1ccc(O)cc1,,0.16713100671768188
136,CC1OC(n2cnc3c(N)ncnc32)C(O)C1O,,0.16714239120483398
6650,CCN(CC)C(C)C(=O)c1ccccc1,,0.16714264452457428
4393,O=C1C=CC(=O)C=C1,,0.16714636981487274
8273,CCCCC(CC)COC(=O)c1cccc(C(=O)OCC(CC)CCCC)c1,,0.16715964674949646
2995,Cn1c(=O)c2c(ncn2CC(O)CO)n(C)c1=O,,0.16716335713863373
1503,CN(N=O)c1ccc(O)c(O)c1,,0.16718044877052307
2083,CC1CNc2c(cccc2S(=O)(=O)NC(CCCN=C(N)N)C(=O)N2CCC(C)CC2C(=O)O)C1,,0.1671968698501587
980,Cc1ncc(COP(=O)(O)O)c(CN)c1O,,0.16720515489578247
8212,O=[N+]([O-])c1cc(Cl)ccc1Oc1ccc(Cl)cc1,,0.16720831394195557
824,O=C(O)c1ccccc1NC1OC(COP(=O)(O)O)C(O)C1O,,0.16722504794597626
5897,CCN(CC)CCCC(C)Nc1c2ccc(Cl)cc2nc2ccc(OC)cc12.Cl.Cl,,0.16725580394268036
8077,O=C(O)c1cccc([N+](=O)[O-])c1,,0.16728411614894867
4983,Nc1ncnc2c1[nH]c[n+]2C1CCCO1,,0.16730791330337524
6722,Brc1ccc(-c2ccccc2)cc1,,0.16731519997119904
8287,CCCCCCCCCCCC[N+](C)(C)Cc1ccccc1.[Cl-],,0.16732534766197205
4264,CNC(=C[N+](=O)[O-])NCCSCc1csc(CN(C)C)n1,,0.16732831299304962
5480,Cc1cn([C@H]2C[C@H](O)[C@@H](CO)O2)c(=O)[nH]c1=O,,0.16733418405056
4707,CCC(C)C(=O)OC1C(O)C2C(CN3CC(C)CCC3C2(C)O)C2CC34OC5(O)C(OC(=O)C(C)(O)CC)CCC3(C)C5C(OC(C)=O)C(OC(C)=O)C4C21O,,0.16734302043914795
1986,CC[N+](CC)(CCNC(=O)C(=O)NCC[N+](CC)(CC)Cc1ccccc1Cl)Cc1ccccc1Cl,,0.1673513650894165
5388,Cc1cccc(Nc2cc(Cl)nc(SCC(=O)O)n2)c1C,,0.1673702448606491
2521,CC(=O)NC(C(=O)NC(Cc1ccccc1)C(O)CN(CC1CCCCC1)NC(=O)C(NC(C)=O)C(C)C)C(C)C,,0.16738800704479218
3471,CCN(CCCc1ccccc1)CCCc1ccccc1,,0.1673918068408966
2398,CC1(C)SC2C(NC(=O)C(C(=O)O)c3ccccc3)C(=O)N2C1C(=O)O,,0.16739554703235626
2882,C=C1C(C)C2C(Cc3ccccc3)NC(=O)C23OC(=O)CCC(O)CCCC(C)CC=CC3C1O,,0.16743117570877075
7935,COCCOC(=O)c1ccccc1C(=O)OCCOC,,0.16743285953998566
1932,NC(=O)c1ccc([N+](=O)[O-])cc1Cl,,0.1674576848745346
8707,c1ccc2c(c1)Oc1ccccc1S2,,0.16746756434440613
3437,CC12CCC(=O)C=C1CCC1C2C(O)CC2(C)C1CCC2(O)C(=O)COP(=O)([O-])[O-],,0.1674758940935135
2382,C=C(C)C1CC=C(C)CC1c1c(O)cc(CCCCC)cc1O,,0.16748742759227753
8849,ClCCN(Cc1ccco1)Cc1ccco1,,0.1675252914428711
600,Nc1ncnc2c1ncn2C1CC(O)C(CO)O1,,0.16752751171588898
9494,C=C[N+](C)(C)C,,0.1675322949886322
1528,CC(=O)OC1CCC2(C)C3CCC4(C)C(C(C=O)CC(=O)C=C(C)C)C(O)CC4(C)C3=CCC2C1(C)C(=O)O,,0.16753631830215454
3433,CC12CCC(=O)C=C1CCC1C2C(O)CC2(C)C1CCC2(O)C(=O)CO,,0.1675759255886078
1777,Nc1ncnc2c1nc(Sc1ccc(Cl)cc1)n2C1OC2COP(=O)(O)OC2C1O,,0.16758815944194794
654,NCC(O)C(O)C(O)COP(=O)(O)OP(=O)(O)OCC1OC(n2cnc3c(N)ncnc32)C(O)C1O,,0.16758880019187927
8972,NC(=O)c1ccc(N)nc1,,0.16759976744651794
2622,N/C(=N/Cc1ccc(Cl)cc1)SCCCc1cnc[nH]1,,0.16762065887451172
3046,NCCC(O)C(N)CC(=O)NC1CNC(=O)C(C2CCN=C(N)N2)NC(=O)C(=CNC(N)=O)NC(=O)C(CO)NC(=O)C(CO)NC1=O,,0.16765886545181274
938,Nc1c(C(=O)O)ncn1C1OC(COP(=O)(O)O)C(O)C1O,,0.1676594465970993
6443,O=C1OC(=O)c2ccccc21,,0.16766686737537384
1945,NCCCC(O)(P(=O)(O)O)P(=O)(O)O,,0.16768427193164825
4710,CC(O)Cn1cnc2c1c(=O)n(C)c(=O)n2C,,0.16769510507583618
77,O=C(O)C(=O)CC(O)C(O)C(O)COP(=O)(O)O,,0.16770236194133759
6983,NS(=O)(=O)c1ccccc1,,0.16771312057971954
7190,c1ccc(Cc2ccccc2)cc1,,0.16774781048297882
2881,COc1ccc2c3c1OC1C(O)CCC4C(C2)N(C)CCC341,,0.16774797439575195
4624,CCC(C)C(=O)OC1CC(O)C=C2C=CC(C)C(CCC(O)CC(O)CC(=O)O)C21,,0.16778461635112762
3906,CC(N)(Cc1ccc(O)c(O)c1)C(=O)O,,0.1677846908569336
2188,CC(Cc1ccccc1)N(C)Cc1ccccc1,,0.16778643429279327
9373,CN(CCO)CC(O)Cn1cnc2c1c(=O)n(C)c(=O)n2C,,0.16779081523418427
211,Nc1ncnc2c1ncn2C1OC(COP(=O)(O)O)C(O)C1O,,0.16788195073604584
6101,Cc1c(C2(c3cc(C(C)C)c(O)c(Br)c3C)OS(=O)(=O)c3ccccc32)cc(C(C)C)c(O)c1Br,,0.16788621246814728
3165,O=C(NCC1CCCCN1)c1cc(OCC(F)(F)F)ccc1OCC(F)(F)F,,0.16788992285728455
156,CC(=O)C(=O)C1CNC2N=C(N)NC(=O)C2N1,,0.16791939735412598
9521,COC1C(O)[C@H](O[C@H]2CC[C@]3(C)C4CC[C@]5(C)[C@@H](C6=CC(=O)OC6)CC[C@]5(O)C4CC[C@@H]3C2)OC(C)[C@H]1O,,0.16792811453342438
4379,CCN(CC)CC#CCOC(=O)C(O)(c1ccccc1)C1CCCCC1,,0.16797788441181183
7100,CN(C)c1ccc(N(C)C)cc1,,0.16799668967723846
4766,CCOC(=O)C(CCc1ccccc1)NC(C)C(=O)N1C(C(=O)O)CC2CCCC21,,0.16800306737422943
1778,Nc1ncnc2c1nc(Sc1ccc(Cl)cc1)n2C1OC2COP(=O)([O-])OC2C1O.[Na+],,0.1680631786584854
290,O=CC=Cc1ccccc1,,0.16808094084262848
2501,CC1=C(C(=O)O)N2C(=O)C(NC(=O)C(N)c3ccccc3)C2SC1,,0.16809767484664917
5050,Nc1ccc(S(=O)(=O)Nc2nccs2)cc1,,0.16811932623386383
92,O=C1C(O)C(CO)OC(OC2C(CO)OC(O)C(O)C2O)C1O,,0.1681336611509323
1487,C=C1CCC(O)CC1=CC=C1CCCC2(C)C1CCC2C(C)CCC(O)C(C)(C)O,,0.16815611720085144
3735,NC(C(=O)NC1C(=O)N2C(C(=O)O)=C(Cl)CCC12)c1ccccc1,,0.16816943883895874
6314,Cc1cccc(C)c1[N+](=O)[O-],,0.1681925654411316
5251,C#CC(O)C=CCCCCCCCCCC=CC#CCCCCCCCCC(O)C#CC#CC#CCO,,0.16822762787342072
336,O=C(O)CCC=CC(=O)C(=O)O,,0.1682508885860443
1811,Cc1ncc(COP(=O)(O)O)c(CNC(CO)C(=O)O)c1O,,0.16826041042804718
1092,CCCCCCCCCCCC(O)CC(=O)OC1C(N)C(OP(=O)(O)OP(=O)(O)OCC2OC(n3ccc(=O)[nH]c3=O)C(O)C2O)OC(CO)C1O,,0.16828620433807373
4114,NCCCCNNC(=O)C1CCCN1C(=O)OCc1ccccc1,,0.16829077899456024
3415,C[n+]1ccccc1C(=O)[O-],,0.168299600481987
4267,CC[NH2+]CCN(CC)N([O-])N=O,,0.168328195810318
8068,CC(=O)c1cccc(O)c1,,0.16842658817768097
3661,CCCCCc1cc(OC2OC(COC3OCC(O)C(O)C3O)C(O)C(O)C2O)cc(OC)c1O,,0.16842734813690186
8321,O=C(CCCCCCCCC(=O)OCc1ccccc1)OCc1ccccc1,,0.16849593818187714
1719,Cc1cn(C2(C)OC(C)(CO)C(C)(O)C2(C)O)c(=O)nc1N,,0.1684962511062622
2470,Cn1nnnc1SCC1=C(C(=O)O)N2C(=O)C(NC(=O)C3SC(=C(C(N)=O)C(=O)O)S3)C2SC1,,0.16850855946540833
9406,O=C(NC1CCCCC1)NS(=O)(=O)c1ccc2c(c1)CCC2,,0.1685456484556198
4682,CCCOC(=O)c1cc(O)c(O)c(O)c1,,0.1685798168182373
2681,CC1(C)NC(=O)C(CCCCCC(=O)NO)NC(=O)C2CCCN2C(=O)C(Cc2ccccc2)NC1=O,,0.1685929298400879
3075,CCC(=O)Oc1ccc2c(c1)CCC1C2CCC2(C)C(OC(=O)CC)CCC12,,0.16861672699451447
3013,CC1=NC(c2ccccc2)C(=O)C1,,0.1686221808195114
5779,O=C(O)c1ccc([N+](=O)[O-])cc1,,0.16862283647060394
4611,Nc1ccc(C(=O)[O-])cc1,,0.16865770518779755
6816,O=C(O)c1ccc2c(c1)OCO2,,0.16866175830364227
7936,CCCCOCCOC(=O)c1ccccc1C(=O)OCCOCCCC,,0.16870351135730743
6561,Cc1cc(N)c(S(=O)(=O)O)cc1Cl,,0.16872082650661469
8488,COc1cccc(C=O)c1O,,0.16873188316822052
9644,Cc1cc(O)c2ccccc2c1O,,0.16873370110988617
1521,O=C(O)c1ncccc1CP(=O)(O)O,,0.16874031722545624
3273,O=C(O)c1cc(O)ccc1O,,0.1687498241662979
5730,N[C@@H](Cc1ccc(O)cc1)C(=O)O,,0.16875126957893372
2146,CNC(=O)C(Cc1ccccc1)NC(=O)C(CC(C)C)C(CSc1cccs1)C(=O)NO,,0.16876763105392456
5507,CNC[C@H](O)c1ccc(O)c(O)c1,,0.1687949150800705
3442,CCC1CN2CCC1CC2C(O)c1ccnc2ccc(OC)cc12,,0.16880492866039276
6833,O=Cc1ccc(O)cc1O,,0.16881923377513885
413,CNC(=O)CCC(=O)c1cccnc1,,0.16882705688476562
6758,CC=Cc1ccc(OC(C)=O)c(OC)c1,,0.16887035965919495
4915,NCCc1c[nH]c2ccc(O)cc12,,0.16891464591026306
4857,[H]/N=C(\N)SCc1ccccc1,,0.16891662776470184
517,O=C(O)Cc1ccc(O)c(O)c1,,0.16891981661319733
732,O=C(COP(=O)(O)O)Cc1cnc[nH]1,,0.16894987225532532
8446,O=C(CBr)N1CCC(C(O)(c2ccccc2)c2ccccc2)CC1,,0.16896957159042358
2533,CC(C)C1NC(=O)C(Cc2ccccc2)NC(=O)C(CCCCCCC(=O)NO)NC(=O)C2CCCN2C1=O,,0.16897843778133392
1629,NNC(=O)c1ccc(O)cc1,,0.16900786757469177
9691,CN(C)CCc1c[nH]c2ccc(O)cc12,,0.16901876032352448
4862,O=C1NS(=O)(=O)c2ccccc21,,0.16902263462543488
3114,CC(O)(P(=O)(O)O)P(=O)(O)O,,0.16906584799289703
3629,O=c1cc(CO)occ1O,,0.16908439993858337
3834,Cc1cccc(C)c1NC(=O)C1CCCCN1C,,0.169119194149971
5609,C[N+](C)(C)CC#CCOC(=O)Nc1cccc(Cl)c1.[Cl-],,0.16915419697761536
6709,Clc1ccc2c(c1)Nc1ccccc1S2,,0.16917073726654053
1313,CC(C)CCNCC(O)C1Cc2ccc(cc2)OCCCC(=O)NC(C(C)C)C(=O)N1,,0.16918878257274628
5794,C[C@]12CCC(=O)C=C1CC[C@@H]1[C@@H]2CC[C@]2(C)C(=O)CC[C@@H]12,,0.1692000776529312
2859,Cc1onc(-c2c(Cl)cccc2Cl)c1C(=O)NC1C(=O)N2C1SC(C)(C)C2C(=O)[O-],,0.16922345757484436
6441,O=C1NC(=O)c2ccccc21,,0.16923244297504425
4652,CN1CCN(CCCN2c3ccccc3Sc3ccc(Cl)cc32)CC1,,0.16931931674480438
1061,Cc1cn(C2CC(O)C(COP(=O)(O)O)O2)c(=O)[nH]c1=O,,0.16933023929595947
6386,CCCOC(=O)C1c2cc3c(cc2CC(C)C1C(=O)OCCC)OCO3,,0.16934996843338013
8280,O=C(O)C1=C[C@@H](O)[C@@H](O)[C@H](O)C1,,0.16937969624996185
2372,CCCCC(C=O)NC(=O)C(CC(C)C)NC(=O)OCc1ccccc1,,0.16939590871334076
9246,CC(=O)C1CCC2C3CC(C)C4=CC(=O)CCC4(C)C3(F)C(O)CC12C,,0.1694229543209076
4084,Cc1ncc(COP(=O)(O)O)c(CNC2(C(=O)O)CC2)c1O,,0.1694377213716507
5250,C#CC(O)C=CCCCCCCCCCC=CC#CCCCCCCC(O)C#CC#CC#CCO,,0.16945768892765045
5237,CC(C=CC1=C(C)CCCC1(C)C)=CC=CC(C)=CC(=O)O,,0.16950491070747375
3200,O=C(O)CCCC=CCC1C(O)CC(O)C1C=CC(O)COc1cccc(C(F)(F)F)c1,,0.16951590776443481
3226,CCC(=O)OC(OP(=O)(CCCCc1ccccc1)CC(=O)N1CC(C2CCCCC2)CC1C(=O)O)C(C)C,,0.16953854262828827
8825,CC=C(C)C(=O)O[C@H]1CCN2CC=C(COC(=O)[C@@](O)([C@@H](C)OC)C(C)(C)O)[C@H]12,,0.16956526041030884
3810,Cc1ccc(Cl)c(Nc2ccccc2C(=O)O)c1Cl,,0.16958525776863098
5126,c1ccc2c(c1)CCCC2C1=NCCN1,,0.1696118861436844
5672,CCC(=O)O[C@H]1CC[C@H]2[C@@H]3CCC4=CC(=O)CC[C@]4(C)[C@H]3CC[C@]12C,,0.16962695121765137
2463,COC1(NC(=O)CSCC(N)C(=O)O)C(=O)N2C(C(=O)O)=C(CSc3nnnn3C)CSC21,,0.1696355789899826
1617,COC1=C2CCC3C4CCC(=O)C4(C)CCC3C2(C)CCC1=O,,0.16964507102966309
2433,CNC1=C(Br)C(=O)c2ccncc2C1=O,,0.1696508824825287
8701,C1=Cc2ccccc2OC1,,0.16965356469154358
7945,O=C1c2ccccc2C(=O)N1CO,,0.16969963908195496
5957,Nc1ncnc2c1ncn2[C@@H]1O[C@H](CO)C[C@H]1O,,0.1697053760290146
3762,CCCCCCCCCCCCCC=CC(O)C(N)COC1OC(CO)C(OC2OC(CO)C(OC3OC(CO)C(O)C(OC4OC(CO)C(O)C(O)C4O)C3NC(C)=O)C(OC3(C(=O)O)CC(O)C(NC(C)=O)C(C(O)C(O)CO)O3)C2O)C(O)C1O,,0.16970917582511902
4021,CC(=O)Oc1cc(C(C)C)c(OCCN(C)C)cc1C,,0.16976729035377502
6555,CCc1cc2c(cc1C(C)=O)C(C)(C)CCC2(C)C,,0.16981475055217743
9660,Cc1ccc2c(C)ccc(C(C)C)c2c1,,0.1698153018951416
8544,CC12CCC(=O)C=C1CCC1C2CCC2(C)C1CC[C@]2(O)C(=O)CO,,0.16981738805770874
8334,O=C(O)CCNC(=O)Nc1ccc([N+](=O)[O-])cc1,,0.1698327511548996
2480,COCC1=C(C(=O)OC(C)OC(=O)OC(C)(C)C)N2C(=O)C(NC(=O)C(=NOC)c3csc(N)n3)C2SC1,,0.16984526813030243
9516,C[C@]1(O)CC[C@H]2[C@@H]3CCC4=CC(=O)CC[C@]4(C)[C@@]3(F)C(=O)C[C@@]21C,,0.1698489785194397
297,Nc1ccn(C2OC(COP(=O)(O)O)C(O)C2O)c(=O)n1,,0.16985008120536804
9993,CCOS(=O)(=O)c1ccccc1,,0.16985996067523956
5194,CCOCn1c(Sc2ccccc2)c(C(C)C)c(=O)[nH]c1=O,,0.16986361145973206
5287,CC(C)C12OC1C1OC13C1(C)CCC4=C(COC4=O)C1CC1OC13C2O,,0.16986624896526337
7092,C=Cc1ccc([N+](=O)[O-])cc1,,0.16988018155097961
638,O=c1ccn(C2CC(O)C(COP(=O)(O)O)O2)c(=O)[nH]1,,0.16988690197467804
5927,CCC(=O)c1ccc(O)cc1,,0.16989250481128693
5557,COC(=O)[C@H]1[C@@H](OC(=O)c2ccccc2)C[C@H]2CC[C@H]1N2C.Cl,,0.16989485919475555
1278,Nn1nnc2ccccc21,,0.16990622878074646
8428,CCCCCCCCCC[NH3+].[Cl-],,0.16993927955627441
3451,OCCOCCN1CCN(C(c2ccccc2)c2ccc(Cl)cc2)CC1,,0.16997799277305603
977,Cc1ncc(CO)c(C=O)c1O,,0.16998735070228577
8987,COc1ccc(NC(=O)CF)cc1,,0.16999690234661102
4522,O=S(=O)(F)Cc1ccccc1,,0.170025035738945
3792,C=C1C(=CC=C2CCCC3(C)C2CCC3C(C)OCCC(C)(C)O)CC(O)CC1O,,0.17003241181373596
1370,Nc1ncnc2c1ncn2C1CC(OP(=O)(O)O)C(CO)O1,,0.1700509637594223
1156,CN1CCN(C2Cc3ccccc3Sc3ccc(Cl)cc32)CC1,,0.17005446553230286
585,Nc1ncnc2c1ncn2C1CC(O)C(COP(=O)(O)O)O1,,0.17006036639213562
7262,O=C(CCC(=O)OCc1ccccc1)OCc1ccccc1,,0.17006318271160126
2759,Nc1ncnc2c1ncn2CC(O)C(O)C(=O)O,,0.17006537318229675
7032,Nc1cccc(C(=O)O)c1,,0.17007021605968475
6945,CCC(=O)C(=O)Nc1ccc(C)cc1C,,0.17012324929237366
3034,CCOC(=O)C(CCc1ccccc1)NC(C)C(=O)N1CCCC1C(=O)O,,0.17013171315193176
4044,CCN(CC)C(=O)c1cccc(C)c1,,0.17014382779598236
4818,CCCN(CCC)CCc1cccc2c1CC(=O)N2,,0.17014527320861816
3898,COP(=S)(OC)Oc1ccc([N+](=O)[O-])cc1,,0.17020229995250702
7195,CCCCCCC(C=O)=Cc1ccccc1,,0.17025306820869446
925,O=C(O)C(=O)Cc1ccccc1,,0.1702672839164734
5013,CC12CCC3C(CCC4(O)CC(O)CCC34C=O)C1(O)CCC2C1=CC(=O)OC1,,0.17027391493320465
2529,CC(C)C1NC(=O)C(Cc2ccccc2)NC(=O)C(CCCCCC(=O)NO)NC(=O)C2CCCN2C1=O,,0.1702774465084076
352,O=C(O)c1cc(C(=O)O)oc(=O)c1,,0.17028409242630005
3640,Ic1ccccc1CNC1C2CCN(CC2)C1C(c1ccccc1)c1ccccc1,,0.1702927052974701
3830,CCOC(=O)C1(c2ccccc2)CCN(C)CC1,,0.1703362762928009
896,O=C(O)c1cc(=O)[nH]c(=O)n1C1OC(COP(=O)(O)O)C(O)C1O,,0.17034447193145752
2496,CON=C(C(=O)NC1C(=O)N2C(C(=O)OC(C)OC(C)=O)=C(COC(N)=O)CSC12)c1ccoc1,,0.17041723430156708
5252,C#CC(O)C=CCCCCCCCCCC=CC#CCCCCCCCCCC#CC#CC#CCO,,0.17044994235038757
344,OC1C=Cc2ccccc2C1O,,0.17045533657073975
1716,Cc1cn(C2CC(O)C(CO)O2)c(=O)nc1N,,0.17047061026096344
2469,COC1(NC(=O)C2SC(=C(C(N)=O)C(=O)O)S2)CN2C(C(=O)O)=C(CSc3nnnn3C)CSC21,,0.17050479352474213
2688,CC1C2CCC3C4CC=C5CC(N(C)C)CCC5(C)C4CCC32CN1C,,0.17050676047801971
8928,[H]/N=C(\N)N(C)c1ccccc1,,0.1705411672592163
38,O=C(O)CCC(=O)C=CC=C(O)C(=O)O,,0.17055219411849976
9701,O=P(O)(O)OC[C@H]1O[C@](O)(COP(=O)(O)O)[C@@H](O)[C@@H]1O,,0.1705704629421234
4308,CC(C)=CCCC(C)=CCCC(C)=CCCC(C)=CCCC(C)=CCCC(C)=CCc1cc(O)ccc1O,,0.17057263851165771
3275,CCCCCC(=O)OC1(C(C)=O)CCC2C3CCC4=CC(=O)CCC4C3CCC21C,,0.1705789715051651
1111,O=C(COP(=O)(O)O)C(O)C(O)C(O)C(O)COP(=O)(O)O,,0.17059895396232605
4963,O=C1NC(=O)C2(CCOc3ccc(F)cc32)N1,,0.17060016095638275
9576,O=C(O)C(=O)C(=O)O,,0.17061488330364227
4431,NCC1OC(OC2C(CO)OC(OC3C(O)C(N)CC(N)C3OC3OC(CO)C(O)C(O)C3N)C2O)C(N)C(O)C1O,,0.17062194645404816
4000,NC(=O)CS(=O)C(c1ccccc1)c1ccccc1,,0.1706307977437973
3446,CCCCCC(=O)OC1(C(C)=O)CCC2C3CCC4=CC(=O)CCC4(C)C3CCC21C,,0.17065317928791046
6284,CCCCOS(=O)(=O)c1ccccc1,,0.17066001892089844
1626,COc1cc(CC(=O)O)ccc1O,,0.17068181931972504
377,O=CNc1ccccc1C=O,,0.17071828246116638
5177,COC1CC(=C(c2cccs2)c2cccs2)C[N+](C)(C)C1,,0.17072823643684387
6626,Clc1cccc2ccccc12,,0.17074571549892426
7035,Cc1cccc([N+](=O)[O-])c1,,0.17074799537658691
7080,CC(=O)c1ccc(O)cc1,,0.17076677083969116
2323,CCCCN(CCCC)CCCOC(=O)c1ccc(N)cc1,,0.17079001665115356
4350,CC1OC(OC2CC(O)C3(CO)C4C(O)CC5(C)C(C6=CC(=O)OC6)CCC5(O)C4CCC3(O)C2)C(O)C(O)C1O,,0.17079147696495056
6119,CCOC(=O)C1(c2ccccc2)CCCN(C)CC1,,0.17082835733890533
9424,Nc1ccc(C(=O)O)cc1F,,0.17084169387817383
2514,CCOC(=O)OCCC(SC(=O)OCC)=C(C)N(C=O)Cc1cnc(C)nc1N,,0.17087019979953766
266,O=C(O)CCC1=CC=CC(O)C1O,,0.17088568210601807
9953,OC[C@H]1OC(OC[C@H]2OC(O[C@]3(CO)O[C@H](CO)[C@@H](O)[C@@H]3O)[C@H](O)[C@@H](O)[C@@H]2O)[C@H](O)[C@@H](O)[C@H]1O,,0.17091041803359985
795,CCCCCC=CCC=CC=CC=CC(SCC(NC(=O)CCC(N)C(=O)O)C(=O)NCC(C)=O)C(O)CCCC(=O)O,,0.17091235518455505
2990,CS(=O)(=O)c1ccc(-c2cc(Br)sc2-c2ccc(F)cc2)cc1,,0.17093752324581146
3218,CC(=O)NC(CCCN(O)C=O)C(=O)NC(CO)C(=O)N(O)CCCC1NC(=O)C(CCCN(O)C=O)NC1=O,,0.1709381490945816
2860,Cc1onc(-c2c(Cl)cccc2Cl)c1C(=O)NC1C(=O)N2C1SC(C)(C)C2C(=O)O,,0.17095547914505005
6814,O=C(OCCc1ccccc1)c1ccccc1,,0.17095892131328583
7966,CC(=O)c1ccccc1O,,0.17097285389900208
7205,O=C(Nc1ccccc1)Nc1ccccc1,,0.17097963392734528
7901,CC(O)COc1ccc(C(C)(C)c2ccc(OCC(C)O)cc2)cc1,,0.17098450660705566
6272,COS(=O)(=O)c1ccccc1,,0.17099037766456604
1661,O=C(O)c1cc(=O)c2c(Cl)cc(Cl)cc2[nH]1,,0.17099571228027344
1718,Cc1ccc2[nH]cc(CCN(C)C)c2c1,,0.17099961638450623
939,NC(=O)c1ncn(C2OC(COP(=O)(O)O)C(O)C2O)c1NC=O,,0.17100310325622559
1886,Nc1ncnc2c1ncn2C1OC(CO)C2OP(=O)(O)OC21,,0.17102493345737457
130,O=C(O)c1ccc(O)cc1,,0.17102885246276855
115,O=C(O)C=C1C=CC(=O)O1,,0.1710563600063324
6560,Cc1cc(S(=O)(=O)O)c(N)cc1Cl,,0.17109054327011108
4657,CCCN(CCC)C(=O)C(CCC(=O)O)NC(=O)c1ccccc1,,0.17110255360603333
2795,CC(CCC(=O)[O-])C1CCC2C3C(=O)CC4CC(=O)CCC4(C)C3CC(=O)C12C,,0.17112217843532562
5421,CC(C)CC(C=CS(C)(=O)=O)NC(=O)C(CC(C)C)NC(=O)C(CC(C)C)NC(=O)OCc1ccccc1,,0.17113034427165985
4161,OCC1OC(n2cnc3c(NC4CCCC4)ncnc32)C(O)C1O,,0.17114104330539703
1698,O=c1[nH]c(=O)n(C2CC(O)C(COP(=O)(O)O)O2)cc1F,,0.17117349803447723
1512,Nc1cc(N)c2c(=O)[nH][nH]c(=O)c2c1,,0.17117856442928314
5764,CCNCCc1c[nH]c2ccccc12,,0.1711816042661667
4470,CC1(C)SC2C(NC(=O)Cc3ccccc3)C(=O)N2C1C(=O)[O-],,0.1711941957473755
2553,CC(=O)Oc1ccc(Cl)c2cccnc12,,0.17121142148971558
7103,O=C(O)c1ccc(C(=O)O)nc1,,0.17121584713459015
5164,Cc1cn(C2CC(OP(=O)(O)O)C(CO)O2)c(=O)[nH]c1=O,,0.17123092710971832
9686,CC(=O)NC(=O)c1ccccc1O,,0.17123296856880188
1088,CC(=O)NC1C(OP(=O)(O)OP(=O)(O)OCC2OC(n3ccc(=O)[nH]c3=O)C(O)C2O)OC(CO)C(O)C1O,,0.1712702363729477
281,O=C(NC(CO)C(O)c1ccc([N+](=O)[O-])cc1)C(Cl)Cl,,0.17133237421512604
754,O=C(O)C(=O)CC(O)C(O)C(O)C(O)COP(=O)(O)O,,0.17135724425315857
4873,Cc1cn(C2C=CC(CO)O2)c(=O)[nH]c1=O,,0.17137214541435242
7926,O=C(O)C(c1ccccc1)c1ccccc1,,0.17142002284526825
7104,O=[N+]([O-])c1ccc(CCO)cc1,,0.17143425345420837
8716,c1cnc2cc[nH]c2c1,,0.17145799100399017
1920,COc1ccc(C=C(C#N)C#N)cc1,,0.17146140336990356
7167,CC(C=O)=Cc1ccccc1,,0.17150890827178955
721,O=C(O)Cc1cc(O)ccc1O,,0.1715136468410492
3703,CC[NH+](CC)CC(=O)Nc1c(C)cccc1C,,0.17151938378810883
1963,CC(N)Cc1c[nH]c2ccc(O)cc12,,0.17152926325798035
6608,CC(=O)c1ccc(C)cc1C,,0.17153233289718628
1419,CC(C)(Oc1ccc(CCCN(CCc2c(F)cccc2Cl)C(=O)Nc2cccc(Cl)c2Cl)cc1)C(=O)O,,0.17153683304786682
8186,Nc1ccc(Cl)cc1S(=O)(=O)O,,0.17157845199108124
2534,CC(C)C1NC(=O)C(Cc2ccccc2)NC(=O)C(CCCCC(=O)NO)NC(=O)C2CCCN2C1=O,,0.1715855747461319
314,C=Cc1ccc(O)c(OC)c1,,0.17160621285438538
2481,COCC1=C(C(=O)OC(C)OC(=O)OC(C)C)N2C(=O)C(NC(=O)C(=NOC)c3csc(N)n3)C2SC1,,0.1716257631778717
7995,O=C(O)c1ccccc1SSc1ccccc1C(=O)O,,0.171627014875412
601,Nc1ccn(C2CC(O)C(CO)O2)c(=O)n1,,0.1716533601284027
4955,CC12CCC3C(CC=C4CC(OS(=O)(=O)O)CCC43C)C1CCC2=O,,0.1716693937778473
2462,COC1(NC(=O)CSCC#N)C(=O)N2C(C(=O)O)=C(CSc3nnnn3C)CSC21,,0.1716713309288025
738,O=P(O)(O)OCC(O)C(O)c1c[nH]c2ccccc12,,0.17168781161308289
5499,CC(C)NC[C@@H](O)c1ccc(O)c(O)c1,,0.171692356467247
2185,CC(=O)C(C)NC(=O)C(CCCNC(N)N)NC(=O)OCc1ccccc1,,0.17169804871082306
1205,CNC(=O)C(Cc1ccccc1)NC(=O)C(CC(=O)NO)CC(C)C,,0.17173811793327332
6802,CCCOC(=O)c1ccc([N+](=O)[O-])cc1,,0.1717439442873001
6820,ON=Cc1ccccc1O,,0.17178642749786377
2239,CC(=C(S)CCOC(=O)C(C)C)N(C=O)Cc1cnc(C)nc1N,,0.17179462313652039
9808,C[N+](C)(C)CCc1cccc(O)c1,,0.17179684340953827
4311,Nc1nc(OCC2CCCCC2)c2[nH]cnc2n1,,0.1718476563692093
3795,CC1=NN(c2ccccc2)C(=O)C1,,0.17187301814556122
3899,CP(=O)(O)OCC1OC(n2cnc3c(N)ncnc32)C(O)C1O,,0.17187951505184174
1825,NCC1OC(C23CC4CC(CC(C4)C2)C3)Cc2c1ccc(O)c2O,,0.17191867530345917
1241,Cn1c(=O)c2ncn(C)c2n(C)c1=O,,0.17193201184272766
8461,C[C@H](O)[C@H]1CC[C@H]2[C@@H]3CCC4=CC(=O)CC[C@]4(C)[C@H]3CC[C@]12C,,0.1719389259815216
2527,OCC1OC(n2cnc3c(NC4CCCCC4)ncnc32)C(O)C1O,,0.17195798456668854
2810,CN(N=O)c1cc(O)ccc1O,,0.17196539044380188
5513,Cl.NC(N)=NC(=O)Nc1ccc([N+](=O)[O-])cc1,,0.1719801276922226
3472,Cn1nnnc1SCC1=C(C(=O)[O-])N2C(=O)C(NC(=O)C(OC=O)c3ccccc3)C2SC1,,0.17199833691120148
3105,CCOC(=O)c1[nH]c(C)c(C(=O)OC(C)(C)C)c1CC(=O)OC,,0.17199914157390594
5760,CNCCc1c[nH]c2ccccc12,,0.17200005054473877
8021,CCN(CC)CCSC(=O)c1ccc(N)cc1,,0.17201349139213562
8166,Oc1cc(O)c2ccccc2c1,,0.1720251590013504
3139,N#CC(C#N)=NNc1ccc(OC(F)(F)F)cc1,,0.17202900350093842
9774,OCC1O[C@@H](Oc2ccc(O)cc2)C(O)C(O)[C@@H]1O,,0.17205066978931427
4507,CC1(C)SC2C(NC(=O)COc3ccccc3)C(=O)N2C1C(=O)[O-].[K+],,0.17209093272686005
5068,CC(C(=O)O)c1ccc(C(=O)c2cccs2)cc1,,0.17211778461933136
648,CC12CCC3c4ccc(O)cc4CCC3C1CCC2=O,,0.1721242368221283
9913,O=C1C=CC2(CCC23C=CC(=O)O3)O1,,0.17214180529117584
8978,[H]/N=C(\N)N(C)Cc1ccccc1,,0.17214670777320862
9716,O=[N+]([O-])c1ccc(O)cc1Cl,,0.17216286063194275
8887,CNC(=O)Oc1cc(C)c(N(C)C)c(C)c1,,0.1721644103527069
541,[NH3+]C1C(OC2C(O)C(O)C(O)C(O)C2O)OC(CO)C(O)C1O,,0.17222923040390015
1075,NC(Cc1ccc(O)cc1)C(=O)O,,0.1722576767206192
9914,C[C@]12CC(O)C3C(CC[C@]4(O)C[C@@H](O)C[C@@H](O)[C@]34CO)[C@@]1(O)CC[C@@H]2C1=CC(=O)OC1,,0.1722697764635086
449,CN(C)OP(=O)(O)OCC1OC(n2cnc3c(N)ncnc32)C(O)C1O,,0.17228710651397705
7037,O=C(O)c1cc(O)cc(O)c1,,0.17230723798274994
8710,c1cc2[nH]ccc2cn1,,0.1723516434431076
6938,NS(=O)(=O)c1ccc(Cl)c([N+](=O)[O-])c1,,0.17238160967826843
1536,NC(=O)c1cccc(N)c1,,0.17239855229854584
4306,C=C1C=CC2(CC1)C(=C)CC(O)C(Br)C2(C)C,,0.1724047064781189
9938,COc1ccc2c(c1)[C@@]13CCCCC1[C@H](C2)N(C)CC3,,0.17241157591342926
8925,CCOP(=O)(OCC)Oc1ccc2c(C)c(Cl)c(=O)oc2c1,,0.17244966328144073
8717,c1cc2nc[nH]c2cn1,,0.17246894538402557
3815,CC(=O)OC1(C(C)=O)CCC2C3CC(C)C4=CC(=O)CCC4(C)C3CCC21C,,0.1724824160337448
9339,CC(=O)O[C@]1(C(C)=O)[C@H](C)C[C@H]2C3C=C(Cl)C4=CC(=O)CCC4(C)[C@H]3CCC21C,,0.17251111567020416
4418,[H]/N=C(\C)N1CCC(SC2=C(C(=O)O)N3C(=O)C(C(C)O)C3C2)C1,,0.17251476645469666
4002,CCOC([O-])=Nc1c[n+](N2CCOCC2)no1,,0.17254143953323364
6699,COc1ccccc1NC(=O)CC(C)=O,,0.17254628241062164
2887,CNC1C(OC2C(OC3C(O)C(O)C(N=C(N)N)C(O)C3N=C(N)N)OC(C)C2(O)CO)OC(CO)C(O)C1O,,0.1725536286830902
6582,NC(=O)c1ccccc1C(=O)O,,0.17259791493415833
1135,NC(C(=O)O)c1cccc(O)c1,,0.17261724174022675
5551,C[C@]12CC[C@@H](O)C[C@H]1CC[C@@H]1[C@@H]2[C@@H](O)C[C@@]2(C)[C@H]1CC[C@]2(O)C(=O)CO,,0.17262239754199982
5674,CC(C)CCC[C@@H](C)[C@H]1CC[C@H]2[C@@H]3CC=C4C[C@@H](O)CC[C@]4(C)[C@H]3CC[C@]12C,,0.17262984812259674
7098,O=C(Cl)c1ccc(C(=O)Cl)cc1,,0.1726796180009842
9161,Cc1cccc(C)c1OC(C)C[N+](C)(C)C,,0.1726895123720169
6450,CCCCOC(=O)c1ccccc1C(=O)OCC(CC)CCCC,,0.1727042943239212
6951,CC=Cc1ccc(O)c(OC)c1,,0.17275619506835938
3048,CCc1ccc(C(=O)C(C)CN2CCCCC2)cc1,,0.17277544736862183
9435,COc1cc(C=CCO)ccc1O,,0.17278213798999786
5140,CS(=O)(=O)c1ccc(C(O)C(CO)NC(=O)C(Cl)Cl)cc1,,0.1727869063615799
2647,Cc1onc(-c2ccccc2Cl)c1C(=O)NCB(O)O,,0.17280130088329315
840,NC(CC(=O)c1ccccc1NC=O)C(=O)O,,0.172817662358284
8821,O=C(O)c1c(O)cccc1O,,0.17283019423484802
5347,CCCCC(O)C=C(C)C=CC=CC(=O)N1CCCC1=O,,0.17284439504146576
9856,CC(C)=CC(=O)C=C(C)C,,0.17284850776195526
9374,CC(=O)C1[C@H](O)CC2C3CCC4=CC(=O)CCC4(C)C3CCC21C,,0.17285406589508057
2263,CC(N=O)c1ccc(C(C)N=O)cc1,,0.17287367582321167
2598,c1ccc(C2CC2)c(OCC2=NCCN2)c1,,0.17290353775024414
1072,NCCc1c[nH]c2ccccc12,,0.17292186617851257
8048,CCOc1cc(C=O)ccc1O,,0.17292243242263794
9115,C[C@]12CCC(=O)C=C1CC[C@H]1C3CCC(=O)[C@@]3(C)C[C@H](O)[C@@]12F,,0.17293743789196014
9279,FC(F)(F)c1ccc2nc(C(F)(F)F)[nH]c2c1,,0.1729411482810974
2309,CCCCOc1ccc(CC(=O)NO)cc1,,0.17294174432754517
9922,CC1O[C@H](O[C@H]2CC[C@]3(C)C4CC[C@]5(C)[C@@H](C6=CC(=O)OC6)CC[C@]5(O)C4CC[C@@H]3C2)C(O)C(O)[C@@H]1O,,0.1729712337255478
4745,C=CCN1CCc2c(cc(O)c(O)c2Br)C(c2ccccc2)C1,,0.1729760617017746
7840,CN1[C@H]2CC(OC(=O)C(CO)c3ccccc3)C[C@H]1C1OC12,,0.17299483716487885
3432,NS(=O)(=O)c1cc2c(cc1Cl)NCNS2(=O)=O,,0.17299939692020416
3823,CCCCCC=CCC=CCCCCCCCC(=O)NC(C)c1ccccc1,,0.17300733923912048
8537,CC[N+](CC)(CCCNC(=O)C(=O)NCCC[N+](CC)(CC)Cc1ccccc1Cl)Cc1ccccc1Cl,,0.17304304242134094
609,CC(=O)C(C)=O,,0.17305918037891388
6458,CNc1ccccc1C(=O)OC,,0.17309586703777313
5880,CC(=O)C1CCC2C3CC=C4C=C(OC5CCCC5)CCC4(C)C3CCC12C,,0.17309798300266266
2495,CON=C(C(=O)NC1C(=O)N2C(C(=O)O)=C(COC(N)=O)CSC12)c1ccco1,,0.17311322689056396
5686,C[C@]12CCC(=O)C=C1CC[C@@H]1[C@@H]2CC[C@@]2(C)[C@H]1CC[C@]2(C)O,,0.17314912378787994
2017,CCC1(CCC(C)C)C(=O)NC(=O)N=C1[O-],,0.17318366467952728
5479,Cc1ccc(C(=O)O)c(O)c1,,0.17318369448184967
7068,CCOC(=O)c1ccc([N+](=O)[O-])cc1,,0.1731969267129898
3560,O=C(NNCS(=O)(=O)O)c1ccncc1,,0.17322228848934174
258,Nc1ncnc2c1ncn2C1OC2COP(=O)(O)OC2C1O,,0.1732269674539566
5553,C[C@]12CC[C@@H](O)C[C@H]1CC[C@@H]1[C@@H]2C(=O)C[C@@]2(C)[C@H]1CC[C@]2(O)C(=O)CO,,0.17322835326194763
6412,O=C(OC1CCCCC1)c1ccccc1C(=O)OC1CCCCC1,,0.17323695123195648
2821,CC(=O)OCC(=O)C1CCC2C3CCC4=CC(=O)CCC4(C)C3CCC12C,,0.17324110865592957
3054,COc1cc(C)nc(-n2nc(C)cc2OC)n1,,0.1732635200023651
6251,C=C1CC[C@@H](C)C(C)(C)[C@H]1C=CC(C)=O,,0.1732730120420456
7299,CC(=O)Nc1ccc([N+](=O)[O-])cc1,,0.17327788472175598
8969,CC(=NO)c1ccc(F)cc1,,0.1732863485813141
9058,O=[N+]([O-])c1ccc(F)cc1,,0.17331750690937042
4981,O=C(O)CCCC=CCC1C2CCC(O2)C1CNNC(=O)Nc1ccccc1,,0.17332370579242706
5210,Cc1ccc(C(=O)C(C)CN2CCCCC2)cc1,,0.1733245849609375
3491,O=P(O)(O)C(NC1CCCCCC1)P(=O)(O)O,,0.1733599752187729
5761,CN(C)CCc1c[nH]c2ccccc12,,0.17336127161979675
8709,c1cc2cc[nH]c2cn1,,0.17336887121200562
6503,Nc1ccccc1C(=O)OCCC1CCCCN1,,0.1733948290348053
4930,CCC(C)(C)C(=O)OC1CC(C)C=C2C=CC(C)C(CCC(O)CC(O)CC(=O)O)C21,,0.1733991503715515
4562,CC(/N=C(\NC#N)Nc1ccncc1)C(C)(C)C,,0.1734217405319214
6581,NC(=O)c1ccccc1C(N)=O,,0.17342212796211243
9707,O=C(O)c1ccncc1C(=O)O,,0.17342634499073029
9400,O=C(CF)c1ccccc1,,0.1734502911567688
1192,CCC1C(=O)N(S(=O)(=O)c2ccc(C)cc2)C1C(=O)O,,0.17346630990505219
2787,[H]/N=C(\N)N1CCc2ccccc2C1,,0.17356230318546295
3213,COCCCCC(=NOCCN)c1ccc(C(F)(F)F)cc1,,0.17356239259243011
8479,CC1=CC(C)(C)Nc2ccccc21,,0.17357243597507477
3985,CNC(=O)C(CCc1ccccc1)NC(=O)C(CC(=O)NO)CC(C)C,,0.17359058558940887
7336,O=Nc1ccc(O)cc1,,0.17360173165798187
8024,CC=Cc1ccc2c(c1)OCO2,,0.1736661046743393
3349,COC1CCC(OC2CC(C3CCC(C4OC(C)(O)C(C)CC4C)O3)OC2C2(C)CC(C)C3(OC(CC4OC(O)(C(C)C(=O)O)C(C)C(OC)C4C)CC(OC)C3C)O2)OC1C,,0.17367838323116302
6749,CC=Cc1ccc(OC)c(OC)c1,,0.17367996275424957
945,O=C(O)c1ccccc1C(=O)O,,0.17369140684604645
5762,CCN(CC)CCc1c[nH]c2ccccc12,,0.1737152636051178
1846,CC(=O)Nc1ccc(O)cc1,,0.1737164705991745
5589,CC1(C)S[C@@H]2[C@H](NC(=O)Cc3ccccc3)C(=O)N2[C@H]1C(=O)O,,0.17375685274600983
6421,CCCCCCOC(=O)c1ccccc1C(=O)OCCCCCC,,0.1737767457962036
5403,Cc1cc(C(C)(C)C)cc(C)c1CC1=NCCN1,,0.1738278716802597
7091,CCc1ccc([N+](=O)[O-])cc1,,0.17385751008987427
4328,COC(=O)CCCCC(CCSSC(CCO)=C(C)N(C=O)Cc1cnc(C)nc1N)SC(C)=O,,0.17391563951969147
9921,C[C@]12CC[C@H](O)CC1=CCC1C2CC[C@]2(C)C(C3=CC(=O)OC3)CC[C@]12O,,0.17396865785121918
2446,NC(C(=O)NC1C(=O)N2C(C(=O)O)=C(Cl)CSC12)c1ccccc1,,0.17400139570236206
6760,COc1ccc(CC(=O)O)cc1OC,,0.174003466963768
2100,CC(C)NCC(O)COc1ccc(CC(N)=O)cc1,,0.17404592037200928
5223,c1cc2c(c(NC3=NCCN3)c1)CCCC2,,0.1740615963935852
8301,O=Cc1ccc(O)c(O)c1,,0.1740642488002777
6097,C[C@]1(O)CC[C@H]2[C@@H]3CCC4=CC(=O)CC[C@]4(C)[C@@]3(F)[C@@H](O)C[C@@]21C,,0.17408576607704163
7934,CCCCC(CC)COC(=O)c1ccccc1C(=O)OCC(CC)CCCC,,0.17410223186016083
4381,Cc1cc(C(C)(C)C)c(O)c(C)c1CC1=NCCN1,,0.17412380874156952
5890,C#C[C@]1(O)CC[C@H]2[C@@H]3CCC4=C(CCC(=O)C4)[C@H]3CC[C@@]21C,,0.17412538826465607
624,Cc1nc2c(=O)[nH]c(=O)nc-2n(CC(O)C(O)C(O)CO)c1C,,0.1741405427455902
8145,CCCCOC(=O)c1ccccc1C(=O)O,,0.17417539656162262
7466,O=CC=O,,0.1742064505815506
2,O=C(O)C1=CC=CC(O)C1O,,0.17421241104602814
8242,CCCOC(=O)c1ccc(C(=O)OCCC)nc1,,0.17423313856124878
2430,NCC1OC(OC2C(CO)OC(OC3C(N)C(O)CC(N)C3OC3OC(CO)C(O)C(O)C3N)C2O)C(N)C(O)C1O,,0.17427220940589905
737,c1ccc2[nH]ccc2c1,,0.17435473203659058
6939,CC(C)=CC1C(C(=O)OC2CC(=O)C(C3C=CCC3)=C2C)C1(C)C,,0.1744087189435959
5633,CC(=O)OCC(=O)[C@H]1CC[C@H]2[C@@H]3CCC4=CC(=O)CC[C@]4(C)[C@H]3CC[C@]12C,,0.1744227409362793
8005,COc1ccc(C=O)cc1OC,,0.17443010210990906
2359,Cn1c(=O)c2c(ncn2C)n(C)c1=O,,0.17444835603237152
982,Cc1ncc(COP(=O)(O)O)c(CO)c1O,,0.17445804178714752
2205,COc1ccc2c(c1)OC(O)C(=O)N2O,,0.17446571588516235
6380,CCC(CC[C@H](C)[C@H]1CC[C@H]2[C@@H]3CC=C4C[C@@H](O)CC[C@]4(C)[C@H]3CC[C@]12C)C(C)C,,0.1745116114616394
7038,O=C(O)c1cc(O)[nH]c(=O)c1,,0.17453493177890778
5675,CC12CC[C@@H]3c4ccc(O)cc4CCC3[C@@H]1CC[C@H]2O,,0.17453783750534058
3816,CC(=O)C1CCC2C3CC(C)C4=CC(=O)CCC4(C)C3C(O)CC12C,,0.17457148432731628
8941,Cl.OC(CNc1ccccn1)c1ccccc1,,0.17459754645824432
6414,CCCCOC(=O)c1ccccc1C(=O)OC1CCCCC1,,0.1746138483285904
5690,CC(CN1c2ccccc2Sc2ccccc21)N(C)C.Cl,,0.17464691400527954
5481,O=c1[nH]c(=O)n([C@H]2C[C@H](O)[C@@H](CO)O2)cc1F,,0.17468759417533875
9057,CC(=O)c1cccnc1,,0.17470553517341614
6417,CC(C)COC(=O)c1ccccc1C(=O)OCC(C)C,,0.1747075915336609
5091,Clc1cnc(Oc2ccc(Oc3ncc(Cl)cc3Cl)cc2)c(Cl)c1,,0.1747114062309265
9688,Cc1cc(C)c(C=O)c(C)c1,,0.1747492104768753
1345,CCCCCC(=O)C=CC1C(O)CC(=O)C1CC=CCCCC(=O)O,,0.1747620552778244
8132,CCCCCOC(=O)c1ccccc1C(=O)OCCCCC,,0.1747637540102005
2589,C/N=C(\NC#N)NCCSCc1nc[nH]c1C,,0.1747862547636032
4655,CC(=O)C1CCC2C3CCC4=CC(=O)CCC4(C)C3CCC12C,,0.1748173087835312
1712,CCCCCC=CCC=CCC=CC=CC(=O)CCCC(=O)O,,0.1748453676700592
5544,C#C[C@]1(O)CC[C@H]2[C@@H]3CCC4=CCCC[C@@H]4[C@H]3CC[C@@]21C,,0.17488981783390045
9068,CCN(CC)CCOC(=O)COc1ccc(F)cc1,,0.17489784955978394
9983,C[C@]12CC[C@H](O)C[C@@]1(O)CC[C@@H]1[C@@H]2CC[C@]2(C)[C@@H](C3=CC(=O)OC3)CC[C@]12O,,0.1749265193939209
3074,CC(=O)Oc1ccc2c(c1)CCC1C2CCC2(C)C(OC(C)=O)CCC12,,0.17494331300258636
1369,COC1C(O)C(C)OC(OC2CCC3(C)C(CCC4C3CCC3(C)C(C5=CC(=O)OC5)CCC43O)C2)C1OC(C)=O,,0.17495712637901306
2682,CCC(C)C(=O)OC1CCC=C2C=CC(C)C(CCC3CC(O)CC(=O)O3)C21,,0.1749897003173828
1347,CCCCCC(=O)C=CC=CCC=CCC=CCCCC(=O)O,,0.17500802874565125
5489,c1ccc2[nH]cnc2c1,,0.17501157522201538
9048,Fc1ccccc1CCl,,0.17504367232322693
4309,CC(C)=CCCC(C)=CCCC(C)=CCCC(C)=CCCC(C)=CCc1cc(O)ccc1O,,0.17504645884037018
2007,Cn1c(=O)c2[nH]cnc2n(C)c1=O,,0.175052210688591
4712,CN(C)CCc1c[nH]c2cccc(O)c12,,0.17506331205368042
3280,CN1C(=O)C23CC4=CC=CC(O)C4N2C(=O)C1(CO)SS3,,0.1751001626253128
2184,CCOC(=O)c1ccc(N)cc1,,0.1751050502061844
3228,CC(O)(C=CC1CC=CC(=O)O1)C(CC(O)C=CC=CC=CCO)OP(=O)(O)O,,0.17511431872844696
8924,[H]/N=C(\N)N(CC)c1ccccc1,,0.1751570701599121
671,NC(CCCCNC1OC(COP(=O)(O)O)C(O)C(O)C1=O)C(=O)O,,0.1751667559146881
4815,COc1ccc(C2CNC(=O)C2)cc1OC1CCCC1,,0.1751735359430313
3175,Nc1[nH]c(=O)ncc1F,,0.1751752644777298
4618,CC(=O)Nc1ccc(OCC(O)CNC(C)C)cc1,,0.17518071830272675
1104,COc1cc(C=O)ccc1O,,0.175182044506073
479,Nc1ccn(C2OC(COP(=O)(O)OP(=O)(O)OCC(O)CO)C(O)C2O)c(=O)n1,,0.17519348859786987
973,NC(=O)c1cnccn1,,0.17519517242908478
5816,O=C(CCCN1CCC2(CCCCCC2)CC1)c1ccc(F)cc1,,0.1752125471830368
7067,COC(=O)c1ccc(O)cc1,,0.17526580393314362
7297,CCCCCCCCCCCCCCCCCC(=O)Nc1ccc(O)cc1,,0.17526796460151672
2046,CC12CCC3C(CCC4=CC(=O)CCC43C)C1CCC2=O,,0.17527037858963013
1270,FC(F)(F)c1ccccc1-n1ccnc1,,0.17529164254665375
2196,CC1(C)SC2C(NC(=O)Cc3ccccc3)C(=O)N2C1C(=O)O,,0.17534130811691284
6516,CN(C)Cc1c[nH]c2ccccc12,,0.17535415291786194
5197,Cc1ccc(C(C)OC(=O)C2CCC(C)(C(=O)O)C2(C)C)cc1,,0.1753639578819275
18,O=C(O)CCc1cccc(O)c1O,,0.17536407709121704
4688,CCCCCC(O)C=CC1=C(CCCCCCC(=O)O)C(=O)CC1,,0.1753685623407364
1201,C=C1C(=O)OC2C=C(C)CCC=C(C(=O)O)CCC=C(C)CCC12,,0.175374373793602
4404,O=C(O)Cc1ccc([N+](=O)[O-])cc1,,0.17538540065288544
877,[N-]=[N+]=O,,0.17541727423667908
3767,C[N+](C)(C)c1cccc(C(O)(O)C(F)(F)F)c1,,0.17544671893119812
5962,C[N+](C)(CCO)C(=O)Cc1ccc(-c2ccc(CC(=O)[N+](C)(C)CCO)cc2)cc1.[Br-].[Br-],,0.17546211183071136
9706,CCC(C)c1cnc(CC(C)C)c(=O)n1O,,0.17546427249908447
8888,C[C@H]1C(=O)O[C@@H]2CCN3CC=C(COC(=O)[C@](C)(O)[C@]1(C)O)[C@H]23,,0.17549894750118256
9799,COC1=CC(=O)OC(C=Cc2ccccc2)C1,,0.17553836107254028
5821,O=C(CCCN1CCC2(CCCCC2)CC1)c1ccc(F)cc1,,0.17556393146514893
1093,O=c1ccn(C2OC(COP(=O)(O)O)C(O)C2O)c(=O)[nH]1,,0.17556758224964142
1086,O=c1ccn(C2OC(COP(=O)(O)OP(=O)(O)OC3OCC(O)C(O)C3O)C(O)C2O)c(=O)[nH]1,,0.1755904108285904
5455,CCN(CC)CCOC(=O)C(c1ccccc1)c1ccccc1.Cl,,0.17561307549476624
1087,O=c1ccn(C2OC(COP(=O)(O)OP(=O)(O)OC3OC(CO)C(O)C(O)C3O)C(O)C2O)c(=O)[nH]1,,0.1756218820810318
2583,CC1(COc2ccc(CC3SC(=O)NC3=O)cc2)CCCCC1,,0.17564038932323456
8469,CC(C)CCCOC(=O)c1ccccc1C(=O)OCCCC(C)C,,0.17564457654953003
634,Cc1cn(C2CC(O)C(COP(=O)(O)OP(=O)(O)OC3OC(CO)C(O)C(O)C3O)O2)c(=O)[nH]c1=O,,0.1756693422794342
5868,COc1ccc(C=O)o1,,0.17568401992321014
9044,CN(C)Cc1c[nH]c2ccc(F)cc12,,0.17571909725666046
2819,C#CC1(O)C=CC2C3CCC4=CC(=O)CCC4C3CCC21CC,,0.17572762072086334
9300,NC(=O)N(CCO)N=Cc1ccc([N+](=O)[O-])o1,,0.1757378727197647
2464,CON=C(C(=O)NC1C(=O)N2C(C(=O)O)=C(CSc3nc(C)c(CC(=O)O)s3)CSC12)c1csc(N)n1,,0.17575187981128693
4626,O=C(C1CCCCC1)N1CC(=O)N2CCc3ccccc3C2C1,,0.1757720708847046
4754,CC(Cc1ccccc1)NCCCc1ccccc1,,0.1757802665233612
3741,CCC(C)C(=O)OC1CC(C)C=C2C=CC(C)C(CCC3CC(O)CC(=O)O3)C21,,0.17580685019493103
9792,O=C(O)c1cccc(C(=O)O)n1,,0.17581364512443542
6844,Cc1cc2ccccc2[nH]1,,0.17581744492053986
26,NC(=CC=CC=O)C(=O)O,,0.17583459615707397
6396,NC(=O)C1CCN(CCCN2c3ccccc3Sc3ccc(Cl)cc32)CC1,,0.1759086400270462
6621,O=Cc1ccccc1O,,0.17591364681720734
8543,CC1(C)N=C(N)N=C(N)N1c1ccc(Cl)cc1,,0.17593549191951752
8460,CC(=O)[C@H]1CC[C@H]2[C@@H]3CC=C4C[C@@H](O)CC[C@]4(C)[C@H]3CC[C@]12C,,0.17593787610530853
6797,CC(C)COC(=O)c1ccc(N)cc1,,0.17596019804477692
6416,CCOC(=O)c1ccccc1C(=O)OCC,,0.17596393823623657
328,OCC1OC(Oc2ccc(O)cc2)C(O)C(O)C1O,,0.17598046362400055
9366,C[C@]12CC(=CO)C(=O)C[C@@H]1CC[C@@H]1[C@@H]2CC[C@@]2(C)[C@H]1CC[C@]2(C)O,,0.17600154876708984
1573,Nc1ccc(OC2OC(CO)C(O)C(O)C2O)cc1,,0.17600326240062714
1776,Nc1ncnc2c1nc(Sc1ccc(Cl)cc1)n2C1OC2COP(=O)([O-])OC2C1O,,0.17600660026073456
122,O=C(O)Cc1ccc(O)cc1,,0.17602331936359406
7033,O=C(O)c1cccc(O)c1,,0.1760316789150238
9040,NC(Cc1ccccc1N(CCCl)CCCl)C(=O)O,,0.1761104166507721
2977,O=C1NCC(OCCCCN2CCCCC2)c2ccccc21,,0.17612363398075104
1738,CN(C)c1ncnc2[nH]ccc12,,0.17612618207931519
2531,CC(=O)NCCCCC1NC(=O)C2CCCN2C(=O)C(C(C)C)NC(=O)C(Cc2ccccc2)NC1=O,,0.17614781856536865
5136,Cn1cnc2c1c(=O)[nH]c(=O)n2C,,0.17618612945079803
2907,Cc1ncc([N+](=O)[O-])n1C,,0.1762133538722992
993,O=C(O)c1cccnc1C(=O)O,,0.17621833086013794
3721,C[N+]1(C)CCCC(=C(c2cccs2)c2cccs2)C1,,0.17626714706420898
6787,CC(=O)CC(=O)c1ccccc1,,0.1762719601392746
3158,NC(=O)C1CC2(NC(=O)NC2=O)c2cc(F)ccc2O1,,0.17628107964992523
2034,N#CC(OC1OC(COC2OC(CO)C(O)C(O)C2O)C(O)C(O)C1O)c1ccccc1,,0.17629298567771912
8415,CC=CC=CC=O,,0.17629529535770416
3196,CC1(O)CCC2C3CCC4=CC(=O)CCC4(C)C3(F)C(O)CC21C,,0.1763048768043518
2939,CC(N)(Cc1ccc(O)cc1)C(=O)O,,0.17631693184375763
9160,Cc1cccc(C)c1OC(C)C[N+](C)(C)C.O.[Cl-],,0.1763172745704651
6385,Oc1cccc2c(O)cccc12,,0.17632350325584412
2453,CC(=O)OCC1=C(C(=O)O)N2C(=O)C(NC(=O)CSc3ccncc3)C2SC1,,0.1763308197259903
636,Cc1cn(C2CC(O)C(COP(=O)(O)OP(=O)(O)OC3OC(C)C(O)C(O)C3O)O2)c(=O)[nH]c1=O,,0.17633560299873352
9816,O=C(O)CCc1ccc(O)cc1,,0.17634394764900208
2416,CC(C)c1cc2c(c(O)c1O)C13CCCC(C)(C)C1CC2OC3=O,,0.17634885013103485
2403,CC(C)CC(CO)NC(=O)C(CC(C)C)NC(=O)C(CC(C)C)NC(=O)OCc1ccccc1,,0.17638354003429413
2862,CC1OC(n2cnc3c(N)ncnc32)CC1O,,0.1764492690563202
4281,CCC(=CC(CNC(=O)c1cccnc1)=NO)C(C)[N+](=O)[O-],,0.176478773355484
188,NC(=O)c1ncn(C2OC(COP(=O)(O)O)C(O)C2O)c1N,,0.1764795184135437
2325,CCCCOC(=O)c1ccc(N)cc1,,0.17648962140083313
52,CC=CCCC(C)=CCCC(C)=CCCC(C)=CCCC(C)=CCCC(C)=CCCC(C)=CCCC(C)=CCc1cccc(OC)c1O,,0.17649172246456146
3936,CCc1cccc(C)c1N(C(=O)CCl)C(C)COC,,0.1765044629573822
8211,COc1ccccc1C=O,,0.176504984498024
9801,O=C(O)C(=O)Nc1ccccc1,,0.17652562260627747
2198,CC(C)COCC(CN(Cc1ccccc1)c1ccccc1)N1CCCC1,,0.1765352487564087
5717,O=c1[nH]c2ccccc2o1,,0.17654243111610413
6646,C=C(C)C(=O)C(=CC(=O)O)OC,,0.17655278742313385
2735,CC=CCC(C)C(O)C1C(=O)NC(CC)C(=O)N(C)CC(=O)N(C)C(CC(C)C)C(=O)NC(C(C)C)C(=O)N(C)C(CC(C)C)C(=O)NC(C)C(=O)NC(C)C(=O)N(C)C(CC(C)C)C(=O)N(C)C(CC(C)C)C(=O)N(C)C(C(C)C)C(=O)N1C,,0.1765635907649994
8553,OCCc1c[nH]c2ccc(O)cc12,,0.17658731341362
5587,CCN(CC)CCNC(C(=O)OCCC(C)C)c1ccccc1,,0.1765885204076767
3015,CC[N+](C)(C)c1cccc(O)c1,,0.1765887588262558
5351,COc1ccc(C(CN(C)C)C2(O)CCCCC2)cc1,,0.17660662531852722
8129,CCCCCCC(C)OC(=O)c1ccccc1C(=O)OC(C)CCCCCC,,0.17661191523075104
7213,CC(=O)Nc1cccc(N)c1,,0.17665137350559235
7903,O.O=C(O)CCC(=O)Nc1ccc(S(=O)(=O)Nc2nccs2)cc1,,0.17665916681289673
3888,C[N+]1(C)C2CC(OC(=O)C(CO)c3ccccc3)CC1C1OC12,,0.17667850852012634
6569,Cc1ccccc1[N+](=O)[O-],,0.17674891650676727
5706,NC[C@H]1O[C@H](O[C@H]2[C@H](O)[C@@H](O[C@H]3O[C@H](CO)[C@@H](O)[C@H](N)[C@H]3O)[C@H](N)C[C@@H]2N)[C@H](O)[C@@H](O)[C@@H]1O,,0.17677590250968933
3744,CC(C(=O)O)c1ccc(CC2CCCC2=O)cc1,,0.1768224537372589
9158,CCCCC[C@H](O)C=C[C@H]1[C@H](O)CC(=O)[C@@H]1CC=CCCCC(=O)O,,0.17694169282913208
3439,COc1c2c(cc3c1OCO3)CCN(C)C2,,0.17695195972919464
2692,C=CC(=C)CCC1(C)C(C)CC(OC(=O)CCCCCCCCC)C23C(=CC(O)CC12)C(OC(C)=O)OC3OC(C)=O,,0.17695394158363342
3662,Nc1ccn(C2CSC(CO)O2)c(=O)n1,,0.17698612809181213
6597,Cc1ccc(O)c(C(=O)O)c1,,0.1769873946905136
2845,CCCCOC(=O)c1ccccc1C(=O)OCCCC,,0.177021786570549
7087,COc1ccc(C(C)=O)cc1,,0.1770644336938858
12,CCCCCC(=O)C=CC1C(O)CC(=O)C1CCCCCCC(=O)O,,0.17706461250782013
6136,C[Si]1(c2ccccc2)O[Si](C)(c2ccccc2)O[Si](C)(c2ccccc2)O[Si](C)(c2ccccc2)O1,,0.17708291113376617
6374,Cc1cccc(C(=O)O)c1O,,0.17710420489311218
1564,CCCn1c(=O)[nH]c(=O)c2[nH]cnc21,,0.177110493183136
2215,C/N=C(\NC)NCc1ccccc1,,0.17712904512882233
730,O=c1nc[nH]c2nc[nH]c12,,0.1771387755870819
37,CSCCC(=O)C(O)=COP(=O)(O)O,,0.17718787491321564
6588,CCCCCCCCCCOC(=O)c1ccccc1C(=O)OCCCC,,0.1772022843360901
5748,Nc1ncnc2c1ncn2[C@@H]1O[C@@H]2COP(=O)(O)O[C@H]2[C@H]1O,,0.17723685503005981
5196,CCN(CC)C(=O)c1cccnc1,,0.17727336287498474
4138,CN(CC(=O)O)S(=O)(=O)c1ccccc1,,0.17732298374176025
8776,CC(N)Cc1c[nH]c2ccccc12,,0.17734090983867645
7089,COc1ccc(C(=O)O)cc1,,0.17736339569091797
1935,CCc1cccc(CC)c1N(COC)C(=O)CCl,,0.17739592492580414
2461,COC1(NC(=O)CSCC#N)C(=O)N2C(C(=O)[O-])=C(CSc3nnnn3C)CSC21,,0.17741307616233826
1563,Cc1cn(C2CC(O)C(CO)O2)c(=O)n(C)c1=O,,0.1774153858423233
5815,CC1CCCC2(CCN(CCCC(=O)c3ccc(F)cc3)CC2)C1,,0.17742641270160675
5819,CC1CCC2(CC1)CCN(CCCC(=O)c1ccc(F)cc1)CC2,,0.17746973037719727
5812,CCC(=O)OC1(c2ccccc2)C[C@H](C)N(C)C[C@H]1C,,0.1774766892194748
2773,C#CC1(O)CCC2C3CCC4=Cc5oncc5CC4(C)C3CCC21C,,0.1775117963552475
6930,O=C(O)[C@H](O)[C@@H](O)[C@H](O[C@@H]1O[C@H](CO)[C@H](O)[C@H](O)[C@H]1O)[C@H](O)CO,,0.17751379311084747
1511,CNC(C)Cc1ccc2c(c1)OCO2,,0.17754875123500824
4604,NC(=O)OCC(O)C(O)C(N)C(=O)NC(C(=O)O)C1OC(n2cc(C(=O)O)c(=O)[nH]c2=O)C(O)C1O,,0.17756305634975433
5203,c1ccc(CC2=NCCN2)cc1,,0.17757682502269745
3452,CNC1CC(N)C(O)C(OC2OC(CO)C(O)C3OC4(OC(C(N)CO)C(O)C(O)C4O)OC23)C1O,,0.1776028871536255
1532,NCC(CP(=O)(O)O)c1ccc(Cl)cc1,,0.1776060163974762
2320,O=C1CC2(CCCC2)CC(=O)N1CCCCN1CCN(c2ncccn2)CC1,,0.17762722074985504
8868,CCOP(=O)(OCC)Oc1ccc([N+](=O)[O-])cc1,,0.17764252424240112
7320,c1ccc(OCCOc2ccccc2)cc1,,0.17767174541950226
3619,O=C1NC2C(O)C(O)C(O)C(CO)N2C1=O,,0.17770391702651978
8718,c1ccc2ocnc2c1,,0.17778074741363525
6795,CCCOC(=O)c1ccc(N)cc1,,0.1777905821800232
1735,O=c1cnn(C2OC(COP(=O)(O)O)C(O)C2O)c(=O)[nH]1,,0.17782388627529144
1946,C=C1C(=O)C(CC2C(=O)CC3C4CCC(C)C23CC4(C)C)C2C3CCC(C)C12CC3(C)C,,0.17788465321063995
5817,CC(C)(C)C1CCC2(CC1)CCN(CCCC(=O)c1ccc(F)cc1)CC2,,0.17790359258651733
8248,CC(Cc1ccc2c(c1)OCO2)NCC(O)c1ccc(O)c(O)c1.Cl,,0.17790769040584564
1366,CC1OC(n2cnc3c(N)ncnc32)CC1OP(=O)(O)O,,0.17795880138874054
2459,CON=C(C(=O)NC1C(=O)N2C(C(=O)O)=C(C[N+]3(C)CCCC3)CSC12)c1csc(N)n1,,0.1779942810535431
1966,CC(N)(Cc1cccc(O)c1)C(=O)O,,0.1779949963092804
1851,CCOCN(C(=O)CCl)c1c(C)cccc1CC,,0.1780165582895279
7099,O=C(O)c1ccc(C(=O)O)cc1,,0.1780257225036621
3942,CCC(C)C(=O)OC1CC(C)C=C2C=CC(C)C(CCC3CCCC(=O)O3)C21,,0.17803727090358734
767,N#[N+]C=C(O)OCC(N)C(=O)O,,0.1780860871076584
3511,CC1=CC23C(=O)C(C=C(CO)C(O)C2(O)C1O)C1C(CC3C)C1(C)C,,0.17809388041496277
4810,CCCCOc1cc(CC2CNC(=O)N2)ccc1OC,,0.17814800143241882
8130,CCCOC(=O)c1ccccc1C(=O)OCCC,,0.17816147208213806
9296,Cc1ccc(NC(=O)CF)cc1,,0.17817288637161255
2798,CCCCCc1cc(O)c2c(c1)OC(C)(C)C1CC=C(C)CC21,,0.17820166051387787
1346,CCCCCC(=O)C=CC1C(O)CC(O)C1CC=CCCCC(=O)O,,0.1782260537147522
2307,CC12CCC(O)CC1CCC1C2CCC2(C)C(c3ccc(=O)oc3)CCC12O,,0.17824390530586243
969,O=c1[nH]cc(C2OC(COP(=O)(O)O)C(O)C2O)c(=O)[nH]1,,0.17826269567012787
4982,CCCCC=CCC1C2CCC(O2)C1CNNC(=O)Nc1ccccc1,,0.1782633364200592
1798,Nc1ncnc2c1ncn2C1CCCCO1,,0.1782708615064621
9505,C[C@]12CC[C@@H](O)C[C@H]1CCC1C2C(O)C[C@]2(C)[C@@H](C3=CC(=O)OC3)CC[C@]12O,,0.17827573418617249
8071,O=[N+]([O-])N1CN([N+](=O)[O-])CN([N+](=O)[O-])C1,,0.1782798022031784
5185,C[N+]12CCCCC1CCC(=C(c1cccs1)c1cccs1)C2,,0.17828699946403503
8713,c1ccc2occc2c1,,0.17831242084503174
974,O=C(O)c1cnccn1,,0.17834827303886414
4121,CCN1C(=O)C=CC1=O,,0.17835970222949982
9518,CCC(C)C(=O)O[C@H]1C(O)C2C(CN3C[C@@H](C)CC[C@H]3[C@@]2(C)O)C2C[C@@]34O[C@@]5(O)C(CC(O)C3[C@@]21O)[C@]4(C)CC[C@@H]5OC(C)=O,,0.17836979031562805
4980,Nc1ncnc2c1ncn2C1CCCO1,,0.17843379080295563
21,NC(C(=O)O)=C(C=CC=O)C(=O)O,,0.17844261229038239
7266,c1ccc(COCc2ccccc2)cc1,,0.17847514152526855
4856,NC(CCC(=O)NC(CSCc1ccccc1)C(=O)NCC(=O)O)C(=O)O,,0.17849108576774597
8125,COC(=O)c1ccccc1C(=O)OC,,0.17849421501159668
9493,C=C[N+](C)(C)C.[OH-],,0.17851828038692474
9687,O=C(O)CNC(=O)c1ccccc1O,,0.17853251099586487
3663,Nc1nnc(-c2cccc(Cl)c2Cl)c(N)n1,,0.17853781580924988
4231,COC12CC(COC(=O)c3cncc(Br)c3)CN(C)C1Cc1cn(C)c3cccc2c13,,0.17853988707065582
2532,CC(C)C1NC(=O)C(Cc2ccccc2)NC(=O)C(CCCCCC(=O)O)NC(=O)C2CCCN2C1=O,,0.17856130003929138
1665,CC(C)c1nc(COC(N)=O)n(Cc2ccncc2)c1Sc1cc(Cl)cc(Cl)c1,,0.17858478426933289
6663,N#Cc1ccccc1C#N,,0.17858710885047913
3248,CCCCc1ccc(C(=O)O)nc1,,0.17863400280475616
2732,CN(C)CCOC(=O)C(c1ccccc1)C1(O)CCCC1,,0.1786760687828064
9577,C[C@H](CCC(=O)O)[C@H]1CC[C@H]2[C@@H]3[C@H](O)C[C@@H]4C[C@H](O)CC[C@]4(C)[C@H]3CC[C@]12C,,0.17870040237903595
5990,CCCCC(C#N)(Cn1cncn1)c1ccc(Cl)cc1,,0.17872759699821472
9562,CC(C)=C1C=C2CCC3C(C)(C(=O)O)CCCC3(C)C2CC1,,0.17873623967170715
1162,COc1cc(C(O)C(=O)O)ccc1O,,0.17880398035049438
2948,CN(C)c1ncnc2nc[nH]c12,,0.17881149053573608
157,c1ncc2c(n1)=NCCN=2,,0.17887160181999207
4372,CC[N+]1(C)C2CC(OC(=O)C(CO)c3ccccc3)CC1C1OC12,,0.17891040444374084
5822,CC1CCC2(CCN(CCCC(=O)c3ccc(F)cc3)CC2)C1,,0.17891691625118256
2468,CON=C(C(=O)NC1C(=O)N2C(C(=O)O)=C(COC(C)=O)CSC12)c1csc(N)n1,,0.17894965410232544
4429,Cn1c(=O)[nH]c2ncn(C)c2c1=O,,0.17897187173366547
8711,c1ccc2[nH]ncc2c1,,0.1789970099925995
1334,CCCCC(=O)C=CC=CCCCCCCCC(=O)O,,0.1789984107017517
8930,CC(=O)Oc1cc(C(F)(F)F)ccc1C(=O)O,,0.17900536954402924
2161,CNC(=O)Oc1cccc2c1OC(C)(C)O2,,0.1790313869714737
8098,CCN1CCCC(OC(=O)C(c2ccccc2)c2ccccc2)C1.Cl,,0.17907221615314484
1968,COC(=O)C(C)(N)Cc1ccc(O)cc1,,0.179137721657753
9782,Cc1cc(C)cc(C(=O)O)c1,,0.179177388548851
4038,CN(C)C(=O)N=NC(=O)N(C)C,,0.17918233573436737
5824,O=C(CCCN1CCC2(CCCC2)CC1)c1ccc(F)cc1,,0.17927026748657227
627,Cc1cc2nc[nH]c2cc1C,,0.17928560078144073
7144,CC1CC(OC(=O)C(O)c2ccccc2)CC(C)(C)N1C,,0.17936985194683075
6397,CC(=O)OCCN1CCN(CCCN2c3ccccc3Sc3ccc(Cl)cc32)CC1,,0.1793821156024933
4465,NC1=NC(=O)C(c2ccccc2)O1,,0.1794195920228958
9679,CC1C2CNCC1c1cccc(=O)n1C2,,0.1794271320104599
8084,C[N+](C)(C)Cc1ccccc1.C[O-],,0.1794431209564209
9026,O=C(Nc1ccccc1)C(F)(F)C(F)(F)C(F)(F)F,,0.17948733270168304
6603,Nc1ccc(Cl)cc1[N+](=O)[O-],,0.17949070036411285
7547,C=Cc1cccc(C=C)c1,,0.17956377565860748
5321,CCCCCC=CCC(O)C=Cc1cccc(CC(O)CCCCC)n1,,0.17962494492530823
96,O=Cc1cccc(O)c1,,0.17966125905513763
8241,Nc1ccc(C(=O)OCC(O)CO)cc1,,0.17967288196086884
6452,COC(=O)c1ccccc1C(=O)OCCC(O)CO,,0.17967841029167175
6791,CCOC(=O)CC(=O)c1ccccc1,,0.1796882301568985
9118,CCC1(CC)C(=O)NC(=O)N(c2ccccc2)C1=O,,0.17979618906974792
9298,O=C(CF)Nc1ccc(F)cc1,,0.17981648445129395
7714,CCCCN=C=O,,0.1798330694437027
9540,C[C@]12CCC3C(CC[C@H]4C[C@@H](O)CC[C@]34CO)[C@@]1(O)CC[C@@H]2C1=CC(=O)OC1,,0.17985257506370544
4438,O=C1C=C2C(=CCOC2O)O1,,0.17985495924949646
214,Nc1ccccc1C(=O)O,,0.17986813187599182
9533,CCN1CCCC(OC(=O)C(O)(c2ccccc2)C2CCCC2)C1,,0.17987914383411407
6717,c1ccc(N2CCNCC2)cc1,,0.17994165420532227
3216,CC12CCC3C(CCC4=C(O)C(=O)CCC43C)C1CCC2=O,,0.17998237907886505
4382,COc1ccc2c(c1OC)C13CCN(C)C(C2)C1(O)CCC(O)C3,,0.17999807000160217
4092,CC(=O)NC(CC(C)C)C(=O)NC(C=O)Cc1ccccc1,,0.1800256073474884
3296,C[N+]1(C)CCC(OC(=O)C(O)(c2ccccc2)C2CCCC2)C1,,0.18005304038524628
8944,O=C(CCCCCCCCF)c1ccccc1,,0.1800736039876938
7305,CC(=O)OCCc1ccc([N+](=O)[O-])cc1,,0.18007983267307281
5866,CC(=O)NN=Cc1ccc([N+](=O)[O-])o1,,0.18009023368358612
8020,CCOC(=O)c1ccc(O)cc1,,0.18010833859443665
2740,CC(=O)OC1(C(C)=O)CCC2C3C=C(Cl)C4=CC(=O)C5CC5C4(C)C3CCC21C,,0.1801251471042633
8072,Cc1ccc([N+](=O)[O-])cc1Cl,,0.18018315732479095
7958,CCC(N)Cc1c[nH]c2ccccc12,,0.18020258843898773
4849,[H]N=S(C)(CC(Cc1ccccc1)C(=O)O)=N[H],,0.18021295964717865
5505,NC[C@@H](O)c1ccc(O)c(O)c1,,0.18023332953453064
989,COc1c(O)c(C)c(CC=C(C)CCC=C(C)C)c(O)c1OC,,0.1803256720304489
9081,O=C=NCCCCF,,0.18036308884620667
2847,CCCC(=O)NC1=NC2C(N=CN2C2OC3OP(=O)(O)OC3C2OC(=O)CCC)C(=O)N1,,0.18036463856697083
3418,CN1C2CCC1CC(OC(=O)C(O)c1ccccc1)C2,,0.18038055300712585
7206,O=C(Oc1ccccc1)Oc1ccccc1,,0.18038980662822723
3704,CC[N+](CC)(CC)CC(=O)Nc1c(C)cccc1C,,0.18039943277835846
1675,CN(C)c1nc(N)c(C(=O)N=C(N)N)nc1Cl,,0.18040809035301208
3073,CC12CCC3c4ccc(O)cc4CCC3C1CCC2OC(=O)CCC1CCCC1,,0.18042343854904175
6360,Cc1ncc(CO)c(C(=O)O)c1O,,0.18042364716529846
9695,CCC=CCC1=C(C)CCC1=O,,0.18045130372047424
1167,CN1CCC2(C)c3cc(O)ccc3N(C)C12,,0.18048954010009766
9629,Cc1cc(C)c(C(=O)O)c(C)c1,,0.18049877882003784
4305,CCCCCCCCC=CCCCCCCCC1(O)CC(=O)C=CC1O,,0.18051698803901672
9245,O=C=NCC(F)(F)C(F)(F)C(F)(F)F,,0.18052709102630615
5546,COP(=S)(OC)Oc1ccc(S(=O)(=O)N(C)C)cc1,,0.18054962158203125
3122,CC1C(OC(=O)C(O)c2ccccc2)CCC(C)(C)N1C,,0.18056263029575348
7016,CC(C)(C)c1ccc(C(=O)O)cc1,,0.1806301474571228
7131,C=Cc1ccccn1,,0.18063871562480927
1709,O=c1[nH]c(=O)n(C2OC(CO)C(O)C2O)cc1O,,0.1806589663028717
65,CC(=O)C=CC=C(O)C(=O)O,,0.1806604415178299
412,NC(=O)CCC(=O)c1cccnc1,,0.18072262406349182
2793,Cc1c(O)c(=O)ccn1C,,0.18075427412986755
3241,O=C1OCCN1N=Cc1ccc([N+](=O)[O-])o1,,0.18076351284980774
2494,CON=C(C(=O)NC1C(=O)N2C(C(=O)[O-])=C(COC(N)=O)CSC12)c1ccco1,,0.18079105019569397
4003,CCOC(=O)Nc1c[n+](N2CCOCC2)no1,,0.1808113008737564
5970,CC(C)NCC(O)c1ccc([N+](=O)[O-])cc1.Cl,,0.18085767328739166
4592,CC(C)(C)C(=O)OCOC(=O)C1N2C(=O)C(/N=C/N3CCCCCC3)C2SC1(C)C,,0.1808951050043106
4817,Cn1c([N+](=O)[O-])cnc1COC(N)=O,,0.1808982789516449
6937,O=[N+]([O-])c1cc(S(=O)(=O)Cl)ccc1Cl,,0.18093299865722656
2852,O=C(O)Cc1ccccc1Nc1c(Cl)cccc1Cl,,0.18093878030776978
198,CC(=O)NC1C(O)OC(CO)C(OC2OC(COC3(C(=O)O)CC(O)C(NC(C)=O)C(C(O)C(O)CO)O3)C(O)C(O)C2O)C1O,,0.18095402419567108
8812,CC(=O)O[C@]1(C(C)=O)CC[C@H]2C3CCC4=CC(=O)CCC4(C)[C@H]3CCC21C,,0.18095453083515167
1354,O=C(O)CCCC=CCC1C(=O)CC(O)C1C=CC(O)CCc1ccccc1,,0.18097072839736938
3944,CC1COC2(c3ccccc3Cl)c3cc(Cl)ccc3NC(=O)CN12,,0.18097913265228271
5404,C=C1C(=O)C23CC1CCC2C1(C)CCCC(C)(C(=O)O)C1CC3OC(C)=O,,0.181038498878479
9315,O=C=NCCCF,,0.1810525357723236
8026,COC(=O)c1ccc(C(=O)OC)cc1,,0.1811097264289856
1569,NCC#Cc1ccccc1,,0.18112866580486298
5862,Cc1ncc(C[n+]2csc(CCO)c2C)c(N)n1.Cl.[Cl-],,0.18115763366222382
6499,CCOC=C(C(=O)OCC)C(=O)OCC,,0.18116450309753418
8079,COC(=O)c1ccc(OC)cc1,,0.1811760812997818
6254,C=CCCC(=O)C=CC1C(C)=CCCC1(C)C,,0.1811772882938385
8023,O=Cc1ccc2c(c1)OCO2,,0.18123960494995117
5468,COc1cc(C(=O)OCCCN(C)CCN(C)CCCOC(=O)c2cc(OC)c(OC)c(OC)c2)cc(OC)c1OC.Cl.Cl,,0.18124304711818695
2649,Oc1ccc(Cl)c2cccnc12,,0.18125875294208527
226,O=Cc1ccccc1,,0.18126995861530304
3689,CCCCCC=CCC=CC=CC=CC(SCC(NC(=O)CCC(N)C(=O)O)C(=O)NCC(=O)O)C(O)CCCC(=O)O,,0.1812959462404251
2069,CNC1C(OC2(C)OC(CO)C(N)C(O)C2O)OC2CC(N)C(OC3C(N)CC(N)C(O)C3O)OC2C1O,,0.18132847547531128
8080,CC(=O)c1ccc(C)cc1,,0.1813317984342575
644,ON=Cc1cccnc1,,0.18140064179897308
155,N#[N+]C=C(O)CCC(N)C(=O)O,,0.181423619389534
4900,CN1C2CC(OC(=O)C(CO)c3ccccc3)CC1C1OC12,,0.18143609166145325
4446,O=C(O)C(S)=Cc1c[nH]c2ccc(F)cc12,,0.18147671222686768
831,CC(=O)NC(CCC(=O)OP(=O)(O)O)C(=O)O,,0.18154217302799225
7868,CCC1(c2ccccc2)C(=O)NC(=O)N(C)C1=O,,0.18156206607818604
3429,CCCC[N+]1(C)C2CC(OC(=O)C(CO)c3ccccc3)CC1C1OC12,,0.18156392872333527
9522,C[C@]12CC[C@@H](O)C[C@@H]1CCC1C2CC[C@]2(C)[C@@H](C3=CC(=O)OC3)CC[C@]12O,,0.18160590529441833
5768,CN1C(=O)Cc2ccccc21,,0.18163758516311646
1113,C=C(C)CCOP(=O)(O)OP(=O)(O)O,,0.18165996670722961
4783,CC(=O)Oc1cccc(O)c1,,0.18170778453350067
8875,CN(C)CCCN(C)C1CCC2C3CC=C4CC(O)CCC4(C)C3CCC21C,,0.1817161738872528
9680,O=c1cccc2n1CC1CC2CN2CCCC[C@H]12,,0.18172171711921692
6121,CCC(=O)OC1(c2ccccc2)CCN(C)CC1C,,0.18173949420452118
1791,Nc1ncnc2c1nc(CS)n2C1OC2COP(=O)(O)OC2C1O,,0.18174666166305542
408,C[N+]1=CCCC1c1cccnc1,,0.18175314366817474
8874,CC(C)=CCCC(C)[C@H]1CC[C@H]2[C@@H]3CC=C4C[C@@H](O)CC[C@]4(C)[C@H]3CC[C@]12C,,0.1817704439163208
9866,O=C=NCCF,,0.18177616596221924
3738,CCCCCN(CCCCC)C(=O)C(CCC(=O)[O-])NC(=O)c1ccc(Cl)c(Cl)c1,,0.1817825585603714
3861,[H]/N=C(/N=C(N)N)N(C)C,,0.18180519342422485
2967,NC1CCc2cc(O)c(O)cc2C1,,0.18181484937667847
3820,CN(CC1(C)CCCO1)S(=O)(=O)c1ccc(Cl)c(S(N)(=O)=O)c1,,0.18197014927864075
4123,CSCCC(NC=O)C(=O)NC(CC(C)C)C(=O)NC(Cc1ccccc1)C(=O)O,,0.18197759985923767
8832,Cl.NNc1nncc2ccccc12,,0.1819913387298584
5166,CC(=O)Oc1cc(C(C)C)c(O)cc1C,,0.1819991022348404
8320,O=C(NNc1ccccc1)NNc1ccccc1,,0.18200014531612396
5339,O=c1ccn(C2OC(CO)C(OP(=O)(O)O)C2O)c(=O)[nH]1,,0.18201375007629395
5412,Nc1ccn(C2CCC(CO)O2)c(=O)n1,,0.18204128742218018
7081,Cc1ccc(C(=O)O)cc1,,0.18204350769519806
5338,O=c1ccn(C2OC(CO)C(O)C2OP(=O)(O)O)c(=O)[nH]1,,0.1820567399263382
6741,CCN(CC)c1ccc(N)cc1,,0.1820652037858963
9420,CC(=O)c1cccc(F)c1,,0.18208685517311096
1567,NC(=O)c1cccc(N=O)c1,,0.1820904165506363
774,CNCC(O)c1ccc(O)c(O)c1,,0.18219271302223206
3077,CCCCC(=O)OC1CCC2C3CCc4cc(O)ccc4C3CCC12C,,0.18222282826900482
105,O=C(O)C(=O)CS(=O)O,,0.18224599957466125
2698,CCOP(=S)(OCC)Oc1ccc2c(C)c(Cl)c(=O)oc2c1,,0.1822674721479416
8070,O=[N+]([O-])c1cccc(Cl)c1,,0.1822987049818039
414,O=C(O)CCC(=O)c1cccnc1,,0.18230228126049042
86,O=C(O)CCc1cccc(O)c1,,0.18230430781841278
116,CC(O)(CO)C(O)COP(=O)(O)OP(=O)(O)OCC1OC(n2ccc(N)nc2=O)C(O)C1O,,0.18231086432933807
7937,CCCCCCCCOC(=O)c1ccccc1C(=O)OCCCCCCCC,,0.18232591450214386
2846,CCCC(=O)NC1=NC2C(N=CN2C2OC3OP(=O)([O-])OC3C2OC(=O)CCC)C(=O)N1,,0.18234345316886902
127,CC(C)(COP(=O)(O)O)C(O)C(=O)NCCC(=O)NC(CS)C(=O)O,,0.1823616921901703
5580,OC[C@H]1O[C@@H](n2cnc3cc(Cl)c(Cl)cc32)[C@H](O)[C@@H]1O,,0.182434543967247
1930,CCC1C2CC3C4N(C)c5ccccc5C45CC(C2C5O)N3C1O,,0.18243874609470367
1633,NC(=[NH2+])c1cc2c(I)cccc2s1,,0.18244357407093048
6804,CCCCOC(=O)c1ccc(O)cc1,,0.1824588030576706
7083,CN(C)c1ccc(N)cc1,,0.1824890673160553
1862,CCC(C(=O)NC(=O)NC(C)=O)c1ccccc1,,0.18250314891338348
6567,NC(=O)c1ccccc1N,,0.1825103461742401
6505,CCOC(=O)c1ccccc1N,,0.18255175650119781
63,O=C(O)C(=O)C(O)C(O)C(=O)CO,,0.1825842261314392
4056,FC(F)(F)c1cccc(N2CCNCC2)c1,,0.1825948804616928
5290,Cc1c(C)c2c(c(C)c1O)CCC(C)(CC(=O)O)O2,,0.18260250985622406
4957,CC(CCC(=O)NCCS(=O)(=O)[O-])C1CCC2C3C(O)CC4CC(O)CCC4(C)C3CC(O)C12C.[Na+],,0.1826312392950058
5567,C[C@]12CC[C@H](O)CC1=CC[C@@H]1[C@@H]2CC[C@]2(C)C(=O)CC[C@@H]12,,0.18263258039951324
7256,c1ccc(CCc2ccccc2)cc1,,0.18267308175563812
806,OCC1OC(OC2C(CO)OC(OC3C(CO)OC(OC4C(CO)OC(O)C(O)C4O)C(O)C3O)C(O)C2O)C(O)C(O)C1O,,0.18269450962543488
2490,Nc1nc(C(=CCC(=O)O)C(=O)NC2C(=O)N3C(C(=O)O)=CCSC23)cs1,,0.18269968032836914
5688,CC12CCC(=O)C=C1CCC1C2CCC2(C)C(OC(=O)CCC3CCCC3)CCC12,,0.18273189663887024
8032,c1ccc2sc(SSc3nc4ccccc4s3)nc2c1,,0.1827462911605835
76,O=C(O)C1=CC(=O)C(O)C(O)C1,,0.18278145790100098
5117,CCCCCCC(=O)OC1CCC2C3CCC4=CC(=O)CCC4(C)C3CCC12C,,0.18279778957366943
6845,Cc1nc2ccccc2o1,,0.18280509114265442
2052,COc1ccc(CC2NCC(O)C2OC(C)=O)cc1,,0.18280918896198273
4816,CCCCCCCCCCCCCCCCCC(=O)NCCCCC(NC(=O)CCC(NC(=O)C(C)NC(=O)C(C)OC1C(O)C(CO)OC(O)C1NC(C)=O)C(N)=O)C(=O)O,,0.18283408880233765
3844,CC(O)C(C(=O)O)C1N=C(C(=O)O)C(SC2CNC(C(=O)N(C)C)C2)C1C,,0.18284505605697632
2648,O=C1CN2CCOC2(c2ccccc2Cl)c2cc(Cl)ccc2N1,,0.18288977444171906
316,CC(C)CCCC(C)C1CCC2C3C(O)CC4=CC(=O)CCC4(C)C3CCC12C,,0.18298926949501038
845,O=C(O)CCC(=O)NC(CCCC(=O)C(=O)O)C(=O)O,,0.183000847697258
4480,OCC1OC(n2cnc3c2NC=NCC3O)CC1O,,0.18301193416118622
3676,CC1=CC(=O)OC2CC(CCC(C)C=CCC1)OC(O)(C1CSC(=O)N1)C2,,0.18306997418403625
7062,O=C(Cl)c1cccc(C(=O)Cl)c1,,0.18311677873134613
6,CCn1cnc2c(N)ncnc21,,0.183177188038826
5765,O=C1NCCN1c1ncc([N+](=O)[O-])s1,,0.183188334107399
154,[N-]=[N+]=CC(=O)CCC(N)C(=O)O,,0.18320052325725555
35,CC1(C)COC(=O)C1=O,,0.1832084059715271
117,O=C(O)C=CC(=O)CC(=O)CC(=O)O,,0.1832854449748993
8975,CNC(=O)Oc1cc(C(C)C)cc(C(C)C)c1,,0.18330612778663635
6796,CCCOC(=O)c1ccc(O)cc1,,0.1833091378211975
6651,O=C(c1ccccc1)c1ccc(Br)cc1,,0.18330936133861542
2317,CCCCN1CCCCC1C(=O)Nc1c(C)cccc1C,,0.1833149790763855
1726,O=c1[nH]c2cc(Cl)c(Cl)cc2[nH]c1=O,,0.18334898352622986
5518,COc1ccc(NC(C)=O)cc1,,0.1833634078502655
8547,CC1=CC(=O)C[C@@H]2CCC3C4CCC(O)C4(C)CCC3C12C,,0.1834133416414261
5823,O=C(CCCN1CCC2(CCCC2)C1)c1ccc(F)cc1,,0.1834368109703064
8986,CN(C)C(=O)Nc1ccc(F)cc1,,0.183437317609787
2199,CC#CCC(C)C(O)C=CC1C(O)CC2Oc3c(CCCC(=O)O)cccc3C21,,0.18343746662139893
53,CC(C)=CCCC(C)=CCCC(C)=CCCC(C)=CCCC(C)=CCCC(C)=CCCC(C)=CCCC(C)=CCc1ccccc1O,,0.18345172703266144
1397,O=P(O)(O)OCC1OC(COP(=O)(O)O)C(O)C1O,,0.1834762841463089
7258,CCOC(=O)C=Cc1ccccc1,,0.1835016906261444
8192,COC(=O)c1ccccc1N,,0.1835186779499054
3696,CC(C)(C)NCC(O)COc1cccc2c1CCCC2=O,,0.18352903425693512
5829,CCn1cnc(C(=O)NC)c1C(=O)NC,,0.1835421472787857
7248,Clc1ccc(CSc2ccc(Cl)cc2)cc1,,0.18354442715644836
4493,CCOc1ccc(NC(C)=O)cc1,,0.18356133997440338
3417,C[N+]1(C)C2CCC1CC(OC(=O)C(O)c1ccccc1)C2,,0.1835932433605194
3348,COC1CCC(OC2CC(C3CCC(C4OC(C)(O)C(C)CC4C)O3)OC2C2(C)CC(C)C3(OC(CC4OC(O)(C(C)C(=O)[O-])C(C)C(OC)C4C)CC(OC)C3C)O2)OC1C.[Na+],,0.18361732363700867
9419,O=C(O)c1ccc(C(F)(F)F)cc1,,0.18361900746822357
2491,CON=C(C(=O)NC1C(=O)N2C(C(=O)O)=CCSC12)c1csc(N)n1,,0.18362651765346527
3665,CCCCCCCCC=CCCCCCCCc1cc(O)ccc1O,,0.18363487720489502
3609,C=C1C(=O)C23C(O)CC4C(C)(C)CCC(O)C4(CO)C2CCC1C3O,,0.18364696204662323
2420,CC(C)(C)NCC(O)COc1cccc2c1CCC(=O)N2,,0.18366001546382904
5025,O=C(O)CCC(=O)Nc1ccc(S(=O)(=O)Nc2nccs2)cc1,,0.18368692696094513
7298,COc1ccc(CC(=O)O)cc1,,0.1837015450000763
1708,CC1(CO)OC(C)(n2cc(CO)c(=O)[nH]c2=O)C(C)(C)C1(C)O,,0.1837386041879654
8720,c1ccn2cccc2c1,,0.18374867737293243
9704,C=C1CC[C@@H]2[C@H]([C@@H]3C(C)CCC13)C2(C)C,,0.18378697335720062
5118,CCC(=O)OC1CCC2C3CCC4=CC(=O)CCC4(C)C3CCC12C,,0.18378710746765137
9796,CC1CC(OC(=O)c2ccccc2)CC(C)(C)N1,,0.18383018672466278
4744,CCC(CC)(CC)CC(=O)Nc1c(C)cccc1C,,0.18384413421154022
2129,CSCCC(NC(=O)C(Cc1ccccc1)NCC(NCC(N)CS)C(C)C)C(=O)O,,0.1838587373495102
6904,ClC=C(Cl)CCl,,0.18386590480804443
727,CC(=CCOP(=O)(O)OP(=O)(O)O)CO,,0.18395350873470306
7870,Cc1cc(C2(c3cc(C)c(O)c(Br)c3)OS(=O)(=O)c3ccccc32)cc(Br)c1O,,0.18397869169712067
8577,[N-]=[N+]=CC(=O)CC[C@H](N)C(=O)O,,0.18398518860340118
3039,CC(C)C1OC(=O)C(C(C)C)N(C)C(=O)C(C(C)C)OC(=O)C(C(C)C)N(C)C(=O)C(C(C)C)OC(=O)C(C(C)C)N(C)C1=O,,0.18399108946323395
487,CC(O)(CCOP(=O)(O)OP(=O)(O)O)CC(=O)O,,0.18399454653263092
6757,C=CCc1ccc(OC(C)=O)c(OC)c1,,0.1840071678161621
2278,Brc1c(NC2=NCCN2)ccc2nccnc12,,0.1840488761663437
320,O=C(O)c1ccccc1O,,0.18408805131912231
8025,CNC(=O)Oc1ccc2c(c1)OCO2,,0.18411293625831604
4679,CNC(=O)Oc1ccccc1OC(C)C,,0.1841207891702652
1446,Nc1nc(Cl)nc2c1ncn2C1CC(O)C(CO)O1,,0.18414683640003204
6504,CC(=O)Oc1ccccc1C(=O)OCCO,,0.18417184054851532
7085,O=[N+]([O-])c1ccc(Cl)cc1,,0.1842452436685562
4192,CC12CCC3C4CCC(=O)C=C4CCC3C1CCC2OC(=O)CCC1CCCCC1,,0.18427437543869019
2093,COC(=O)C(Cc1ccccc1)NC(=O)C(N)CC(=O)O,,0.18430031836032867
8316,O=C(O)C=Cc1ccccc1,,0.18430639803409576
7873,CC[N+](C)(C)CCC(C(N)=O)(c1ccccc1)c1ccccc1.[Br-],,0.1843237727880478
7295,CC(C)c1ccc(C(C)CC=O)cc1,,0.18434271216392517
1514,CC(C)CC(CC(=O)NO)C(=O)NC(C(=O)NC(C)C(=O)NCCN)C(C)(C)C,,0.18436811864376068
7023,CC(=O)c1ccccc1,,0.18441955745220184
3024,CC(C)CC(NC(=O)NC(C(=O)NC(CCC(N)=O)C(=O)NC(C)C=O)C1CCN=C(N)N1)C(=O)O,,0.18441981077194214
8462,CC(CCC(=O)NCCS(=O)(=O)O)C1CCC2C3C(O)CC4C[C@H](O)CCC4(C)C3C[C@H](O)C12C,,0.18441998958587646
2404,CNC(=O)Oc1cccc2c1OC(C)(C)C2,,0.1844741851091385
5116,CC12CCC(=O)C=C1CCC1C2CCC2(C)C(O)CCC12,,0.18449203670024872
4666,CC(C)N(C(=O)CCl)c1ccccc1,,0.18451473116874695
7253,COC(=O)C=Cc1ccccc1,,0.18452607095241547
3019,CCCCCCC(C(C)O)n1cnc2c(N)ncnc21,,0.18452635407447815
2440,N#CC(C#N)=NNc1cccc(Cl)c1,,0.18453378975391388
121,O=Cc1ccc(O)cc1,,0.18459026515483856
1510,CC(N)Cc1ccc2c(c1)OCO2,,0.18460869789123535
3576,O=C(Cc1ccsc1-c1ccccc1)NO,,0.1846090406179428
1653,CCCCCC(O)C=CC=CC=CC=CC(O)CCCC(=O)O,,0.18465080857276917
9773,O=C(O)c1cc(=O)c(O)c(C(=O)O)o1,,0.18466565012931824
4564,CC(C)NCC(O)COc1cccc2[nH]ccc12,,0.18466652929782867
5763,CCCN(CCC)CCc1c[nH]c2ccccc12,,0.1846761852502823
2483,COC1=C(C(=O)O)N2C(=O)C(NC(=O)C(N)C3=CCC=CC3)C2SC1,,0.18469907343387604
2582,Cc1cc(C2CCCCC2)n(O)c(=O)c1,,0.1847098469734192
2956,CCOC(=O)Oc1ccc(CCNC(=O)C(CCSC)NC(C)=O)cc1OC(=O)OCC,,0.1847347766160965
8858,CC[N+](C)(C)CCN(C)CC[N+](C)(C)CC,,0.18473581969738007
4191,CCCCCCCCCC(=O)OC1CCC2C3CCC4=CC(=O)CCC4C3CCC12C,,0.1847391426563263
9635,Sc1c[nH]c2ccccc12,,0.18477892875671387
1372,CCCCCCCCC=CCCCCCC(O)Cc1cc(O)ccc1O,,0.18477949500083923
1085,O=c1ccn(C2OC(COP(=O)(O)OP(=O)(O)OC3OC(C(O)CO)C(O)C3O)C(O)C2O)c(=O)[nH]1,,0.18479128181934357
2051,CN1C2CC(OC(=O)C(CO)c3ccccc3)CC1C(O)C2,,0.18480665981769562
8345,CCCCCCCCCCCCCCCC[n+]1ccccc1.[Br-],,0.18480753898620605
3431,CN1CCc2cc3c(cc2C1O)OCO3,,0.18481242656707764
8191,CC1CCC(C(C)C)C(OC(=O)c2ccccc2N)C1,,0.18482047319412231
4160,Cn1cnc2c(NC3CCCC3)ncnc21,,0.18482276797294617
9744,CCCC(=O)c1ccccc1,,0.1848321557044983
3465,CC(C)Cc1ccc(C(C)C(=O)O)cc1,,0.18488389253616333
2549,CC(=O)OC1(C(C)=O)CCC2C3C=C(Cl)C4=CC(=O)CCC4(C)C3CCC21C,,0.184884712100029
2287,CN(C)CCOC(c1ccccc1)c1ccc(Br)cc1,,0.18488948047161102
6674,Cc1[nH]c2ccccc2c1C,,0.18490661680698395
1934,CC(=O)SCC(C)C(=O)N1CCCC1C(=O)NC(Cc1ccccc1)C(=O)O,,0.1849617063999176
1685,Nc1cn(C2CC(O)C(CO)O2)c(=O)[nH]c1=O,,0.18496637046337128
7165,C=CCOc1nc(OCC=C)nc(OCC=C)n1,,0.18497586250305176
3714,CCCCCC(O)C(O)C=CC=CC=CC=CC(O)CCCC(=O)O,,0.1849822849035263
3713,CCCCCC(O)C=CC=CC=CC=CC(O)C(O)CCCC(=O)O,,0.1849822849035263
3909,Cc1ccc(C[N+](C)(C)C)o1,,0.18498986959457397
4432,Cn1c(=O)on(-c2ccc(Cl)c(Cl)c2)c1=O,,0.18499253690242767
6604,O=[N+]([O-])c1cc(Cl)ccc1O,,0.1850011646747589
6513,C=C1CCC=C(C)CC[C@@H]2[C@@H]1CC2(C)C,,0.18509739637374878
2794,CC(=O)N(O)CCCCCNC(=O)CCC(=O)N(O)CCCCCNC(=O)CCC(=O)N(O)CCCCCN,,0.18511688709259033
1881,CC(=O)Nc1ccc(CC(=O)O)cc1,,0.18512408435344696
1161,CN1CCc2cc(Br)c(O)cc2C(c2ccccc2)C1,,0.1851440668106079
1839,CC1OC(NC2C(CO)OC(NC3C(CO)OC(O)C(O)C3O)C(O)C2O)C(O)C(O)C1NC1C=C(CO)C(O)C(O)C1O,,0.1851518154144287
3044,C=C1C(=O)C23CCC4C(C)(C(=O)O)CCCC4(C)C2CCC1C3,,0.18518683314323425
6464,CN(C)CCC(c1ccc(Br)cc1)c1ccccn1,,0.18520168960094452
6111,C[N+]1(C)CCCC(OC(=O)C(O)(c2ccccc2)c2ccccc2)C1.[Br-],,0.18520928919315338
7886,COP(=O)(Oc1ccccc1)Oc1ccccc1,,0.18521475791931152
6252,CC(=O)C=CC1C(C)=CCC(C)C1(C)C,,0.1852305680513382
2828,COc1ccc2c(c1)C13CCCCC1C(C2)N(C)CC3,,0.18524551391601562
4845,NC(Cn1ccc(=O)[nH]c1=O)C(=O)O,,0.18531911075115204
7292,CC(=O)Nc1ccc(C)cc1,,0.1853235960006714
5179,CCS(=O)(=O)CCn1c([N+](=O)[O-])cnc1C,,0.18535377085208893
8945,CC(=O)OCc1ccc2c(c1)OCO2,,0.1853819340467453
3058,CN1CCC2(C)CC(Cc3ccc(O)cc32)C1,,0.18549250066280365
3570,CC(C)NCC(O)c1ccc(O)c(O)c1,,0.18556107580661774
631,NCCc1ccc(O)c(O)c1,,0.18557003140449524
7799,CCCCOCCOCCSC#N,,0.18557170033454895
2834,CC(=O)C1(O)CCC2C3C=C(Cl)C4=CC(=O)C5CC5C4(C)C3CCC21C,,0.18559733033180237
1355,C#CC1(O)CCC2C3CCc4cc(OC5CCCC5)ccc4C3CCC21C,,0.185598686337471
4365,CCC1CC2C3CCC4=CC(=O)CCC4C3CCC2(C)C1O,,0.1857059746980667
51,CC(C)=CCCC(C)=CCCC(C)=CCCC(C)=CCCC(C)=CCCC(C)=CCCC(C)=CCCC(C)=CCc1cccc(O)c1O,,0.18580898642539978
490,O=C(O)CC(O)C(O)C(=O)COP(=O)(O)O,,0.18583668768405914
4658,CC(C)/N=C(\N)N=C(N)Nc1ccc(Cl)cc1,,0.185871422290802
5058,CCC=CCC=CCC=CCCCCCCCC(=O)OCC(COC1OC(CS(=O)(=O)O)C(O)C(O)C1O)OC(=O)CCCCCCCCCCCCCCC,,0.1859310269355774
7973,COc1cc(OC)c([N+](=O)[O-])cc1Cl,,0.18593835830688477
303,OCC1OC(n2cnc3c2NC=NCC3O)C(O)C1O,,0.1859590858221054
28,O=C(O)C=CC=C(C(=O)O)C(=O)O,,0.1859731376171112
606,CC(C)=CCOP(=O)(O)OP(=O)(O)O,,0.18599168956279755
7031,Cc1cccc(C(=O)O)c1,,0.18602301180362701
6924,Cc1cc(O)c(C(C)(C)C)cc1Sc1cc(C(C)(C)C)c(O)cc1C,,0.18603679537773132
6283,CC(C)(OOC(C)(C)c1ccccc1)c1ccccc1,,0.18604806065559387
1356,CC12CCC(=NOCC(=O)O)C=C1CCC1C2CCC2(C)C1CCC2(C)O,,0.18605555593967438
5864,Cc1ccccc1OCC[N+](C)(C)C,,0.1860649734735489
2508,CC1=C(C(=O)O)N2C(=O)C(NC(=O)C(N)C3=CCC=CC3)C2SC1,,0.18607863783836365
6595,CC(=O)Nc1ccccc1C(=O)O,,0.18618366122245789
949,NCc1[nH]cc(CCC(=O)O)c1CC(=O)O,,0.18619446456432343
880,NCC(O)c1ccc(O)c(O)c1,,0.18620294332504272
6840,c1ccc2n[nH]nc2c1,,0.18620488047599792
1320,CCCCCC=CCC(C=CC=CCC=CCCCC(=O)O)OO,,0.18623894453048706
8044,O=[N+]([O-])c1cc(C(F)(F)F)ccc1Cl,,0.18624161183834076
8973,CN(C)C(=O)Nc1cccc(F)c1,,0.18631523847579956
4641,CCCNC(C)C(=O)Nc1ccccc1C,,0.18633288145065308
2175,CC(C)N1C(=O)c2ccccc2NS1(=O)=O,,0.1863364726305008
395,OC1C=CC=CC1O,,0.18635177612304688
8752,c1nncnn1,,0.18641908466815948
3050,CC(C)CC(NC(=O)C(O)C(N)Cc1ccccc1)C(=O)O,,0.18643242120742798
6769,CCC(=O)c1ccccc1,,0.1864524930715561
8834,CC(C)(N)Cc1c[nH]c2ccccc12,,0.18645785748958588
3700,CN1CCC23CCCCC2C1Cc1ccc(O)cc13,,0.18647471070289612
2507,CC(=O)OCC1=C(C(=O)[O-])N2C(=O)C(NC(=O)CSc3ccncc3)C2SC1,,0.18651147186756134
3873,CSCCC(N)C(=O)NC(CC(C)C)C(=O)NC(Cc1ccccc1)C(=O)O,,0.1865759789943695
3267,CCCCC(C)(C)C(O)C=CC1C(O)CC(=O)C1CCCCC=CC(=O)OC,,0.1865803748369217
1813,C=CCN(C)CCCCCCOc1ccc(C(=O)c2ccc(Br)cc2)c(F)c1,,0.18658162653446198
3783,CC(=CCCC1=CCC(C2=CC(=O)OC2O)OC1O)CCC1=C(C)CCCC1(C)C,,0.18658572435379028
4397,NC(Cc1ccc(F)cc1)C(=O)O,,0.1865960955619812
4556,Cc1cccc(C)c1NC(=O)CC12CCCN1CCC2,,0.18660476803779602
895,O=C(O)c1cc(=O)[nH]c(=O)[nH]1,,0.18663546442985535
8982,FC(F)CNc1cccc(Cl)c1,,0.1866406798362732
1950,CC=C(C)C=CC=C(C)C=CC1=C(C)CCCC1(C)C,,0.18665315210819244
768,NC(CC(=O)OP(=O)(O)O)C(=O)O,,0.18667323887348175
3979,NC(=O)c1ncn(C2OC(CO)C(O)C2O)c1O,,0.18668149411678314
315,Nc1c(NCC(O)C(O)C(O)COP(=O)(O)O)[nH]c(=O)[nH]c1=O,,0.18668383359909058
6122,CCN(CC)CCOC(=O)C1(c2ccccc2)CCCC1,,0.18668948113918304
2522,CC(C)(C)NCC(O)COc1cccc2[nH]c(=O)[nH]c12,,0.18671204149723053
4489,OCCN1CCN(CCCN2c3ccccc3Sc3ccc(Cl)cc32)CC1,,0.18674547970294952
6793,CNCC(O)c1ccc(O)cc1,,0.1867557168006897
7956,CCOC(=O)c1ccccc1O,,0.18680493533611298
417,CC(C)CCCC(C)C1CCC2C3CCC4=CC(=O)CCC4(C)C3CCC12C,,0.18680787086486816
9396,C1=Cc2ccccc2CC1,,0.1868341565132141
4141,CNCCc1ccc(O)c(O)c1,,0.18683433532714844
7310,CC=Cc1ccc(OC)cc1,,0.1868465095758438
7885,CCCCCCCCOP(=O)(Oc1ccccc1)Oc1ccccc1,,0.1868521124124527
9416,O=C(O)c1cccc(C(F)(F)F)c1,,0.18686199188232422
6294,CC(CC=O)c1ccc(C(C)(C)C)cc1,,0.1868819147348404
1258,COc1ccccc1N1CCNCC1,,0.18689347803592682
641,O=C(O)C(O)=Cc1ccccc1,,0.18689408898353577
5028,Clc1ccc(CSC(Cn2ccnc2)c2ccc(Cl)cc2Cl)cc1,,0.1868973970413208
3859,CCCCCCC(=O)OC1CCC2C3CCC4CC(=O)C=C(C)C4(C)C3CCC12C,,0.18692509829998016
376,O=C(O)C=CC(=CC(=O)O)C(=O)O,,0.18692801892757416
6371,O=C1CCc2ccccc21,,0.18697676062583923
4866,NC(=O)c1ccccc1O,,0.18699835240840912
8555,CCC[C@@H]1C[C@@H](C(=O)N[C@@H](C(C)O)C2O[C@H](SC)[C@H](O)[C@@H](O)[C@H]2O)N(C)C1,,0.18701425194740295
4024,CC(=O)C1=C(C)C(C)(O)NC1=O,,0.18709465861320496
9748,CCCCN(CCCC)CCOC(=O)c1ccc(F)cc1,,0.18709710240364075
3350,O=C(O)c1ccc(S(=O)(=O)N(Cl)Cl)cc1,,0.18712157011032104
4479,COC1COC(COCC2COC(OC)C(OS(=O)(=O)O)C2OS(=O)(=O)O)C(OS(=O)(=O)O)C1OS(=O)(=O)O,,0.1871335804462433
6812,CCOc1ccc2nc(N)sc2c1,,0.1872003674507141
8209,CC(=O)Nc1cccc(C)c1C,,0.18721558153629303
9193,CNCCc1ccc(O)cc1,,0.1872582584619522
1635,COc1ccc(CCN)cc1O,,0.18726323544979095
3694,C=CCN1CCC23CCCCC2C1Cc1ccc(O)cc13,,0.18726378679275513
1447,OCC1OC(n2cnc3c(NC4CCCC4)nc(Cl)nc32)C(O)C1O,,0.18727543950080872
3454,CN1C2CCC1CC(OC(=O)C(CO)c1ccccc1)C2,,0.1873326152563095
7960,Cc1occc(=O)c1O,,0.18738852441310883
431,CC(O)C(=O)C1=NC2C(=O)NC(N)=NC2NC1,,0.18740622699260712
3092,CCOc1ccccc1C(N)=O,,0.18741817772388458
4369,NCCc1cc(O)c(O)cc1O,,0.1874219924211502
3928,CC12CCC(=O)C=C1CCC1C2CCC2(C)C1CCC2(C)O,,0.187422513961792
3219,C=CC1(C)CC(=O)C2(O)C(C)(O1)C(OC(C)=O)C(O)C1C(C)(C)CCC(O)C12C,,0.18742910027503967
4483,CC(C)CC(=O)NC(C(=O)NC(C(=O)NC(CC(C)C)C(O)CC(=O)NC(C)C(=O)NC(CC(C)C)C(O)CC(=O)O)C(C)C)C(C)C,,0.18743407726287842
6589,O=C(O)c1ccc(Cl)cc1C(=O)O,,0.18743526935577393
4049,NCCNC(=O)c1ccc(Cl)cc1,,0.18744228780269623
4786,CCCCCCCCCCCCCCCC(=O)OCC=C(C)C=CC=C(C)C=CC1=C(C)CCCC1(C)C,,0.18745185434818268
8201,CCN(CC)CC(C)(C)COC(=O)C(CO)c1ccccc1,,0.18748940527439117
8256,CCN(CC)CCOc1ccc2nc(N(C)C)sc2c1,,0.18749964237213135
8712,c1cnc2[nH]ccc2c1,,0.18754121661186218
9898,O=[N+]([O-])O.[H]N=C(N)N,,0.18755890429019928
171,CC(=O)NC1C(OC2C(CO)OC(OP(=O)(O)OP(=O)(O)OCC=C(C)CCC=C(C)CCC=C(C)CCC=C(C)CCC=C(C)CCC=C(C)CCC=C(C)CCC=C(C)CCC=C(C)CCC=C(C)CCC=C(C)C)C(NC(C)=O)C2O)OC(CO)C(O)C1O,,0.18758393824100494
6776,Cc1ccccc1/N=C(\N)N=C(N)N,,0.18759898841381073
2786,C=CC1(C)CC(=O)C2(O)C(C)(O1)C(O)C(O)C1C(C)(C)CCC(O)C12C,,0.18761561810970306
9985,CC12CCC3C4CCC(=O)C=C4CCC3C1CC[C@]2(C)O,,0.1876305192708969
998,CC(C=CC1=C(C)CCCC1(C)C)=CC=CC(C)=CCO,,0.18765448033809662
8855,O=C(O)C(O)Cc1ccc(O)cc1,,0.18766005337238312
6507,O=C(OCCO)c1ccccc1O,,0.18766579031944275
4115,CC(C)CC(NC(=O)C(Cc1ccccc1)NCC(=O)O)C(=O)O,,0.18768620491027832
1590,Nc1ccccc1SCCCCP(=O)(O)O,,0.18776105344295502
9293,CC(=O)c1ccc(F)cc1,,0.18776115775108337
4721,CNC(=O)OCc1cccc(COC(=O)NC)n1,,0.18776395916938782
3901,COC(=O)c1ccccc1O,,0.18779239058494568
1350,C=CCCCCCC=CC(O)C#CC#CC(O)C=C,,0.18780609965324402
5877,C[C@]12CCC(OC3CCCC3)=CC1=CCC1C2CC[C@@]2(C)C1CC[C@]2(C)O,,0.18781700730323792
4477,CC(C)=CCN1CCC2(C)c3cc(O)ccc3CC1C2C,,0.18782047927379608
310,O=C(O)C(O)c1ccc(O)cc1,,0.1878703236579895
3045,C=C1CC23CCC4C(C)(C)C(O)C(=O)CC4(C)C2CC1CC3=O,,0.18788596987724304
5780,O=C([O-])CN(CCN(CC(=O)[O-])CC(=O)[O-])CC(=O)[O-].[Ca+2].[Na+].[Na+],,0.18794026970863342
330,O=P(O)(O)OCC1OC(Oc2ccc(O)cc2)C(O)C(O)C1O,,0.18798500299453735
2631,CC(C)(C)CC(C)(C)c1ccc(O)c(Cc2ccc(Cl)cc2Cl)c1,,0.18801477551460266
2294,Cc1nnc2n1-c1sc(Br)cc1C(c1ccccc1Cl)=NC2,,0.18806777894496918
4213,COC1C(O)C(C)OC(OC2CCC3(C)C(CCC4C3CCC3(C)C(C5=CC(=O)OC5)CCC43O)C2)C1O,,0.18813231587409973
5361,CCOc1ccccc1OCC1CNCCO1,,0.18813644349575043
5212,CC1CCC2(NC1)OC1CC3C4CCC5CC(OC6OC(CO)C(OC7OC(CO)C(O)C(OC8OCC(O)C(O)C8O)C7OC7OC(CO)C(O)C(O)C7O)C(O)C6O)CCC5(C)C4CCC3(C)C1C2C,,0.18816962838172913
4484,CC(C)CC(NC(=O)C(C)C)C(=O)NC(C(=O)NC(CC(C)C)C(O)CC(=O)NC(C)C(=O)NC(CC(C)C)C(O)CC(=O)O)C(C)C,,0.18817703425884247
4089,CC(=O)NC(CC(=O)O)C(=O)NC(CCC(=O)O)C(=O)NC(C(=O)NC(C=O)CC(=O)O)C(C)C,,0.18820306658744812
7013,O=S(=O)(O)c1ccc(Cl)cc1,,0.188206747174263
8714,c1cc2ccsc2cn1,,0.188215970993042
2355,CCOC(=O)NNc1ccc(N(CC)CC(C)O)nn1,,0.1882411539554596
3056,CCC(C)C(NC(=O)C(C(C)CC)N(C)C(C)=O)C(=O)NC(C(C)=O)C(=O)NC(CC(C)C)C1(O)OC(C)C(C=O)NC1(C)CO,,0.18826624751091003
794,O=CCCCC1OC1C=CC=C1C=CCC=CC1,,0.18829594552516937
9426,O=C(O)c1ccc(F)cc1,,0.18830887973308563
3858,CC(=O)OC1CCC2C3CCC4CC(=O)C=C(C)C4(C)C3CCC12C,,0.18831858038902283
983,C1=CNCN=C1,,0.18834595382213593
7056,O=[N+]([O-])c1ccc(Cl)c(Cl)c1,,0.18840011954307556
9405,CCCCN(CCCC)CCCOC(=O)c1ccc(F)cc1,,0.18841837346553802
8391,O=c1cccc[nH]1,,0.18842066824436188
5912,O=c1[nH]c(=O)n([C@H]2C[C@H](O)[C@@H](CO)O2)cc1C(F)(F)F,,0.18844561278820038
6422,CCCCCCCCCOC(=O)c1ccccc1C(=O)OCCCCCCCCC,,0.18846087157726288
7971,CCCCCCCCCCOC(=O)c1ccccc1C(=O)OCCCCCCCC,,0.18846087157726288
4261,O=C1CN(N=Cc2ccc([N+](=O)[O-])o2)C(=O)N1,,0.18846935033798218
7703,O=[N+]([O-])OCCOCCOCCO[N+](=O)[O-],,0.18851561844348907
779,NC(CCC(=O)OP(=O)(O)O)C(=O)O,,0.188533216714859
3125,CCCCCCOc1ccccc1C(N)=O,,0.1885877549648285
971,c1ncc2[nH]cnc2n1,,0.18861255049705505
4725,CCC1(CC)C(=O)C=CNC1=O,,0.1886225789785385
3699,CC(N)C(O)c1ccc(O)c(O)c1,,0.18862926959991455
3159,CC(C)(C)NC(=O)C1CCC2C3CCC4NC(=O)C=CC4(C)C3CCC12C,,0.1887107491493225
5020,C=C1C(=O)CC2C3CCC(C)C12CC3(C)C,,0.18874862790107727
6756,COc1ccccc1NC(C)=O,,0.1887488216161728
146,c1ncc2c(n1)NCCN2,,0.18875914812088013
8338,CC(COc1ccc(C(C)(C)C)cc1)OS(=O)OCCCl,,0.18879181146621704
178,Nc1ncnc2nc[nH]c12,,0.18879330158233643
2086,Nc1ncnc2c1ncn2C1CC(CO)C(O)C1O,,0.18883614242076874
4401,COc1ccccc1N1CCN(CCN(C(=O)c2ccc(I)cc2)c2ccccn2)CC1,,0.1888418346643448
9123,C[N+](C)(C)CC1CCCCC1(O)c1ccc(Cl)cc1,,0.1888592690229416
4958,CC(CCC(=O)NCCS(=O)(=O)O)C1CCC2C3C(O)CC4CC(O)CCC4(C)C3CC(O)C12C,,0.18887925148010254
3076,CCC(=O)OC1CCC2C3CCc4cc(O)ccc4C3CCC12C,,0.1889098733663559
1720,NC(=O)NN=Cc1ccc([N+](=O)[O-])o1,,0.18892651796340942
1807,CC(O)Cn1cnc2c(N)ncnc21,,0.1889265477657318
1725,CC(=O)NC(CCC(=O)C(=O)O)C(O)C(O)C(O)CO,,0.1890123039484024
1677,CCN(c1nc(N)c(C(=O)N=C(N)N)nc1Cl)C(C)C,,0.1890343576669693
4518,NC(N)=N/C(N)=N/c1ccccc1,,0.1890661120414734
6372,Cc1c[nH]c2ccccc12,,0.1890667974948883
4348,CCOC(=O)C1=CC(OC(CC)CC)C(NC(C)=O)C(N)C1,,0.18906687200069427
1344,CCCCCC(C=CC=CCC=CCC=CCCCC(=O)O)OO,,0.18907788395881653
4100,CCCCCC=CCC=CC=CC=CC(SCC(NC(C)=O)C(=O)O)C(O)CCCC(=O)O,,0.18907907605171204
5548,C[N+]1(C)C2CCC1CC(OC(=O)C(CO)c1ccccc1)C2,,0.1890874207019806
372,O=C(O)C(O)C(=O)C(O)C(O)COP(=O)(O)O,,0.18909837305545807
1430,CC(=O)NC(C=O)C(O)C(O)C(O)COC1OC(CO)C(O)C(O)C1O,,0.18911615014076233
1155,COc1cc(C(O)CN)ccc1O,,0.189143106341362
4285,C#CC1(O)CCC2C3CCC4=CC(=O)CCC4C3CCC21C,,0.18914523720741272
3097,C#CC1(O)CCC2C3CCC4=CC(=O)CCC4(C)C3CCC21C,,0.18914858996868134
9365,C#C[C@]1(O)CCC2C3CCC4=CC(=O)CCC4(C)C3CCC21C,,0.18914858996868134
7113,ClCc1ccccc1,,0.18917950987815857
1558,COc1cc(CCN)ccc1O,,0.18918286263942719
5769,O=C1Nc2ccccc2C1O,,0.18920601904392242
3746,CCNCc1cc(C(C)(C)C)c(O)c(C(C)(C)C)c1,,0.18924304842948914
1737,COc1cc2c(CCNC(C)=O)c[nH]c2cc1Cl,,0.1892561912536621
3033,CCOc1c(N2CCOCC2)cnn(C)c1=O,,0.18925821781158447
126,CC(C)(COP(=O)(O)O)C(O)C(=O)NCCC(=O)O,,0.18927742540836334
1656,CCCCCC=CCC=CCC=CC=CC(CCCC(=O)O)OO,,0.1892903447151184
6501,CC(C)COC(=O)c1ccccc1O,,0.1893026977777481
5308,NCCc1ccc(O)cc1,,0.18932640552520752
9429,NC(Cc1cccc(F)c1)C(=O)O,,0.18933071196079254
7082,Cc1ccc(N(C)C)cc1,,0.18936264514923096
6267,O=S(=O)(c1ccc(Cl)cc1)c1ccc(Cl)cc1,,0.18938565254211426
6975,O=Cc1ccco1,,0.18942031264305115
561,Nc1ccnc(=O)[nH]1,,0.18943966925144196
2400,CCN(CC)CCOCCOC(=O)C1(c2ccccc2)CCCC1,,0.1894485205411911
6270,Cc1ccc(S(=O)(=O)N(C)N=O)cc1,,0.18946106731891632
3040,CCCCCCCCCCCCCCCCCCCCCC(=O)Nc1ccn(C2OC(CO)C(O)C2O)c(=O)n1,,0.1894778460264206
3674,CC(C)OC(=O)CCCC=CCC1C(O)CC(O)C1CCC(O)CCc1ccccc1,,0.18950635194778442
5809,CNC(=O)Oc1cccc(C(C)C)c1,,0.1895335614681244
7123,[Cl-].[Mg+2].[c-]1ccccc1,,0.18956688046455383
1746,CCCCCCNc1ncnc2nc[nH]c12,,0.18957450985908508
8715,c1ccc2sncc2c1,,0.18957728147506714
8007,COc1ccc(CCN)cc1OC,,0.18958276510238647
6498,CC(=O)Nc1c2sscc-2n(C)c1=O,,0.18958526849746704
1214,NC(Cn1cc(F)c(=O)[nH]c1=O)C(=O)O,,0.1895892173051834
4291,C#CC1(O)CCC2C3CCC4=CC(=O)CCC4C3CCC21CC,,0.18959106504917145
6125,CN1C(=O)CC(C)(c2ccccc2)C1=O,,0.18962842226028442
5400,CCN(CCCl)Cc1ccccc1C,,0.1896325796842575
1098,O=c1ccn(C2OC(CO)C(O)C2O)c(=O)[nH]1,,0.18965470790863037
4009,CC1C(=O)OC2CCN3CC=C(COC(=O)C(C)(O)C1(C)O)C23,,0.189689040184021
5614,CNc1ccc(O)cc1,,0.1896975040435791
734,O=C(O)C(=O)Cc1cnc[nH]1,,0.1897059828042984
6780,S=c1sc2nc3ccccc3nc2s1,,0.18974536657333374
1678,CN(c1nc(N)c(C(=O)N=C(N)N)nc1Cl)C(C)(C)C,,0.18975135684013367
8308,CCNC(=O)Nc1ncc([N+](=O)[O-])s1,,0.18976397812366486
5371,Cc1c(C)c2c(c(C)c1OC(=O)CCC(=O)O)CCC(C)(CCCC(C)(C)CCCC(C)(C)CCCC(C)C)O2,,0.18981163203716278
3832,CCC1(c2ccccc2)NC(=O)N(C)C1=O,,0.18985040485858917
3485,[H]/N=C(\N)SCCc1cnc[nH]1,,0.189864382147789
3525,CC(CCC(=O)O)CC(C)CC(C)C(=O)C=C(O)C(C)CC(C)CC=CC(C)C(O)C(C)C(O)CC1CCC(C)(C2CCC(C)(C(C)O)O2)O1,,0.18993981182575226
2124,CC1C(NC(=O)C(=NOC(C)(C)C(=O)O)c2csc(N)n2)C(=O)N1S(=O)(=O)O,,0.18996109068393707
1020,O=C(O)C1=CC(OP(=O)(O)O)C(O)C(O)C1,,0.18996423482894897
9421,O=C(O)c1cccc(F)c1,,0.18996645510196686
9151,CC12CCC3c4cc(O)c(O)cc4CCC3C1CCC2O,,0.1899796426296234
439,O=C(O)CNC(=O)c1ccccc1,,0.18998274207115173
112,Nc1nc[nH]c1C(=O)O,,0.18998311460018158
5222,COc1cccc(C2(O)CCCCC2CN(C)C)c1,,0.1899954080581665
1175,C[N+]1([O-])C2CC(OC(=O)C(CO)c3ccccc3)CC1C1OC12,,0.19001437723636627
6352,COc1c2c(cc3c1C(O)N(C)CC3)OCO2,,0.19014203548431396
1739,NCC(O)c1cc(O)c(O)cc1F,,0.19014765322208405
396,O=C(O)C=CC(=O)CC(=O)O,,0.19015567004680634
494,O=CCCC(=O)C(=O)O,,0.19015632569789886
7325,CCCCCCCCCCCC[n+]1ccccc1,,0.19018934667110443
1351,C=CCCCCCC=CCC#CC#CC(O)C=C,,0.19023902714252472
3553,CCC(NC(C)C)C(O)c1ccc(O)c(O)c1,,0.1902582347393036
9990,CC1=CC=CC(C)(C)C1C,,0.19027955830097198
6871,Cc1cc(N)ccc1N,,0.1902904361486435
1229,CC(=O)NC(Cc1ccccc1)C(=O)C(F)(F)F,,0.19031855463981628
3706,CCCCC(C)CC(O)C=CC1C(O)CC(=O)C1CCCCC=CC(=O)O,,0.19033464789390564
4400,COc1ccc(CCN)cc1,,0.19034242630004883
3161,N#Cc1nn(-c2c(Cl)cc(C(F)(F)F)cc2Cl)c(N)c1S(=O)C(F)(F)F,,0.1903504878282547
668,O=P(O)(O)OCC1OC(O)(COP(=O)(O)O)C(O)C1O,,0.19039034843444824
3268,Cc1ccc(C)c(OCCCC(C)(C)C(=O)O)c1,,0.19039088487625122
5958,CCOC(=O)C=C1SC(N2CCCCC2)C(=O)N1C,,0.1904067099094391
9879,O=[N+]([O-])NCCN[N+](=O)[O-],,0.19043663144111633
4047,NS(=O)(=O)C1CCC(C(=O)NCc2c(F)c(F)c(F)c(F)c2F)CC1,,0.19043877720832825
6378,CC(CCC(=O)O)[C@H]1CC[C@H]2[C@@H]3CC[C@@H]4C[C@H](O)CC[C@]4(C)[C@H]3C[C@H](O)[C@]12C,,0.1905176043510437
5441,CC[N+](C)(CC)CCOC(=O)C(O)(c1ccccc1)C1CCCCC1,,0.1905638575553894
3690,CCCCCC=CCC=CC=CC=CC(SCC(N)C(=O)NCC(=O)O)C(O)CCCC(=O)O,,0.1905684620141983
4727,O=C(CCCCCCC(=O)Nc1cccnc1)NO,,0.1905856877565384
6839,C1=Cc2ccccc2C1,,0.19060125946998596
2330,Oc1ccc2c(c1)C13CCCCC1(O)C(C2)N(CC1CCC1)CC3,,0.19063816964626312
3846,COc1cc(CCN)cc(OC)c1OC,,0.19066782295703888
6880,Cc1ccc(N)cc1N,,0.1906849443912506
1450,CC(O)C(C#N)C(=O)Nc1ccc(C(F)(F)F)cc1,,0.1906854808330536
2095,CC(=O)Oc1ccccc1C(=O)O,,0.19069397449493408
3837,CCCNC(C)(C)COC(=O)c1ccccc1,,0.1907108724117279
7235,O=[N+]([O-])C=Cc1ccccc1,,0.19081194698810577
6302,CC1=C(O)C(=O)CC1,,0.19081488251686096
5184,CN1CCCC(=C(c2cccs2)c2cccs2)C1,,0.1908208578824997
6576,O=C(O)c1cc(Cl)cc([N+](=O)[O-])c1Cl,,0.19082537293434143
865,NC(=O)c1cccnc1,,0.19083167612552643
5921,CC(C)=CC1C(C(=O)OCc2ccc(C)cc2C)C1(C)C,,0.19083759188652039
9063,CC(=O)Nc1cccc(C(F)(F)F)c1,,0.1908533275127411
7846,NC(N)=N/C(N)=N/CCc1ccccc1,,0.19085711240768433
3130,C=CC(O)C#CC#CC(O)C=CCCCCCCC,,0.1909167468547821
4327,NCC(O)c1ccc(O)cc1,,0.19092749059200287
4863,C=CCc1ccc2c(c1)OCO2,,0.1909930557012558
6502,CC(C)CCOC(=O)c1ccccc1O,,0.19099853932857513
5102,CCOC(=O)C(CCc1ccccc1)NC1CSC(c2cccs2)CN(CC(=O)O)C1=O,,0.19099865853786469
9302,O=C(O)Cc1ccc(F)cc1,,0.19103141129016876
2414,CCCCCCNC(=O)n1cc(F)c(=O)[nH]c1=O,,0.19106097519397736
8318,O=C(CCl)OCc1ccccc1,,0.19107137620449066
457,O=P(O)(O)OCC1OC(CO)(OP(=O)(O)O)C(O)C1O,,0.1910799741744995
1937,CC(N)C(=O)NC(Cc1ccccc1)C(=O)O,,0.1910954713821411
6775,CC(=O)CC(=O)Nc1ccccc1C,,0.19114243984222412
7052,C=C(C)C1CC=C(C)C(=O)C1,,0.19115512073040009
4792,NC(=O)c1ncn(C2OC(CO)C(O)C2O)n1,,0.19116561114788055
293,O=C(O)C=CC=CC(=O)O,,0.19116750359535217
1294,CC1=C(C(=O)Nc2ccc(Cl)c(C(=O)OC(C)C)c2)SCCO1,,0.19117270410060883
75,N#Cc1cccnc1,,0.19117458164691925
5687,C[C@@H]1C[C@@]2(C)[C@@H](CC[C@@H]3[C@@H]2CC[C@]2(C)[C@@H](O)CC[C@@H]32)CC1=O,,0.19123147428035736
694,NC(CCC(=O)NC(CSS(=O)(=O)O)C(=O)NCC(=O)O)C(=O)O,,0.19123342633247375
8861,FC1(F)C(F)(F)C(F)(F)C2(F)C(F)(F)C(F)(F)C(F)(F)C(F)(F)C2(F)C1(F)F,,0.19123433530330658
1063,CC1=CC=CC(O)C1O,,0.1913035362958908
4396,NCCc1ccc(F)cc1,,0.19133460521697998
8980,Cc1cc(C)[nH]c(=O)n1,,0.19135244190692902
6885,Nc1ccc(O)c(N)c1,,0.1913875937461853
6655,O=C(c1ccc(Cl)cc1)c1ccc(Cl)cc1,,0.19139812886714935
9632,CC(C)C(O)(C(=O)OCC1=CCN2CC[C@H](O)[C@H]12)[C@H](C)O,,0.19150187075138092
5021,O=C(CCCCCCC(=O)Nc1ccccc1)NO,,0.19156529009342194
1676,NC(N)=NC(=O)c1nc(Cl)c(N2CCCCCC2)nc1N,,0.1915765106678009
7367,CC(C)CC(C)OC(=O)C=CC(=O)OC(C)CC(C)C,,0.19158905744552612
5084,CN1C(=O)CC(C(=O)NC(Cc2cnc[nH]2)C(=O)N2CCCC2C(N)=O)NC1=O,,0.19160205125808716
3611,CNC1(c2ccccc2Cl)CCCCC1=O,,0.19161777198314667
9062,CC(=O)Nc1cccc(F)c1,,0.1916246861219406
6594,CC1CCC(C(C)C)C(OC(=O)c2ccccc2O)C1,,0.19164380431175232
6714,CCN(CCCl)c1ccccc1,,0.19168736040592194
5405,CC(N)C1CCC(C(=O)Nc2ccncc2)CC1,,0.19169478118419647
8508,CCOc1ccc(NC(N)=O)cc1,,0.19171841442584991
1940,CC(C)(C)NCC(O)c1ccc(O)c(CO)c1,,0.19175361096858978
6828,O=C(OCCOc1ccc(Cl)cc1Cl)c1ccccc1,,0.19175578653812408
3247,CC(=C(CCO)SSCC1CCCO1)N(C=O)Cc1cnc(C)nc1N,,0.19178025424480438
1343,CCC=CCC(C=CC=CCC=CCC=CCCCC(=O)O)OO,,0.19178873300552368
3977,Clc1ccc(C(c2ccccc2Cl)C(Cl)Cl)cc1,,0.19184374809265137
1560,COc1ccc2c(c1)C13CCCCC1C(C2)NCC3,,0.1919320821762085
1854,CC(=O)NC(C(=O)NC(C(=O)NC(CC(C)C)C(O)CC(=O)NC(C)C(=O)NC(CC(C)C)C(O)CC(=O)O)C(C)C)C(C)C,,0.19193534553050995
2796,CC(CCC(=O)O)C1CCC2C3C(=O)CC4CC(=O)CCC4(C)C3CC(=O)C12C,,0.1919424682855606
7073,CC1=CC=C(C(C)C)CC1,,0.19200675189495087
7132,N#Cc1ccccn1,,0.19201724231243134
1153,C=CCN1CCC2(C)c3cc(O)ccc3CC1C2C,,0.19203516840934753
7871,C=CCC1(c2ccccc2)C(=O)NC(=O)NC1=O,,0.19204141199588776
24,NC(=CC=CC(=O)O)C(=O)O,,0.19207391142845154
7955,CCCCC(CC)COC(=O)c1ccccc1O,,0.1920999437570572
309,CC(C)c1ccc(C=O)cc1,,0.19210581481456757
138,O=C(O)C(=O)CC(O)C(O)C(=O)O,,0.19216421246528625
7029,O=[N+]([O-])c1ccccc1,,0.192276269197464
9251,[F][Sn]([c]1ccccc1)([c]1ccccc1)[c]1ccccc1,,0.19229714572429657
946,O=C(O)c1ccccn1,,0.19230669736862183
3120,CCS/C(N)=N\c1ccc(C(F)(F)F)cc1,,0.1923285573720932
7066,COC(=O)c1ccc(C)cc1,,0.1923343390226364
8014,CCNc1cc(O)ccc1C,,0.19237612187862396
7333,O=Cc1ccc(Cl)cc1,,0.1925029307603836
4785,CC(=O)OCC=C(C)C=CC=C(C)C=CC1=C(C)CCCC1(C)C,,0.19251294434070587
1763,C=CC1(C)CC(=O)C2(O)C3(C)CCCC(C)(C)C3C(O)C(O)C2(C)O1,,0.19252490997314453
7953,CC1CC(OC(=O)c2ccccc2O)CC(C)(C)C1,,0.19256754219532013
933,C=C(OP(=O)(O)O)C(=O)O,,0.19259332120418549
4676,CCC(=O)NC(CC(C)C)C(=O)NC(CC(C)C)C(=O)NC(C=O)CCCN=C(N)N,,0.1926373839378357
5611,ClCCN(CCCl)Cc1ccccc1,,0.19269320368766785
4663,COc1nc(NC(C)C)nc(NC(C)C)n1,,0.1927141547203064
4931,[H]/N=c1/c[n+](N2CCOCC2)[n-]o1,,0.19280725717544556
9425,NNC(=O)c1ccc(F)cc1,,0.1928171068429947
3131,C=CC(O)C#CC#CCC=CCCCCCCC,,0.1928466409444809
5913,COc1ccccc1OCC1CNC(=O)O1,,0.1928536742925644
2283,COc1cc(Cc2cnc(N)nc2N)cc(OCCCC(CCC(=O)O)C(=O)O)c1Br,,0.19287437200546265
5160,C=C1CCCC2C1(C)CCC(C)C2(C)CCC(C)=CCC1OC(=O)C=C1CO,,0.19289349019527435
9877,CCCC=CC=O,,0.1929074227809906
4072,O=C(O)CC(NC(=O)CP(=O)(O)O)C(=O)O,,0.19295735657215118
1686,CCOC(=O)c1nn(-c2ccc(C)cc2)c(=O)c2c(N)sc(Br)c12,,0.1929684281349182
7626,CCN=C=O,,0.19299107789993286
8940,CCCN(CCC)CCOC(=O)c1ccc(F)cc1,,0.19300301373004913
370,CCC(C)=CCCCC(C)CCOP(=O)(O)OP(=O)(O)O,,0.1930209845304489
4701,O=C1CCC(C(=O)NC(Cc2cnc[nH]2)C(=O)N2CCCC2C(=O)O)N1,,0.19304214417934418
8368,CC(C)=CCCC(C)=CC=O,,0.19304712116718292
9788,CC(C)C1=CC(=O)C(C)CC1,,0.19312027096748352
8846,NCCC(=O)NC(Cc1cnc[nH]1)C(=O)O,,0.1931619644165039
2518,CCCCCCCCCCCCCCCC[n+]1ccccc1,,0.19322073459625244
1630,CC12CCC3c4ccc(O)c(O)c4CCC3C1CCC2O,,0.19322390854358673
5541,C[C@]12C[C@H](N3CCOCC3)[C@@H](O)C[C@@H]1CC[C@@H]1[C@@H]2CC[C@]2(C)C(=O)CC[C@@H]12,,0.19328665733337402
5715,CNC[C@H](O)c1cccc(O)c1,,0.19334904849529266
7529,O=C1C=CC(=O)O1,,0.19339175522327423
942,C[N+](C)(C)CCOP(=O)(O)O,,0.19341076910495758
7210,O=C(Cc1ccccc1)OCCc1ccccc1,,0.1934175044298172
6120,CCOC(=O)C1CCN(c2ccccc2)CC1,,0.19342617690563202
329,OCc1cccc(OC2OC(CO)C(O)C(O)C2O)c1,,0.19345736503601074
4924,Cc1cc(O)c2c(c1)OC1(C)CCC3C(C)(C)CCCC34CCOC2C14,,0.1935047209262848
3088,C=C(CC)C(=O)c1ccc(OCC(=O)O)c(Cl)c1Cl,,0.19351784884929657
9191,C[N+](C)(C)CCOc1ccccc1,,0.19353841245174408
6290,CCCC(CCC)C(=O)OC1C[C@H]2CC[C@H](C1)[N+]2(C)C,,0.19358105957508087
4581,CC(C)(C)NCC(O)c1ccc(O)c(CO)n1,,0.1935865730047226
9292,NCC(O)c1ccc(F)cc1,,0.1936054527759552
9144,C[C@]12Cc3conc3C[C@@H]1CC[C@@H]1[C@@H]2CC[C@@]2(C)[C@H]1CC[C@]2(C)O,,0.19362883269786835
3558,NNC(=O)c1ccncc1,,0.19371704757213593
7584,Nc1ncccn1,,0.19372358918190002
1703,O=c1[nH]c(=O)n(C2OC(CO)C(O)C2O)cc1F,,0.19376632571220398
5187,Clc1ccc2nsnc2c1NC1=NCCN1,,0.19377410411834717
6721,CCOc1ccccc1NCCC#N,,0.19380338490009308
6525,C[N+](C)(C)CCO.O=C([O-])[C@H](O)[C@@H](O)C(=O)O,,0.19384051859378815
6619,O=Cc1ccccc1Cl,,0.1938450187444687
4036,C=CCc1cc(OC)c2c(c1)OCO2,,0.19384661316871643
3883,COc1ccc(C(c2ccc(OC)cc2)C(Cl)(Cl)Cl)cc1,,0.19388219714164734
2213,CNCCc1ccccn1,,0.19388729333877563
8328,CC(=O)Oc1ccc(C)cc1,,0.19389009475708008
8264,Cc1cc(C)c(N)cc1C,,0.19390158355236053
4398,CNC(C)Cc1ccc(O)cc1,,0.1939077377319336
4202,CC(C)C1CCC(C(=O)NC(Cc2ccccc2)C(=O)O)CC1,,0.19391730427742004
2897,Cc1ccc2c(c1)C13CCCCC1C(C2)N(C)CC3,,0.1939181238412857
2581,CC1(C)SC2C(NC(=O)C3(N)CCCCC3)C(=O)N2C1C(=O)O,,0.19396889209747314
2159,CN(C)CCCOC1(Cc2ccccc2)CCCCCC1,,0.19398000836372375
3653,CCCCCCCCCCCCCCCC(=O)NC(COP(=O)(O)O)C(=O)O,,0.19399221241474152
1505,O=c1oc(Cl)c(Cl)c2ccccc12,,0.19400018453598022
6610,CC1=CC(=O)C(C(C)C)CC1,,0.19400304555892944
7548,CC(=O)Oc1cccc(OC(C)=O)c1,,0.1940048485994339
6469,CN1C(=O)CC(c2ccccc2)C1=O,,0.19407789409160614
2316,CC(C)(C)NCC(O)COc1ccccc1C#N,,0.19409984350204468
695,NCCCCNCCCNC(=O)CNC(=O)C(CS)NC(=O)CCC(N)C(=O)O,,0.19410589337348938
867,O=C(O)c1cccnc1,,0.194163516163826
9682,C=CCc1cc(OC)c(OC)c(OC)c1,,0.19420099258422852
1423,O=C(O)C(=O)Nc1sc2c(c1C(=O)O)CCSC2,,0.19421394169330597
8781,CN[C@@H](C)[C@H](O)c1ccccc1,,0.19427144527435303
6649,CN[C@@H](C)[C@@H](O)c1ccccc1,,0.19427144527435303
8929,CN[C@H](C)[C@@H](O)c1ccccc1,,0.19427144527435303
7296,CCCCCCC(C)Nc1ccc(NC(C)CCCCCC)cc1,,0.19429384171962738
6600,Cc1ccc(Cl)c([N+](=O)[O-])c1,,0.19432121515274048
6376,Cc1c(Cl)cccc1[N+](=O)[O-],,0.1943245381116867
3101,CCN1C(=O)NC(c2ccccc2)C1=O,,0.19432668387889862
1056,Cc1cn(C2CC(O)C(CO)O2)c(=O)[nH]c1=O,,0.19432812929153442
8037,CCC(C)(C)c1ccc(O)c(C(C)(C)CC)c1,,0.1943603903055191
2562,CCCNC(=O)NS(=O)(=O)c1ccc(Cl)cc1,,0.1943901628255844
4806,CCOC(=O)C(C)NC(=O)C(CC(C)C)NC(=O)C(CC(=O)NO)CC(C)C,,0.19440212845802307
7380,CCCCOC(=O)C=CC(=O)OCCCC,,0.194439098238945
4383,CC12CC(=CO)C(=O)CC1CCC1C2CCC2(C)C1CCC2(C)O,,0.19446741044521332
4644,CCC1(c2ccccc2)C(=O)NCNC1=O,,0.19446977972984314
1654,CCCCCC=CCC=CC=CC=CC(O)C(O)CCCC(=O)O,,0.19449207186698914
7020,C=C(C)c1ccccc1,,0.19455629587173462
5057,CCC=CCC=CCCCCCCCCCCC(=O)OCC(COC1OC(CS(=O)(=O)O)C(O)C(O)C1O)OC(=O)CCCCCCCCCCCCCCC,,0.19461959600448608
2080,C#CCOC(=O)C1=CCCN(C)C1,,0.1946306675672531
5569,CC[N+](C)(CC)CCOC(=O)C1c2ccccc2Oc2ccccc21.[Br-],,0.19464102387428284
9359,CC1=C(C=O)C(C)(C)CCC1,,0.19465301930904388
3504,OCc1c[nH]c2ccccc12,,0.1946563869714737
7308,CCCCCCCCCCCCc1ccc(N)cc1,,0.1946914792060852
6570,O=[N+]([O-])c1ccccc1Cl,,0.19469839334487915
3691,CCCCCC=CCC=CC=CC=CC(SCC(N)C(=O)O)C(O)CCCC(=O)O,,0.1947091519832611
7044,O=C(O)c1cc(=O)cc(C(=O)O)o1,,0.19472113251686096
7272,CC(C)C(=O)OCC=Cc1ccccc1,,0.19472339749336243
706,O=CC(=O)O,,0.19475196301937103
3878,CCCCCC(C)(CC=CC=CC(=O)OC(C)C)OC,,0.1947590857744217
8394,CCCCC(CC)COC(=O)C=CC(=O)OCC(CC)CCCC,,0.19476716220378876
6423,CCCCCCCCCCOC(=O)c1ccccc1C(=O)OCCCCCCCCCC,,0.1947828084230423
7645,C=CC(=O)NCNC(=O)C=C,,0.19483834505081177
2225,OC(CCN1CCCCC1)(c1ccccc1)C1CC2C=CC1C2,,0.19484224915504456
4728,CC(C)=CCCC(C)=CCc1c[nH]c(C(=O)O)c1,,0.1948455274105072
9634,O=C1NCc2ccccc21,,0.19486001133918762
8167,O=C1NC(CCCl)Oc2ccccc21,,0.19491161406040192
7170,CN(C)C(=O)Nc1ccccc1,,0.19491992890834808
9403,CCCN(CCC)CCCOC(=O)c1ccc(F)cc1,,0.19496214389801025
3368,CC1NC(=O)C(C)NC(=O)C2CCCN2C(=O)C(CCCCCC(=O)C2CO2)NC1=O,,0.194997176527977
3123,C=CCc1ccc(O)c(OC)c1,,0.1950143426656723
6718,CC(=O)OC(OC(C)=O)c1ccc([N+](=O)[O-])o1,,0.19503022730350494
6269,Cl[Si](Cl)(c1ccccc1)c1ccccc1,,0.19503149390220642
9069,CC(=O)Nc1ccc(F)cc1,,0.19505755603313446
9147,NC(=O)c1[nH]cnc1N,,0.19511881470680237
8329,CC(=O)Nc1ncc([N+](=O)[O-])s1,,0.19518299400806427
2854,ClC(Cl)=C(c1ccc(Cl)cc1)c1ccc(Cl)cc1,,0.1951994001865387
2768,CN(C)N=Nc1nc[nH]c1C(N)=O,,0.1952020674943924
6962,CCCCCCCCC=CCCCCCCCC(=O)N(C)CCS(=O)(=O)O,,0.19520357251167297
495,O=C(O)C(=O)C(O)C(=O)O,,0.19521380960941315
9168,CNC(C)C(O)c1ccc(O)cc1,,0.19525209069252014
8824,COC(C)C(O)(C(=O)OCC1=CCN2CCC(O)C12)C(C)C,,0.19525225460529327
2856,Oc1ccc(Cl)cc1Cc1cc(Cl)ccc1O,,0.1952732801437378
948,CC(C)=CCCC=CCOP(=O)(O)OP(=O)(O)O,,0.1953088939189911
8567,CCOc1ccc(N)cc1,,0.1954127997159958
3926,COC(=O)C(c1ccccc1)C1CCCCN1,,0.1954474300146103
3812,CN(C)CCOC(=O)COc1ccc(Cl)cc1,,0.19551610946655273
9760,Cc1ccc(N)c(N)c1,,0.19552510976791382
8472,CO[C@@H]([C@H](O)[C@H](O)CO)[C@@H](O)C=O,,0.19553276896476746
7088,COc1ccc(C(=O)Cl)cc1,,0.19558840990066528
343,O=C1C=C(O)CC(O)C1,,0.19560205936431885
3571,O=[N+]([O-])OC1COC2C(O[N+](=O)[O-])COC12,,0.19566135108470917
716,NC(C=O)Cc1cnc[nH]1,,0.19566763937473297
4364,CCN(CC)CCOCCOC(=O)C(CC)(CC)c1ccccc1,,0.1956922560930252
5566,C[C@]12CC[C@@H](O)C[C@H]1CC[C@@H]1[C@@H]2CC[C@]2(C)C(=O)CC[C@@H]12,,0.19570747017860413
5565,C[C@]12CC[C@@H](O)C[C@@H]1CC[C@@H]1[C@@H]2CC[C@]2(C)C(=O)CC[C@@H]12,,0.19570747017860413
934,NC(C(=O)[O-])C(O)COP(=O)(O)O,,0.19570884108543396
46,O=C(O)C(=O)C(O)C(O)C(O)CO,,0.19575515389442444
3524,CCC(C)CC(C)CC(C)C(=O)C=C(O)C(C)CC(C)CC=CC(C)C(O)C(C)C(O)CC1CCC(C)(C2CCC(C)(C(C)O)O2)O1,,0.1957859992980957
4552,C=C(C)C1C2OC(=O)C1C1(O)CC3OC34C(=O)OC2C14C,,0.19584842026233673
683,O=P(O)(O)OCC1OC(OP(=O)(O)O)C(O)C(O)C1O,,0.19586214423179626
7332,Cc1ccc(C=O)cc1,,0.19590815901756287
1749,CC(=O)NC1C(OCC(O)C(O)C(O)C(O)C=O)OC(CO)C(O)C1O,,0.19591276347637177
2458,CON=C(C(=O)NC1C(=O)N2C(C(=O)[O-])=C(C[N+]3(C)CCCC3)CSC12)c1csc(N)n1,,0.19594423472881317
7048,COC(=O)c1cccc(C)c1,,0.1959536373615265
6486,Brc1ccc2oc3ccccc3c2c1,,0.19603818655014038
5555,C[C@]12CCC(=O)C[C@H]1CC[C@@H]1[C@@H]2CC[C@]2(C)[C@@H](C(=O)COC(=O)CCC(=O)O)CC[C@@H]12,,0.1960386484861374
7302,COc1ccc(COC(C)=O)cc1,,0.19604018330574036
7331,Cc1ccc(C#N)cc1,,0.19604790210723877
7293,Cc1ccc(OC(=O)C(C)C)cc1,,0.19607116281986237
1076,COC1=C(OC)C(O)C(CC=C(C)CCC=C(C)CCC=C(C)CCC=C(C)CCC=C(C)CCC=C(C)CCC=C(C)CCC=C(C)CCC=C(C)CCC=C(C)C)=C(C)C1O,,0.19608086347579956
1581,CCCCCC(O)C=CC=O,,0.1960899382829666
7116,N#Cc1ccncc1,,0.196121945977211
3796,C[N+](C)(C)CC#CCOC(=O)Nc1cccc(Cl)c1,,0.19615982472896576
2914,CCCCCCCCCCCCCCCC(=O)OCC(COP(=O)([O-])O)OC(=O)CCCCCCCCCCCCCCC.[Na+],,0.19616107642650604
1145,CN1C(=O)CCC1c1ccccn1,,0.19617901742458344
2979,CCN(CC)CCOC(=O)C(c1ccccc1)C1CCCCC1,,0.19618955254554749
9261,O=C(O)c1c(F)cccc1F,,0.19620633125305176
766,[N-]=[N+]=CC(=O)OCC(N)C(=O)O,,0.19621355831623077
736,[H]/N=C(\CC(=O)O)C(=O)O,,0.19625630974769592
2273,CC1CCCC=CC2CC(O)CC2C(O)C=CC(=O)O1,,0.19628606736660004
5969,C=C(OP(=O)([O-])O)C(=O)O,,0.19630853831768036
7273,CCCC(=O)OCC=Cc1ccccc1,,0.19631008803844452
3538,CC(C)[N+]1(C)C2CCC1CC(OC(=O)C(CO)c1ccccc1)C2,,0.1963150054216385
3739,CCCCCN(CCCCC)C(=O)C(CCC(=O)O)NC(=O)c1ccc(Cl)c(Cl)c1,,0.19633349776268005
3221,O=C(O)P(=O)(O)O,,0.19636575877666473
4720,CN1CCCN=C1C=Cc1cccs1,,0.19638150930404663
8101,CCC(=O)N(c1ccccc1)C(C)CN1CCCCC1,,0.1963833123445511
718,Cc1ncc(CO)c(N)n1,,0.19646531343460083
4286,C#CC1(O)CCC2C3CCC4=C(CCC(=O)C4)C3CCC21C,,0.19653287529945374
8274,CCCCCCCCCc1ccc(O)c(CCCCCCCCC)c1,,0.19658051431179047
4933,CC1CCC2N(C1)CC1C3CC4C(CC(=O)C5CC(O)CCC54C)C3CCC1C2(C)O,,0.19660034775733948
3049,CC(C)CC(N)C(O)C(=O)NC(C(=O)NC(C(=O)NC(CC(=O)O)C(=O)O)C(C)C)C(C)C,,0.19660116732120514
1472,COc1cc2c(cc1O)CCC1C2CCC2(C)C(O)CCC12,,0.19662712514400482
1693,O=C([O-])C(=O)CC(O)C(O)C(=O)[O-],,0.19662779569625854
5591,C[C@H](N)[C@H](O)c1cccc(O)c1,,0.19666726887226105
2922,CCCN(CCC)CCc1ccc(O)c(O)c1,,0.19678591191768646
9962,NCC(=O)O.NCC(=O)O.NCC(=O)O.O=S(=O)(O)O,,0.19678783416748047
979,Cc1ncc(CO)c(CN)c1O,,0.19680902361869812
9430,O=C(CF)Nc1ccccn1,,0.19681523740291595
6599,Cc1ccc(Cl)cc1[N+](=O)[O-],,0.19690164923667908
4376,C=CCOc1ccccc1OCC(O)CNC(C)C,,0.19690705835819244
6152,CCOC(=O)CC(CC(=O)OCC)(OC(C)=O)C(=O)OCC,,0.19696691632270813
6748,C=CCc1ccc(OC)c(OC)c1,,0.19699449837207794
9804,O=C(CS)Nc1ccccc1,,0.19701603055000305
1106,O=c1[nH]c(=O)c2[nH]cnc2[nH]1,,0.19704706966876984
4388,CC[N+](CC)(CC)CCOC(=O)C(O)(c1ccccc1)C1CCCCC1,,0.1970527321100235
2756,O=C(NO)NC(Cc1ccccc1)C(=O)O,,0.19705359637737274
4434,C=C1C(=O)OC2C1CCC(C)=CCCC1(C)OC21,,0.1970549076795578
7202,CC(=O)CC(=O)Nc1ccccc1,,0.19705799221992493
932,O=P(O)(O)O,,0.19707134366035461
6849,CCN(CC)C(=S)Sc1nc2ccccc2s1,,0.19709289073944092
1814,O=C(NCP(=O)(O)O)OCc1ccccc1,,0.1971021145582199
6867,Cc1ccc(N)cc1C,,0.19711574912071228
3372,C=C1C(=O)OC2C1CCC1(C)CCC=C(C)C21,,0.19711624085903168
6842,c1ccc2scnc2c1,,0.1971302330493927
4417,CC(=O)OC1CC2CCC3C(CCC4(C)C3CC([N+]3(C)CCCCC3)C4OC(C)=O)C2(C)CC1[N+]1(C)CCCCC1,,0.19715924561023712
5171,C#CC1(O)CCC2C3C(C)CC4=C(CCC(=O)C4)C3CCC21C,,0.19716022908687592
724,[H][H],,0.19717517495155334
6190,CC1=CC(=O)CC(C)(C)C1,,0.1971820741891861
7300,O=C=Nc1ccc(Cl)cc1,,0.19722123444080353
6208,C=C(C)C=O,,0.1972222626209259
7270,CCC(=O)OCC=Cc1ccccc1,,0.19722458720207214
898,O=C(O)CC(=O)C(=O)O,,0.19723539054393768
5326,N#CC(=C(N)Sc1ccccc1)C(C#N)=C(N)Sc1ccccc1,,0.1972384750843048
1833,[H]/N=C(\N)C(C)(C)/N=N/C(C)(C)/C(N)=N/[H],,0.19724199175834656
809,O=C(O)CCc1ccccc1O,,0.19728723168373108
7453,C=CC=O,,0.19729597866535187
3580,Cc1c(C)c(CONC(=O)c2ccccc2)c(C)c(C)c1Br,,0.1973179131746292
5652,C=CCN=C=S,,0.1973462700843811
9432,CCOc1ccc(NC(=O)C(F)(F)F)cc1,,0.19740477204322815
2806,C=CCCCCCC(O)C=CC#CC#CC(O)C=C,,0.19741037487983704
7301,CCCCc1ccc(N)cc1,,0.19741125404834747
9764,CC=C(C)C=O,,0.19742868840694427
141,O=CNCC(=O)NC1OC(COP(=O)(O)O)C(O)C1O,,0.19744466245174408
8067,Nc1ncc([N+](=O)[O-])s1,,0.19749481976032257
4501,CCC1(c2ccccc2)C(=O)NC(=O)NC1=O,,0.19749563932418823
5605,O=C(O)c1ccncc1,,0.1974988877773285
1696,CCc1cn(C2CC(O)C(CO)O2)c(=O)[nH]c1=O,,0.19750551879405975
4345,CCCCC(C)CC(O)C=CC1C(O)CC(=O)C1CC(=O)CCCCC(=O)OC,,0.19751320779323578
7027,O=C(S)c1ccccc1,,0.19751392304897308
6817,CCCc1ccc2c(c1)OCO2,,0.1975475549697876
1883,CCCCCC(CC(=O)NO)C(=O)NC(C(=O)N1CCCC1CO)C(C)C,,0.19760087132453918
6654,OC(c1ccc(Cl)cc1)c1ccc(Cl)cc1,,0.1976311206817627
9628,CCC(=O)N1C2CCC1CN(CC=Cc1cccc(Cl)c1)C2,,0.19763469696044922
2099,COC1C(O)C(N)C(OC2OC(C(C)N)CCC2N)C(O)C1N(C)C(=O)CN,,0.19767062366008759
1231,C[N+]1(C)CCN(c2ccccc2)CC1,,0.1976865977048874
125,O=C(O)CC(O)(CC(=O)C(=O)O)C(=O)O,,0.1977860927581787
8344,C=CCc1ccc(OC)cc1,,0.19790449738502502
2081,COC(=O)C1=CCCN(C)C1,,0.19791151583194733
4126,N/C(=N\CCCC(N)C(=O)O)N[N+](=O)[O-],,0.19792047142982483
3487,CC(O)C(C=O)C1CC(SCC/N=C/N)=C(C(=O)O)N1,,0.19792693853378296
9987,CCN1C(=CC=CC=Cc2sc3ccccc3[n+]2CC)Sc2ccccc21.[I-],,0.19796988368034363
6580,O=C(Cl)c1ccccc1C(=O)Cl,,0.1980220526456833
4,NCC(=O)COP(=O)(O)O,,0.19802962243556976
4514,CCCCC(NC(=O)CCC(=O)O)P(=O)(O)Oc1ccccc1,,0.19803112745285034
9813,O=C(CCCl)NCc1ccccc1,,0.19815465807914734
44,NC(=O)CCC(=O)C(=O)O,,0.19815877079963684
235,C[N+](C)(C)CC=O,,0.19816738367080688
3095,C#CC1(O)CCC2C3CCc4cc(O)ccc4C3CCC21C,,0.19819965958595276
6799,O=C(OOC(=O)c1ccc(Cl)cc1)c1ccc(Cl)cc1,,0.19820617139339447
4531,CCOP(=S)(OCC)SCn1c(=O)oc2cc(Cl)ccc21,,0.19820739328861237
1486,O=C(O)CCCC(O)C=CC=CC=CC(O)CC=CCCCCCO,,0.19823262095451355
3517,COc1cc(C=C(C#N)C(=O)c2ccc(O)c(O)c2)cc(I)c1O,,0.19825254380702972
9363,O=C(O)c1ccccc1C(F)(F)F,,0.19827286899089813
4013,Cc1ccsc1C=CC1=NCCCN1C,,0.19828450679779053
2064,CCCCC#CCSc1ccccc1OC(C)=O,,0.19829505681991577
9369,O=C(c1ccccc1)C(F)(F)F,,0.19829870760440826
563,O=C(O)C(=O)CC(O)C(=O)O,,0.19831465184688568
3238,CCCCC(C)C(OC(=O)CC(CC(=O)O)C(=O)O)C(CC(C)CCCCCCC(O)CC(O)C(C)N)OC(=O)CC(CC(=O)O)C(=O)O,,0.19841055572032928
3801,CCCNC(=O)C1OC1C(=O)NC(C(=O)N1CCCC1C(=O)OC)C(C)CC,,0.1984681636095047
7274,CCCCNc1ccc(O)cc1,,0.19847683608531952
6216,C=CC(C)=O,,0.198503777384758
47,O=C(O)CCC(=O)C(=O)O,,0.1985054612159729
7112,C=Cc1ccncc1,,0.19858397543430328
3692,CC(=O)NC(CC(C)C)C(=O)NC(CC(C)C)C(=O)NC(C=O)CCCN=C(N)N,,0.1986331194639206
392,CN1C(=O)CCC1(O)c1cccnc1,,0.19864100217819214
4091,CCCCC(C=O)NC(=O)C(CC(C)C)NC(=O)C(CC(C)C)NC(C)=O,,0.19864824414253235
5754,COc1ccc(OC)c(C(O)C(C)N)c1,,0.1986483633518219
3481,CC1Nc2ccc(Cl)cc2S(=O)(=O)N1,,0.19869200885295868
8346,C=Cc1ccc(C)nc1,,0.19870850443840027
7212,CCNc1cccc(C)c1,,0.1987164169549942
1638,CCCCCCCCCc1ccc(O)cc1,,0.19874389469623566
1734,Cc1c(CC(CO)CO)[nH]c(=O)[nH]c1=O,,0.19876153767108917
7196,c1cc(OCC2CO2)cc(OCC2CO2)c1,,0.19877251982688904
7586,C=C(C)C(=O)OCCOCCOCCOCCOC(=O)C(=C)C,,0.19878257811069489
9742,O=C(NO)c1ccccc1,,0.19886186718940735
4409,C=C1CCCC2C1(C)CCC(C)C2(C)CCC(C)=CCC(O)C1=CC(=O)OC1O,,0.19888749718666077
9020,C=[N+]=[N-],,0.19893211126327515
3652,COC(=O)C(N)CCC/N=C(\N)N[N+](=O)[O-],,0.19894888997077942
3237,CCCCC(C)C(OC(=O)CC(CC(=O)O)C(=O)O)C(CC(C)CC(O)CCCCC(O)CC(O)C(C)N)OC(=O)CC(CC(=O)O)C(=O)O,,0.19895543158054352
6772,COC(=O)c1cccnc1,,0.19897077977657318
6821,CCNc1ccccc1C,,0.1990138590335846
6767,CC(C=O)c1ccccc1,,0.19902437925338745
3945,Cc1cccc(C)c1OCC(C)N,,0.1990366280078888
416,O=C(O)CC=Cc1cccnc1,,0.199055477976799
3014,CCc1cn(C2OCC(O)C2CO)c(=O)[nH]c1=O,,0.19911839067935944
1126,CC1C2Cc3ccc(O)cc3C1(C)CCN2,,0.19918233156204224
4152,COCCN1CCCCC(NC(=O)C(CC(C)C)C(CCCO)C(=O)NO)C1=O,,0.19919118285179138
3011,Clc1ccc(COC(Cn2ccnc2)c2ccc(Cl)cc2Cl)cc1,,0.19919253885746002
900,O=C(O)CC(C(=O)O)C(=O)C(=O)O,,0.19924195110797882
7420,Nc1ccc(N)cc1,,0.1992553323507309
8336,N#CC(c1ccc(Cl)cc1)c1ccc(Cl)cc1,,0.1992586851119995
4697,CCCSSC(CCO)=C(C)N(C=O)Cc1cnc(C)nc1N,,0.19929055869579315
7207,O=C(O)CCC(=O)Nc1ccccc1,,0.19929809868335724
1770,CCCCCC(O)C=CC=CC=CC(O)CC=CCCCC(=O)O,,0.19934029877185822
5602,Nc1ccncc1N,,0.19935300946235657
4841,CCCN1CCCC(c2cccc(C#N)c2)C1,,0.1993810087442398
2639,O=C([O-])CCCC=CCC1C(O)CC(O)C1C=CC(O)COc1cccc(Cl)c1,,0.19938114285469055
521,O=C(O)CCC(O)CC(=O)C(=O)O,,0.1994042992591858
892,O=C(O)C(=O)CO,,0.19940714538097382
1587,CC(=O)NC1C(N)C=C(C(=O)O)OC1C(O)C(O)CN,,0.19940781593322754
1000,O=P(O)(O)OCC1OC(OP(=O)(O)O)C(O)C1O,,0.19941814243793488
2141,CCCCNCC(O)c1ccc(O)cc1,,0.19946618378162384
432,NC(=O)NC(=O)C(=O)O,,0.19951391220092773
7964,Cc1ccccc1C(=O)O,,0.1995149552822113
159,CCCCCC=CCC(O)C=CC=CC=CC(O)CCCC(=O)O,,0.19952046871185303
4133,CC(C(O)c1ccccc1)N(C)C,,0.19952784478664398
3444,CC(N)Cc1ccc(O)cc1,,0.19953374564647675
128,C[N+](C)(C)CCCC=O,,0.19957584142684937
5758,CCCCN1CC2Cc3cc(OC)c(OC)cc3C2C1,,0.19960805773735046
602,O=c1ccn(C2CC(O)C(CO)O2)c(=O)[nH]1,,0.1996142417192459
6852,c1ccc2sc(SNC3CCCCC3)nc2c1,,0.19963382184505463
8009,COc1ccc(CC(C)N)cc1OC,,0.19964362680912018
7287,CC(=O)Cc1ccccc1,,0.19965709745883942
551,CN(CC(=O)O)C(N)=NP(=O)(O)O,,0.19968527555465698
6841,c1ccc2sccc2c1,,0.19971391558647156
4664,CSc1nc(NC(C)C)nc(NC(C)C)n1,,0.19971919059753418
7078,CC(=O)c1ccc(Cl)cc1,,0.1997222900390625
5401,Cc1cccc(C)c1NC1=NCCCS1,,0.19974663853645325
1805,C=CC1(C)CC(=O)C2C(C)(O1)C(OC(C)=O)C(O)C1C(C)(C)CCC(O)C12C,,0.19975394010543823
510,N#CO,,0.19976197183132172
3850,C#CC1(O)CCC2C3CCc4cc(OC)ccc4C3CCC21C,,0.1997888684272766
3578,O=C1NC2(C=CCCC2)C(=NO)C12CCCCC2,,0.19982928037643433
385,CN1C(=O)CCC1c1cccnc1,,0.199900284409523
2871,O=C(O)CN(CCN(CC(=O)O)CC(=O)O)CCN(CC(=O)O)CC(=O)O,,0.19990622997283936
2249,CC(C)NCC(O)COc1ccc(COCCOC(C)C)cc1,,0.19990965723991394
5850,CC[N+](C)(CC)[C@@H]1CC[C@@]2(C)C(CC[C@@H]3C2CC[C@@]2(C)C3CC[C@H]2[N+](C)(CC)CC)C1,,0.1999102681875229
4242,COC1CC(CC2CCC(C)C(C(C)C(=O)O)O2)OC2(OC(C)(C3CCC(C)(C4OC(C5OC(O)(CO)C(C)CC5C)CC4C)O3)CC2C)C1C,,0.19991189241409302
9666,C=CCc1cc2c(c(OC)c1OC)OCO2,,0.19994305074214935
6883,Cc1ccc(O)c(N)c1,,0.19999736547470093
66,CC(C)CC(=O)C(=O)O,,0.19999831914901733
7544,Cc1cncc(C)n1,,0.20001837611198425
34,CC(C)(CO)C(=O)C(=O)O,,0.20003286004066467
9294,O=C(CF)Oc1ccccc1,,0.200038880109787
7043,Nc1c(Cl)cc([N+](=O)[O-])cc1Cl,,0.2000693529844284
6198,C[N+](C)(C)CCO.O=C([O-])O,,0.20007319748401642
1492,CCC(C)(C)C(C)CCC(C)C1CCC2C3CC(OS(=O)(=O)O)C4CC(OS(=O)(=O)O)C(OS(=O)(=O)O)CC4(C)C3CCC12C,,0.2001252919435501
4124,CSCCC(NC=O)C(=O)NC(Cc1ccccc1)C(=O)O,,0.2001720517873764
6130,CC(CC(C#N)(c1ccccc1)C(C)C)N(C)C,,0.20018289983272552
7139,C=Cc1cccc(C)c1,,0.20018436014652252
9751,OCc1ccc2c(c1)OCO2,,0.20019613206386566
3935,CCN(CC)CCNC(=O)c1cc(Cl)c(N)cc1OC,,0.2001970112323761
9781,CN1CCC=C(C(=O)O)C1,,0.20021235942840576
7278,CNCc1ccccc1,,0.20021720230579376
8423,CCCCCCCCCCCCOS(=O)(=O)O.OCCNCCO,,0.20022422075271606
1265,NC(N)=N/C(N)=N/c1cccc(Cl)c1,,0.2002316117286682
5101,COP(=S)(OC)Oc1ccc(Sc2ccc(OP(=S)(OC)OC)cc2)cc1,,0.20025783777236938
670,NC(CCCCNC1OC(CO)C(O)C(O)C1=O)C(=O)O,,0.20029976963996887
2421,NC(=O)OCC1C(NC(=O)C(=NOCC(=O)O)c2csc(N)n2)C(=O)N1S(=O)(=O)O,,0.20030908286571503
6792,CCCC(C)c1ccc(O)cc1,,0.20031633973121643
7582,Cc1cnccn1,,0.2003183215856552
7541,Nc1cccc(N)c1,,0.2003425657749176
2114,CN1C(=O)COc2c(C(=O)NC3CN4CCC3CC4)cc(Cl)cc21,,0.20035195350646973
380,Nc1ccc(O)cc1,,0.20039325952529907
3958,CNCC1OC(OC2C(N)CC(N)C(OC3OCC(C)(O)C(NC)C3O)C2O)C(N)CC1O,,0.2003975808620453
751,NCC1OC(OC2C(N)CC(N)C(OC3OC(CO)C(O)C(N)C3O)C2O)C(O)C(O)C1O,,0.200408473610878
3540,CC(C)NNC(=O)c1ccncc1,,0.20041793584823608
753,O=C(O)C(=O)CC(O)C(O)C(O)C(O)CO,,0.20041872560977936
5916,O=C(OCC1CCCO1)c1cccnc1,,0.2004353404045105
4621,CCCCOc1ccc(OCCCN2CCOCC2)cc1,,0.20045354962348938
8173,CCN(CC)CCOC(=O)c1ccc(N)cc1Cl,,0.20045365393161774
6001,N=C=O,,0.20046091079711914
4006,CCC1(C2OC(C3OC(O)(CO)C(C)CC3C)CC2C)CCC(C2(C)CCC3(CC(O)C(C)C(C(C)C(OC)C(C)C(=O)O)O3)O2)O1,,0.20046359300613403
6512,O=C1OCc2ccccc21,,0.20049741864204407
7222,COc1ccc(OC)c(N)c1,,0.20050086081027985
7290,CN(C)Cc1ccccc1,,0.20050524175167084
6257,CC1CCCC(C)(C)C1CCC(C)[N+](C)(C)CCCCCC[N+](C)(C)C(C)CCC1C(C)CCCC1(C)C,,0.20050863921642303
9731,COc1cc2c(cc1OC)C(C)NCC2,,0.2005409449338913
67,O=C(O)CCCC(=O)C(=O)O,,0.2005816251039505
7574,O=c1ccocc1,,0.20059150457382202
9857,Nc1ccccn1,,0.2006271779537201
7146,CCCCCCCCCCCCNC(=O)C[N+](C)(C)Cc1ccccc1,,0.20062898099422455
6755,COc1ccccc1CC(=O)O,,0.20063340663909912
7075,CC(C)c1ccc(N)cc1,,0.20063768327236176
6153,CCCCOC(=O)CC(CC(=O)OCCCC)(OC(C)=O)C(=O)OCCCC,,0.20063965022563934
6822,Cc1ccccc1NC=O,,0.20064060389995575
781,NC(COP(=O)(O)O)Cc1cnc[nH]1,,0.20064565539360046
8937,NC(Cc1ccccc1F)C(=O)O,,0.20064741373062134
904,C=CCC(=O)C(=O)O,,0.2006831020116806
9409,Nc1cccnc1N,,0.2007448524236679
7064,CCC(C)c1ccc(O)cc1,,0.20082055032253265
5324,CCCN(CCC)C1Cc2cc(OC)c(OC)cc2C1,,0.20086824893951416
7269,CC(=O)OCC=Cc1ccccc1,,0.20090045034885406
1271,COc1ccc(OCCCCCCn2ccnc2)c(Cl)c1,,0.20092667639255524
9393,O=C(O)c1ccccc1F,,0.20097392797470093
878,CN(C)c1ccccc1,,0.20097826421260834
6923,Cc1cc(Sc2cc(C)c(O)c(C(C)(C)C)c2)cc(C(C)(C)C)c1O,,0.20103538036346436
5741,CCC1C(=O)NC(=O)C1(C)c1ccccc1,,0.20106065273284912
4390,Nc1ccc(C(O)C(CO)NC(=O)C(Cl)Cl)cc1,,0.20106521248817444
520,O=C(O)CC=CC=C(O)C(=O)O,,0.2010844498872757
3355,CC(CCC(C)C(C)(C)C)C1CCC2C3CC(OS(=O)(=O)O)C4CC(OS(=O)(=O)O)C(OS(=O)(=O)O)CC4(C)C3CCC12C,,0.20109198987483978
8069,Cc1cccc(N(C)C)c1,,0.20112216472625732
119,CC(O)CC(=O)C(=O)O,,0.20112797617912292
4492,NC(=O)NC(=O)Cc1ccccc1,,0.2011365443468094
6887,CCOC(=O)C(=O)OCC,,0.2011634260416031
8299,c1ccc(Sc2ccccc2)cc1,,0.20118334889411926
2943,CCCCCCCCCC(=O)NC(CN1CCOCC1)C(O)c1ccccc1,,0.20119284093379974
421,CC(NC(C)(C)C)C(=O)c1cccc(Cl)c1,,0.2012537717819214
2467,CON=C(C(=O)NC1C(=O)N2C(C(=O)[O-])=C(COC(C)=O)CSC12)c1csc(N)n1,,0.20126070082187653
4090,CSCCC(C=O)NC(=O)C(CC(C)C)NC(=O)C(CC(C)C)NC(C)=O,,0.20126353204250336
2946,O=C(O)CNC(=O)C(CS)Cc1ccccc1,,0.20126718282699585
2216,CC(C)NCC(O)COc1ccc(CCOCC2CC2)cc1,,0.20127132534980774
2567,O=c1[nH]c2cc(Cl)ccc2o1,,0.2012789398431778
33,O=C(O)C(=O)CC(O)C(O)CO,,0.20128576457500458
8748,c1ccnnc1,,0.20130717754364014
5470,CSc1ncnc2nc[nH]c12,,0.20134326815605164
7219,COc1ccc(N)c(C)c1,,0.20140649378299713
843,CNCC(O)c1ccccc1,,0.20141610503196716
2973,CC1OC(n2cc(F)c(=O)[nH]c2=O)C(O)C1O,,0.20141641795635223
2206,OB(O)c1cc2ccccc2s1,,0.20150329172611237
1349,CCCCC(C)(C)C(O)C=CC1C(O)CC(=O)C1CC=CCCCC(=O)O,,0.20160287618637085
4906,CCN(CC)CCOC(=O)c1cc(Cl)c(N)cc1OC,,0.20163394510746002
8030,COc1ccc(C)cc1N,,0.20164120197296143
9172,Clc1ccccc1CNCC1CCC(CNCc2ccccc2Cl)CC1,,0.20167160034179688
7978,Cc1ccc(O)cc1N(C)C,,0.20170782506465912
9783,OC[C@H]1O[C@H](OC[C@H]2O[C@@H](O)[C@H](O)[C@@H](O)[C@@H]2O)[C@H](O)[C@@H](O)[C@@H]1O,,0.20174261927604675
926,O=CCc1ccccc1,,0.20175035297870636
428,O=C1C(O)C(O)C(O)C(O)C1O,,0.20177236199378967
2291,O=C(CCCN1CCC(O)(c2ccc(Br)cc2)CC1)c1ccc(F)cc1,,0.20178203284740448
9185,O=C(Nc1ccc(Cl)cc1)Nc1ccc(Cl)c(C(F)(F)F)c1,,0.20179535448551178
7545,Cc1ccnc(N)n1,,0.20180144906044006
3406,CCCCCCc1ccc(O)cc1O,,0.20183657109737396
1335,CCCCCC#CCC(O)C=CC=CC=CC(O)CCCC(=O)O,,0.2018464356660843
5487,CCOCCOCCOC(C)Oc1ccc2c(c1)OCO2,,0.20189735293388367
7161,O=C(Nc1cccc(Cl)c1)OCC#CCCl,,0.20194575190544128
9078,N#CCCN.O=C(O)C=CC(=O)O,,0.20196415483951569
464,O=CCP(=O)(O)O,,0.20197793841362
3648,CC(C)C(NC(=O)C(CS)NC(=O)CCCC(N)C(=O)O)C(=O)O,,0.20198452472686768
9461,Nc1cccnc1,,0.20199650526046753
620,O=C(CO)COP(=O)(O)O,,0.2019997090101242
8443,C[C@]12CC[C@H](O)C[C@H]1CCC1C2CC[C@]2(C)C(C3=CC(=O)OC3)CC[C@]12O,,0.2020195722579956
4320,NC(COCc1ccccc1)C(=O)O,,0.20204487442970276
3400,C[N+](C)(C)CCCCCC[N+](C)(C)C,,0.20206493139266968
5806,N[C@@H](Cc1ccccc1)C(=O)O,,0.20207946002483368
8828,CCC1(O)CC2c3cc(OC)c(OC)cc3CCN2CC1CC(C)C,,0.20210207998752594
8440,[C-]#N.[Na+],,0.20211422443389893
391,CN1C(=O)C(O)CC1c1cccnc1,,0.20214180648326874
1489,CC(C)C(C)CCC(C)C1CCC2C3CC(OS(=O)(=O)O)C4CC(OS(=O)(=O)O)C(OS(=O)(=O)O)CC4(C)C3CCC12C,,0.2021801471710205
8492,CCN(CCC#N)c1ccccc1,,0.20219764113426208
6149,CCOC(=O)C1OC1(C)c1ccccc1,,0.20220796763896942
6682,CCN(CC)c1ccccc1,,0.20221371948719025
148,CCCCCC(O)C=CC1C(O)CC(=O)C1CC=CCCCC(=O)O,,0.2022555023431778
9417,Nc1ccc(C(F)(F)F)cc1,,0.20225706696510315
3544,Nc1nc(N)nc(-c2cc(Cl)ccc2Cl)n1,,0.2022746503353119
3688,CCCCCCCCC(O)C=CC=CC=CC(O)CCCC(=O)O,,0.20232243835926056
9197,Nc1ccc(F)cc1,,0.20234189927577972
7279,CCNc1ccccc1,,0.20234332978725433
6538,Cc1cc(C)c(N)c(C)c1,,0.2023487538099289
4551,CC(C)(O)C1C2OC(=O)C1C1(O)CC3OC34C(=O)OC2C14C,,0.20236274600028992
4430,C#CCN(C)Cc1ccccc1,,0.2023714929819107
9438,CC(N)Cc1ccc(F)cc1,,0.20238614082336426
3370,CC1CCC2(OC1)OC1CC3C4CCC5CC(O)CCC5(C)C4CC(=O)C3(C)C1C2C,,0.20240384340286255
8028,CC(=O)Nc1ccccc1C,,0.20241211354732513
553,C[N+](C)(C)CC=CC(=O)[O-],,0.20243243873119354
1434,Cc1ccnc(N)c1,,0.20244558155536652
7186,Clc1ccc(Cc2ccc(Cl)cc2)cc1,,0.2024659961462021
7024,ClC(Cl)c1ccccc1,,0.2024780809879303
6878,Cc1ccc(C)c(N)c1,,0.2024887651205063
7339,COc1ccc(N)cc1,,0.2025277018547058
54,CCC(=O)C(=O)O,,0.20253369212150574
462,NC(CCC(=O)NC(CSC=O)C(=O)NCC(=O)O)C(=O)O,,0.2025410383939743
8943,O=C(OCCCCF)c1ccccc1,,0.20257841050624847
4149,CC(C)(C)[N+]([O-])=Cc1ccccc1,,0.2025948464870453
7557,Cc1cc(N)cc(N)c1,,0.20265109837055206
866,O=C([O-])c1cccnc1,,0.2026682198047638
4158,CC(C)C(OC(=O)C(CS)NC(=O)CCCC(N)C(=O)O)C(=O)O,,0.20267073810100555
8798,C[N+](C)(C)CCCCCCC[N+](C)(C)C,,0.20270633697509766
1485,O=C(O)CCCCC=CCC(O)C=CC=CC=CC(O)CCCC(=O)O,,0.20271223783493042
930,O=C1NC(=O)C(c2ccccc2)N1,,0.20274388790130615
6777,CC(=O)CC(=O)Nc1ccccc1Cl,,0.20278513431549072
1863,CC(=O)NC(Cc1ccccc1)C(=O)O,,0.20278747379779816
5299,O=C(CC(=O)C(F)(F)F)c1cccs1,,0.20281021296977997
987,CC(=O)C(=O)O,,0.20282769203186035
423,CC(NC(C)(C)CO)C(=O)c1cccc(Cl)c1,,0.20283804833889008
0,CC(=O)OC(CC(=O)[O-])C[N+](C)(C)C,,0.20284612476825714
726,Oc1ccc(O)cc1,,0.20286031067371368
6277,O=S(=O)(Oc1ccc(Cl)cc1)c1ccc(Cl)cc1,,0.20286989212036133
955,CC(=O)C1CCC2C3CC=C4CC(O)CCC4(C)C3CCC12C,,0.20287112891674042
6869,Cc1ccc(N)c(C)c1,,0.20291036367416382
4690,CCCCCC(O)C=CC1C(=O)CC(O)C1CC=CCCCC(=O)O,,0.20294128358364105
8976,O=C(CF)Nc1ccccc1,,0.202987402677536
6266,CC(O)(c1ccc(Cl)cc1)c1ccc(Cl)cc1,,0.20301350951194763
7111,C=Cc1ccccc1,,0.20303378999233246
680,CC(C)=CCCC(C)=CCOP(=O)(O)OP(=O)(O)O,,0.20303598046302795
6285,CCC(C)(C)c1ccc(O)cc1,,0.20307163894176483
752,NCC1OC(OC2C(N)CC(N)C(OC3OC(CO)C(O)C(N)C3O)C2O)C(N)C(O)C1O,,0.20307785272598267
8383,Nc1cccc(N)n1,,0.2030797153711319
6823,CCOc1ccccc1N,,0.20310074090957642
5622,[H]/N=C(\N)N=C(N)N,,0.20314183831214905
331,O=C1C(O)C(O)OC(CO)C1O,,0.20321065187454224
8319,O=C(O)CCC(=O)OCc1ccccc1,,0.20322874188423157
6366,O=C(O)C(c1ccc(Cl)cc1)c1ccc(Cl)cc1,,0.20324039459228516
5314,C1CCC(/N=C(/[NH2+]C2C3CC4CC(C3)CC2C4)N2CCOCC2)CC1,,0.20325899124145508
7228,c1ccc2sc(SN3CCOCC3)nc2c1,,0.2032855898141861
1255,O=c1ccn(C2OC(CO)C3OC32)c(=O)[nH]1,,0.2033652365207672
7199,CCC(C)Nc1ccc(NC(C)CC)cc1,,0.2034214735031128
871,CN1CCCC1c1cccnc1,,0.20345664024353027
8244,CCCCNc1ccc(C(=O)OCCN(C)C)cc1.Cl,,0.20347149670124054
4839,CCCN1CCOC2c3cc(O)ccc3OCC21,,0.2035096436738968
4990,Cc1cn(C2CCC(CO)O2)c(=O)[nH]c1=O,,0.2035292387008667
9410,Cc1ccc(N)cc1F,,0.20357759296894073
2504,CC(=O)OCC1=C(C(=O)O)N2C(=O)C(NC(=O)CCCC(N)C(=O)O)C2SC1,,0.20357993245124817
2982,OCC(O)CN1CCN(c2ccccc2)CC1,,0.20359371602535248
6253,CCC(C)(C)c1cc(O)c(C(C)(C)CC)cc1O,,0.20361870527267456
8213,O=C(O)CSc1ccccc1C(=O)O,,0.20362488925457
394,O=C(O)C=CC(Cl)=CC(=O)O,,0.20362766087055206
6271,CC(C)(OO)c1ccccc1,,0.20367984473705292
5024,C[N+](C)(C)CCOC(=O)CCC(=O)OCC[N+](C)(C)C,,0.20368511974811554
7585,C=C(C)C(=O)OCCOCCOCCOC(=O)C(=C)C,,0.20369255542755127
2805,C=CCCCCCC=CC(O)C#CC#CC(O)CC,,0.20371820032596588
5662,O=C(CO)[C@@H](O)[C@H](O)[C@H](O)CO,,0.203771710395813
6529,O=C(CO)[C@@H](O)[C@H](O)[C@@H](O)CO,,0.203771710395813
5948,Clc1ccc(C(c2ccc(Cl)cc2)C(Cl)Cl)cc1,,0.2038557380437851
3172,O=c1[nH]c(=O)n(C2CC(O)C(CO)O2)cc1F,,0.20389200747013092
513,O=C(O)CC1(C(=O)O)C=CC(=O)O1,,0.20394036173820496
3146,CCNC(C)Cc1cccc(C(F)(F)F)c1,,0.20394505560398102
1470,CCCCCCCCCCCCCCCC(=O)NCC(CC(C[N+](C)(C)C)OP(=O)([O-])O)OC,,0.20395320653915405
645,O=C([O-])C(O)C(O)COP(=O)(O)O,,0.20396317541599274
1253,C=CC1(C)CC(=O)C2C3(C)CCCC(C)(C)C3C(O)C(OC(C)=O)C2(C)O1,,0.2039719820022583
9176,Nc1ccc(F)cc1F,,0.2039838582277298
5422,CC(O)(C(=O)Nc1ccccc1)C(F)(F)F,,0.2039947509765625
7071,CC1=CCC(C(C)C)C=C1,,0.2039952576160431
9936,CCOC(=O)C(O)(c1ccc(Cl)cc1)c1ccc(Cl)cc1,,0.20408126711845398
6848,CC(C)N(Sc1nc2ccccc2s1)C(C)C,,0.20423683524131775
5858,COc1ccc2[nH]cc(CCN)c2c1.Cl,,0.20425273478031158
5343,CCC(C)C(C(=O)OCC[N+](C)(CC)CC)c1ccccc1,,0.2042875587940216
5752,COc1ccc(OC)c(C(O)C(C)NC(C)C)c1,,0.2043176293373108
4008,CCC1(O)OC(C2CC(C)C(C3(CC)CCC(C4(C)CCC5(CC(O)C(C)C(C(C)C(OC)C(C)C(=O)O)O5)O4)O3)O2)C(C)CC1C,,0.20432749390602112
8381,CC(=O)C=C(C)C,,0.20438721776008606
5645,C[N+](C)(C)Cc1ccccc1,,0.2044014036655426
7555,Cc1cc(C)cc(N)c1,,0.20441369712352753
7314,O=CCCc1ccccc1,,0.20441843569278717
420,CC12CCC3C(CCC4CC(=O)CCC43C)C1CCC2=O,,0.20448234677314758
7175,Brc1ccc(Oc2ccccc2)cc1,,0.20449554920196533
4642,CC1CCN(C)C(CO)(CO)C1=O,,0.2045600265264511
4520,CNCC(O)c1cccc(O)c1,,0.20457230508327484
1141,CCC12CCN(CC3(O)CC3)C(Cc3ccc(O)cc31)C2(C)C,,0.20460443198680878
616,O=C1CCc2ccccc2O1,,0.20469999313354492
4457,C#CC(O)C=CCCCCCCCCCCC=CCCCCCCCCCC(O)C#CC#CCO,,0.20471982657909393
4445,Cc1ccc(C=C(S)C(=O)O)cc1,,0.20475450158119202
6683,CCN(CC)c1cccc(O)c1,,0.20478703081607819
2789,C[N+](C)(C)CCCCCCCCCC[N+](C)(C)C,,0.2047879546880722
1762,C=CC1(C)CC(=O)C2C3(C)CCCC(C)(C)C3C(O)C(O)C2(C)O1,,0.20483502745628357
4794,NCC1OC(OC2C(N)CC(N)C(O)C2OC2OC(CO)C(O)C2O)C(N)C(O)C1O,,0.20484161376953125
5729,CCCc1cccc(N)c1,,0.20486129820346832
3002,CCOC(=O)C1OC1C(=O)NC(CC(C)C)C(=O)NCCC(C)C,,0.20487859845161438
6305,CCc1ccc2c(c1)C(C)(C)CCC2(C)C,,0.20491692423820496
3079,CC12CCC3c4ccc(O)cc4CCC3C1CC(O)C2O,,0.2049330472946167
1947,CCCCC(CC)C/N=C(\N)N/C(N)=N/CCCCCC/N=C(\N)N/C(N)=N/CC(CC)CCCC,,0.20501218736171722
9198,Oc1ccc(F)cc1,,0.20503383874893188
3115,CCNCC(O)c1cccc(O)c1,,0.20503392815589905
9693,COC(C)C(O)(C(=O)OCC1=CCN2CCCC12)C(C)C,,0.2050614207983017
9777,O=Cc1ccoc1,,0.20507949590682983
3134,NC(N)=Nc1nc(CSCCC(N)=NS(N)(=O)=O)cs1,,0.20510177314281464
3289,CCC1(c2ccccc2)CCC(=O)NC1=O,,0.20514075458049774
5534,CC1CC[Si](C)(C)CC12C(=O)NC(=O)NC2=O,,0.205144003033638
7905,Cc1nc(NS(=O)(=O)c2ccc(N)cc2)nc(C)c1Br,,0.2051609456539154
43,CCC(C)C(=O)C(=O)O,,0.20523738861083984
10,Oc1cc(O)c(O)c(O)c1,,0.20525869727134705
6872,Cc1cc(O)ccc1O,,0.2052830308675766
1506,O=C1NCC=CN1C1OC(CO)C(O)C1O,,0.20532463490962982
4425,OCC1OC(Sc2ccc(N(O)O)cc2)C(O)C(O)C1O,,0.20533055067062378
4671,C#CCOS(=O)OC1CCCCC1Oc1ccc(C(C)(C)C)cc1,,0.20535577833652496
3885,CNC(C)Cc1ccccc1OC,,0.2053718864917755
45,CC(C)C(=O)C(=O)O,,0.20539318025112152
3856,CC(C)NCC(O)c1cc(O)cc(O)c1,,0.20541788637638092
5111,CC(C)(C)NCC(O)c1cc(O)cc(O)c1,,0.20542754232883453
5808,Cc1cccc(NC(N)=O)c1,,0.20546038448810577
5714,c1ccc2c(c1)OCC(CN1CCCCC1)O2,,0.20549441874027252
3654,NC(C(=O)O)c1ccccc1,,0.20550182461738586
6882,Nc1ccc(Cl)cc1N,,0.20551873743534088
4715,CC1(C)N(O)C(c2ccccc2)=[N+]([O-])C1(C)C,,0.20556309819221497
8749,c1cncnc1,,0.20557446777820587
2552,CN1C(=O)CCS(=O)(=O)C1c1ccc(Cl)cc1,,0.20567795634269714
743,O=P(O)(O)OC1C(O)C(O)C(OP(=O)(O)O)C(O)C1O,,0.205680713057518
1008,NC(CCC(=O)NC(CSCO)C(=O)NCC(=O)O)C(=O)O,,0.2056823968887329
8203,CN[C@@H](C)C(O)c1ccccc1,,0.20569883286952972
143,Nc1cncn1C1OC(COP(=O)(O)O)C(O)C1O,,0.20570047199726105
9346,CCCC1(c2cccc(O)c2)CCN(C)C1,,0.20570649206638336
4864,OCc1ccccc1OC1OC(CO)C(O)C(O)C1O,,0.20570729672908783
3556,O=C(O)C1=CCNCC1,,0.20571279525756836
9730,c1ccc2c(c1)OCCO2,,0.20571288466453552
9809,O=C(Cl)OCc1ccccc1,,0.20576715469360352
554,C[N+](C)(C)CC=CC(=O)O,,0.20577965676784515
6463,CCN(CC)C(C)C=C(c1cccs1)c1cccs1,,0.20580624043941498
679,O=CC(O)COP(=O)(O)O,,0.2058122754096985
1124,CNC(C)Cc1ccccc1,,0.20583216845989227
6624,Brc1cccc2ccccc12,,0.20586073398590088
6862,Nc1ccccc1N,,0.20586249232292175
6850,CC(C)(C)NSc1nc2ccccc2s1,,0.20588596165180206
9581,Fc1ccc(C(c2ccc(F)cc2)C(Cl)(Cl)Cl)cc1,,0.20590995252132416
7211,CCc1cc(CC)cc(CC)c1,,0.2059308886528015
4760,CNC(C)C(O)c1ccccc1,,0.20593468844890594
8309,CCCCCCCCCCCCOS(=O)(=O)O.OCCN(CCO)CCO,,0.20595364272594452
8719,c1ccc2c(c1)OCO2,,0.20597657561302185
7076,CC(C)c1ccc(O)cc1,,0.2060796171426773
821,COC(=O)C(=CC(=O)O)CC(=O)O,,0.20613081753253937
232,CC12CCC3C(CCC4CC(OS(=O)(=O)O)CCC43C)C1CCC2=O,,0.20613734424114227
526,NC(N)=NCCCC(=O)C(=O)O,,0.2061452865600586
6667,c1ccc2c(c1)CCNC2,,0.20615547895431519
564,O=C1OC(COP(=O)(O)O)C(O)C(O)C1O,,0.20619730651378632
5241,CCCC=CCC=CC=CC=NNN=O,,0.20626550912857056
2455,Cc1nnc(SCC2=C(C(=O)O)N3C(=O)C(NC(=O)Cn4cnnn4)C3SC2)s1,,0.206282839179039
6711,O=C1CCN(c2ccccc2)N1,,0.206296905875206
8027,CCCCCCCCS(=O)C(C)Cc1ccc2c(c1)OCO2,,0.2062997668981552
5527,CCC1CC[Si](C)(C)CC12C(=O)NC(=O)NC2=O,,0.20630785822868347
1357,CC(O)CCCC(O)C=CC1C(O)CC(=O)C1CC=CCCCC(=O)O,,0.20631319284439087
9054,CCNCC(O)c1cccc(F)c1,,0.20642168819904327
7197,CC(=O)CC(=O)Nc1ccc(Cl)cc1,,0.20646382868289948
4304,C=CC(O)C#CC#CC=CC(O)CCCCCCC,,0.2064778357744217
9854,Nc1ncnc(N)n1,,0.20648019015789032
4368,Clc1ccc(CON=C(Cn2ccnc2)c2ccc(Cl)cc2Cl)c(Cl)c1,,0.20650850236415863
7096,CC(C)c1ccc(C(C)C)cc1,,0.2065514624118805
8853,O=C(CCCl)NCCc1ccccc1,,0.2065616101026535
7307,CCCCCCCCCc1ccc(OCCO)cc1,,0.20665769279003143
9561,C=CC1(C)C=C2CCC3C(C)(C(=O)O)CCCC3(C)C2CC1,,0.20668835937976837
8254,Nc1nc2ccccc2s1,,0.20670464634895325
251,CCCC(=O)OP(=O)(O)O,,0.20671415328979492
8050,CCOC(=O)C1OC1c1ccccc1,,0.20677104592323303
2720,CC1CC(OC(=O)C(O)c2ccccc2)CC(C)(C)C1,,0.2067720890045166
3938,COCCc1ccc(OCC(O)CNC(C)C)cc1,,0.20685002207756042
8031,Cc1nc2ccccc2s1,,0.2068784236907959
8751,c1ncncn1,,0.20694929361343384
722,N#CS,,0.20698358118534088
9434,CCNC(C)Cc1ccccc1,,0.20699600875377655
9658,CC1=CC2C(=C(C)CCC2C(C)C)CC1,,0.20699723064899445
6672,CCCCN(C(C)=O)c1ccccc1,,0.20702873170375824
5595,CC[C@@H]1C(=O)OC[C@@H]1Cc1cncn1C,,0.2070312798023224
4572,CC1(Cn2ccnn2)C(C(=O)O)N2C(=O)CC2S1(=O)=O,,0.20707495510578156
1266,Clc1cccc(N2CCNCC2)c1,,0.2071082592010498
954,NC1=NC2NC=C(C(O)C3OP(=O)(O)OCC3O)NC2C(=O)N1,,0.20712795853614807
3404,CN1C(=O)NC(=O)C(C)(C2=CCCCC2)C1=O,,0.2071399837732315
2178,NC(=O)c1ccccc1,,0.2071620672941208
8952,Nc1cc(C(F)(F)F)cc(C(F)(F)F)c1,,0.20716623961925507
7962,O=C1C(Cl)=C(Cl)C(=O)C(Cl)=C1Cl,,0.2072017788887024
9689,C=C(C)[C@H]1CN[C@H](C(=O)O)[C@H]1CC(=O)O,,0.2072046995162964
4456,C#CC(O)C=CCCCCCCCCCCCC=CCCCCCCCCCC(O)C#CC#CCO,,0.2072731852531433
5908,Cl.Nc1ccn([C@@H]2O[C@H](CO)[C@@H](O)[C@@H]2O)c(=O)n1,,0.20731502771377563
9815,OCCc1ccc(O)cc1,,0.20733104646205902
9757,c1ccc2c(c1)CCN2,,0.20743952691555023
4736,Nc1ncc2c(n1)CC1CCCN(N)C1C2,,0.2074589878320694
2762,O=P(O)(O)OC1C(O)C(O)C(O)C(O)C1OP(=O)(O)O,,0.2074628472328186
5607,CNCC(O)c1ccc(O)c(O)c1.Cl,,0.20746468007564545
9761,Cc1ccc(O)cc1O,,0.2074873447418213
291,OCC=Cc1ccccc1,,0.2075350135564804
7900,O=S(=O)(c1ccc(Cl)cc1)c1cc(Cl)c(Cl)cc1Cl,,0.2075461447238922
928,NCC(O)c1ccccc1,,0.2075861096382141
570,O=P(O)(O)OCC(O)C(O)c1cnc[nH]1,,0.20759007334709167
5707,Cc1c(C)c2c(c(C)c1O)CC[C@](C)(CCC[C@H](C)CCC[C@@H](C)CCCC(C)C)O2,,0.20759592950344086
929,NCCc1ccccc1,,0.2076316475868225
9789,Cc1ccc(C(C)C)cc1O,,0.20768652856349945
2568,O=c1[nH]c2cc(Cl)c(O)cc2o1,,0.20769375562667847
1151,NC(C(=O)O)c1cc(=O)[nH]o1,,0.20773571729660034
5800,OC[C@H]1O[C@@H](O[C@H]2[C@H](O)[C@@H](O)[C@H](O)O[C@@H]2CO)[C@H](O)[C@@H](O)[C@H]1O,,0.20774586498737335
5911,OC[C@H]1O[C@H](O[C@H]2[C@H](O)[C@@H](O)[C@H](O)O[C@@H]2CO)[C@H](O)[C@@H](O)[C@@H]1O,,0.20774586498737335
8510,COc1ccc(O)cc1,,0.207770437002182
1826,c1cncc(OCC2CCN2)c1,,0.20783643424510956
1077,COC1=C(OC)C(O)C(CC=C(C)CCC=C(C)CCC=C(C)CCC=C(C)CCC=C(C)CCC=C(C)CCC=C(C)CCC=C(C)C)=C(C)C1O,,0.20784099400043488
3330,O=C(O)C1=CCCNC1,,0.20784778892993927
2415,O=NN(CCCl)C(=O)NCCCl,,0.2078588455915451
7577,Oc1cccnc1,,0.2078804224729538
621,CC(=O)C(O)COP(=O)(O)O,,0.20795977115631104
72,CC12CCC3C(CC=C4CC(O)CCC43C)C1CCC2=O,,0.20799988508224487
9932,CCC1(C2=CCCCCC2)C(=O)NC(=O)NC1=O,,0.2080240249633789
8768,CC(C)[N+](C)(CCOC(=O)C1c2ccccc2Oc2ccccc21)C(C)C.[Br-],,0.20802636444568634
4928,CCNc1nc(Cl)nc(NCC)n1,,0.20803356170654297
7115,N#Cc1ccccc1,,0.20803508162498474
530,CSCCC(=O)C(O)=CO,,0.20805035531520844
3271,CNC(C)C1CCC(N)C(OC2C(N)CC(N)C(OC3OCC(C)(O)C(NC)C3O)C2O)O1,,0.20807619392871857
5722,Cl.c1ccc(CC2=NCCN2)cc1,,0.20812495052814484
7864,CC1(C)C2CCC1(C)C(OC(=O)CSC#N)C2,,0.20813651382923126
7335,CCc1ccc(C)nc1,,0.2081741988658905
152,CC1(C)SC2C(N)C(=O)N2C1C(=O)O,,0.2082037478685379
5148,O=C(O)c1ccccc1S,,0.20822341740131378
4910,C#CCN(C)C(C)Cc1ccccc1,,0.20823520421981812
1584,OCC1C(O)C(O)C(O)c2cn[nH][n+]21,,0.2082829624414444
7034,CN(C)c1cccc(O)c1,,0.20829230546951294
1471,CCCCCCCCCCCCCCCC(=O)NCC(CC(C[N+](C)(C)C)OP(=O)(O)O)OC,,0.20830127596855164
1262,CCC(=O)c1ccc(F)c(C2CC2NC(=O)Nc2ccc(Br)cn2)c1O,,0.20831309258937836
4923,CC(C)CC(N(C)C)C1(c2ccc(Cl)cc2)CCC1,,0.2083156406879425
6994,CC(C)(C)c1ccc(O)c(O)c1,,0.20832902193069458
4844,CCCN(CCC)C1CCc2c(F)ccc(O)c2C1,,0.20834682881832123
229,O=C(O)c1ccccc1,,0.20840251445770264
5490,C1CN1c1nc(N2CC2)nc(N2CC2)n1,,0.20841416716575623
1752,C=CC1(C)CC(=O)C2C(C)(CC(O)C3C(C)(C)CCCC32C)O1,,0.20844078063964844
2640,O=C(O)CCCC=CCC1C(O)CC(O)C1C=CC(O)COc1cccc(Cl)c1,,0.2084740698337555
9633,OCC1=CCN2CC[C@@H](O)[C@@H]12,,0.20847415924072266
7125,CNc1ccccc1,,0.20850135385990143
7887,CCOP(=S)(OCC)Oc1ccc(S(C)=O)cc1,,0.20854869484901428
6611,CC(C)=C1CCC(C)CC1=O,,0.20857354998588562
2308,CC(C)(C)NCC(O)COc1ccccc1OCC1CCCO1,,0.20857858657836914
692,NC(CCC(=O)NC(CSS)C(=O)NCC(=O)O)C(=O)O,,0.20859099924564362
6616,Cc1ccccc1CN,,0.20860883593559265
7319,O=COCC=Cc1ccccc1,,0.20860938727855682
9763,Cc1cc(C)c(O)cc1C,,0.20861086249351501
1200,CCCOC(=O)C1=CSC2C(C(C)OC(C)=O)C(=O)N12,,0.2086186707019806
1019,O=C(O)C1=CC(O)C(O)C(O)C1,,0.20864151418209076
828,CC(=O)NC1C(O)OC(COP(=O)(O)O)C(O)C1O,,0.2086860090494156
7829,CCCCC(CC)CN1C(=O)C2C3C=CC(C3)C2C1=O,,0.20874543488025665
9800,CCCCCc1cc(O)cc(O)c1,,0.2087528109550476
7309,CCCc1ccc(OC)cc1,,0.20878258347511292
5857,C[C@@H]1C[C@@H]([C@H](O)CC2CC(=O)NC(=O)C2)C(=O)[C@@H](C)C1,,0.2088128626346588
1099,O=C(O)C=Cc1cnc[nH]1,,0.20883214473724365
5056,CCC=CCCCCCCCCCCCCCC(=O)OCC(COC1OC(CS(=O)(=O)O)C(O)C(O)C1O)OC(=O)CCCCCCCCCCCCCCC,,0.20884868502616882
120,OCc1ccc(O)cc1,,0.2088489532470703
807,OCC1OC(OC2C(CO)OC(OC3C(CO)OC(O)C(O)C3O)C(O)C2O)C(O)C(O)C1O,,0.2088513821363449
7040,OC[C@H]1O[C@H](O[C@H]2O[C@H](CO)[C@@H](O)[C@H](O)[C@H]2O)[C@H](O)[C@@H](O)[C@@H]1O,,0.20885856449604034
4938,[H]/N=C(\N)SCCCCN(C)C,,0.2088678777217865
9367,C[C@H](CCC(=O)O)[C@H]1CC[C@H]2[C@@H]3CC[C@@H]4C[C@H](O)CC[C@]4(C)[C@H]3CC[C@]12C,,0.20887911319732666
5528,CCC1(C2=CCCCC2)C(=O)NC(=O)NC1=O,,0.2090211808681488
762,CC(N)C(=O)NC(CCC(=O)NC(CCCC(N)C(=O)O)C(=O)O)C(=O)O,,0.20904777944087982
8796,C=CCc1ccccc1,,0.20910337567329407
410,O=C1CCC(c2cccnc2)N1CO,,0.2091349959373474
9795,COP(=S)(OC)Oc1ccc([N+](=O)[O-])c(Cl)c1,,0.20914717018604279
5766,Cc1ncc(CO)c(C)c1O,,0.2091507762670517
6847,Cc1ccc2sc(C)nc2c1,,0.20922164618968964
550,[H]/N=C(\N)N(C)CC(=O)O,,0.20926229655742645
308,CC(C)c1ccc(CO)cc1,,0.2092694789171219
5195,NCC1OC(OC2C(N)CC(N)C(OC3OC(CO)C(O)C(N)C3O)C2O)C(N)CC1O,,0.20928232371807098
6868,Cc1ccc(O)cc1C,,0.20932312309741974
882,NC(CCOP(=O)(O)O)C(=O)O,,0.20944006741046906
1247,[H][O+]=C1C2CCCCC2C(O)C2CCCCC12,,0.2094886302947998
2944,CCCCCCCCCCCCCCCC(=O)NC(CN1CCOCC1)C(O)c1ccccc1,,0.20952431857585907
1059,Cc1ncsc1CCOP(=O)(O)O,,0.20953752100467682
4287,NCC(O)c1cccc(O)c1,,0.2095743864774704
1368,CC1OC(n2ccc(=O)[nH]c2=O)CC1O,,0.20957951247692108
7330,ClCc1ccc(Cl)cc1,,0.20958106219768524
8343,CC(C)(C)CC(C)(C)c1ccc(O)cc1,,0.20959918200969696
6623,COc1ccccc1N,,0.2096051573753357
9726,C[C@H](N)[C@H](O)c1ccccc1,,0.2096259593963623
962,CCC(=O)OP(=O)(O)O,,0.20963425934314728
174,CC(=O)OP(=O)(O)O,,0.20964519679546356
6154,CCOC(=O)CC(O)(CC(=O)OCC)C(=O)OCC,,0.20965689420700073
879,C[N+](C)([O-])c1ccccc1,,0.20967157185077667
7540,Cc1cccc(N)c1,,0.20968663692474365
3857,CC(N)C(O)c1cccc(O)c1,,0.20972682535648346
1802,CC(=O)NC1C(O)C=C(C(=O)O)OC1C(O)C(O)CN,,0.20981839299201965
6155,CCCCOC(=O)CC(O)(CC(=O)OCCCC)C(=O)OCCCC,,0.20982038974761963
3999,O=C(NCCN1CCOCC1)c1ccc(Cl)cc1,,0.20989087224006653
2964,CC(=CC=CC(C)C(=O)O)C1CNC(C(=O)O)C1CC(=O)O,,0.20989108085632324
8114,Oc1ccc2c(c1)CC[N+]1=C2CCC2CCCC21.[Br-],,0.20990274846553802
9998,CC12CC(O)C3C(CCC4CC(O)CCC43C)C1CCC2C(=O)CO,,0.20990687608718872
1417,Nc1ccc(C2NC(CO)C(O)C2O)cc1,,0.20992910861968994
3875,COc1ccccc1OCC(O)COC(N)=O,,0.20993672311306
451,CC(O)(CCOP(=O)(O)O)CC(=O)O,,0.20996811985969543
427,CC12CCC3c4ccc(O)cc4CCC3C1CCC2O,,0.20996904373168945
5530,C[Si]1(C)CCCC2(C1)C(=O)NC(=O)NC2=O,,0.20997339487075806
2978,OCC1OC(n2cnc3cc(Cl)c(Cl)cc32)C(O)C1O,,0.20997805893421173
2523,O=C1CSC(c2ccccc2Cl)c2cc(Cl)ccc2N1,,0.20998212695121765
9853,O=C1CCCC(=O)C1,,0.2099870890378952
922,NC(Cc1ccccc1)C(=O)O,,0.2099953293800354
9411,Cc1ccc(O)c(O)c1,,0.21000230312347412
539,O=CN(O)CCCP(=O)(O)O,,0.21002435684204102
4349,O=C(O)c1nc(=O)[nH]c(=O)[nH]1,,0.210027277469635
1973,CC(=O)Oc1c(C)c(C)c2c(c1C)CCC(C)(CCCC(C)CCCC(C)CCCC(C)C)O2,,0.21004855632781982
2895,[H]/N=C(\N)SCCCN(C)C,,0.21006152033805847
9343,CCC1(c2ccc(Cl)cc2)C(=O)NC(=O)NC1=O,,0.21010568737983704
3646,O=C(O)CC(Cc1ccccc1)C(=O)O,,0.2101336568593979
8229,COc1ccc(CNN)cc1OC,,0.21020077168941498
7240,O=C(S)Cc1ccccc1,,0.21025167405605316
22,NC1=NC2C(C(=O)N1)N(O)C(O)(C(O)C(O)CO)C(O)N2O,,0.21025630831718445
2727,CC1CC(C)C(=O)C(C(O)CC2CC(=O)NC(=O)C2)C1,,0.2102859914302826
9697,Cc1ccc(C)c(C)c1C,,0.21030394732952118
2134,NCC(CC(=O)O)c1ccc(Cl)cc1,,0.2103545218706131
4546,COc1nc(C)nc(Cl)c1NC1=NCCN1,,0.2103644758462906
5415,CC(=O)NC1C(N=C(N)N)C=C(C(=O)O)OC1C(O)C(O)CO,,0.2103734165430069
981,Cc1ncc(CO)c(CO)c1O,,0.2104189693927765
176,CC(=O)OC1OC(CO)C(OC2OC(CO)C(O)C(O)C2O)C(O)C1O,,0.21043661236763
6662,COc1cccc(OC)c1O,,0.2104482352733612
1615,Nc1ccncc1,,0.21046295762062073
8927,Cl.[H]/N=C(\N)N(C)c1ccccc1,,0.21051979064941406
340,CC(N)CC(=O)CC(=O)O,,0.21052643656730652
7221,C1=CCC=C1,,0.2105475813150406
5227,CC12CCC(CC1=O)C2(C)C=O,,0.21059148013591766
5254,C#CC(O)C=CCCCCCCCCCCCCC=CCCCCCCCCCC=CC#CC(=O)O,,0.2105979174375534
6854,C=CC(=O)OCC1CC2C=CC1C2,,0.2106332778930664
264,O=C=O,,0.21064269542694092
8795,C[C@@H]1O[C@H](C[N+](C)(C)C)C[C@H]1O,,0.21064791083335876
6771,COC(=O)c1ccccc1,,0.21065674722194672
6535,CCCCOC(=O)[C@H](O)[C@@H](O)C(=O)OCCCC,,0.210679829120636
9207,Nc1cccc(F)c1,,0.21069593727588654
6786,CCOC(=O)c1ccccc1,,0.2107129842042923
1609,CC(=O)NC1C(N)C=C(C(=O)O)OC1C(O)C(O)CO,,0.21078945696353912
6521,Cc1cccc(C)c1N,,0.21082091331481934
13,CC12CCC3C(CCC4CC(=O)CCC43C)C1CCC2O,,0.2108326554298401
3475,Cc1ccc(OCC(O)C(C)NC(C)C)c2c1CCC2,,0.21083414554595947
1742,Cc1c(CCCO)[nH]c(=O)[nH]c1=O,,0.21088482439517975
8789,CN1N=C(C(N)=O)CCC1=O,,0.21089757978916168
7313,ClCCCc1ccccc1,,0.2109224498271942
3695,c1ccc(C2CN3CCSC3=N2)cc1,,0.21094262599945068
6739,COc1ccc(CO)cc1OC,,0.21094480156898499
7341,CCc1ccc(CC)cc1,,0.21094553172588348
5009,CN(N=O)C(=O)NC(C=O)C(O)C(O)C(O)CO,,0.21095669269561768
25,NC(C=O)C(=O)O,,0.210956871509552
3153,O=C1NCC2(CCN(CCc3ccccc3)CC2)O1,,0.21096044778823853
1331,CCCCCC(C=CC=CCCCCCCCC(=O)O)OO,,0.2109733670949936
1794,CCCCCC=CC=CC(CCCCCCCC(=O)O)OO,,0.2109733670949936
1975,C=CCc1ccccc1OCC(O)CNC(C)C,,0.21100656688213348
207,CCOP(=S)(OCC)Oc1ccc(N)cc1,,0.21103671193122864
1381,CCCCCC(O)C=CC1C(O)CC(O)C1CC(=O)CCC(=O)O,,0.2110683023929596
7764,CCCCCCCCC=CCCCCCCCC(=O)CC(C)=O,,0.21110029518604279
3849,CC12CCC(=O)CC1CCC1C2CCC2(C)C1CCC2(C)O,,0.21118992567062378
202,CCCCCC(O)C=CC1C(O)CC(=O)C1CCCCCCC(=O)O,,0.21119895577430725
8750,c1cnccn1,,0.21122218668460846
463,O=S(=O)(O)NC1C(O)OC(CO)C(O)C1O,,0.21130473911762238
1137,CCCN(CCC)C1CCc2ccc(O)cc2C1,,0.21133571863174438
4500,CC1NCCOC1c1ccccc1,,0.2113541066646576
691,NC(CCC(=O)NC(CS)C(=O)NCC(=O)O)C(=O)O,,0.21141912043094635
170,CC(=O)NC1C(OP(=O)(O)OP(=O)(O)OCC=C(C)CCC=C(C)CCC=C(C)CCC=C(C)CCC=C(C)CCC=C(C)CCC=C(C)CCC=C(C)CCC=C(C)CCC=C(C)CCC=C(C)C)OC(CO)C(O)C1O,,0.21142056584358215
5165,Cc1cn(C2CC3OP(=O)(O)OCC3O2)c(=O)[nH]c1=O,,0.21145589649677277
390,O=C1CCC(c2cccnc2)N1,,0.21145835518836975
7114,NCc1ccccc1,,0.21148481965065002
7345,COc1ccc(CO)cc1,,0.21150490641593933
6664,COc1ccccc1OC,,0.2115064114332199
2035,c1cncc(C2CCCCN2)c1,,0.21151572465896606
2304,CCCCC1C(=O)NC(=O)N(C2CCCCC2)C1=O,,0.21152853965759277
2888,CC1CCC(O)CC1=CC=C1CCCC2(C)C1CCC2C(C)C=CC(C)C(C)C,,0.2115461379289627
7419,Cc1ccc(N)cc1,,0.21154755353927612
2539,O=C1CC(C(=O)O)NC(C(=O)O)C1,,0.21156540513038635
389,c1cncc(C2CCCN2)c1,,0.21156702935695648
2503,CC(=O)OCC1=C(C(=O)[O-])N2C(=O)C(NC(=O)CCCC(N)C(=O)O)C2SC1,,0.21161110699176788
8878,[H]/N=C(\N)N(C(C)C)C(C)C,,0.21161502599716187
1275,CCCCCCCCCCCCCCCC(=O)OCC(COP(=O)(O)OCC[N+](C)(C)C)OC(C)=O,,0.21162156760692596
7166,O=C1C(Cl)=CC(=NCl)C=C1Cl,,0.21173161268234253
8977,Cl.[H]/N=C(\N)N(C)Cc1ccccc1,,0.2117319107055664
1317,O=C(O)CCCC=CCC=CC=CC(O)CC=CCCCCCO,,0.2117340862751007
7536,Cc1cccc(S)c1,,0.2118036150932312
5535,C[Si]1(C)CCCCC2(C1)C(=O)NC(=O)NC2=O,,0.21181903779506683
2557,Oc1c(Cl)cc(Cl)c2cccnc12,,0.2118685394525528
7346,CCN(CC)CCCC(C)=O,,0.2118818759918213
6976,SCc1ccco1,,0.21188490092754364
5329,CC(C)CC1NC(=O)C2N=C(OC2C)C2CSSCC(NC(=O)c3csc1n3)C1=NC(C(=O)NC(CC(C)C)c3nc(cs3)C(=O)N2)C(C)O1,,0.21189510822296143
386,C[N+]1([O-])CCCC1c1cccnc1,,0.21195070445537567
5796,O=C1O[C@@H]2[C@@H](O)[C@H](O)O[C@@H]2C1O,,0.2119620442390442
3972,CCCCC(C)(O)CC=CC1C(O)CC(=O)C1CCCCCCC(=O)O,,0.2119818478822708
4458,C#CC(O)C=CCCCCCCCC#CC=CCCCCCCCCCCCC(O)C#CC#CCO,,0.21198439598083496
6730,c1ccc2c(c1)Sc1ccccc1S2,,0.2120283544063568
6518,Cc1cccc(N)c1C,,0.21205037832260132
7194,CCCCCC(=Cc1ccccc1)CO,,0.21205860376358032
2107,CCNc1nc(Cl)nc(NC(C)C)n1,,0.21206516027450562
7288,O=C(Cl)Cc1ccccc1,,0.21207843720912933
647,O=CC(O)C(O)COP(=O)(O)O,,0.2120882272720337
1721,O=Nc1c(NCC(O)C(O)C(O)CO)[nH]c(=O)[nH]c1=O,,0.21212932467460632
6813,CC(C)CCOC(=O)c1ccccc1,,0.2122022807598114
285,CC(CCC(=O)O)C1CCC2C3C(=O)CC4CC(O)CCC4(C)C3CC(O)C12C,,0.21222074329853058
6145,C=CS(=O)(=O)C=C,,0.2122499793767929
1332,CCCCCC(=O)CCC1C(O)CC(O)C1CC=CCCCC(=O)O,,0.21229058504104614
3270,CNC1(C)C(O)C(OC2(C)C(N)CC(C)(N)C(COCC3OC(C(C)O)C(O)C(O)C3N)C2O)OCC1(C)O,,0.21229618787765503
5724,CCCC(=O)OCC(COC(=O)CCC)OC(=O)CCC,,0.212306410074234
8766,CC(C(=O)N1c2ccccc2Sc2ccccc21)[N+](C)(C)C.[Br-],,0.21231190860271454
7276,BrC=Cc1ccccc1,,0.21232905983924866
8247,CCCCOC(=O)c1ccccc1,,0.21234536170959473
5332,CCCCCCCC(=O)CCC1C(O)CC(O)C1CC=CCCCC(=O)O,,0.2124222069978714
8923,Cl.[H]/N=C(\N)N(CC)c1ccccc1,,0.2124653309583664
5350,O=C1Nc2ccc(Br)cc2C1=Cc1cc2c([nH]1)CCCC2,,0.21255822479724884
3294,COC(=O)NC(C(=O)NC1C(O)OC(CO)C(O)C1O)C(C)(C)SN=O,,0.21259990334510803
9702,O=C(O)c1ccoc1,,0.21262063086032867
3470,CNC(C)(C)Cc1ccccc1,,0.21264848113059998
9817,C#CC#CC=C=CC1CCC(=O)O1,,0.2127203494310379
5198,Cc1c(C)c2c(c(C)c1OCCC(=O)O)CCC(C)(CCCC(C)CCCC(C)CCCC(C)C)O2,,0.21274138987064362
3565,CCC1C(=O)OCC1Cc1cccn1C,,0.21276210248470306
1652,CCCCCCCCC=CCC=CC=CC(O)CCCC(=O)O,,0.21281006932258606
1341,CCCCCC(O)C=CC=CCC=CCCCCCCC(=O)O,,0.21281006932258606
1340,CCCCCC(O)C=CC=CCC=CCC=CCCCC(=O)O,,0.2128596007823944
1771,CCCCCC=CCC=CC=CC(O)CC=CCCCC(=O)O,,0.21290095150470734
1318,CCCCCC=CCC(O)C=CC=CCC=CCCCC(=O)O,,0.21290095150470734
3568,CCCCCCCC(=O)CCC1C(O)CC(O)C1CC=CCCCC(=O)OC(C)C,,0.2129049003124237
1743,CCCCCC(O)C=CC1C(O)CC(O)C1CC(=O)CCCCC(=O)O,,0.2129121720790863
3892,COC1OC(CO)C(O)C(OC2OC(CO)C(O)C(O)C2NC(C)=O)C1O,,0.21292299032211304
1311,CCCCCC=CC=CC(O)CC=CCC=CCCCC(=O)O,,0.21293017268180847
1792,CCCCCC=CCC=CCC(O)C=CC=CCCCC(=O)O,,0.21293017268180847
8806,CCCCCCCCCCCC(=O)OCCSC#N,,0.21294420957565308
5898,CN(C)CCCN1c2ccccc2Sc2ccc(Cl)cc21.Cl,,0.21294733881950378
9113,CN1CC[C@]23c4c5ccc(O)c4O[C@H]2C(=O)CC[C@@]3(O)[C@@H]1C5.Cl,,0.2129756063222885
673,O=C(O)C=CC(=O)O,,0.2130221277475357
1655,CCCCCC=CCC=CCC=CC=CC(O)CCCC(=O)O,,0.21304479241371155
425,O=C(O)CNC(=O)c1cccc(Cl)c1,,0.21308936178684235
2942,CNC(C)Cc1ccc(Cl)cc1,,0.21313044428825378
2945,CCCCCCCCCCCCCCCCCC(=O)CC(CC(=O)O)C[N+](C)(C)C,,0.2131512314081192
1996,NCCCNCCSP(=O)(O)O,,0.21316568553447723
436,CCCCCCCCCCCCCCCC(=O)OC(CC(=O)[O-])C[N+](C)(C)C,,0.21325477957725525
8487,Cc1cc(O)c(C)c2c1O[C@](C)(CCCC(C)CCCC(C)CCCC(C)C)CC2,,0.2132645696401596
6861,Cc1ccccc1N,,0.21327172219753265
8296,CCC(=O)OCC(COC(=O)CC)OC(=O)CC,,0.2133469581604004
272,C[N+](C)(C)CC(O)CC(=O)[O-],,0.21335086226463318
8261,Nc1ccccc1S,,0.21340957283973694
7280,O=CNc1ccccc1,,0.21342036128044128
4535,O=C(COP(=O)(O)O)NO,,0.21342076361179352
984,Oc1cccc(O)c1O,,0.21344248950481415
693,NC(CCC(=O)NC(CSS(=O)(=O)[O-])C(=O)NCC(=O)O)C(=O)O,,0.2134489119052887
5627,C[C@@]12C(=O)OC(=O)[C@]1(C)[C@H]1CC[C@@H]2O1,,0.21348914504051208
5492,Nc1ccccc1O,,0.21350091695785522
1758,CC1=C(C(=O)O)N2C(=O)C(N)C2SC1,,0.21353183686733246
2886,CC1OC(OC2CC(O)C3(CO)C4C(O)CC5(C)C(C6COC(=O)C6)CCC5(O)C4CCC3(O)C2)C(O)C(O)C1O,,0.2135351598262787
5615,Cl.NC(N)=N/C(N)=N/c1ccccc1,,0.21355710923671722
6968,C=C(C)C(=O)OCCOC(=O)C(=C)C,,0.21359896659851074
3001,CC(C)CCNC(=O)C(CC(C)C)NC(=O)C1OC1C(=O)O,,0.2136157602071762
1342,CCCCCC(C=CC=CCCCCCCCCCC(=O)O)OO,,0.21368607878684998
9283,FC(F)(F)c1ccccc1C(F)(F)F,,0.21368613839149475
603,CC(=O)C(O)C(O)COP(=O)(O)O,,0.213690847158432
4060,[H]/N=C(\N)c1ccc(NC(=O)c2cc(C)cc(I)c2O)cc1Cl,,0.21369782090187073
4860,CCCCCCSCC(NC(=O)CCC(N)C(=O)O)C(=O)NCC(=O)O,,0.21371573209762573
544,CC(=O)NC(CS)C(=O)NC1C(OC2C(O)C(O)C(O)C(O)C2O)OC(CO)C(O)C1O,,0.21372394263744354
4647,CC(C)(Sc1cc(C(C)(C)C)c(O)c(C(C)(C)C)c1)Sc1cc(C(C)(C)C)c(O)c(C(C)(C)C)c1,,0.21374264359474182
9052,Nc1ccccc1F,,0.21378105878829956
5229,NC1CC1c1ccccc1,,0.21382558345794678
1045,CC(C)=CCCC(C)=CCCC(C)=CCCC(C)=CCCC(C)=CCCC(C)=CCCC(C)=CCCC(C)=CCCC(C)=CCCC(C)=CCCC(C)=CCOP(=O)(O)OP(=O)(O)O,,0.21386323869228363
5311,N#CC(C#N)Cc1ccc(O)cc1,,0.21388083696365356
1138,CCCN(CCC)C1CCc2cccc(O)c2C1,,0.21394924819469452
71,NCCC=O,,0.21396176517009735
228,O=C([O-])c1ccccc1,,0.21399720013141632
5967,C/N=C(\NC)NCc1ccccc1Cl,,0.21401625871658325
5628,C[Si](C)(O[Si](C)(C)c1ccccc1)c1ccccc1,,0.21402399241924286
675,C[N+](C)(C)CCCC(=O)[O-],,0.21403415501117706
9844,C=CC[N+](C)(C)C.[OH-],,0.21409741044044495
1586,O=C(O)CCC(=O)CCC(=O)CCC(=O)O,,0.21411755681037903
786,O=C(CO)C(O)C(O)COP(=O)(O)O,,0.21414881944656372
2980,CC1CC2(C)C(CCC3C4CCC(O)C4(C)CCC32)CC1=O,,0.21416136622428894
4170,CC(C)(C)NCC(O)COc1cccc2c1CC(O)C(O)C2,,0.21417957544326782
6765,COc1cc(C)ccc1O,,0.21422211825847626
242,CCCCCCCCCCCC(O)CC(=O)NC1C(OP(=O)(O)O)OC(CO)C(O)C1OC(=O)CC(O)CCCCCCCCCCC,,0.21423722803592682
579,O=C(COP(=O)(O)O)C(O)C(O)CO,,0.2142917513847351
594,O=C1CC(O)(C(=O)O)CC(O)C1O,,0.21430495381355286
1339,CCC=CCC(O)C=CC=CCC=CCC=CCCCC(=O)O,,0.21430927515029907
2207,NC(CNC(=O)C(=O)O)C(=O)O,,0.2143276482820511
2840,NCC1CCC(N)C(OC2C(N)CC(N)C(OC3OC(CO)C(O)C(N)C3O)C2O)O1,,0.21433568000793457
292,O=C(O)C=C(CC(=O)O)C(=O)O,,0.21434758603572845
8218,CN(C)CCN(Cc1cccs1)c1ccccn1.Cl,,0.2143566757440567
8957,[H]/N=C(\N)N(CC(C)C)CC(C)C,,0.2144029289484024
8511,COc1ccc(OC)cc1,,0.21445956826210022
7377,Cc1ccc(O)c(C)c1,,0.21450716257095337
5394,CC=CC=CCCCCCCCCCCCCCC1(OC)C=CC(CC(=O)OC)OO1,,0.21451638638973236
6988,Nc1cccc(C(F)(F)F)c1,,0.21452760696411133
6134,Cc1cc(C)c(O)c(C2(C)CCCCC2)c1,,0.21453382074832916
2411,NCCC(=O)NCCc1cnc[nH]1,,0.21453829109668732
834,CC(=O)Nc1ccccc1,,0.21455039083957672
3288,NC(CCC(=O)NC(CS(=O)(=O)O)C(=O)NCC(=O)O)C(=O)O,,0.21458972990512848
8563,C[N+]1(C)[C@H]2CC(OC(=O)C(CO)c3ccccc3)C[C@H]1[C@H]1O[C@H]12.[Br-],,0.2145950049161911
3138,CC(O)C1C(=O)N2C(C(=O)O)=C(C3CCCO3)SC12,,0.21459859609603882
4524,CC(N)C(O)c1ccccc1,,0.2146071195602417
113,NCCCC=O,,0.2146306037902832
7844,CC(=O)NNc1ccccc1,,0.21464496850967407
1540,O=[N+]([O-])c1cccc2c(Br)[nH]nc12,,0.21477848291397095
2923,CCC(C)C(N)C(=O)N1CCCC1C(=O)NC(C(=O)O)C(C)CC,,0.21480636298656464
409,CN1CCCC1(O)c1cccnc1,,0.21481193602085114
4419,CC(C)(CO)C(O)C(=O)NCCC(=O)NCCSSCCNC(=O)CCNC(=O)C(O)C(C)(C)CO,,0.21482537686824799
8370,O=CCCCC(O)C=O,,0.21488024294376373
217,O=CC(O)C(O)C(O)COP(=O)(O)O,,0.21488875150680542
6307,CC(C)CCC[C@@H](C)[C@H]1CC[C@H]2[C@@H]3CC[C@H]4C[C@@H](O)CC[C@]4(C)[C@H]3CC[C@]12C,,0.2148953229188919
7970,CCCCCCCCCCCCCOC(=O)c1ccccc1C(=O)OCCCCCCCCCCCCC,,0.21491563320159912
5774,CNCC(O)c1cccc(O)c1.Cl,,0.21493080258369446
9979,CC12CC(O)C3C(CCC4C[C@@H](O)CCC43C)C1CCC2=O,,0.21495001018047333
5022,CC(=O)CC(=O)CCC(=O)O,,0.2149907350540161
7025,O=C(Cl)c1ccccc1,,0.21504849195480347
3399,O[Si](CCCN1CCCCC1)(c1ccc(F)cc1)C1CCCCC1,,0.2150721549987793
2963,CCCCCCCCCCCC[N+](C)(C)CCOc1ccccc1,,0.21509909629821777
327,CC(C(=O)O)=C(CC(=O)O)C(=O)O,,0.21510501205921173
2489,O=C(Cn1cnnn1)NC1C(=O)N2C(C(=O)O)=C(CSc3nncs3)CSC12,,0.21516425907611847
8300,CC(C)=CCCC(C)CCOC(=O)Cc1ccccc1,,0.21518611907958984
1699,O=c1cc(F)n(C2OC(CO)C(O)C2O)c(=O)[nH]1,,0.21519726514816284
1330,CCCCCC(O)C=CC=CCC=CCCCCC(=O)O,,0.2152290791273117
3798,c1ccc(C2CCCC2N/C2=N/CCCCCCCCCCC2)cc1,,0.21524985134601593
6884,Nc1cc(Cl)ccc1O,,0.21525666117668152
3310,C=CCC(C=O)C1CCCC1O,,0.21527022123336792
528,O=C(O)CC(O)C(O)C(=O)CO,,0.2153434157371521
7575,Sc1ccccc1,,0.2153448909521103
8966,[H]/N=C(\N)N(CCC)CCC,,0.2154344916343689
591,O=C(O)CC(=O)C(O)C(O)CO,,0.2154761552810669
9170,CNNCc1ccc(C(=O)NC(C)C)cc1.Cl,,0.21551060676574707
5010,CN(N=O)C(=O)NC1C(O)OC(CO)C(O)C1O,,0.21551798284053802
7981,Cc1cc(OC(=O)N(C)C)n(C(C)C)n1,,0.21557044982910156
6888,Cc1cc(C)c(C)cc1C,,0.21558122336864471
322,Cc1cccc(O)c1O,,0.2156549096107483
596,O=C(O)C1=NC(C(=O)O)CCC1,,0.21566294133663177
1628,O=C(O)C=C(C(=O)O)C(O)C(=O)O,,0.21569310128688812
1218,CC(O)(C(=O)O)c1ccccc1,,0.21577610075473785
2827,CC(N)Cc1ccccc1,,0.21582140028476715
231,CC(=O)NC1C(O)OC(CO)C(OC2OC(CO)C(O)C(O)C2O)C1O,,0.21586239337921143
233,C[N+](C)(C)CC(=O)[O-],,0.21586541831493378
7006,CC(C)(C)c1ccc(O)cc1,,0.21586912870407104
6536,COCc1cc(C(C)(C)C)c(O)c(C(C)(C)C)c1,,0.21588703989982605
4796,Nc1nc2ccc(OC(F)(F)F)cc2s1,,0.21594467759132385
3577,CC(CCc1ccccc1)C(=O)NO,,0.21598376333713531
688,NC(C=O)CCC(=O)O,,0.21601493656635284
874,N=O,,0.21602332592010498
5485,CCCCOCCOCCOCc1cc2c(cc1CCC)OCO2,,0.21602822840213776
9659,Cc1ccc2c(c1)C(C(C)C)CCC2C,,0.21603833138942719
1057,Cc1c[nH]c(=O)[nH]c1=O,,0.216067835688591
144,NC(CNC=O)=NC1OC(COP(=O)(O)O)C(O)C1O,,0.21606837213039398
4107,OCCNCc1ccccc1,,0.2161082774400711
580,O=C(CO)C(O)C(O)C(O)C(O)COP(=O)(O)O,,0.21610838174819946
567,O=C(CO)C(O)C(O)C(O)COP(=O)(O)O,,0.21611334383487701
6886,Cc1ccc(C)c(O)c1,,0.21611954271793365
2742,NCCSP(=O)(O)O,,0.21612250804901123
8852,CC(C)(C)C(=O)NNCc1ccccc1,,0.21620337665081024
5288,CC(C)(C)CC(C)(C)c1ccc(OCCO)cc1,,0.21622805297374725
6992,Cc1cc(C(C)(C)C)ccc1O,,0.2162303626537323
6942,Oc1ccc(Cl)cc1Sc1cc(Cl)ccc1O,,0.21625609695911407
953,NC1=NC2NC=C(C(O)C3OP(=O)([O-])OCC3O)NC2C(=O)N1,,0.2162707895040512
1431,CC(=O)NC1C(O)OC(CO)C(O)C1OC1OC(CO)C(O)C(O)C1O,,0.21628281474113464
830,CC(=O)NC1C(OP(=O)(O)O)OC(CO)C(O)C1O,,0.21628619730472565
345,NCC=O,,0.2163316309452057
3488,CC(O)C1C(=O)N2C(C(=O)O)=C(SCC/N=C/N)CC12,,0.21635082364082336
3879,COC(C)(C)CCCC(C)CC=CC(C)=CC(=O)O,,0.21639575064182281
1978,CN(C)c1nc(N(C)C)nc(N(C)C)n1,,0.21645231544971466
8483,O=C[C@@H](O)[C@H](O)C(O)CO,,0.2164585292339325
455,O=C(COP(=O)(O)O)C(O)C(O)C(O)CO,,0.2164940983057022
8481,Cc1[nH]c(=O)[nH]c(=O)c1CO,,0.2165377140045166
9439,COc1ccc(F)cc1,,0.21657127141952515
8919,O=C(O)c1cc(Cl)ccc1O,,0.21657559275627136
5930,N[C@@H](Cc1cnc[nH]1)C(=O)O,,0.21661406755447388
7275,BrCCc1ccccc1,,0.21662016212940216
1274,CCCCCCCCCCCCCCCC(=O)OCC(COP(=O)([O-])OCC[N+](C)(C)C)OC(C)=O,,0.21665039658546448
4966,CC(=O)NC(CC(=O)O)C(=O)NC(CCC(=O)O)C(=O)O,,0.21667960286140442
6583,O=C(O)C1=C(C(=O)O)CCCC1,,0.21679750084877014
5517,C[C@H](N)Cc1ccccc1,,0.2168019413948059
9696,CC(C(=O)O)=C(C)C(=O)O,,0.21682298183441162
2385,CC12C(=O)OC(=O)C1(C)C1CCC2O1,,0.21685351431369781
6115,CCC1(CC)C(=O)CCNC1=O,,0.21686230599880219
4444,O=C(O)C(S)Cc1ccccc1,,0.2168726623058319
6866,Cc1ccc(C)c(C)c1,,0.21693718433380127
5972,O=C(O)c1ccc(Cl)cc1,,0.21697068214416504
5955,Cc1ccc2c(Cl)cc(Cl)c(O)c2n1,,0.21698462963104248
9563,C=C1C[C@]23CCC4[C@](C)(CCC[C@@]4(C)C(=O)O)C2CC[C@@]1(O)C3,,0.21704547107219696
7119,SCc1ccccc1,,0.21704643964767456
5723,O=C(O)CN(CCN(CC(=O)O)CC(=O)O)CC(=O)O,,0.2170713245868683
4358,C[N+]1(CC2COC(c3ccccc3)(C3CCCCC3)O2)CCCCC1,,0.21712389588356018
206,CC(=O)C(N)C(=O)O,,0.21712441742420197
5786,Nc1ccccc1,,0.21713130176067352
3293,COC(=O)NC(C(=O)NC1OC(CO)C(O)C(O)C1O)C(C)(C)SN=O,,0.2171405851840973
6688,CCN(CCO)c1cccc(C)c1,,0.21714377403259277
1598,C[Si](C)(C)c1ccc(B(O)O)cc1,,0.21715568006038666
6648,O=C1O[C@H](CO)[C@@H](O)[C@H](O)[C@H]1O,,0.21716512739658356
2394,O=C(O)C1(O)CC(O)C(O)C(CP(=O)(O)O)C1,,0.2172042727470398
3586,COc1cc2ncnc(Nc3cc(Br)c(O)c(Br)c3)c2cc1OC,,0.2172321230173111
9558,NC(=O)C(N)=O,,0.21723425388336182
4374,C[N+](C)(C)CC#CCN1CCCC1=O,,0.2172389030456543
3249,CC(=O)OC1CC2(C)C(CC(O)C3C4(C)CCC(O)C(C)C4CCC32C)C1=C(CCC=C(C)C)C(=O)O,,0.21724243462085724
1319,CCCCCC(O)C=CC=CCC=CCCCC(=O)O,,0.21725772321224213
527,NC(N)=NCCCC=O,,0.21725817024707794
6927,CC(C)(C)c1ccc(O)c(C(C)(C)C)c1,,0.21730400621891022
415,O=C(O)CCC(O)c1cccnc1,,0.21733348071575165
3929,CCC1(CC)C(=O)NCC(C)C1=O,,0.21733926236629486
93,O=C(O)C(=O)CS,,0.21735309064388275
1650,CCC=CCC=CCC=CCC=CC=CC(O)CCCC(=O)O,,0.2173692137002945
9638,CC12CCC3C(CCC4C[C@@H](O)CCC43C)C1CCC2=O,,0.21740205585956573
332,CC(OP(=O)(O)O)C(NC(=O)CCCCCCS)C(=O)O,,0.21743829548358917
4298,O=c1onc2n1-c1cc(Br)ccc1OC2,,0.21746623516082764
3244,NCc1ccco1,,0.2174786925315857
4929,CC(C)(Oc1ccc(Cl)cc1)C(=O)OCCCOC(=O)C(C)(C)Oc1ccc(Cl)cc1,,0.2175159603357315
2706,Cc1ccc(O)cc1,,0.2175377905368805
714,NC(Cc1cnc[nH]1)C(=O)O,,0.2175469994544983
7011,O=S(=O)(Cl)c1ccc(Cl)cc1,,0.21759280562400818
7554,Cc1cc(C)cc(O)c1,,0.2176513969898224
2170,COC(C(=O)NC1CCC(O)CN(C)C1=O)C(O)C(O)C(O)C=CC(C)C,,0.2176990658044815
6660,Cc1cc(CO)c(O)c(CO)c1,,0.21771053969860077
4459,C#CC(O)C=CCCCCCCCC#CC=CCCCCCCCCCCCCCC(O)C#CC#CCO,,0.21771833300590515
424,O=C(O)c1cccc(Cl)c1,,0.21773332357406616
1671,O=c1[nH]c(NCC(O)C(O)C(O)CO)c(CCCCCP(=O)(O)O)c(=O)[nH]1,,0.21773681044578552
3231,CC=C1NC(=O)C2CSSCCC=CC(CC(=O)NC(C(C)C)C(=O)N2)OC(=O)C(C(C)C)NC1=O,,0.2177411913871765
5775,Nc1nc2cc(Cl)ccc2o1,,0.21775075793266296
7417,Cc1ccc(S)cc1,,0.21779361367225647
512,O=C(O)CC1C=CC(=O)O1,,0.217849999666214
4746,CCCCC1(C2CCCC2)Cc2cc(OCC(=O)O)c(Cl)c(Cl)c2C1=O,,0.2179018259048462
142,NCC(=O)NC1OC(COP(=O)(O)O)C(O)C1O,,0.21790945529937744
552,CN1CC(=O)N=C1N,,0.21791918575763702
212,CC12CCC3C(CCC4CC(O)CCC43C)C1CCC2=O,,0.2179608792066574
7343,CN(C)c1ccc(N)cc1.Cl,,0.21796120703220367
8761,CCOP(=S)(OCC)Oc1cnccn1,,0.2180403620004654
435,COc1ccccc1O,,0.21804481744766235
4077,CC(C)CCNC(=O)C(CC(C)C)NC(=O)C(O)CC(=O)O,,0.21813982725143433
9553,CC1=CC(C)(C)CC(=O)C1,,0.2182120531797409
2022,CCC(C)(C)c1ccc(CC(C)CN2CC(C)OC(C)C2)cc1,,0.21821501851081848
6925,CCc1ccc(O)c(C(C)(C)C)c1,,0.21822184324264526
7074,Cc1ccc(C(C)C)cc1,,0.21823805570602417
516,O=C(O)CP(=O)(O)O,,0.21828079223632812
9381,OCc1c(F)c(F)c(F)c(F)c1F,,0.21830466389656067
5639,O=P(O)(O)OC[C@H]1OC(O)[C@H](O)[C@@H](O)[C@@H]1O,,0.2183062732219696
9297,O=C(CF)Nc1ccc(Cl)cc1,,0.21834531426429749
5867,O=C(O)CN(CCOCCOCCN(CC(=O)O)CC(=O)O)CC(=O)O,,0.21837517619132996
6189,COP(=S)(OC)SCc1nc(N)nc(N)n1,,0.2183891236782074
4460,C#CC(O)C=CCCCCCCCCCCC#CCCCCCCCCCCC(O)C#CC#CCO,,0.21841618418693542
915,CC(C)(COP(=O)(O)O)C(O)C(=O)NCCC(=O)NCCS,,0.21845299005508423
2356,CC12CCc3occc3C1CCC13CC(CCC12)C(O)(CO)C3,,0.2184819132089615
3000,CC(C)CC(NC(=O)C(O)CC(=O)O)C(=O)NCCCCN=C(N)N,,0.21848398447036743
195,NC(CCCC=O)C(=O)O,,0.21852412819862366
9489,C=C=O,,0.21856214106082916
9762,Cc1ccc(S)c(S)c1,,0.21861125528812408
1173,C=C(C)C1CC=C(C(=O)O)CC1,,0.21861551702022552
6544,O=C(O)c1ccco1,,0.21862302720546722
1570,O=C(O)CCP(=O)(O)O,,0.218683123588562
2502,CC1=C(C(=O)O)NC(C(C=O)NC(=O)Cc2cccs2)SC1,,0.2187168449163437
9725,CC(C(=O)O)c1ccccc1,,0.2187299281358719
8968,[H]/N=C(\N)N(CCCC)CCCC,,0.21874062716960907
6554,CC(C)(C)c1cc(CO)cc(C(C)(C)C)c1O,,0.21877260506153107
8393,CCCCCCCCC=CCCCCCCCC(=O)OCCS(=O)(=O)O,,0.21877266466617584
9273,O=C(Cl)c1ccccc1F,,0.21878789365291595
9648,O=C(O)CN(CC(=O)O)C1CCCCC1N(CC(=O)O)CC(=O)O,,0.21879655122756958
1139,Cc1o[nH]c(=O)c1CC(N)C(=O)O,,0.21882326900959015
101,NC(COP(=O)(O)O)C(=O)O,,0.21883729100227356
4555,CCC1C(=O)OCC1Cc1cncn1C,,0.2188539206981659
3763,CCCCCCCCC=CCCCCCCCC(=O)OCC(O)COP(=O)([O-])O.[Na+],,0.21887193620204926
7260,CC(C)CC(=O)OCc1ccccc1,,0.2188916951417923
2857,NS(=O)(=O)c1cc(Cl)c(Cl)c(S(N)(=O)=O)c1,,0.21890570223331451
7255,CC(C)C(=O)OCc1ccccc1,,0.2189374715089798
8251,Cc1ccccc1NCCO,,0.21900016069412231
172,CC(=O)NC1C(NC(=O)CC(N)C(=O)O)OC(CO)C(O)C1O,,0.21904689073562622
765,NC(CC=O)C(=O)O,,0.21907620131969452
1095,O=c1cc[nH]c(=O)[nH]1,,0.21916261315345764
2180,CCc1oc2ccccc2c1C(=O)c1cc(Br)c(O)c(Br)c1,,0.2191842943429947
145,NC(=O)Nc1nc[nH]c1C(=O)O,,0.21922779083251953
8850,C#CCN(C)Cc1ccccc1.Cl,,0.21923021972179413
2151,CCCCC(CN(O)C=O)C(=O)NC(C(=O)N(C)C)C(C)(C)C,,0.21924038231372833
2090,CC(C)(C)NCC(O)CSc1nc(-c2ccc(C(N)=O)s2)cs1,,0.21924804151058197
9163,Fc1cc(F)c(F)c(F)c1F,,0.21932445466518402
4278,OCC1C(O)C(O)C(O)c2nnnn21,,0.21935243904590607
7120,OCc1cccnc1,,0.21935519576072693
6834,CC=C(CC)C(=O)NC(N)=O,,0.2193913608789444
6778,C=CCN(CC=C)C(=O)CCl,,0.2194371521472931
9758,c1ccc2c(c1)CCO2,,0.2194492518901825
8305,O=C(O)CN(CCO)CCN(CC(=O)O)CC(=O)O,,0.21947067975997925
7284,OCCc1ccccn1,,0.2194843888282776
780,NC(CCC=O)C(=O)O,,0.21952126920223236
7338,COc1ccc(C)cc1,,0.2195684164762497
9209,CCOC(=O)CC(=O)CF,,0.21959063410758972
5213,CC1(C)OC2COC3(COS(N)(=O)=O)OC(C)(C)OC3C2O1,,0.21962665021419525
5055,CCCCCCCCCCCCCCCCCC(=O)OCC(COC1OC(CS(=O)(=O)O)C(O)C(O)C1O)OC(=O)CCCCCCCCCCCCCCC,,0.21964311599731445
2104,CC(C)(C)c1o[nH]c(=O)c1CC(N)C(=O)O,,0.21972596645355225
1208,O=C(O)C(O)c1ccccc1,,0.21974533796310425
400,CC(=O)CC(N)C(=O)O,,0.21979275345802307
7021,CC(N)c1ccccc1,,0.2197982370853424
8018,CCC(=O)OC(C)c1ccccc1,,0.21981275081634521
2220,CC(C)(C)c1cc(O)c(C(C)(C)C)cc1O,,0.21983888745307922
4654,OC(CCN1CCCC1)(c1ccccc1)C1CCCCC1,,0.21984796226024628
2737,OC(CCN1CCCCC1)(c1ccccc1)C1CCCC1,,0.21984796226024628
6633,CCC(C(=O)O)c1ccccc1,,0.2199113667011261
7283,CCOc1ccccc1,,0.21993312239646912
4692,CCCCCC(C=CC1C2CC(OO2)C1CC=CCCCC(=O)O)OO,,0.21995675563812256
1972,Cc1c(C)c2c(c(C)c1O)CCC(C)(CCCC(C)CCCC(C)CCCC(C)C)O2,,0.2199617475271225
7259,CCCC(=O)OCc1ccccc1,,0.22003920376300812
9784,CCCCCCC=C/[N+]([O-])=N/[C@@H](COC)[C@H](C)O,,0.2200894057750702
3113,C#CC1(OC(C)=O)CCC2C3CCC4=CC(OC(C)=O)CCC4C3CCC21C,,0.22012080252170563
3729,O=NN(CCCl)C(=O)NC1CCCCC1,,0.22012901306152344
9574,CC(=O)C1CC(CC(=O)O)C1(C)C,,0.22017495334148407
9049,CN[C@@H](C)[C@@H](O)c1ccccc1.Cl,,0.220230832695961
6547,Nc1ccccc1C(F)(F)F,,0.2202650010585785
9772,Cc1cc(O)c(C(C)(C)C)cc1C(C)(C)C,,0.22029328346252441
9836,CCCCCCCCC1=C(CCCCCCC(=O)O)C1,,0.22029440104961395
8331,CN(C)C(=O)Nc1ccc(Cl)cc1,,0.2203265279531479
3687,CC(C)CC(N)C(O)(Cc1cnc[nH]1)C(=O)O,,0.2203352451324463
944,CC(OP(=O)(O)O)C(N)C(=O)O,,0.22034288942813873
7201,CCOC(=O)Nc1ccccc1,,0.22035034000873566
5130,CCCCCC=CCC(O)C=CC=CCCC(=O)O,,0.22036407887935638
1453,CC(=O)NC1C(O)C=C(C(=O)O)OC1C(O)C(O)CO,,0.2203686237335205
2351,CCOC(=O)CCCCCCCCCCCN(C)C(=O)COC(C)C(C)OCC(=O)N(C)CCCCCCCCCCCC(=O)OCC,,0.22037909924983978
1146,O=C(O)C1CN(CCCP(=O)(O)O)CCN1,,0.22045645117759705
7542,Cc1ccnc(C)c1,,0.2204582840204239
524,O=CCCC(NC(=O)CCC(=O)O)C(=O)O,,0.2204587608575821
9287,Cc1cc(C(=O)O)n[nH]1,,0.22053204476833344
3460,CC1(C2CCCC2)Cc2cc(OCC(=O)O)c(Cl)c(Cl)c2C1=O,,0.2205401360988617
6635,C1CCN2C[C@H]3C[C@H](CN4CCCC[C@@H]34)[C@H]2C1,,0.22057107090950012
7559,Cc1cc(C)nc(C)c1,,0.2205716222524643
1094,CC(C)=CCCC(C)=CCCC(C)=CCCC(C)=CCCC(C)=CCCC(C)=CCCC(C)=CCCC(C)=CCCC(C)=CCCC(C)=CCCC(C)=CCOP(=O)(O)O,,0.22060097754001617
7340,CC(C)COC(=O)CCc1ccco1,,0.22067329287528992
4962,CC=CC=CC(=O)O,,0.22069881856441498
5271,OC(CCN1CCCCC1)(c1ccccc1)C1CCCCC1,,0.22070486843585968
500,O=C(O)COP(=O)(O)O,,0.22072717547416687
2512,CC=CCC=CCCC(=O)C(O)CC(N)=O,,0.2207435518503189
2060,NC(CCP(=O)(O)O)C(=O)O,,0.22081518173217773
5259,NS(=O)(=O)c1cc2c(cc1Cl)NC(C(Cl)Cl)NS2(=O)=O,,0.220846489071846
543,CC(=O)NC1C(OC2C(O)C(O)C(O)C(O)C2O)OC(CO)C(O)C1O,,0.22084832191467285
7216,O=C=Nc1ccc(Cl)c(Cl)c1,,0.22086717188358307
7639,CC(=O)CCC(C)=O,,0.22100763022899628
4672,CC(C)Nc1nc(Cl)nc(NC(C)C)n1,,0.22101885080337524
4912,CC1CCC(NC(=O)N(CCCl)N=O)CC1,,0.2210572063922882
6098,C[C@H]1CC[C@@H]2N(CC3C([C@@H](O)[C@H](O)[C@]4(O)C3C[C@@]35O[C@@]6(O)C(C(O)C(O)C43)[C@]5(C)CC[C@@H]6O)C2(C)O)C1,,0.22110474109649658
6632,CCC(C(N)=O)c1ccccc1,,0.22111776471138
7488,CNCCS(=O)(=O)O,,0.22115007042884827
4307,C=C1CC(O)C(Br)C(C)(C)C12C=CC(=CBr)CC2,,0.22116170823574066
6612,Cc1ccc(C(C)C)c(O)c1,,0.22120295464992523
1123,CC1OC(=O)C2CC3CCCCC3C(C=CC3CCCC(C)N3C)C12,,0.22123514115810394
208,Nc1c(NCC(O)C(O)C(O)CO)[nH]c(=O)[nH]c1=O,,0.22124405205249786
8561,Cc1ccc(CCNN)c(C)c1,,0.22125902771949768
5172,CC1(C)SC2C(NC(=O)C(C(=O)O)c3ccsc3)C(=O)N2C1C(=O)O,,0.2212640941143036
5646,CN(CCCCCCCCCCN(C)C(=O)Oc1cccc([N+](C)(C)C)c1)C(=O)Oc1cccc([N+](C)(C)C)c1.[Br-].[Br-],,0.22129209339618683
810,CC(=CC(=O)O)C(=O)O,,0.2213030606508255
9729,O=NC1=C(NO)CCCC1,,0.2213294804096222
7008,CS(=O)(=O)c1ccc(Cl)cc1,,0.22134579718112946
90,O=C(O)C(O)C(=O)C(O)C(O)CO,,0.22135473787784576
8038,COc1ccc(O)c(C(C)(C)C)c1,,0.2214306890964508
7118,O=CC1CC=CCC1,,0.22148463129997253
3287,O=CCCCC=O,,0.22153693437576294
7938,CC(=O)OC1C=C(C)C2CC(=C(C)C)CC2C(C)C1,,0.22164998948574066
4067,NCCCCCCCCNS(=O)(=O)c1cccc2c(I)cccc12,,0.22168311476707458
4025,CC(=CC(=O)OCCCCCCCCC(=O)O)CC1OCC(CC2OC2C(C)C(C)O)C(O)C1O,,0.22169622778892517
7242,CC(=O)OC(C)(C)CCc1ccccc1,,0.22173082828521729
3398,O[Si](CCCN1CCCCC1)(c1ccccc1)C1CCCCC1,,0.2218017429113388
4117,O=C(NCCCc1ccccc1)NC1CCCCC1,,0.22181352972984314
3194,O=c1[nH]cc(F)c(=O)[nH]1,,0.22182713449001312
9249,CCC1(c2cccc(Cl)c2)C(=O)NC(=O)NC1=O,,0.2218306064605713
5811,NC(=O)Nc1ccccc1,,0.22184057533740997
5355,CC1=CC2OC3CC(O)C(C)(C2(CO)CC1)C31CO1,,0.22184525430202484
1379,CCCCCC(O)C=CC1OC(O)CC(O)C1CC=CCC(=O)O,,0.22191424667835236
2937,NC(CCCCCP(=O)(O)O)C(=O)O,,0.2219284325838089
1583,O=c1[nH]oc2c1CNCC2,,0.22196559607982635
8317,CC(=O)OCc1ccccc1,,0.2220383584499359
9834,NC(N=NC(N)=NCl)=NCl,,0.2220699042081833
5537,C[N+]1(CCCCC[N+]2(C)CCCC2)CCCC1,,0.22207656502723694
1044,CC(C)=CCCC(C)=CCCC(C)=CCCC(C)=CCCC(C)=CCCC(C)=CCCC(C)=CCCC(C)=CCCC(C)=CCCC(C)=CCOP(=O)(O)OP(=O)(O)O,,0.22209884226322174
2002,NC12CCCCC1Cc1ccccc12,,0.2221328467130661
1333,CCCCCC(O)CCC1C(O)CC(=O)C1CCCCCCC(=O)O,,0.22214187681674957
19,CCC(O)(C(C)=O)C(=O)O,,0.22215433418750763
5063,CCCCCCCCNC(C)C(O)c1ccc(SC(C)C)cc1,,0.22218257188796997
7169,COC(=O)Cc1ccccc1,,0.22222834825515747
355,CC(=O)CC(O)CC(=O)O,,0.22223150730133057
9165,Cc1c(C)c2c(c(C)c1O)CCC(C)(CCCCC(C)CCCC(C)CCCC(C)C)O2,,0.22225062549114227
927,O=C(O)Cc1ccccc1,,0.22230525314807892
9071,Cc1ccc(F)cc1,,0.2223130166530609
4782,Oc1cccc(O)c1,,0.22232568264007568
273,Oc1ccccc1O,,0.2223445326089859
2047,COc1ccc(-c2cc(=S)ss2)cc1,,0.2223699390888214
9181,FC(F)(F)c1nc(C(F)(F)F)nc(C(F)(F)F)n1,,0.22238601744174957
2917,c1ccc2c(c1)[I+]c1ccccc1-2,,0.22239342331886292
9855,Cc1cc(O)cc(O)c1,,0.22239477932453156
4131,CCCCCC=CCC=CCCCCCCCC(=O)NCC(=O)O,,0.22243207693099976
5922,CC(C)=CC1C(C(=O)OCc2cc3c(cc2Cl)OCO3)C1(C)C,,0.22243523597717285
8946,Fc1cc(F)c(F)cc1F,,0.2225094735622406
9188,O=C(Nc1ccccc1)OCC(F)(F)F,,0.22252190113067627
448,CSCCC(=O)C(=O)O,,0.2225482314825058
203,CC(=O)CN,,0.22258225083351135
7133,CCc1ccccn1,,0.22264668345451355
3637,O=C(O)C(O)Cc1ccccc1,,0.22265462577342987
1114,O=C(O)C1CCC=N1,,0.22269552946090698
9756,c1ccc2c(c1)COC2,,0.22272923588752747
5698,CC(=O)OCC1=C(C(=O)O)N2C(=O)[C@@H](NC(=O)Cc3cccs3)[C@H]2SC1,,0.2227441370487213
5914,O=c1[nH]sc2cc(Cl)ccc12,,0.22281886637210846
2311,CCCC/N=C(\N)N=C(N)N,,0.22282373905181885
3956,Clc1ccc(COC(Cn2ccnc2)c2ccc(Cl)cc2Cl)c(Cl)c1,,0.22282393276691437
1722,O=CC(O)C(O)C(O)C(S)CO,,0.22285090386867523
2938,NC(CCCCCCP(=O)(O)O)C(=O)O,,0.22290337085723877
356,CCC(C)=CCCCC(C)CCOP(=O)(O)OP(=O)(O)OC1OC(CO)C(O)C(O)C1NC(C)=O,,0.22291849553585052
6764,COc1cc(Cl)ccc1N,,0.2229759842157364
8002,OCCN(CCO)c1ccccc1,,0.2229863852262497
2753,NC(CCCCP(=O)(O)O)C(=O)O,,0.22302165627479553
129,C[N+](C)(C)CCCC(=O)O,,0.22307544946670532
7200,CCOC(=O)Cc1ccccc1,,0.22308769822120667
4678,CC(C)c1cccc(C(C)C)c1O,,0.22312712669372559
2760,CCCCCCCCCCCCCC(=O)NC(C)C(O)c1ccccc1,,0.22314469516277313
5915,O=C(CBr)c1ccccc1,,0.22317267954349518
8377,COP(=O)(OC)OC(C)=CC(=O)N(C)C,,0.22329172492027283
1553,NNCc1cccc(O)c1,,0.2233085036277771
267,O=C[O-],,0.22332774102687836
3409,Cn1cnc(CCN)c1,,0.22333216667175293
5804,CCCCCCCCCCCCCCCC(=O)OCC(COP(=O)([O-])OCC[N+](C)(C)C)OC(=O)CCCCCCCCCCCCCCC,,0.22334013879299164
7252,COC(=O)CCc1ccccc1,,0.22334085404872894
1872,CC(=O)OC(C)C(=O)OCC[N+](C)(C)C,,0.22335270047187805
7561,Nc1nc(N)nc(N)n1,,0.22335605323314667
847,CN1CNc2nc[nH]c2C1N,,0.2233923375606537
1859,CC(=O)OC(CC(=O)O)[N+](C)(C)C,,0.22339507937431335
804,O=CCC(=O)O,,0.22340022027492523
161,CC(N)C(=O)CCCCCC(=O)O,,0.2234039008617401
2068,Nc1cc(Cl)c(NC2=NCCN2)c(Cl)c1,,0.22345483303070068
3982,O=S(=O)(c1cccc2c(I)cccc12)N1CCCNCC1,,0.22347383201122284
1134,NC(CCCP(=O)(O)O)C(=O)O,,0.22353629767894745
5442,CCOC(=O)C1(c2ccccc2)CCN(C)CC1.Cl,,0.2235492765903473
3943,CCOC(=O)C=C(C)OP(=O)(OC)OC,,0.22355569899082184
102,O=C(O)CCc1ccccc1,,0.22358016669750214
3318,COc1ccccc1OCC(O)CO,,0.223585307598114
279,CC(C=O)C(=O)O,,0.22359168529510498
1026,O=C(CO)C(O)C(O)C(O)CO,,0.22360335290431976
8288,CCCCCCCCCCCC[N+](C)(C)Cc1ccccc1,,0.2236098200082779
6609,CC1CCC(C(C)C)C(=O)C1,,0.2236243039369583
523,C[N+]1(C)CCCC1C(=O)O,,0.22370794415473938
790,O=CC(O)C(O)C(O)CO,,0.22374700009822845
8136,CC(=O)N[C@@H]1[C@@H](O)C[C@@](O)(C(=O)O)O[C@H]1C(O)C(O)CO,,0.22376133501529694
7289,NC(=O)Cc1ccccc1,,0.22376187145709991
5486,CCN(CC)CCOC(=O)c1ccc(N)cc1.Cl,,0.22377601265907288
9064,FC(F)(F)CNc1ccccc1,,0.22378237545490265
5107,CC(=O)CCC=C(C)CCC=C(C)CCC=C(C)CCC=C(C)C,,0.22381338477134705
8054,C1=CC2C=CC1C2,,0.2238217145204544
6255,CC(C)(CO)[C@@H](O)C(=O)NCCC(=O)O,,0.22385993599891663
6607,CCC(C)c1ccccc1O,,0.22386939823627472
1042,O=S(=O)(O)O,,0.22389928996562958
460,C[N+](C)(C)CCOS(=O)(=O)O,,0.22391055524349213
131,NCC(=O)CCC(=O)O,,0.22391344606876373
7315,O=COCc1ccccc1,,0.22393664717674255
924,Oc1ccccc1,,0.22397524118423462
7543,Cc1cccc(C)n1,,0.22400131821632385
284,Oc1ccc(O)c(Cl)c1,,0.22401981055736542
5263,Oc1cc(Cl)ccc1Oc1ccc(Cl)cc1Cl,,0.2240293323993683
4469,C=C(C)C1(O)OC(=O)C=C1OC,,0.2240370362997055
9244,OCC(F)(F)C(F)(F)C(F)(F)C(F)(F)C(F)(F)C(F)(F)C(F)(F)C(F)F,,0.2240431010723114
6694,Cc1cccc(N(CCO)CCO)c1,,0.22405555844306946
5173,Clc1ccccc1CN1CCc2sccc2C1,,0.22408230602741241
91,CC(=O)CC(=O)O,,0.2240879088640213
1112,O=C(O)C1=NCCCC1,,0.2241322100162506
9317,O=[N+]([O-])CCCCCCF,,0.224138543009758
7965,O=C(O)c1ccccc1Cl,,0.22416535019874573
8985,c1ccc(CCN2CCCCC2)cc1,,0.22416774928569794
9771,O=C1CC2CCC1C2,,0.22418849170207977
3254,O=c1[nH]oc2c1CCNC2,,0.22428923845291138
9059,FCc1ccccc1,,0.22430390119552612
5585,O=c1[nH]cc(C(F)(F)F)c(=O)[nH]1,,0.22430649399757385
8138,CNC[C@H](O)[C@@H](O)[C@H](O)[C@H](O)CO,,0.22432735562324524
2638,COC(=O)C(c1ccccc1Cl)N1CCc2sccc2C1,,0.22434845566749573
2127,CCN1CCc2nc(N)oc2CC1,,0.22438648343086243
2169,COC(C(=O)NC1CCC(O)CNC1=O)C(O)C(O)C(O)C=CC(C)C,,0.22439377009868622
8519,CC(=O)OC(C)(C)Cc1ccccc1,,0.22442466020584106
1627,O=C([O-])C=C(C(=O)[O-])C(O)C(=O)[O-],,0.2244396060705185
4104,CCCCCC=CCC=CCC=CCC=CCCCC(=O)NCC(=O)O,,0.22449342906475067
1046,O=CC(O)C(=O)O,,0.2245236337184906
97,OCc1cccc(O)c1,,0.22453182935714722
1924,CC(=O)NC(CSCC=C(C)CCC=C(C)CCC=C(C)CCC=C(C)C)C(=O)O,,0.22455137968063354
1529,CC1CCC2N(C1)CC1C3CC4C(CC(=O)C5CC(Cl)CCC54C)C3CCC1C2(C)O,,0.22455313801765442
2177,CCCCCCCCCCCCC[N+](C)(C)Cc1ccccc1,,0.22459417581558228
147,O=C(O)C(O)C(O)C(O)C(=O)CO,,0.22461184859275818
8570,Cc1ccc(CCNN)cc1,,0.22470968961715698
8418,C1CNCCN1.O=C(O)CCCCC(=O)O,,0.22475822269916534
1804,COC1(C(=O)O)CC(O)C(NC(C)=O)C(C(O)C(O)CN)O1,,0.2247917652130127
7984,Oc1ccccc1C1CCCCC1,,0.22479209303855896
6381,CCC(CCC(C)C1CCC2C3CC=C4C[C@@H](O)CCC4(C)C3CCC12C)C(C)C,,0.22479957342147827
583,O=C(CO)C(O)C(O)CO,,0.2248028963804245
3552,Clc1ccc(C(Cn2ccnc2)OCc2c(Cl)cccc2Cl)c(Cl)c1,,0.22480328381061554
656,CC(C)=CCCC(C)=CCCC(C)=CCOP(=O)(O)OP(=O)(O)O,,0.22480659186840057
6118,c1ccc(C2(N3CCCCC3)CCCCC2)cc1,,0.22481223940849304
9814,O=C(O)Nc1ccccc1,,0.22481361031532288
3016,O=C1Nc2ccc(Cl)cc2C(C#CC2CC2)(C(F)(F)F)O1,,0.22483336925506592
7581,Cc1ccccn1,,0.2248438000679016
7209,CC(C)CCOC(=O)Cc1ccccc1,,0.2248782366514206
9108,FC1(F)C(F)(F)C(F)(F)C(F)(F)C(F)(F)C1(F)F,,0.22492150962352753
935,NC(C(=O)O)C(O)COP(=O)(O)O,,0.224968820810318
9175,Nc1ccc(F)c(Cl)c1,,0.22501064836978912
9703,COc1cc(C(C)(C)C)c(O)c(C(C)(C)C)c1,,0.22503656148910522
7576,Cc1cccnc1,,0.22505433857440948
835,CC(=O)NC(CCC=O)C(=O)O,,0.22507721185684204
1899,[H]/N=C(\N)SCCN,,0.22509907186031342
2357,CC(=O)OCC1(O)CC23CCC4c5ccoc5CCC4(C)C2CCC1C3,,0.22510655224323273
777,CC(O)C(O)C(O)C(=O)CO,,0.225154310464859
1115,NC(CCCC(NC(=O)CCC(=O)O)C(=O)O)C(=O)O,,0.22516420483589172
5006,C=CCCC=CC=CCCCCCCC1CCC(C2CCC(CC(=O)OC)OO2)O1,,0.22518642246723175
9431,O=C(O)C(F)Cc1ccccc1,,0.22528570890426636
5357,OC1CCCCC1N1CCC(c2ccccc2)CC1,,0.22534584999084473
324,Cc1cccc(O)c1,,0.22535397112369537
778,NC(CCC(=O)NC(CS)C(=O)O)C(=O)O,,0.2253936380147934
7553,Cc1cc(C)cc(C)c1,,0.22541241347789764
4961,CC1CCC2(NC1)OC1CC3C4CC=C5CC(O)CCC5(C)C4CCC3(C)C1C2C,,0.22543419897556305
1840,CCCCCC=CCC=CCC=CCC=CCCCC(=O)NCCCl,,0.22544141113758087
1009,CC(O)C(=O)SCC(NC(=O)CCC(N)C(=O)O)C(=O)NCC(=O)O,,0.22550436854362488
7594,C=CCCC(C)=O,,0.22551101446151733
1623,CC1OC(O)C(O)C(O)C1NC1C=C(CO)C(O)C(O)C1O,,0.22551797330379486
341,Oc1cc(O)cc(O)c1,,0.22555924952030182
7483,C=CC(=O)NC(C)(C)C,,0.2255796492099762
8290,CCCCCCCCCCCCCC[N+](C)(C)Cc1ccccc1,,0.22558246552944183
109,O=C(O)CCCc1cccnc1,,0.22559872269630432
2996,O=c1[nH]c(=O)n(C2CC(O)C(CO)O2)cc1C=CBr,,0.22560453414916992
9270,Fc1c(F)c(F)c(F)c(F)c1F,,0.2256934493780136
3645,NC(CP(=O)(O)O)C(=O)O,,0.2257007509469986
8323,CC(C)CC(=O)OCCc1ccccc1,,0.22571763396263123
312,CC(C)CCCC(C)C1CCC2C3=C(CCC21C)C1(C)CCC(O)CC1CC3,,0.22572077810764313
2829,NCCCC(N)(C(=O)O)C(F)F,,0.22580212354660034
1619,Oc1ccc(Cl)c(O)c1,,0.22580698132514954
6494,Clc1ccc2c(Cl)ccnc2c1,,0.22585685551166534
3292,NCC(=O)NC1OC(COP(=O)([O-])[O-])C(O)C1O,,0.22590841352939606
9000,CCOCCP(=S)(S)c1ccc(C)cc1,,0.22592012584209442
3361,O=C1CN2CCOC2(c2ccccc2F)c2cc(Br)ccc2N1,,0.22596830129623413
7234,NC(=O)CCc1ccccc1,,0.2259978950023651
4865,OCc1ccccc1O,,0.22600044310092926
876,N#N,,0.22602079808712006
265,[C-]#[O+],,0.22602079808712006
986,O=C(O)C1CC(O)C=N1,,0.2260395735502243
7223,CC(C)=CCC(CC(C)C)OCC=O,,0.22604882717132568
5740,CC[N+](C)(CC)CCOC(=O)C(O)(c1cccs1)C1CCCC1,,0.22606198489665985
9805,COc1cc(O)cc(OC)c1,,0.22606876492500305
234,C[N+](C)(C)CC(=O)O,,0.22608134150505066
382,CC(C)CCCC(C)C1CCC2C3C(O)C=C4CC(O)CCC4(C)C3CCC12C,,0.22614295780658722
4756,CC(=O)c1ccc(C)cc1NC(C(N)=O)c1c(Br)cccc1Br,,0.22614727914333344
9399,OC(CF)c1ccccc1,,0.226189523935318
2606,CC(=O)NC1SCCC1=O,,0.22621804475784302
8566,Cl.NCCc1ccccc1,,0.2262202799320221
5095,O=c1[nH]c(=O)n(C2CCCO2)cc1F,,0.22622284293174744
522,C[N+]1(C)CCCC1C(=O)[O-],,0.2262573391199112
2474,COC1(NC(=O)Cc2cccs2)C(=O)N2C(C(=O)O)=C(COC(N)=O)CSC21,,0.22626209259033203
8502,COc1cccc(O)c1,,0.22637112438678741
6568,CC(C)c1ccccc1O,,0.226406991481781
9501,CC1(C)C2CC[C@]1(C)C(=O)C2,,0.2264169156551361
2377,CC12CCC(CC1=O)C2(C)C,,0.2264169156551361
7264,CC(C)C(=O)OCCc1ccccc1,,0.2264452427625656
8386,CCc1cccc(CC)c1,,0.2264472395181656
4103,C[N+](C)(N)CCO,,0.22647057473659515
9769,O=C1C=CCO1,,0.22648346424102783
819,[Mg+2],,0.2264937162399292
4513,O=C(O)CCCc1ccccc1,,0.22654853761196136
227,c1ccccc1,,0.22655197978019714
317,Cc1ccccc1O,,0.2266640067100525
20,CC(=O)C(C)(O)C(=O)O,,0.22671031951904297
7128,ONc1ccccc1,,0.22671112418174744
7267,CCCC(=O)OCCc1ccccc1,,0.22671876847743988
55,O=C(O)C(CO)OP(=O)(O)O,,0.22675254940986633
5665,NS(=O)(=O)O,,0.22677549719810486
5606,Cl.NCC(O)c1ccc(O)c(O)c1,,0.22687052190303802
4970,CCCCCCCCCCCCCC=CC(O)C(COP(=O)([O-])OCC[N+](C)(C)C)NC(=O)CCCCCCCCCCCCCCCCC,,0.22689111530780792
103,O=C(O)Cc1cccnc1,,0.22691746056079865
8322,CCCCCCCCCCCC(=O)OCc1ccccc1,,0.22693422436714172
3657,CC(=O)NC(CSC(=O)C1(C(O)C(C)C)NC(=O)C(C)C1O)C(=O)O,,0.22701700031757355
6249,CC(C)=CCCC(C)[C@H]1CC[C@@]2(C)C3=C(CC[C@]12C)[C@@]1(C)CC[C@H](O)C(C)(C)[C@@H]1CC3,,0.22703197598457336
6972,CCC(C=O)CC,,0.227049320936203
5162,CCCCCC(O)C=CC1OC(O)CC(O)C1CC=CCCCC(=O)O,,0.22705785930156708
1936,CC(C)CC(NC(=O)CCN)C(=O)O,,0.22709783911705017
6806,NC(=O)OCC(O)c1ccccc1,,0.22714732587337494
1544,O=C(O)C1C=C(O)C(O)C(O)C1,,0.22718152403831482
6819,CCCC1CCCCC1=O,,0.22722943127155304
697,O=CC(O)CO,,0.22725658118724823
8260,Cc1ccccc1S,,0.2272619605064392
8562,[S-]c1nc2ccccc2s1.[S-]c1nc2ccccc2s1.[Zn+2],,0.22728192806243896
715,NCCc1cnc[nH]1,,0.22728271782398224
9544,CC1=CCC23CC1C(C)(C)[C@@H]2CC[C@H]3C,,0.22730447351932526
9787,CC1CCC(C(C)C)CC1=O,,0.22735437750816345
902,NC(=O)C(=O)O,,0.22744852304458618
7271,CC(C)C(=O)OCCCc1ccccc1,,0.22746716439723969
5564,C[C@]12COC(=O)C[C@@H]1CC[C@@H]1[C@@H]2CC[C@@]2(C)[C@H]1CC[C@]2(C)O,,0.22749759256839752
397,CC(C)CCCC(C)C1CCC2C3=CCC4CC(O)CCC4(C)C3CCC21C,,0.2275044322013855
1036,O=CCCC(=O)O,,0.22753602266311646
6620,CCc1ccccc1O,,0.22756744921207428
9174,Oc1ccccc1F,,0.22757276892662048
1641,O=C(O)CCCCCC(=O)CCC(=O)O,,0.22758065164089203
9845,C=CC[N+](C)(C)C,,0.227613627910614
1491,CCC(C)(C)C(C)CCC(C)C1CCC2C3CC(OS(=O)(=O)[O-])C4CC(OS(=O)(=O)[O-])C(OS(=O)(=O)[O-])CC4(C)C3CCC12C,,0.22768241167068481
3393,CC(=O)OC1CC2C3(C)CCC4C(C)(C)CCCC4(C)C3CC(O)C2(C)C2C1=COC2OC(C)=O,,0.2276969999074936
8793,CNC(C)Cc1ccccc1.Cl,,0.22771048545837402
3771,CC(C)(C)NCC(O)c1cc(Cl)c(N)c(C(F)(F)F)c1,,0.22772134840488434
8520,COc1cccc(OC)c1,,0.22772611677646637
7364,COC(=O)CC(C)=O,,0.22778970003128052
9029,COC(=O)C=C(C)OP(=O)(OC)OC,,0.22784459590911865
7005,CC(C)(C)C1CCC(=O)CC1,,0.22784601151943207
80,C[N+](C)(C)CC(O)CC(=O)O,,0.22787056863307953
2329,CCCCC(CC)CNC(=O)CC(C)OC(=O)CCC(=O)O,,0.2279299646615982
3006,CCC(C)C(O)C(C)C(=O)C(C)C=C(C)CC(C)C1OC(=O)C1CC,,0.2279404103755951
651,CCOC(=O)C(C)C(C)=O,,0.22794152796268463
6562,Cc1ccc(C(C)(C)C)c(O)c1,,0.22801175713539124
976,c1ccncc1,,0.2280290722846985
241,CCCCCCCCCCCC(O)CC(=O)NC1C(OCC2OC(OP(=O)(O)O)C(NC(=O)CC(O)CCCCCCCCCCC)C(OC(=O)CC(O)CCCCCCCCCCC)C2O)OC(CO)C(O)C1OC(=O)CC(O)CCCCCCCCCCC,,0.22805353999137878
6637,O=C1CCCCC1C1CCCCC1,,0.22814525663852692
7569,Cc1ccncc1,,0.22814887762069702
3127,CCCCCC=CCC=CCC=CCC=CCCC(C)C(=O)NCCF,,0.22815485298633575
8389,CCOC(=O)CC(C)=O,,0.22818799316883087
9753,CCCC(O)C(C=O)CC,,0.22821927070617676
8202,CNC(C)C(O)c1ccccc1.Cl,,0.22825239598751068
9948,CC1C2C(CC3C4CC=C5CC(O)CCC5(C)C4CCC32C)O[C@]12CC[C@@H](C)CO2,,0.22826343774795532
733,O=C(O)C(O)Cc1cnc[nH]1,,0.2282782793045044
7003,Cc1ccc(C(C)(C)C)cc1,,0.22833995521068573
9001,CCOC(=O)CC(=O)CCCCCF,,0.22834140062332153
88,O=C(O)CCC(=O)CC(=O)O,,0.22834786772727966
9295,O=C(Nc1ccc(Cl)cc1)C(F)(F)F,,0.2283943146467209
5968,CCN(CC)CC(=O)Nc1c(C)cccc1C.Cl,,0.22840715944766998
7348,NCCc1ccn[nH]1,,0.22847114503383636
7151,Clc1nc(Cl)nc(Nc2ccccc2Cl)n1,,0.22851799428462982
9630,O=C1NC(=O)C([N+](=O)[O-])C(=O)N1,,0.2285904735326767
7318,O=COCCc1ccccc1,,0.2286137193441391
7129,COc1ccccc1,,0.2286473661661148
1938,CC(N)C(=O)OC(C)(C)Cc1ccc(Cl)cc1,,0.22865992784500122
1193,CC(=O)NC1C(O)CC(P(=O)(O)O)OC1C(O)C(O)CO,,0.22876480221748352
7163,OCCN(CCO)Cc1ccccc1,,0.22876673936843872
3354,CC(CCC(C)C(C)(C)C)C1CCC2C3CC(OS(=O)(=O)[O-])C4CC(OS(=O)(=O)[O-])C(OS(=O)(=O)[O-])CC4(C)C3CCC12C,,0.22876758873462677
850,NCCCC(NC(=O)CCC(=O)O)C(=O)O,,0.22880305349826813
9208,Oc1cccc(F)c1,,0.228821262717247
6894,c1ccc(C2CO2)cc1,,0.22887283563613892
7263,CC(=O)OCCc1ccccc1,,0.22896736860275269
2599,NCC=CC(=O)O,,0.22898687422275543
8449,CCCCCCC1(CC)C(=O)NC(=O)NC1=O,,0.22900161147117615
4027,NCc1cc(=O)[nH]o1,,0.2290036827325821
9822,O=C1CCCCCC1,,0.22902576625347137
150,CCCCCC(O)C=CC1C(O)CC(O)C1CC=CCCCC(=O)O,,0.2290622889995575
4509,CC(C)(N)Cc1ccccc1,,0.22906863689422607
7573,O=C1CCCCC1,,0.22915884852409363
6105,C=CCC1(C2C=CCC2)C(=O)NC(=O)NC1=O,,0.22918066382408142
1,CC(=O)OC(CC(=O)O)C[N+](C)(C)C,,0.22918951511383057
2018,CCC1(CCC(C)C)C(=O)NC(=O)NC1=O,,0.2292552888393402
791,CC(O)C=O,,0.22927315533161163
4241,COC1CC(CC2CCC(C)C(C(C)C(=O)[O-])O2)OC2(OC(C)(C3CCC(C)(C4OC(C5OC(O)(CO)C(C)CC5C)CC4C)O3)CC2C)C1C,,0.22929081320762634
4835,CC(=O)OCOC(c1cc(Oc2ccc(Br)cc2)ccc1[N+](=O)[O-])P(=O)(OCOC(C)=O)OCOC(C)=O,,0.22929981350898743
3005,CCC(C)C(O)C(C)C(=O)C(C)C=C(C)CC(C)C1OC(=O)C1C,,0.2293577492237091
6545,CC(=O)c1cccs1,,0.22936677932739258
9234,O=CCCCCCF,,0.22937573492527008
7157,O=C(Nc1ccc(Cl)cc1)Nc1ccc(Cl)c(Cl)c1,,0.22939324378967285
6533,Cc1c(C)c(C)c(C)c(C)c1C,,0.22948937118053436
8034,O=C1CCCC1,,0.22952790558338165
1659,CCCCCC=CCC=CCC=CCC#CCCCC(=O)O,,0.2295500785112381
7061,CC(C)c1cccc(C(C)C)c1,,0.2295507937669754
7538,Nc1cccc(Cl)c1,,0.22958312928676605
3925,CCCC(CCC)C(=O)OC1CC2CCC(C1)[N+]2(C)C,,0.2296057939529419
9819,CCOC(=O)CC(=O)CCCCCCF,,0.22960826754570007
3316,NC(CCC(=O)NC(CSN=O)C(=O)NCC(=O)O)C(=O)O,,0.22960932552814484
8571,C=C1CC1CC(N)C(=O)O,,0.22962044179439545
5902,C[N+](C)(C)CC[N+]1(C)Cc2c(Cl)c(Cl)c(Cl)c(Cl)c2C1,,0.2296803742647171
6989,Oc1cccc(C(F)(F)F)c1,,0.22968268394470215
319,CC(=O)C(O)C(O)CO,,0.22970634698867798
1951,CN(C)C1=NC2C(O)C(O)C(CO)C2O1,,0.22978638112545013
6902,CCC(C)C=O,,0.22980675101280212
459,C[N+](C)(C)CCOS(=O)(=O)[O-],,0.2298079878091812
9825,O=C1CCCCCCC1,,0.22982792556285858
2168,CCCCCCCCCCCCCC(=O)OC1CCC(NC(=O)C(OC)C(O)C(O)C(O)C=CC(C)C)C(=O)N(C)C1,,0.2298455834388733
6557,COc1ccc(O)cc1C(C)(C)C,,0.22987252473831177
2941,CC(N)Cc1ccc(Cl)cc1,,0.229877308011055
6141,C1=CC2C3C=CC(C3)C2C1,,0.22991327941417694
1207,CCNC1CN(CCOC)S(=O)(=O)c2sc(S(N)(=O)=O)cc21,,0.22997333109378815
1488,CC(C)C(C)CCC(C)C1CCC2C3CC(OS(=O)(=O)[O-])C4CC(OS(=O)(=O)[O-])C(OS(=O)(=O)[O-])CC4(C)C3CCC12C,,0.2299889326095581
1358,CC(O)CCCC(O)C=CC1C(O)CC(O)C1CC=CCCCC(=O)O,,0.2300308644771576
4351,CC1OC(C[N+](C)(C)C)CS1,,0.23006471991539001
5444,CCC(O)(COC(N)=O)c1ccccc1,,0.23009943962097168
9465,O=C(CCCCCCCCCF)CCCCCCCCCF,,0.23014114797115326
1639,COC1(C(=O)O)CC(OC(C)=O)C(NC(C)=O)C(C(O)C(O)CO)O1,,0.23015902936458588
7696,CCCCCC#CC(=O)OC,,0.2301657795906067
477,O=C1CN=CN1,,0.23017330467700958
2596,CC(C)(Oc1ccc(C2CC2(Cl)Cl)cc1)C(=O)O,,0.23022103309631348
5666,OC[C@H]1O[C@@](CO)(O[C@H]2O[C@H](CO)[C@@H](O)[C@H](O)[C@H]2O)[C@@H](O)[C@@H]1O,,0.23023225367069244
7022,CC(O)c1ccccc1,,0.2302587926387787
8991,O=C(CF)CCCCCF,,0.23033252358436584
6770,OCC(O)c1ccccc1,,0.23035886883735657
7740,CCCCCCC#CC(=O)OC,,0.23043790459632874
5220,CP(=O)(O)C1=CCNCC1,,0.23044240474700928
5653,O=C(O)CCCCCNC(=O)CCC(=O)NCCCCCC(=O)O,,0.23046991229057312
6959,CC(C)C(=O)OC(=O)C(C)C,,0.23047514259815216
262,NC(=O)OP(=O)(O)O,,0.23047520220279694
1651,CCCCCC=CCC=CCC=CC=CC1CCCC(=O)O1,,0.23057463765144348
702,O=CCO,,0.2306087762117386
4466,CC(C)(C)NCC(O)COc1ccccc1C1CCCC1,,0.2306235283613205
4411,CCCCCCCCCCCCCCC(=O)OC(CC(=O)O)C[N+](C)(C)C,,0.2306281328201294
2135,O=C(O)OCc1ccccc1,,0.23064836859703064
1793,CCCCCC=CC=CC(O)CCCCCCCC(=O)O,,0.23069089651107788
1329,CCCCCC(O)C=CC=CCCCCCCCC(=O)O,,0.23069089651107788
6087,O=C1NC(=O)C(O)(C2(O)C(=O)NC(=O)NC2=O)C(=O)N1,,0.2307567149400711
201,CCCCCC(O)C=CC1OC2CC(O2)C1CC=CCCCC(=O)O,,0.23082581162452698
9484,O=CCCCCCCCCF,,0.23082616925239563
3904,CNC(=O)OCC[N+](C)(C)C,,0.2308390736579895
4095,COC(=O)C(CSCC=C(C)CCC=C(C)CCC=C(C)C)NC(C)=O,,0.23086948692798615
7494,CC(CC=O)CCCC(C)(C)O,,0.2309134155511856
5161,C=C1CCCC2C1(C)CCC(C)C2(CCC(C)=CCC1OC(=O)CC1CO)COC(C)=O,,0.23095646500587463
3382,CCCCCC=CCC1OC1C=CC(O)CC=CCCCC(=O)O,,0.23098479211330414
2803,CC1(C)C(C=C(Br)Br)C1C(=O)OC(C#N)c1cccc(Oc2ccccc2)c1,,0.23102985322475433
7503,CC(O)CC=O,,0.23104895651340485
124,CC(C)CCC=O,,0.23107226192951202
268,O=CO,,0.2311592847108841
7126,NNc1ccccc1,,0.23117943108081818
6768,CCC(O)c1ccccc1,,0.23118141293525696
3298,O=C(O)CNCP(=O)(O)O,,0.23122566938400269
2344,CCCCCCCCC=CCCCCCCCCOCC(COP(=O)(O)OCC[N+](C)(C)C)OC(C)=O,,0.23125416040420532
6617,Cc1ccccc1CO,,0.231258824467659
6519,Cc1c(N)cccc1Cl,,0.2312622219324112
6977,O=Cc1cccs1,,0.23126262426376343
4270,NCCN(CCN)N([O-])N=O,,0.23131993412971497
8456,O=C([O-])CC(O)(CC(=O)[O-])C(=O)O.[Na+].[Na+],,0.2313976287841797
764,N/C(=N\CCCC(N)C(=O)O)NC(CC(=O)O)C(=O)O,,0.23141595721244812
3636,C=C(CCCC(N)C(=O)O)C(=O)O,,0.23144443333148956
4858,[H]/N=C(/N)SCC,,0.23145560920238495
5844,CCCCCC=O,,0.2314853072166443
246,CCCC=O,,0.23150786757469177
6207,CC(C)C=O,,0.23151658475399017
7564,CC(C)CC(=O)CC(C)C,,0.23151779174804688
7667,CCCCC=O,,0.23155026137828827
1688,O=c1[nH]c(=O)n(C2CC(O)C(COP(=O)(O)O)O2)cc1Br,,0.23157089948654175
6874,Cc1ccc(N)cc1Cl,,0.23159117996692657
1210,CCC(COc1ccccc1)OP(C)(=O)Cl,,0.23171526193618774
4894,Nc1ncc(C2C(CNC(=O)c3cc(Br)c[nH]3)C(CNC(=O)c3cc(Br)c[nH]3)C2c2cnc(N)[nH]2)[nH]1,,0.23171888291835785
5931,O=c1nc[nH]c(=O)[nH]1,,0.23174726963043213
2449,CC(=O)OCC1=C(C(=O)O)N2C(=O)C(NC(=O)Cc3cccs3)C2SC1,,0.23175480961799622
7400,CC(C)=CCCC(C)CC=O,,0.23178769648075104
749,C=C(CC(=O)O)C(=O)O,,0.23185685276985168
5532,O=C1NC(=O)C2(CCCCC2)C(=O)N1,,0.23186258971691132
4478,CCCC(C)C1(CC)C(=O)NC(=O)NC1=O,,0.23190471529960632
6956,C=C(C)C(=O)OCC,,0.2319187968969345
8835,O=C(O)C(S)C(S)C(=O)O,,0.23193714022636414
4861,[H]/N=C(/N)SC,,0.23196490108966827
2419,COC(=O)CCC[N+](C)(C)C,,0.23199571669101715
2391,CCCCCC(O)C=CC1C(O)CC2CC(=CCCCC(=O)O)CC21,,0.23202450573444366
842,CNCCc1cnc[nH]1,,0.23204432427883148
8325,N#CCc1ccccc1,,0.23204678297042847
985,O=P([O-])(O)OP(=O)(O)O,,0.23205915093421936
7733,CCCCCCC=O,,0.23208001255989075
622,O=C(CO)CO,,0.23208513855934143
5004,C=CCCC=CC=CCCCCCCCCC1CCC(C2CCC(CC(=O)O)OO2)O1,,0.23212048411369324
3319,NC(N)=NN=Cc1c(Cl)cccc1Cl,,0.23213832080364227
6522,Cc1cccc(Cl)c1N,,0.23214250802993774
2384,CC1(C(=O)O)C2CCC(O2)C1(C)C(=O)O,,0.23214955627918243
3862,COC(=O)C(C)C[N+](C)(C)C,,0.23215889930725098
230,OCc1ccccc1,,0.23217594623565674
8056,Nc1cc(C(F)(F)F)ccc1Cl,,0.2322281152009964
8258,CCCCCCCC1CCCC1=O,,0.23226279020309448
9755,c1ccc2c(c1)CCC2,,0.23226647078990936
5655,[C-]#N,,0.23228329420089722
311,CSCC(O)C(O)C(=O)COP(=O)(O)O,,0.23236121237277985
7130,CSc1ccccc1,,0.23238055408000946
430,CCCCCCCC=O,,0.23239853978157043
4395,NC(Cc1ccc(Cl)cc1)C(=O)O,,0.2324019819498062
640,CC1=NCCC(C(=O)O)N1,,0.23240496218204498
5508,O=C(O)c1ccc(Cl)c(Cl)c1,,0.23240649700164795
7140,COc1cccc(C)c1,,0.2324986606836319
9076,C=C(C)C(=O)OCC(F)(F)F,,0.23256470263004303
1857,CC(=O)NC(CSCC=C(C)CCC=C(C)CCC=C(C)C)C(=O)O,,0.2325723022222519
9216,O=C(CF)OCCOC(=O)CF,,0.23259137570858002
3147,CCCCC(O)c1ccccc1,,0.23259244859218597
8210,CCc1ccccc1CC,,0.23262953758239746
9187,O=C(CF)Sc1ccccc1,,0.2326355129480362
9326,CC(=O)CCC=C(C)C,,0.23266948759555817
796,CCC=CCC=CCC=CCCCCCCCC(=O)O,,0.23267480731010437
6974,OCc1ccco1,,0.2327202409505844
3410,CC(N)Cc1cnc[nH]1,,0.23273029923439026
2454,Cc1nnc(SCC2=C(C(=O)[O-])N3C(=O)C(NC(=O)Cn4cnnn4)C3SC2)s1,,0.23277434706687927
6068,CC(=O)C(C)(C)C,,0.23281143605709076
1209,CCCCCC=CCC=CCC=CCC=CCCCC(=O)NC(C)CO,,0.23282839357852936
9075,CCOC(=O)CC(=O)CCCCCCCCCF,,0.23284007608890533
498,CCC=O,,0.23285731673240662
1455,CCCCCC=CCC=CCC=CCCCCCCC(=O)OC(COCCCCCCCCCCCCCCCC)COP(=O)([O-])OCC[N+](C)(C)C,,0.232954204082489
6856,Cc1ccccc1C,,0.23299472033977509
9580,C=C1C2CC[C@H]3C2C(C)(C)CCC[C@]13C,,0.23301385343074799
1856,CC(=O)OC(C)C[N+](C)(C)C,,0.23301531374454498
5810,O=C([O-])CN(CCN(CC(=O)[O-])CC(=O)[O-])CC(=O)[O-].[Na+].[Na+].[Na+].[Na+],,0.23303447663784027
9074,Cc1cccc(F)c1,,0.23306356370449066
837,CC(=O)NC(CCCN)C(=O)O,,0.23310624063014984
6965,C=C(C)C(=O)OCC(C)C,,0.23312045633792877
5727,OCCc1ccccc1,,0.23312810063362122
7428,CCC(=O)CC(C)CC,,0.23313845694065094
7443,C=C(C)C(=O)OCC1CO1,,0.2332044541835785
6879,Cc1ccc(Cl)cc1N,,0.23320455849170685
6949,C=C(C)C1CC=C(C)C(OC(=O)CC)C1,,0.2332741767168045
9353,CC(=O)CF,,0.23327553272247314
6860,Cc1ccccc1F,,0.23329275846481323
9173,Fc1ccccc1F,,0.2332947850227356
3023,CCC=CCC=CCC=CCCCCCCCCCC(=O)O,,0.23333501815795898
7490,COC(C)(C)CC(C)=O,,0.23339876532554626
5491,Cl.Nc1ccccc1O,,0.2333996444940567
1314,CCCCCC(O)C=CC1OC(=O)CC(O)C1CC=CCCCC(=O)O,,0.23341335356235504
4144,CC(NC(=O)C(C)NC(=O)OC(C)(C)C)C(N)=O,,0.23347677290439606
2831,CCCCCC=CCC=CCC=CCCCCCCC(=O)O,,0.2335319072008133
5839,CC(NN)c1ccccc1,,0.2335795909166336
6967,C=C(C)C(=O)OCCCC,,0.23358286917209625
7077,CC(=O)c1ccc(Br)cc1,,0.23358699679374695
9002,O=C(CCCCCF)CCCCCCF,,0.2335948497056961
3802,CCCCCCCCC=CCC=CCC=CCCCC(=O)O,,0.2335982471704483
1012,NC(CCCCNC(CCC(=O)O)C(=O)O)C(=O)O,,0.23363667726516724
3234,NCCCNCCCNCC(N)CCCN=C(N)N,,0.23365087807178497
7526,CC1=NNC(=O)C1,,0.2336551994085312
674,O=C(O)C(O)COP(=O)(O)O,,0.2336595207452774
8995,C[N+](C)(C)CCF,,0.233668252825737
1876,CCCCCC=CCC=CCC=CCC=CCCCC(=O)NCCC1CC1,,0.23373058438301086
9578,CC(CC[C@@H](C)C(C)C)C1CCC2C3CC=C4CC(O)CCC4(C)C3CCC12C,,0.23374043405056
9694,CC(=O)/N=c1\ssc2c1C(=O)CN2,,0.2337714433670044
1338,CCCCCC(O)C=CC=CCCCCCCCCCC(=O)O,,0.23378218710422516
4838,CCN1CCCC1CNC(=O)c1c(O)c(Cl)cc(Cl)c1O,,0.23378698527812958
2039,CCCCCC=CCC=CCC=CCC=CCCCCCC(=O)NCCO,,0.23380321264266968
5831,Cc1ncc(CO)c(C=O)c1O.Cl,,0.2338116317987442
8848,Cl.ClCCN(Cc1ccco1)Cc1ccco1,,0.233857199549675
6323,Nc1c(Br)cc(Br)c2c1C(=O)c1ccccc1C2=O,,0.23389612138271332
437,CCCCCCCCCCCCCCCC(=O)OC(CC(=O)O)C[N+](C)(C)C,,0.23391161859035492
6870,Cc1cc(Cl)ccc1N,,0.23391197621822357
3606,C=C(C)C1CNC(C(=O)O)C1CC(=O)O,,0.2339129000902176
8390,Cl.Nc1ccccc1,,0.23396317660808563
2026,O=C(O)C1C(=CCO)OC2CC(=O)N21,,0.23397639393806458
7442,C=CC(=O)OCC1CO1,,0.23398056626319885
3468,NNCCc1ccccc1,,0.23398612439632416
2985,CCN(CCCl)Cc1ccccc1Br,,0.23399855196475983
7894,CC(=O)CO,,0.23400063812732697
9007,CCCCCCCCC(=O)CF,,0.23401740193367004
8951,C[Si](F)(F)c1ccccc1,,0.23403824865818024
6627,Ic1cccc2ccccc12,,0.23403969407081604
7989,O=C(C1CCCCC1)C1CCCCC1,,0.23412130773067474
2611,CC(C)C(O)C12NC(=O)C(C)C1OC2=O,,0.2342032492160797
123,O=C(O)CCC1N=CNC1=O,,0.23421074450016022
175,CC(=O)OCC[N+](C)(C)C,,0.2342178225517273
9567,C=C1CCCC(C)(C)[C@@H]1CCC(C)=CCCC1[C@@]2(C)CCCC(C)(C)C2CC[C@@]1(C)O,,0.2342294156551361
5151,NCc1cc(=O)[nH]s1,,0.2342757135629654
7535,Cc1cccc(C)c1,,0.2342860847711563
29,O=CCCl,,0.23431755602359772
7415,Cc1ccc(C)cc1,,0.2343478798866272
9217,O=[N+]([O-])CCCCF,,0.23441289365291595
6574,CC(C)=C1CCC(C)C2=C(C1)C(C)CC2,,0.2344585359096527
6810,O=C(O)c1ccccc1.[Hg][c]1ccccc1,,0.23445963859558105
8528,C=CCC1(C(C)C#CCC)C(=O)NC(=O)N(C)C1=O,,0.2344624549150467
7408,CCCCC(=O)CC,,0.23447780311107635
7778,CCCCCCCCCC=O,,0.23449231684207916
3383,CCCCCC=CCC1OC1C(O)C=CCC=CCCCC(=O)O,,0.23449285328388214
167,CC(=O)C(C)O,,0.23455692827701569
1566,O=C(O)CC[N+](=O)[O-],,0.23455718159675598
6123,CCCCC1(CC)C(=O)NC(=O)NC1=O,,0.23458193242549896
9211,Fc1ccccn1,,0.2346365749835968
7172,c1ccc(CC2OCCO2)cc1,,0.23467932641506195
4122,CSCCC(NC=O)C(=O)NC(C)C(=O)O,,0.23474451899528503
1903,CC(C)(C)c1cc(C=C(C#N)C#N)cc(Br)c1O,,0.23475073277950287
5316,CCCCCC(O)C=CC1C2CC(CO2)C1CC=CCCCC(=O)O,,0.2347545474767685
4698,O=C(CBr)c1ccc(O)cc1,,0.2347988784313202
1312,CCCCCC=CCC1OC1CC=CCC=CCCCC(=O)O,,0.23482611775398254
1774,CCCCCC=CCC=CCC1OC1CC=CCCCC(=O)O,,0.23482611775398254
4700,O=C(O)COc1ccc(C(=O)CBr)cc1,,0.2348552942276001
6906,CCC(=O)CC,,0.23488691449165344
7570,Clc1ccccc1,,0.23488882184028625
6601,O=[N+]([O-])c1cc(Cl)ccc1Cl,,0.23489980399608612
2037,CCCCCC=CCC=CCC=CCCCCCCC(=O)NCCO,,0.23491685092449188
1222,CC(NC=O)NC(=O)C(C)NC(=O)OC(C)(C)C,,0.23492027819156647
7002,Nc1ccc([As](=O)(O)O)cc1,,0.2349439114332199
8448,O=C(CI)N1CCC(C(O)(c2ccccc2)c2ccccc2)CC1,,0.2349599152803421
701,CC(CCC(=O)NCC(=O)O)C1CCC2C3C(O)CC4CC(O)CCC4(C)C3CC(O)C12C,,0.234976127743721
3803,CCCCCCCCC=CCC=CCC=CCCCC(=O)NCCO,,0.23498350381851196
2343,CCCCCCCCC=CCCCCCCCCOCC(COP(=O)([O-])OCC[N+](C)(C)C)OC(C)=O,,0.23502680659294128
6991,Cc1cc(C)cc(C(C)(C)C)c1,,0.23504842817783356
7425,C=CC(=O)OCC(C)C,,0.23508037626743317
354,CC(C)=CCCC(C)=CCCC(C)=CCCC(C)=CCCC(C)=CCCC(C)=CCCC(C)=CCCC(C)=CCCC(C)=CCCC(C)=CCCC(C)=CCO,,0.23508593440055847
3038,FC(F)OC(F)(F)C(F)Cl,,0.23515242338180542
646,O=C(O)C(O)C(O)COP(=O)(O)O,,0.23517076671123505
1132,N[C@]1(C(=O)O)C[C@@H](C(=O)O)C1,,0.235192209482193
399,O=C(O)C(O)C(O)C(O)C(O)COP(=O)(O)O,,0.23519663512706757
4920,NCCCNCCCNC(=O)C(N)CCCN=C(N)N,,0.23522862792015076
9547,CC1(C)C=C[C@@]23CCC[C@@](C)(CC[C@@H]12)C3,,0.2352907359600067
1120,CCCCCC(O)C=CC1CC2CC(C2)C1CC=CCCCC(=O)O,,0.2352941781282425
9460,Fc1ccccc1,,0.2352968454360962
839,N/C=N/C(CCC(=O)O)C(=O)O,,0.23531202971935272
2322,CCC(C)C1(CC)C(=O)NC(=O)NC1=O,,0.23533380031585693
9206,Fc1cccc(F)c1,,0.23533880710601807
1941,CCCOc1ccc(CC(=O)O)cc1Cl,,0.23538796603679657
6300,C=C(C)C(=O)OC,,0.23544256389141083
7789,CCCCCCCCCCC=O,,0.23545877635478973
2960,CCC=CCC=CCC=CCCCCCCCCCCCC(=O)O,,0.23547106981277466
6106,CCC1(C(C)C)C(=O)NC(=O)NC1=O,,0.23547767102718353
1149,O=C(O)C1(CCCCCCOc2ccc(Cl)cc2)CO1,,0.23552177846431732
7858,CC(=O)C(C)(C)O,,0.23555396497249603
31,O=C(O)CC1(Cl)C=CC(=O)O1,,0.2355768382549286
6837,CCC(CC)C(=O)OCCOCCOCCOC(=O)C(CC)CC,,0.2355957180261612
7152,CC(Oc1cccc(Cl)c1)C(=O)O,,0.235609233379364
6546,FC(F)(F)c1ccccc1Cl,,0.2356206476688385
5975,O=S(=O)(O)CC(S)CS,,0.23562243580818176
9827,CCCCC(=O)CCCC,,0.23563674092292786
2983,CCC(=O)OC1CCC2C3CCC4CC(=O)C(C)CC4(C)C3CCC12C,,0.23567579686641693
7990,c1ccc2c(c1)CCCC2,,0.23570509254932404
7072,CC1=CCC(C(C)C)=CC1,,0.23580984771251678
8542,CC1(C)N=C(N)N=C(N)N1c1ccc(Cl)cc1.Cl,,0.2358841896057129
9831,O=C1CCCCCCCCCCCCCC1,,0.23589521646499634
8371,C=CC(=O)OCCCC,,0.23595866560935974
630,CCC(C)=CCCCC(C)CCOP(=O)(O)O,,0.2359602004289627
7515,CC(=O)CC(C)C,,0.23598581552505493
2769,COC(=O)c1c(Cl)c(Cl)c(C(=O)OC)c(Cl)c1Cl,,0.2360164076089859
8803,CCC=CCC=CCC=CCCCCCCCC(=O)OC,,0.23603704571723938
9428,COc1cccc(F)c1,,0.23604992032051086
4005,CCC1(C2OC(C3OC(O)(CO)C(C)CC3C)CC2C)CCC(C2(C)CCC3(CC(O)C(C)C(C(C)C(OC)C(C)C(=O)[O-])O3)O2)O1,,0.2360949069261551
1843,CC(=O)OC1C(=O)OC2C(OC(C)=O)C(=O)OC12,,0.23609882593154907
6215,CCC(C)=O,,0.23614723980426788
6517,CC1(C)S[C@@H]2CC(=O)N2[C@H]1C(=O)O,,0.2361527532339096
9194,CCOC(=O)C=CCF,,0.23620402812957764
4276,CNCCCCCCN(C)N([O-])N=O,,0.23623624444007874
7361,CCC(C)CC(C)=O,,0.23626290261745453
3259,CCCCCC=CCC=CCC=CCCCCC(=O)O,,0.23630811274051666
7501,CCCC(C)=O,,0.2363196164369583
9214,CCOC(=O)CNC(=O)CF,,0.23634907603263855
149,CCCCCC(O)C=CC1C(O)CC2OC(=CCCCC(=O)O)CC21,,0.2363695502281189
7797,CCCCCCCCCCCC=O,,0.23638345301151276
6948,C=C(C)C1CC=C(C)C(OC(C)=O)C1,,0.2364477664232254
6217,CC(=O)CCl,,0.23644815385341644
1894,CCCCCC=CCC=CCC=CCC=CCCCCCC(=O)O,,0.2364649921655655
7347,CCN(CC)CC#CCN(CC)CC,,0.23647303879261017
4944,CC(C)COC(=O)OCN1C(=O)CN(CCN2CC(=O)N(COC(=O)OCC(C)C)C(=O)C2)CC1=O,,0.23657509684562683
6892,C=CCOC(=O)C(=C)C,,0.23660843074321747
287,CC(C)CCCC(C)C1CCC2C3CC=C4CC(O)CCC4(C)C3CCC12C,,0.23664861917495728
7418,Nc1ccc(Cl)cc1,,0.2366493046283722
9009,CC(=O)CCCCCCCCF,,0.23665019869804382
4574,O=S(=O)(O)C1CCNCC1,,0.23667463660240173
5893,N[C@@H]1CONC1=O,,0.23668399453163147
916,CC(C)(CO)C(O)C(=O)NCCC(=O)O,,0.23670704662799835
6225,C=CC(N)=O,,0.236729234457016
7891,C=CP(=O)(OCCCl)OCCCl,,0.23673532903194427
1462,CC(C)CC(C(=O)O)C(=O)NO,,0.23676356673240662
5457,O=C(O)c1cccc(Cl)c1Cl,,0.23679059743881226
1148,O=C([O-])C1(CCCCCCOc2ccc(Cl)cc2)CO1,,0.23679272830486298
9308,O=C(CF)SCCCl,,0.23679545521736145
1144,O=C(O)C1CCCNC1C(=O)O,,0.2368108630180359
7171,C=C(C)C(=O)OC1CCCCC1,,0.23684673011302948
848,O=C(O)CCC(=O)NC(CCC(=O)O)C(=O)O,,0.23690707981586456
7277,CCCc1ccccc1,,0.2369130402803421
8231,CCC(C)c1ccccc1,,0.23692315816879272
7019,CC(C)c1ccccc1,,0.23695863783359528
7739,CCCCCCC=CC(=O)OC,,0.23697173595428467
6548,CC(C)(C)c1ccccc1O,,0.23702281713485718
7638,CC(=O)CCC(C)C,,0.23709824681282043
6859,Nc1ccccc1Cl,,0.23710329830646515
2635,Clc1cccc(Cl)c1NC1=NCCN1,,0.23720866441726685
4827,O=[N+]([O-])c1cc([As](=O)(O)O)ccc1O,,0.23721599578857422
1660,CCCCCC=CCC=CCC=CCC1OC1CCCC(=O)O,,0.23722656071186066
158,O=P(O)(O)OCC1OC(OC2C(CO)OC(O)C(O)C2O)C(O)C(O)C1O,,0.23723182082176208
1196,CNC1CC(C)S(=O)(=O)c2sc(S(N)(=O)=O)cc21,,0.2372441589832306
6373,O=Cc1c(Cl)cccc1Cl,,0.237273171544075
1336,CCCCCC1OC1CC=CCC=CCC=CCCCC(=O)O,,0.2372938096523285
849,O=C(O)CCC(=O)NC(CCCO)C(=O)O,,0.23730415105819702
873,O=[N+]([O-])O,,0.23732571303844452
5240,CC(=O)OCC(COC(C)=O)OC(C)=O,,0.237326517701149
8172,CCOC(=O)C(CC)C(=O)OCC,,0.23733100295066833
2443,C#CCOC(=O)C1CN=CNC1,,0.23734404146671295
4758,CCCCCCCCCCCCCCCCCC(=O)NCC(COP(=O)([O-])OCC[N+](C)(C)C)OC,,0.23734475672245026
8392,C=C(C)C(=O)OCCCCCC,,0.2374124974012375
7655,CCCCCC(C)=O,,0.23747310042381287
4461,C#CC(O)C=CCCCCCCCCCC(C)CCCCCCCCCCC(O)C#CC#CCO,,0.23750187456607819
2038,CCCCCC=CCC=CCC=CCC=CCCCC(=O)NCCO,,0.23755070567131042
1785,O=P(O)(O)OP(=O)(O)OCC1OC(n2cnc3c(NBr)ncnc32)C(O)C1O,,0.23761413991451263
4508,NC(=O)OCCCc1ccccc1,,0.23765483498573303
5041,CC1(C)OC2C3OS(=O)(=O)OC3COC2(COS(N)(=O)=O)O1,,0.23771344125270844
2367,CC(C)(CO)C(O)C(=O)NCCCC(=O)O,,0.23773103952407837
4693,CCCCCC(O)C=CC1C(O)CC2OC(=CCCCCC(=O)[O-])CC21,,0.23773609101772308
1127,NC(Cn1oc(=O)[nH]c1=O)C(=O)O,,0.2377774715423584
4840,CCN1CCCC1CNC(=O)c1c(O)c(Cl)cc(Cl)c1OC,,0.2378098964691162
9011,FCCCCCCN=C=S,,0.2378411591053009
1025,O=S(O)O,,0.23784632980823517
7697,CCCCCCC(C)=O,,0.2378479540348053
6170,CC[N+](CC)(CC)CCOC(=O)CC[N+](CC)(CC)CC,,0.23784863948822021
8350,C=CC(=O)OCC,,0.23784999549388885
99,O=C(O)CC1=CCC(=O)O1,,0.23785778880119324
8382,NC(=O)N=C(N)N,,0.23787212371826172
7312,CCCCc1ccccc1,,0.23792709410190582
3781,CC1(O)OC(CO)C(OC2OC(CO)C(O)C(O)C2O)C(O)C1O,,0.23794673383235931
573,NC1C(O)OC(COP(=O)(O)O)C(O)C1O,,0.23795531690120697
5498,CC(C)NCC(O)c1ccc(O)c(O)c1.Cl,,0.23796062171459198
5167,Cc1ccsc1C(=CCCN1CCCC(C(=O)O)C1)c1sccc1C,,0.23797117173671722
2336,CCCCCCCCCCCCCCCCOCC(COP(=O)(O)OCC[N+](C)(C)C)OC(=O)NC,,0.23797790706157684
7110,CCc1ccccc1,,0.23798732459545135
6274,CC(=O)OC1(C(C)C)C=CC(C)CC1,,0.23806540668010712
5612,CC(Cc1ccccc1)NN,,0.23809751868247986
5005,CCCCC=CC=CCCCCCCCCC1CCC(C2CCC(CC(=O)O)OO2)O1,,0.23811757564544678
5843,CC(CNN)c1ccccc1,,0.23820863664150238
3707,CCCC1CC(C(=O)NC(C(C)O)C2OC(SC)C(O)C(O)C2O)N(C)C1,,0.23829865455627441
2335,CCCCCCCCCCCCCCCCOCC(COP(=O)([O-])OCC[N+](C)(C)C)OC(=O)NC,,0.23836974799633026
9449,C#CC#C,,0.2383710741996765
3659,OCC1OC(OC2C(CO)OC(O)(CO)C2O)C(O)C(O)C1O,,0.23839330673217773
4694,CCCCCC(O)C=CC1C(O)CC2OC(=CCCCCC(=O)O)CC21,,0.23843972384929657
403,NC(N)=NCCCC(NC(CCC(=O)O)C(=O)O)C(=O)O,,0.2384522706270218
6846,Nc1nc2ccc(Cl)cc2s1,,0.23848271369934082
6986,O=[As](O)(O)c1ccc(O)cc1,,0.23849986493587494
1062,Cc1ccccc1,,0.2385558933019638
542,NC1C(OC2C(O)C(O)C(O)C(O)C2O)OC(CO)C(O)C1O,,0.2385605424642563
7433,C=CC(=O)OCCOCC,,0.2385711818933487
438,NC(N)=NCCCC(NC(=O)CCC(=O)O)C(=O)O,,0.23860381543636322
2076,CCCCCC=CCC=CCC=CCC=CCCCC(=O)C(F)(F)F,,0.2386343777179718
3863,C=C(C)C(=O)O,,0.238682359457016
3710,CCCCCC=CCC=CCCCCCCCC(=O)O,,0.2387091964483261
4135,CNC(CC(=O)O)C(=O)O,,0.23873324692249298
5667,C[N+]1(CCCl)CC1,,0.23873530328273773
899,O=C(O)C(=O)O,,0.23878227174282074
8557,CC(N)C(O)c1ccccc1.Cl,,0.2387976199388504
7532,CCOP(=S)(OCC)Oc1cc(C)[nH]n1,,0.23890407383441925
2915,CCCCCCCCCCCCCCCC(=O)OCC(COP(=O)(O)O)OC(=O)CCCCCCCCCCCCCCC,,0.23891912400722504
3037,O=C(O)C1C2CCC(O2)C1C(=O)O,,0.23892338573932648
3331,C/C(N)=N\CCSCCC(N)C(=O)O,,0.23899982869625092
1923,CC(=O)NC(CSCC=C(C)CCC=C(C)C)C(=O)O,,0.23905670642852783
658,CC(C)=CCCC(C)=CCCC(C)=CCCC(C)=CCCC(C)=CCCC(C)=CCCC(C)=CCCC(C)=CCOP(=O)(O)OP(=O)(O)O,,0.23906266689300537
4759,CCCCCCCCCCCCCCCCCC(=O)NCC(COP(=O)(O)OCC[N+](C)(C)C)OC,,0.23906515538692474
7790,C=CCCCCCCCCC=O,,0.23911692202091217
7245,C=CC(=O)OCC(CC)CCCC,,0.23923136293888092
6774,Cc1cc(Cl)ccc1OC(C)C(=O)O,,0.23923392593860626
6912,C=CC(=O)OC,,0.2392486333847046
2836,CCOP(=S)(OCC)Oc1cc(C)nc(C(C)C)n1,,0.23924878239631653
717,NC(CO)Cc1cnc[nH]1,,0.23925837874412537
963,CCCCCC(O)C=CC1C2CC(OO2)C1CC=CCCCC(=O)O,,0.23927627503871918
7583,Clc1ccccn1,,0.23928673565387726
2642,CC(C)NCC(O)c1ccccc1Cl,,0.2393093705177307
5182,Clc1ccc(C(Cn2ccnc2)OCc2ccsc2Cl)c(Cl)c1,,0.23931129276752472
8282,CC(N)C(O)c1ccc(O)c(O)c1.Cl,,0.23932170867919922
3321,NC(N)=NC(=O)Cc1c(Cl)cccc1Cl,,0.23937156796455383
6227,C=CC(=O)O,,0.2393764853477478
808,OCC1OC(OCC2OC(O)C(O)C(O)C2O)C(O)C(O)C1O,,0.23941831290721893
2302,CC(C)(S)C(=O)NC(CS)C(=O)O,,0.23942402005195618
278,OCC1OC(OC2C(CO)OC(O)C(O)C2O)C(O)C(O)C1O,,0.2394276261329651
3764,CCCCCCCCC=CCCCCCCCC(=O)OCC(O)COP(=O)(O)O,,0.23943102359771729
662,C=O,,0.23943361639976501
8259,C=C(C#N)C(=O)OC,,0.23943443596363068
3461,CNC(=O)C1OC(n2cnc3c(NCc4cccc(I)c4)ncnc32)C(O)C1O,,0.23944367468357086
4620,CCCNC1CCc2nc(N)sc2C1,,0.23945794999599457
2630,CCCCCCC[N+](CC)(CC)CCCCc1ccc(Cl)cc1,,0.23951274156570435
6542,C=CN1CCCC1=O,,0.2395428866147995
1066,O=P(O)(O)OCC1OC(OC2OC(CO)C(O)C(O)C2O)C(O)C(O)C1O,,0.23955436050891876
6440,O=C1NC(=O)C2CC=CCC12,,0.2395559549331665
458,Nc1cnc[nH]1,,0.23956625163555145
9937,CC(C)[C@](O)(C(=O)OC[C@H]1CC[N+]2([O-])CCC[C@@H]12)C(C)O,,0.2395685911178589
7241,CC(C)(O)CCc1ccccc1,,0.2396375834941864
4148,O=C(O)CCC(=O)N1CCCC1C(=O)O,,0.23966270685195923
7404,CCCC(=O)OC(=O)CCC,,0.2396826595067978
7108,BrCc1ccccc1,,0.23976358771324158
5315,C1CCC(N/C(=N\C2C3CC4CC(C3)CC2C4)N2CCOCC2)CC1,,0.23980574309825897
469,NC(CCSCC1OC(O)C(O)C1O)C(=O)O,,0.2398151308298111
7835,NC(=O)Nc1ccccc1Cl,,0.23981864750385284
3667,CC(C)=CCCC(C)C1(C)CCC2(C)C3=C(CCC21C)C1(C)CCC(O)C(C)(C)C1CC3,,0.23982587456703186
218,CCCCCC=CCC=CCC=CCC=CCCCC(=O)O,,0.23983395099639893
9272,Fc1ccccc1C(F)(F)F,,0.2399110645055771
3021,CCCCCC=CCC=CCCCCCCCCCC(=O)O,,0.23991118371486664
7539,Oc1cccc(Cl)c1,,0.23994311690330505
4426,Oc1ccc(Cl)cc1,,0.2399597018957138
6091,O=C(O)C(O)(O)C(O)(O)C(=O)O,,0.23996147513389587
3443,O=C1NC(=O)C(F)C(O)N1,,0.24001704156398773
4987,CC12Cc3cn[nH]c3CC1CCC1C2CCC2(C)C1CCC2(C)O,,0.24004338681697845
2036,CCCCCC=CCC=CCCCCCCCC(=O)NCCO,,0.24004371464252472
4992,CCCCCCCCCCCCCCCCCC(=O)OC(CC(=O)O)C[N+](C)(C)C,,0.24005243182182312
2295,CCC12CCCN3CCc4c(n(c5cc(Br)ccc45)C(O)(C(=O)OC)C1)C32,,0.24008996784687042
7322,OCCOCCOc1ccccc1,,0.2401028871536255
2473,COC1(NC(=O)Cc2cccs2)C(=O)N2C(C(=O)[O-])=C(COC(N)=O)CSC21,,0.24012313783168793
3020,CCCCCCCCCCCC=CCC=CCCCC(=O)O,,0.24012461304664612
3264,CC(C)=CCCC(C)=CCCC(C)=CCCC(=O)OCC=C(C)CCC=C(C)C,,0.24015291035175323
1190,CCCCCCCCC=CC=CC(C)N,,0.2401924431324005
4007,CCC1(O)OC(C2CC(C)C(C3(CC)CCC(C4(C)CCC5(CC(O)C(C)C(C(C)C(OC)C(C)C(=O)[O-])O5)O4)O3)O2)C(C)CC1C,,0.2401975393295288
5805,CCCCCCCCCCCCCCCC(=O)OCC(COP(=O)(O)OCC[N+](C)(C)C)OC(=O)CCCCCCCCCCCCCCC,,0.24036353826522827
2143,CCC1(CC)C(=O)NC(=O)NC1=O,,0.24037161469459534
5501,O=C(O)[C@@H]1C[C@@H](O)CN1,,0.24037480354309082
351,O=C(O)C#CC(=O)O,,0.2404555082321167
1456,CCCCCC=CCC=CCC=CCCCCCCC(=O)OC(COCCCCCCCCCCCCCCCC)COP(=O)(O)OCC[N+](C)(C)C,,0.24047984182834625
7431,C=CC(=O)OCCC#N,,0.2405199110507965
8194,COc1ccccc1N.Cl,,0.24055081605911255
681,CC(C)=CCCC(C)=CCCC(C)=CCCC(C)=CCOP(=O)(O)OP(=O)(O)O,,0.2405540943145752
8464,Oc1ccc(Cl)c2c1CCC2,,0.24058352410793304
9555,C#CC(=O)O,,0.24060691893100739
5732,C[N+](C)(C)CCCCCC[N+](C)(C)C.[OH-].[OH-],,0.24068941175937653
2628,CCOC(=O)C(C)(C)Oc1ccc(Cl)cc1,,0.24071578681468964
6921,Cn1cccc1,,0.24079619348049164
6004,C=NO,,0.24082514643669128
8498,CCCC[N+]1(C)[C@H]2CC(OC(=O)C(CO)c3ccccc3)C[C@H]1[C@H]1O[C@H]12.[Br-],,0.24082551896572113
2217,CC(C[N+](C)(C)C)OC(N)=O,,0.24084322154521942
2629,CC(C)(Oc1ccc(Cl)cc1)C(=O)O,,0.24088749289512634
9462,NC(CCSSCCC(N)C(=O)O)C(=O)O,,0.24091953039169312
9956,CC(C)C12C=CC(C)(CC1)OO2,,0.24091972410678864
9415,C[Si](C)(F)c1ccccc1,,0.24093720316886902
3295,CC(CCC(=O)NCC(=O)O)C1CCC2C3CCC4CC(O)CCC4(C)C3CC(O)C12C,,0.2410096526145935
3655,O=C(O)C1CNC(C(=O)O)C1,,0.2410271018743515
1541,CC(C)C1CNC(C(=O)O)C1CC(=O)O,,0.2410326600074768
2390,C[N+](C)(C)CCOC(N)=O,,0.2410663515329361
4889,O=C(CCCCCCC(=O)NO)NO,,0.24107953906059265
8221,O=C([O-])CN(CCO)CC(=O)[O-].[Na+].[Na+],,0.24108782410621643
9916,CC1CCC2N(C1)CC1C(C(O)[C@H](O)[C@]3(O)C1CC14OC5(O)C(O)CCC1(C)C5CC(O)C43)C2(C)O,,0.2411257028579712
5482,CCC(NC(C)C)C(O)c1ccc(O)c(O)c1.Cl,,0.24114106595516205
4375,O=C1CCCN1CC#CCN1CCCC1,,0.24127008020877838
6240,C=C(C)C(N)=O,,0.24136316776275635
4154,C/C(N)=N\CCCC(N)C(=O)O,,0.24137306213378906
9466,CCCCCCC(=O)CCCCCC,,0.24137809872627258
7628,C=COC=C,,0.24142594635486603
792,CC(C)=CCCC(C)C1CCC2(C)C3=C(CCC12C)C1(C)CCC(O)C(C)(C)C1CC3,,0.24148164689540863
2784,CCC=CCC=CCC=CCC=CCC=CCC=CCCC(=O)OC(COCCCCCCCCCCCCCCCC)COP(=O)(O)OCC[N+](C)(C)C,,0.2415076196193695
9278,CC(=O)Nc1cc(Cl)ccc1F,,0.24151930212974548
9335,CC(=O)C(F)(F)F,,0.24159978330135345
1537,NCCCS(=O)(=O)O,,0.24160048365592957
6805,CCCCC(CC)C(=O)OCCOCCOCCOC(=O)C(CC)CCCC,,0.24162915349006653
943,NCCOP(=O)(O)O,,0.2416374683380127
7593,CCOCCOC(=O)CCCCC(=O)OCCOCC,,0.24173514544963837
5183,CC(S)C(=O)NCC(=O)O,,0.24175114929676056
5334,O=C1NCC(C(F)(F)F)C(=O)N1,,0.24176150560379028
5539,CC(C)(S)[C@@H](N)C(=O)O,,0.2417864203453064
1039,OCC1OC(OC2(CO)OC(CO)C(O)C2O)C(O)C(O)C1O,,0.24182595312595367
7708,CC=CC=CCO,,0.24187803268432617
1065,OCC1OC(OC2OC(CO)C(O)C(O)C2O)C(O)C(O)C1O,,0.24191389977931976
8243,CCOc1ccc(C(=O)OCCN(CC)CC)cc1.Cl,,0.2419380098581314
9829,C=CC(=C)CCC=C(C)CCC=C(C)C,,0.24196098744869232
8836,CC(C)N(CC(=O)OCC(O)C(O)C(O)C(O)C(=O)O)C(C)C,,0.24197757244110107
9728,O=C(O)C(O)c1ccc(Cl)cc1,,0.2419815957546234
3831,Cc1ccccc1OCC(O)CO,,0.24199751019477844
9310,O=C(OC(=O)C(F)(F)F)C(F)(F)F,,0.2420378178358078
9178,F[Si](F)(F)c1ccccc1,,0.24203985929489136
7766,CCCCCCCCCC(C)=O,,0.2420920729637146
7806,CCCCCC=CCC=CCCCCCCCC(=O)OC,,0.24211768805980682
404,CC(NC(CCCN=C(N)N)C(=O)O)C(=O)O,,0.24212947487831116
3140,NC(=O)OCC(COC(N)=O)c1ccccc1,,0.2421552538871765
3868,CCC1(CC)C(=O)NC(=O)N(C)C1=O,,0.24216847121715546
571,O=C(O)C(O)C(O)C(O)C(O)C(=O)O,,0.24221792817115784
9959,CCOP(=O)(OCC)SCC[N+](C)(C)C,,0.24223658442497253
8769,COC(=O)C(c1ccccc1)C1CCCCN1.Cl,,0.24229688942432404
6523,Cc1cccc(Cl)c1O,,0.24232448637485504
2340,CCCCCCCCCCCCCCCCOCC(COP(=O)(O)OCC[N+](C)(C)C)OC(C)=O,,0.24234001338481903
2959,CCC=CCC=CCC=CCC=CCC=CCCCCCC(=O)O,,0.24235688149929047
6993,CC(C)(C)c1ccc(O)c(Cl)c1,,0.24239581823349
2088,C=C(C)C1CC=C2CCCC(C)C2(C)C1,,0.24246369302272797
1458,CCC=CCC=CCC=CCC=CCC=CCCC(=O)OC(COCCCCCCCCCCCCCCCC)COP(=O)(O)OCC[N+](C)(C)C,,0.24248139560222626
6773,O=C(O)CN(CCO)CC(=O)O,,0.24249638617038727
2218,C=C(C)C1CCC2(C(=O)O)CCC3(C)C(CCC4C5(C)CCC(O)C(C)(C)C5CCC43C)C12,,0.24254614114761353
1507,NS(=O)(=O)c1cc2c(s1)S(=O)(=O)N(Cc1cccs1)CC2O,,0.24255554378032684
6442,O=C1OC(=O)C2CC=CCC12,,0.24258466064929962
3651,C/C(N)=N\CCCCC(N)C(=O)O,,0.24265359342098236
574,O=C(O)C1OC(O)C(O)C(O)C1O,,0.2427157163619995
838,N/C=N/CC(=O)O,,0.24272234737873077
9905,C[N+](C)(C)CCO.O=C([O-])C(O)C(O)C(O)C(O)CO,,0.24276800453662872
9459,CC(C)(N)Cc1ccc(Cl)cc1,,0.24278876185417175
1620,Cc1cc(O)ccc1Cl,,0.24284210801124573
3285,O=C1OC2C(O)C(O)OC2C1O,,0.24291867017745972
4147,CCCNC(=O)C(O)C(O)C(=O)O,,0.24292388558387756
422,CC(NC(C)(C)C)C(O)c1cccc(Cl)c1,,0.2431252896785736
6979,CC(C)(C)c1ccccc1,,0.24313277006149292
3709,CCCCCC=CCC=CCCCCCCCC(N)=O,,0.24315568804740906
3869,CC(=O)/N=c1\sc(S(N)(=O)=O)nn1C,,0.24319642782211304
8188,Nc1cc(Cl)cc(C(=O)O)c1Cl,,0.2432059496641159
2386,CC(CSN=O)C(=O)N1CCCC1C(=O)O,,0.24321892857551575
4908,C=CCC1(C(C)CCC)C(=O)NC(=O)NC1=O,,0.24323707818984985
2339,CCCCCCCCCCCCCCCCOCC(COP(=O)([O-])OCC[N+](C)(C)C)OC(C)=O,,0.2432553768157959
8249,O=S(=O)(O)OCCOc1ccc(Cl)cc1Cl,,0.2434139996767044
168,CC(C)=O,,0.24343428015708923
836,CC(=O)NC1C(O)CC(O)(C(=O)O)OC1C(O)C(O)CO,,0.2434726506471634
1632,OCc1cnc[nH]1,,0.2436753809452057
1614,NCCCCP(=O)(O)O,,0.2437411993741989
6301,C=C(Cl)C(=O)OC,,0.24374893307685852
4791,O=C(NCCCCCCNC(=O)ON=C1CCCCC1)ON=C1CCCCC1,,0.2437942922115326
1174,CCCN1CCCC2Cc3[nH]ncc3CC21,,0.24382451176643372
7018,O=C1CC[C@@H](C(=O)O)N1,,0.2438574880361557
7127,ON=C1CCCCC1,,0.24388833343982697
2868,CCOP(=O)(Cc1ccc(C)cc1)OCC,,0.2440279722213745
9780,C=C(C)C1C=C(C)CCC1,,0.24407973885536194
9950,O=C(O)CC(CO)(C(=O)O)C(=O)O,,0.24408550560474396
3286,NC(CCC(=O)NO)C(=O)O,,0.24409419298171997
2389,CC(CS)C(=O)N1CCCC1C(=O)O,,0.2441028505563736
9991,CC1(C)C2CC=C(CO)C1C2,,0.24418865144252777
196,O=P(O)(O)OCC1OC(O)C(O)C(O)C1O,,0.24420496821403503
5304,CC(C)(C)NCC(O)c1ccccc1Cl,,0.24421201646327972
2505,CC(=O)OCC1=C(C(=O)[O-])N2C(=O)C(NC(=O)Cc3cccs3)C2SC1,,0.2442922443151474
7368,CCOC(=O)CC(=O)OCC,,0.2443040907382965
6355,O=[N+]([O-])c1c(O)c(Cl)cc(Cl)c1Cl,,0.24430608749389648
1961,NC(N)=NC(CCC(=O)O)C(=O)O,,0.24432256817817688
1187,NC(C(=O)O)C1CC1C(=O)O,,0.24438349902629852
7141,CC(C)(O)Cc1ccccc1,,0.24443836510181427
2723,NC1=NCCN1CC(=O)O,,0.24445489048957825
4971,CCCCCCCCCCCCCC=CC(O)C(COP(=O)(O)OCC[N+](C)(C)C)NC(=O)CCCCCCCCCCCCCCCCC,,0.2444629818201065
2072,CCCCCC=CCC=CCC=CCC=CCCCC(N)=O,,0.2444838285446167
3091,C#CC(O)(C=CCl)CC,,0.2445632964372635
5531,C=CCC1(CC=C)C(=O)NC(=O)NC1=O,,0.24456527829170227
2342,CCCCCCCCCCCCCCCCCCOCC(COP(=O)(O)OCC[N+](C)(C)C)OC(C)=O,,0.24458259344100952
6086,O=C(O)C(F)(F)C(F)(F)C(F)(F)C(F)(F)C(F)(F)C(F)(F)C(F)(F)C(F)F,,0.24461740255355835
6114,C=CCC1(C(C)C)C(=O)NC(=O)NC1=O,,0.24466444551944733
9554,O=S(=O)(CCCl)CCCl,,0.2447037249803543
6047,CS(=O)(=O)O,,0.24472540616989136
5092,CNC(=O)N(C)c1nnc(C(C)(C)C)s1,,0.24473704397678375
6864,Oc1ccccc1Cl,,0.24478310346603394
3111,CCC1(O)CCC2C3CCC4=CCCCC4C3CCC21C,,0.2448427379131317
7633,c1ccoc1,,0.2448471188545227
1279,NC1(C(=O)O)CCCC(C(=O)O)C1,,0.24486787617206573
1040,O=P(O)(O)OCC1OC(CO)(OC2OC(CO)C(O)C(O)C2O)C(O)C1O,,0.2448960393667221
9532,CCN1CCCC(OC(=O)C(O)(c2ccccc2)C2CCCC2)C1.Cl,,0.2449077069759369
1858,CC(=O)NC(CC(C)C)C(=O)O,,0.2449176162481308
1943,CNC(=O)ON=CC(C)(C)SC,,0.24499380588531494
8917,O=C(O)c1cc(Cl)cc(Cl)c1O,,0.2450593113899231
7531,CCOP(=O)(OCC)Oc1cc(C)[nH]n1,,0.24513410031795502
2563,CC(C)OC(=O)Nc1cccc(Cl)c1,,0.24516531825065613
1225,NC1(C(=O)O)CCC(C(=O)O)C1,,0.24519185721874237
565,CC(N)C(=O)NC(C)C(=O)O,,0.24519680440425873
2558,Cc1cc(O)cc(C)c1Cl,,0.24520012736320496
6147,O=S1(=O)CC=CC1,,0.24521636962890625
363,CCCC(NC(C)C(=O)O)C(=O)O,,0.2452511340379715
6981,FC(F)(F)c1ccccc1,,0.24525755643844604
2073,CCCCCC=CCC=CCC=CCC=CCCCC(=O)OC(C)C,,0.24538375437259674
4973,CCCCCCCCCCCCCC=CC(O)C(N)COP(=O)([O-])OCC[N+](C)(C)C,,0.2453869730234146
559,NC(CSSCC(N)C(=O)O)C(=O)O,,0.24539904296398163
4333,CCCCCCCCC=CCCCCCCCC(=O)C(F)(F)F,,0.24547211825847626
2341,CCCCCCCCCCCCCCCCCCOCC(COP(=O)([O-])OCC[N+](C)(C)C)OC(C)=O,,0.2455054372549057
9441,CC(C)=CCCC(C)=CC(=O)O,,0.24552501738071442
8081,O=C(Cl)c1ccc(Cl)cc1,,0.24554653465747833
165,CC=O,,0.2455524206161499
3274,C=C(C)C1CC=C(C)CCC=C(C)CC1,,0.24555382132530212
3284,NC(=O)C1OC(O)C(O)C(O)C1O,,0.24564477801322937
321,NCCP(=O)(O)O,,0.24571774899959564
2074,CCCCCC=CCC=CCC=CCC=CCCCC(=O)OC(COCCCCCCCCCCCCCCCC)COP(=O)([O-])OCC[N+](C)(C)C,,0.24572767317295074
7906,O=C(CO)Nc1ccc([As](=O)(O)O)cc1,,0.24572838842868805
5178,CC(C)(C)NCC(O)COc1nsnc1N1CCOCC1,,0.24587714672088623
5960,CC[C@H](C)[C@H](N)C(=O)O,,0.24590876698493958
883,NC(CCOC(=O)CCC(=O)O)C(=O)O,,0.24593815207481384
442,CC(C)=CCCC(C)=CCCC(C)=CCCC(C)=CC1C(COP(=O)(O)OP(=O)(O)O)C1(C)CCC=C(C)CCC=C(C)CCC=C(C)C,,0.24599410593509674
4532,CP(=O)(O)CCC(N)C(=O)O,,0.24600401520729065
1096,O=c1[nH]c(=O)c2[nH]c(=O)[nH]c2[nH]1,,0.24602794647216797
474,CN(C)/C(N)=N/CCCC(N)C(=O)O,,0.24603411555290222
6818,COC(=O)C1CCC(C(=O)OC)CC1,,0.2460429072380066
1896,CCCCCC=CCC=CCC=CCC=CCCCC(=O)OCCO,,0.2460564374923706
7872,C=CCC1(C(C)CC)C(=O)NC(=O)NC1=O,,0.24627405405044556
5079,O=C(O)C1CC(C(=O)O)N1,,0.2463386356830597
7549,COC(=O)CC(=O)OC,,0.2463635802268982
104,NC(CS(=O)O)C(=O)O,,0.24647541344165802
1634,[H]/N=C(\N)c1cc2c(I)cccc2s1,,0.2464800328016281
4974,CCCCCCCCCCCCCC=CC(O)C(N)COP(=O)(O)OCC[N+](C)(C)C,,0.24648861587047577
9498,CC12C=CC(CC1)C2(C)C,,0.24654793739318848
1047,NCCS(=O)(=O)O,,0.2466093748807907
545,CC(=O)NC(CS)C(=O)O,,0.24662819504737854
6565,O=C(O)c1ccccc1Br,,0.24664390087127686
8518,CC(C)C=NO,,0.24668848514556885
912,CCCCCCCCCCCCCCCC=O,,0.24670349061489105
7619,C=NCC#N,,0.24674749374389648
5170,O=C(Cn1c(=O)sc2ccc(Cl)cc21)N1CCN(CCO)CC1,,0.24686706066131592
707,NC(N)=NCC(=O)O,,0.2469521313905716
5825,CCC1CC(C)C(=O)NC1=O,,0.24696119129657745
3840,O=C(O)c1ccccc1-c1c2cc(Br)c(=O)cc-2oc2[c]([Hg])c(O)c(Br)cc12,,0.24703273177146912
189,CC(C)=CCCC(C)=CCCC(C)=CCCC(C)=CCCC(C)=CCCC(C)=CCCC(C)=CCOP(=O)(O)OP(=O)(O)O,,0.24712586402893066
288,C[N+](C)(C)CCO,,0.2471313625574112
1808,CC(C)=CCCC(C)=CCCC(C)=CCONC(=O)CP(=O)(O)O,,0.2471669763326645
8815,CCOC(=O)NP(=O)(N1CC1)N1CC1,,0.2472747564315796
5450,O=C(O)c1c(Cl)cccc1Cl,,0.24728183448314667
4699,COc1ccc(C(=O)CBr)cc1,,0.24731749296188354
7524,CC(=O)OC(C)=O,,0.24732574820518494
1376,NC(CCCC[B-](O)(O)O)C(=O)O,,0.24732732772827148
6298,CC=C(C)C(=O)O,,0.24733366072177887
7875,CCC1(C)OC(=O)N(C)C1=O,,0.24733644723892212
669,O=P(O)(O)OCC1OC(O)(CO)C(O)C1O,,0.24733953177928925
5274,CN1C(=O)OC(C)(C)C1=O,,0.24735519289970398
5709,O=c1[nH]c(=O)n([C@H]2C[C@H](O)[C@@H](CO)O2)cc1Br,,0.24737493693828583
6824,Cc1cc(Cl)ccc1OCC(=O)O,,0.24738535284996033
7323,CCCCCCCCCCc1ccccc1,,0.24741587042808533
8574,O=C([O-])CC(=O)[O-],,0.2474326342344284
2272,CC1(C)N=C(N)N=C(N)N1OCCCOc1ccc(Br)cc1,,0.2474525272846222
486,CC(C(=O)O)C(O)(CC(=O)O)C(=O)O,,0.24745522439479828
8327,NC(=O)Nc1ccc(Cl)cc1,,0.24751177430152893
6148,CCOP(=O)(C#N)N(C)C,,0.24753108620643616
7522,C=C(C)OC(C)=O,,0.24768580496311188
3282,OCC1N=C(NO)C(O)C(O)C1O,,0.24772602319717407
2958,CCC=CCC=CCC=CCC=CCC=CCC=CCCC(=O)O,,0.24776563048362732
6838,N#CC1CC2C=CC1C2,,0.24778597056865692
2157,CCC1(C)CC(=O)NC(=O)C1,,0.2477891743183136
2324,C=CCC1(CC(C)C)C(=O)NC(=O)NC1=O,,0.24780671298503876
6296,CC1=CCC2CC1C2(C)C,,0.24783602356910706
3554,FC(F)OC(Cl)C(F)(F)F,,0.24785111844539642
4167,O=C(O)CCC(CP(=O)(O)CC(CCC(=O)O)C(=O)O)C(=O)O,,0.24785779416561127
9560,CC(C)[C@H]1CC[C@]2(C)[C@H]3CC[C@@H]4[C@@]5(C)CCCC(C)(C)[C@@H]5CC[C@@]4(C)[C@]3(C)CC[C@@H]12,,0.24790836870670319
4039,CCCCCCCCCCCCCCCC(O)C(CO)[N+](C)(C)C,,0.24795429408550262
6032,C[N+](C)(C)C,,0.24797025322914124
686,NC1C(OP(=O)(O)O)OC(CO)C(O)C1O,,0.2479722946882248
667,O=P(O)(O)OCC1(O)OC(CO)C(O)C1O,,0.2479855716228485
6193,CC(C)(C#N)/N=N/C(C)(C)C#N,,0.2479962557554245
2935,CN(C)C(=O)Nc1ccc(Cl)c(Cl)c1,,0.2480166256427765
770,NC(CCSCC(N)C(=O)O)C(=O)O,,0.24804255366325378
7451,C=CC=C,,0.24813050031661987
7357,C=COC(=O)CC,,0.24815106391906738
3022,CCC=CCC=CCC=CCC=CCC=CCCCC(=O)O,,0.24821737408638
4371,NC(=O)CN1CC(O)CC1=O,,0.24838225543498993
3100,CCC1(C)CC(=O)NC1=O,,0.24842986464500427
9022,FC(F)(F)C(F)(F)C1(F)C(F)(F)C(F)(F)C(F)(F)C(F)(F)C1(F)F,,0.24854296445846558
7537,Cc1cccc(Cl)c1,,0.24856069684028625
4972,CCCCCCCCCCCCCC=CC(O)C(N)COP(=O)(O)O,,0.24864549934864044
378,NC1CONC1=O,,0.24867257475852966
8312,CCCCCCC(CC=CCCCCCCCC(=O)OC)OC(C)=O,,0.24870307743549347
8292,O=C(O)CN(CC(=O)O)CC(=O)O,,0.24872085452079773
6156,O=C(O)C1(O)C[C@@H](O)C(O)[C@H](O)C1,,0.24872124195098877
5502,O=C(O)c1cc(Cl)cc(Cl)c1,,0.24872376024723053
4146,CCC/N=C(\N)NCCCC(N)C(=O)O,,0.24874871969223022
491,CCCCCCCCCCCCCCCC(O)C(N)COP(=O)(O)O,,0.24876733124256134
801,NC(CCCC(N)C(=O)O)C(=O)O,,0.24879004061222076
7738,C1=CCCC=CCC1,,0.24879847466945648
2870,CCN(CC)C(=O)N1CCN(C)CC1,,0.2488054633140564
5592,CCN(CC)CCN(CCC(C)C)C(=O)N(C(C)C)C(C)C,,0.24889153242111206
5542,C#C[C@@]1(O)C[C@@H]2CC[C@@H]3[C@H](CC[C@@]4(C)[C@H]3CC[C@]4(C)O)[C@@]2(C)C1,,0.24891312420368195
5918,NCCC[C@H](N)C(=O)O,,0.24892261624336243
5871,O=C1CC(=O)NC(=O)N1,,0.24892915785312653
4714,CCCCCCCCCCCCCC=CC(O)C(N)COC1OC(CO)C(O)C(O)C1O,,0.248954176902771
3107,CCC=CCC=CCC=CCC=CCC=CCCCC(=O)OCC,,0.24897915124893188
6827,Cc1cc(Cl)ccc1OCCCC(=O)O,,0.2491561323404312
6138,CCC(Br)(CC)C(=O)NC(=O)NC(C)=O,,0.24919062852859497
846,CC(=O)NCCCNCCCCNCCCN,,0.24920454621315002
8,O=P(O)(O)OC1C(O)C(O)C(O)C(O)C1O,,0.24925106763839722
6259,CC(C)(O)C(C)(O)c1ccc(Cl)cc1,,0.24925754964351654
5993,C=CF,,0.24929508566856384
7469,CC=NO,,0.24933303892612457
9141,COC(=O)C(C(F)(F)F)C(F)(F)F,,0.2493603229522705
1465,NC1=NC2C(CSC2CCCCC(=O)O)N1,,0.2494099736213684
991,O=C(O)C1(O)CC(O)C(O)C(O)C1,,0.24942301213741302
8575,NC(N)=NCCCC[C@H](N)C(=O)O,,0.24943459033966064
3396,CCCCCCCCCCCCCCCCOP(=O)(O)OCC[N+](C)(C)C,,0.24949780106544495
5643,NCCCC[C@H](N)C(=O)O,,0.2495259791612625
1530,Nc1ncn[nH]1,,0.24957939982414246
4274,CNCCCN(C)N([O-])N=O,,0.24961653351783752
5478,O=C(O)c1ccc(Cl)cc1Cl,,0.2496722787618637
825,NCCCCCC(=O)NCCCCCC(=O)O,,0.24968604743480682
3155,COP(=S)(OC)Oc1ccc(SC)c(C)c1,,0.24969856441020966
3420,NC(N)=NCCCCC(N)C(=O)O,,0.24978938698768616
7631,c1cc[nH]c1,,0.24980291724205017
443,CC(C)=CCCC(C)=CCCC(C)=CC1C(COP(=O)(O)OP(=O)(O)O)C1(C)CCC=C(C)CCC=C(C)C,,0.24982202053070068
219,NC(N)=NCCCC(N)C(=O)O,,0.24990619719028473
9143,CC(CCCNCC(=O)O)C1CCC2C3CC[C@@H]4C[C@H](O)CC[C@@]4(C)C3C[C@H](O)[C@]12C,,0.24992814660072327
1441,CCCCCC=CCC=CCC=CCC=CCCCC(=O)OC(CO)CO,,0.24996289610862732
8356,CC(C)COC(=O)CCCCC(=O)OCC(C)C,,0.2500169277191162
6178,C=CC(C)(CCC=C(C)C)OC(=O)C(C)C,,0.25003552436828613
1304,CCCCCC=CCC=CCC=CCC=CCCCC(=O)OC(CCO)COC(=O)CCCCCCCCCCCCCCCCC,,0.2500600218772888
484,CC(O)(C(=O)O)C(CC(=O)O)C(=O)O,,0.2500760555267334
173,CC(=O)NC(CCC(=O)O)C(=O)O,,0.25010502338409424
5976,NC(N)=NCCC[C@H](N)C(=O)O,,0.2501400113105774
8355,CCCCOC(=O)CCC(=O)OCCCC,,0.25015124678611755
9715,CC1=CC(O)C(C(C)C)CC1,,0.2501809895038605
4119,NC(CCCCNC=O)C(=O)O,,0.25029808282852173
3307,COC(=O)N1CCN(C(=O)Cc2ccc(Cl)c(Cl)c2)C(CN2CCCC2)C1,,0.25032278895378113
625,CN(C)CC(=O)O,,0.25038474798202515
283,O=C(O)CCl,,0.2504187226295471
1504,NCc1ccc(Cl)c(Cl)c1,,0.2504579424858093
2968,CCNC1CC(C)S(=O)(=O)c2sc(S(N)(=O)=O)cc21,,0.2504950165748596
8314,CCCCCCC(CC=CCCCCCCCC(=O)OCCOC)OC(C)=O,,0.2506062388420105
7510,C=COC(C)=O,,0.2506129741668701
7215,CCCCCCCCCCCC[N+](C)(C)Cc1ccc(Cl)c(Cl)c1,,0.2506362199783325
3564,O=C(O)C1CCNCC1,,0.25064709782600403
1298,Cn1ccnc1,,0.25074100494384766
5923,NC(=O)C[C@H](N)C(=O)O,,0.25075456500053406
3233,CC(C)=CCCC(C)=CCCC(C)=CCSc1ncn[nH]1,,0.2507852613925934
8362,CCCCOCCOC(=O)CCCCC(=O)OCCOCCCC,,0.2508651316165924
6961,CCCCCCCCCCCC(=O)N(C)CC(=O)O,,0.2509017884731293
7396,CCCOC(=O)CCCCC(=O)OCCC,,0.25097376108169556
525,CN1CCCC1C(=O)O,,0.25097745656967163
7358,CCOC(=O)CCl,,0.25105729699134827
9166,CCN(CC)C(=O)CF,,0.25106343626976013
1848,CC(=O)Nc1cc([As](=O)(O)O)ccc1O,,0.2511233389377594
6203,C=CC(=C)C,,0.2511718273162842
476,NCC(=O)NC(N)=O,,0.25119277834892273
6615,Cc1ccccc1CBr,,0.25125327706336975
5519,Cl.Nc1ccc(O)cc1,,0.2512912452220917
6913,COC(=O)CCl,,0.2513447403907776
5942,C[C@@H](O)[C@H](N)C(=O)O,,0.2513899505138397
6129,CC(CO)(CO)[N+](=O)[O-],,0.2514851689338684
759,C[N+](C)(C)CCOP(=O)(O)OCC(O)CO,,0.25154587626457214
788,CC(C(=O)O)C(N)C(=O)O,,0.2516191899776459
8369,CCOC(=O)CCCCC(=O)OCC,,0.25162243843078613
4250,O=C(O)C1CCCNC1,,0.2516881823539734
5840,CSCCC(NC(C)=O)C(=O)O,,0.2518239915370941
9740,Nc1nc(N)nc(Nc2ccc([As]3SCC(CO)S3)cc2)n1,,0.2518431842327118
7363,CC(CC(C)C)=NO,,0.25184500217437744
8361,CCCCOCCOCCOC(=O)CCCCC(=O)OCCOCCOCCCC,,0.2519250512123108
9051,Fc1ccccc1Cl,,0.25193876028060913
2075,CCCCCC=CCC=CCC=CCC=CCCCC(=O)OC(COCCCCCCCCCCCCCCCC)COP(=O)(O)OCC[N+](C)(C)C,,0.2519474923610687
259,NC(N)=NOCCC(N)C(=O)O,,0.2519680857658386
9552,CCOP(=O)(OCC)OC(=CCl)c1ccc(Cl)cc1Cl,,0.2519909739494324
4272,CC(C)N(CCCN)N([O-])N=O,,0.252018004655838
4296,CCCCCCCCCCCCC(=O)N1CCCCC1CNC(=O)C(N)CCCCN,,0.2520507574081421
8799,Cc1cc(C)on1,,0.2522123456001282
6605,Cc1cc(O)c(C(C)C)cc1Cl,,0.25221312046051025
7843,CN(C)C(=O)Oc1cccc([N+](C)(C)C)c1.[Br-],,0.2522512376308441
8777,O=C(O)[C@H](O)C(O)[C@H](O)[C@H](O)CO,,0.2522694766521454
7390,CCCCOC(=O)CCCCC(=O)OCCCC,,0.2523069679737091
6958,CC(=O)NC(C)C(=O)O,,0.2523300349712372
6258,C=C1C2CCC(C2)C1(C)C,,0.25241878628730774
3395,CCCCCCCCCCCCCCCCOP(=O)([O-])OCC[N+](C)(C)C,,0.2524414360523224
3793,CN1C2CCC(C)(C)C1CC(OC(=O)C(O)(c1cccs1)c1cccs1)C2,,0.25250497460365295
5132,NC(C(=O)O)C(O)C(=O)O,,0.25251704454421997
7426,COC(=O)CCC(=O)OC,,0.25253522396087646
4691,CCCCCC(O)C=CC1C(O)CC(O)C1CCCCCCC(=O)O,,0.25253644585609436
5233,C(#CCN1CCCC1)CN1CCCC1,,0.25256073474884033
829,CC(=O)NC1C(O)OC(CO)C(O)C1O,,0.2526954412460327
1515,CC(N)C(CCCCCC(=O)O)CC(=O)O,,0.25275102257728577
8872,C[N+]1(C)CCOC(O)(c2ccc(-c3ccc(C4(O)C[N+](C)(C)CCO4)cc3)cc2)C1.[Br-].[Br-],,0.2527560293674469
8787,CNP(=O)(OC)Oc1ccc(C(C)(C)C)cc1Cl,,0.25277307629585266
852,CNC(=O)CCC(N)C(=O)O,,0.2528488337993622
5842,CC(CNN)c1ccccc1.Cl,,0.2529025673866272
441,O=P(O)(O)OC1OC(CO)C(O)C(O)C1O,,0.2530148923397064
4660,O=NN([O-])N1CCCC1C(=O)O,,0.2531268000602722
7890,O=P(OCCCl)(OCCCl)OCCCl,,0.25329282879829407
1625,O=C(O)C(O)CC(O)C(O)C(=O)O,,0.25333377718925476
7435,COC(=O)CCCCCCCCC(=O)OC,,0.25333815813064575
2406,O=C(O)C1(C(=O)O)CCC1,,0.2533429265022278
9975,C=C(C)C(=C)C,,0.25337302684783936
5641,N[C@@H](CC(=O)O)C(=O)O,,0.25338196754455566
6857,Cc1ccccc1Cl,,0.2533906400203705
73,CC(C)C(O)(CC(=O)O)C(=O)O,,0.25340718030929565
841,CSCCC(NC=O)C(=O)O,,0.2534128427505493
9575,CC1(C)C(CC(=O)O)CC1C(=O)O,,0.2534690201282501
140,NC1OC(COP(=O)(O)O)C(O)C1O,,0.2535545825958252
7160,CN(C)C(=O)Oc1ccc[n+](C)c1.[Br-],,0.2535858452320099
5538,O=C(O)C(O)[C@@H](O)C(=O)O,,0.25361520051956177
445,NCCC(N)C(=O)O,,0.25368186831474304
8313,CCCCCCC(CC=CCCCCCCCC(=O)OCCCC)OC(C)=O,,0.2537112832069397
7007,FC(F)(F)c1ccc(Cl)cc1,,0.25372278690338135
7382,CC(C)COC(=O)CCCCCCCC(=O)OCC(C)C,,0.253790944814682
5701,O[C@@H]1[C@@H](O)[C@@H](O)OC[C@H]1O,,0.2538357973098755
32,CC(C)C(C(=O)O)C(O)C(=O)O,,0.2538421154022217
5074,CC(CC(N)C(=O)O)C(=O)O,,0.2539403736591339
187,NCCCCN=C(N)N,,0.2539495825767517
1969,CC(N)(CCCN)C(=O)O,,0.2539973556995392
6025,FC(F)F,,0.25402945280075073
8938,CCCCN(CCCC)C(=O)CF,,0.2540331482887268
7366,CC(C)OC(=O)CCl,,0.2540341913700104
607,O=C1CC(C(=O)O)NC(=O)N1,,0.2540445923805237
1662,CCCCCC#CCC#CCC#CCC#CCCCC(=O)O,,0.2540470361709595
2085,NC(=O)C(N)CCCN=C(N)N,,0.2540830373764038
8252,O=C1N(CO)CCN1CO,,0.25408774614334106
6910,CCC(C)=NO,,0.25408798456192017
6987,FC(F)(F)c1cccc(Cl)c1,,0.2540947496891022
8451,O=C(O)CC1(CC(=O)O)OCOC1=O,,0.25410640239715576
672,O=C(O)C1(O)OC(CO)C(O)C1O,,0.2541329264640808
9859,CCCCCCCCCC(=O)CCCCCCCCC,,0.25417134165763855
5879,CCN(CC)CCC(=O)OC1(C2CCCCC2)CCCCC1,,0.2541784644126892
9830,CC(=O)CCCC(C)CCCC(C)CCCC(C)C,,0.25428780913352966
595,CCCCCCCCCCCCCCCC(=O)C(N)CO,,0.254319429397583
294,O=C(O)CC(O)(CC(=O)O)C(=O)O,,0.25432127714157104
2812,C=CC(O)C1OC1C=CC1OC1C(C)O,,0.2544105052947998
9025,O=C(O)C(F)(F)C(F)(F)C(F)(F)C(F)(F)C(F)(F)C(F)(F)C(F)(F)C(F)(F)C(F)(F)F,,0.25447580218315125
7051,C=C(C)C1CC=C(C)C(O)C1,,0.254569411277771
2618,CCCC1CC(C(=O)NC(C(C)Cl)C2OC(SC)C(O)C(O)C2O)N(C)C1,,0.25462594628334045
4268,CCNCCN(CC)N([O-])N=O,,0.25466078519821167
4125,C/N=C(\N)NCCCC(N)C(=O)O,,0.2546921968460083
2079,NC(N)=NCCCCN=C(N)N,,0.2547292113304138
2506,O=C(Cc1cccs1)NCB(O)O,,0.25475791096687317
8061,NC(=O)Nc1ccc([As](=O)(O)O)cc1,,0.2547619938850403
4139,C#CCN(C)CCCOc1ccc(Cl)cc1Cl,,0.25479835271835327
4137,CNC(C(=O)O)C(C)C,,0.25481027364730835
6226,NC(=O)CCl,,0.2548404932022095
663,NC=O,,0.2548547387123108
3320,NC(N)=NCCN1CCCCCCC1,,0.25486892461776733
1122,Clc1ccc(C2CC3CCC2N3)cn1,,0.25488412380218506
5907,OC[C@@H](O)[C@@H](O)[C@H](O)[C@H](O)CO,,0.25492483377456665
5472,OC[C@@H](O)[C@@H](O)[C@H](O)[C@@H](O)CO,,0.25492483377456665
1219,COC(=O)C(N)CSCC=C(C)CCC=C(C)CCC=C(C)C,,0.2549367845058441
3800,C=C=CCNCCCCNCC=C=C,,0.2549664378166199
7492,C[N+](C)(C)CCOP(=O)(O)O.[Cl-],,0.25501981377601624
9370,Fc1c(F)c(F)c(C(F)(F)F)c(F)c1F,,0.2550826668739319
7653,CCOC(=O)CCCCCCCCC(=O)OCC,,0.2550838589668274
5642,NC(=O)CC[C@H](N)C(=O)O,,0.2551444172859192
2274,CC[N+](C)(C)Cc1ccccc1Br,,0.25525379180908203
313,CC(N)CC(N)CC(=O)O,,0.25532862544059753
9793,CC1CC=C(C(C)C)CC1,,0.2553485929965973
4468,CC(C)(S)C(N)C(=O)O,,0.2553810477256775
6261,CC(C)(c1cc(Cl)c(O)c(Cl)c1)c1cc(Cl)c(O)c(Cl)c1,,0.2554004490375519
5870,Cc1cc(C)[nH]n1,,0.25541922450065613
190,CC(C)=CCCC(C)=CCCC(C)=CCCC(C)=CCCC(C)=CCCC(C)=CCOP(=O)(O)OP(=O)(O)O,,0.25542786717414856
4943,CCCCC(=O)NC(C(=O)O)C(C)(C)SN=O,,0.255430668592453
9414,CCOC(=O)C(F)F,,0.2554737329483032
5094,C=NCC(C)(C)OC,,0.25548097491264343
832,CC(=O)NCCC(N)C(=O)O,,0.255494087934494
371,NCCCC(N)CC(=O)O,,0.2555674910545349
775,NC(CC(O)C(=O)O)C(=O)O,,0.25558847188949585
368,NCCCC(N)C(=O)O,,0.25559839606285095
9568,C=C(C)C1CCC2(C)CCC=C(C)C2C1,,0.25568097829818726
7226,C=CCN(CC=C)CC=C,,0.2558154761791229
5601,C1CCc2nnnn2CC1,,0.2558712065219879
1457,CCC=CCC=CCC=CCC=CCC=CCCC(=O)OC(COCCCCCCCCCCCCCCCC)COP(=O)([O-])OCC[N+](C)(C)C,,0.2558896243572235
1116,O=C(O)CC(C(=O)O)C(O)C(=O)O,,0.2558996379375458
8486,O=C(O)[C@H]1CCCN1,,0.2559017241001129
4045,CCCCCCCCCCCCCC=CC(O)C(CO)N(C)C,,0.25592461228370667
9457,N#CN=C(N)N,,0.2559327781200409
5941,CC(C)[C@H](N)C(=O)O,,0.25594523549079895
9873,O=C(O)CCNCCC(=O)O,,0.2560351490974426
2012,CN(C)CCCOC1C(C(O)CO)OC2OC(C)(C)OC21,,0.25604721903800964
222,NC(=O)CC(N)C(=O)O,,0.2560761868953705
454,CC(C)(CO)C(O)C(=O)NCCC(=O)NCCS,,0.2561033368110657
4334,CCCCCCCCC=CCCCCCCCCOCCOP(=O)([O-])OCC[N+](C)(C)C,,0.25616368651390076
1797,CCCCCC#CCC#CCCCCCCCC(=O)O,,0.25624948740005493
6419,CCCCC(CC)COC(=O)C1CCCCC1C(=O)OCC(CC)CCCC,,0.2562565803527832
8257,CCCCCCCCCCCC1=NCCN1CCO,,0.25626668334007263
5484,OC[C@H]1OC(O)[C@H](O)[C@@H](O)[C@@H]1O,,0.25628137588500977
5710,OC[C@H]1OC(O)[C@H](O)[C@@H](O)[C@H]1O,,0.25628137588500977
6543,O=C(O)c1ccsc1,,0.2562974989414215
5083,C=CCN1CCc2nc(N)sc2CC1,,0.2563249468803406
3324,NC(N)=NCCCCCCCCNCCCCCCCCN=C(N)N,,0.25633540749549866
2153,NC(CSCCB(O)O)C(=O)O,,0.25633588433265686
957,NCC(O)CCC(N)C(=O)O,,0.25634822249412537
4579,NC(=O)CN1CCCC1=O,,0.25638332962989807
802,NCCCCC(N)C(=O)O,,0.2564035952091217
8397,C=CCOC(=O)OCCOCCOC(=O)OCC=C,,0.2564181089401245
608,O=C1CCNC(=O)N1,,0.25642380118370056
9433,Nc1cc(/[As]=[As]/c2ccc(O)c(NCS(=O)O)c2)ccc1O,,0.25644075870513916
6027,C[N+](=O)[O-],,0.25644248723983765
177,CC(=O)OCC(N)C(=O)O,,0.2565452754497528
5924,O=C(O)CC(S)C(=O)O,,0.25661879777908325
9253,O=C(O)C(F)F,,0.2566330134868622
9210,Fc1cc(F)cc(F)c1,,0.25666964054107666
9360,C=CC[C@]1(O)CCC2C3CCC4=CCCCC4C3CCC21C,,0.2567024827003479
1952,C=CCC1(O)CCC2C3CCC4=CCCCC4C3CCC21C,,0.2567024827003479
444,NC(CCCC(=O)O)C(=O)O,,0.2567266821861267
401,NC(CC(=O)O)C(=O)O,,0.2567422688007355
6232,CC[N+](=O)[O-],,0.25680235028266907
2783,CCC=CCC=CCC=CCC=CCC=CCC=CCCC(=O)OC(COCCCCCCCCCCCCCCCC)COP(=O)([O-])OCC[N+](C)(C)C,,0.25682470202445984
1965,CC(N)(CC(=O)O)C(=O)O,,0.256888210773468
7650,CCCCCCOC(=O)CCCCC(=O)OCCCCCC,,0.25690194964408875
7109,C=CC1CC=CCC1,,0.2569054067134857
9841,C/N=N/C,,0.25690674781799316
470,CC(=O)NCCCNCCCCN,,0.25694504380226135
191,NC(=O)NC(NC(N)=O)C(=O)O,,0.2569749653339386
682,O=C1OC(CO)C(O)C(O)C1O,,0.25697654485702515
1469,On1ccccc1=S,,0.2569888234138489
5939,CC(C)[N+](C)(CCC(C(N)=O)(c1ccccc1)c1ccccc1)C(C)C.[I-],,0.25702235102653503
7517,NC(=O)CC(N)=O,,0.2570233643054962
2849,COc1c(Cl)ccc(Cl)c1C(=O)O,,0.25710272789001465
8332,O=C(Nc1ccc([As](=O)(O)O)cc1)OCO,,0.2571219801902771
6230,CC(=O)OO,,0.25726523995399475
346,NCC(N)C(=O)O,,0.25726744532585144
8743,c1cnoc1,,0.25729256868362427
8898,CCC1CN2CCc3cc(OC)c(OC)cc3C2CC1CC1NCCc2cc(OC)c(OC)cc21.Cl.Cl,,0.25730276107788086
9778,C1=CC2CCC1C2,,0.2573366165161133
538,NC(=O)CCCCC(CCS)SC(=O)CCC(=O)O,,0.2573477625846863
9307,C=CCOC(=O)CF,,0.25735723972320557
6978,O=[As](O)(O)c1ccccc1,,0.257360577583313
3214,Cc1cn[nH]c1,,0.2574189007282257
575,NC(CCC(=O)O)C(=O)O,,0.2574392855167389
7592,CCCCOC(=O)CCCCCCCCC(=O)OCCCC,,0.2575722336769104
59,CC(N)CC(N)C(=O)O,,0.2575790286064148
3778,CCOC(=O)CC(SP(=S)(OC)OC)C(=O)OCC,,0.25761786103248596
684,NC(=O)CCC(N)C(=O)O,,0.25763073563575745
4344,CCCCCCCCCCCC(CC1OC(=O)C1CCCCCC)OC(=O)C(CC(C)C)NC=O,,0.2577228248119354
9291,Cl.NCC(O)c1ccc(F)cc1,,0.25772950053215027
8974,CON(C)C(=O)Nc1ccc(Cl)c(Cl)c1,,0.2578156888484955
14,O=C1CCCCCNC(=O)CCCCCN1,,0.2578250765800476
8419,C=C(C)C(=O)OCCCCCCCCCCCC,,0.25788015127182007
5054,O=C1OC(c2ccc(O)c(S(=O)(=O)O)c2)(c2ccc(O)c(S(=O)(=O)O)c2)c2c(Br)c(Br)c(Br)c(Br)c21,,0.2578941583633423
7218,ClCc1ccc(Cl)c(Cl)c1,,0.2578943073749542
6094,CC(C)(CO)[N+](=O)[O-],,0.2579774260520935
9177,CC(C)S[C@H]1O[C@H](CO)[C@H](O)[C@H](O)[C@H]1O,,0.25800079107284546
1305,CCCCCC=CCC=CCC=CCC=CCCCC(=O)OC(CO)COC(=O)CCCCCCCCCCCCCCCCC,,0.2580101191997528
2318,Cc1ccc(Cl)c(OCC(O)CNC(C)(C)C)c1,,0.2580573856830597
7588,CC(C)=CCC=C(C)CCOC(=O)CC(C)C,,0.25806188583374023
709,O=C(O)O,,0.25807344913482666
7889,C=CC(C)(CCC=C(C)C)OC(C)=O,,0.2581579387187958
3051,CC(C)C(C)C(O)C(O)C(C)C1CCC2C3COC(=O)C4CC(O)C(O)CC4(C)C3CCC12C,,0.25819888710975647
7159,O=NN1CN2CN(C1)CN(N=O)C2,,0.25823354721069336
472,O=C1CCC(C(=O)O)N1,,0.2582385540008545
599,O=P(O)(O)OCC1OC(O)CC1O,,0.25830185413360596
7385,CC(C)=CCCC(C)=CCOC=O,,0.2583368122577667
6629,CC(=O)OC(c1ccccc1)C(Cl)(Cl)Cl,,0.25839316844940186
5820,Cl.O=C(CCCN1CCC2(CCCCC2)CC1)c1ccc(F)cc1,,0.2583945095539093
2409,O=C(O)CCCNCCC(=O)O,,0.2584170997142792
4335,CCCCCCCCC=CCCCCCCCCOCCOP(=O)(O)OCC[N+](C)(C)C,,0.25846338272094727
1980,Cc1c(C(=O)NN2CCCCC2)nn(-c2ccc(Cl)cc2Cl)c1-c1ccc(I)cc1,,0.25847235321998596
7860,FC1(F)C(F)(F)C(F)(F)C1(F)F,,0.25856971740722656
3658,OCC(O)C(O)C(OC1OC(CO)C(O)C(O)C1O)C(O)CO,,0.2585873305797577
9105,FC(F)(F)C1(F)C(F)(F)C(F)(F)C(F)(F)C(F)(F)C1(F)F,,0.25858810544013977
9243,FC(F)C(F)(F)C(F)(F)C(F)(F)C(F)(F)C(F)(F)C(F)(F)F,,0.2586078643798828
263,NC(=O)NC(CC(=O)O)C(=O)O,,0.2586539685726166
8400,C1=CCCC1,,0.2586667239665985
7673,CCCC=NO,,0.2586826980113983
499,CC(=O)OCCC(N)C(=O)O,,0.2586979866027832
4953,NC(=O)C(=O)[O-].[Na+],,0.2587040364742279
6140,CC1(C)NC(=O)NC1=O,,0.25872018933296204
110,NC1COC(OP(=O)(O)O)C(O)C1O,,0.2587248384952545
6825,Cc1cc(Cl)ccc1SCC(=O)O,,0.25873854756355286
6996,O=S(=O)(Cl)c1ccc(Cl)c(Cl)c1,,0.25876107811927795
7484,O=S1(=O)CCOCC1,,0.2587762475013733
2366,O=P(O)(O)OC(CO)CO,,0.258789598941803
8554,OC[C@H]1O[C@H](O)C[C@@H](O)[C@@H]1O,,0.258804053068161
8495,O=S(O)CO,,0.2588837444782257
6876,Nc1ccc(Cl)c(Cl)c1,,0.2589062452316284
811,O=C(O)C(O)C(O)C(=O)O,,0.2589241862297058
6618,CCc1ccccc1Cl,,0.2591306269168854
7683,C1=CCCCC1,,0.25919413566589355
74,NC(CCl)C(=O)O,,0.2592191696166992
9992,C=CC1(C)CCC(C(=C)C)CC1C(=C)C,,0.2592528164386749
8517,CCCCC[N+](C)(C)C,,0.25928059220314026
3347,CCOC(=O)C1=C(N)Oc2ccc(Br)cc2C1C(C#N)C(=O)OCC,,0.25928813219070435
3807,CN(CCCl)CCCl,,0.2593379318714142
5497,CC(C)NCC(O)c1ccc(Cl)c(Cl)c1,,0.25937068462371826
1001,O=P(O)(O)OC1OC(CO)C(O)C1O,,0.2595037519931793
7724,CC(=O)OCCOC(C)=O,,0.25957047939300537
4959,CCCCCCCCCCCCCCOS(=O)(=O)O,,0.2595928907394409
9024,O=C(O)C(F)(F)C(F)(F)C(F)(F)C(F)(F)C(F)(F)C(F)(F)C(F)(F)F,,0.259721964597702
827,CC(=O)NC1C(N)OC(CO)C(O)C1O,,0.2597223222255707
1772,CCCCCCCCC#CCC#CCCCCCCC(=O)O,,0.25972285866737366
7546,O=C1CCCC(=O)O1,,0.2597319185733795
7328,Cc1ccc(CBr)cc1,,0.2597322463989258
1663,CCCCCCCCC#CCC#CCC#CCCCC(=O)O,,0.25974175333976746
3839,O.O=C([O-])c1ccccc1-c1c2cc(Br)c(=O)cc-2oc2[c]([Hg])c([O-])c(Br)cc12,,0.25977352261543274
7528,O=C1CCC(=O)O1,,0.25988176465034485
118,NC(=O)CCCN=C(N)N,,0.25992119312286377
473,NC(N)=NCCCC(=O)O,,0.2600342631340027
785,O=C(O)C1CCCCN1,,0.26005473732948303
225,NCCC(=O)O,,0.2600914537906647
2559,NC(=O)OCC(O)COc1ccc(Cl)cc1,,0.26010820269584656
5476,O=C(O)c1cc(Cl)ccc1Cl,,0.2601566016674042
6731,Brc1ccc(-c2ccc(Br)cc2)cc1,,0.260162889957428
1238,CCCCCCCC(=O)OCC(CO)OC(=O)CCCCCCC,,0.26020199060440063
1753,CCCCCCCCCCCC=CC(C)(C)C=CCCCC(=O)O,,0.2602125108242035
1150,NC1CCN(O)C1=O,,0.2602638304233551
7649,CCCCCCOCCOC(=O)CCCCC(=O)OCCOCCCCCC,,0.26027047634124756
2908,CCCCN(CCN(CCCC)C(=O)N1CCOCC1)C(=O)N1CCOCC1,,0.26037701964378357
6606,O=[N+]([O-])c1cc(Cl)c(Cl)cc1Cl,,0.2604849934577942
572,O=C1OC(C(O)CO)C(O)C1O,,0.2605699896812439
5225,NCC1CCC(C(=O)O)CC1,,0.2606383264064789
8424,CCCCCCCCCCCCCCCCOS(=O)(=O)O,,0.26064372062683105
761,O=C(O)C1CC(O)CN1,,0.26065927743911743
5803,CSCC[C@H](N)C(=O)O,,0.2606734335422516
3563,NC(=O)C1CCNCC1,,0.2607024908065796
578,O=C(O)C1CCCN1,,0.2607124149799347
9469,CC(=O)SCCF,,0.2607875168323517
7684,C1=COCCC1,,0.2609289884567261
5360,C=CC(N)CCC(=O)O,,0.260934978723526
461,CC(C(=O)O)C(=O)O,,0.26093539595603943
723,O=C(O)CCC1NC(=O)NC1=O,,0.2609645426273346
2004,NCC(O)CC(=O)O,,0.2610447108745575
2910,CCCCCCCC(=O)OCCOC(=O)CCCCCCC,,0.26104736328125
2615,CC(C)(C)NCC(O)c1cc(Cl)c(N)c(Cl)c1,,0.2610507607460022
613,CCCCCCCCCC(CCCCCCCCCCCC(=O)O)OC1OC(CO)C(O)C(O)C1OC1OC(CO)C(O)C(O)C1O,,0.2610604763031006
1454,NC(CO)C(O)C(O)C(O)COP(=O)(O)O,,0.26109468936920166
8744,c1cocn1,,0.261140376329422
3647,[H]N=S(=O)(CCCC)CCC(C)(N)C(=O)O,,0.26115646958351135
1013,CNCC(=O)O,,0.26117247343063354
8485,CCN(CC)C(=S)S,,0.2611793875694275
1868,CC(=O)NCCCCCC(=O)O,,0.26143988966941833
1006,NC(CSCC(=O)O)C(=O)O,,0.2614547610282898
9061,O=C(CF)Nc1ccc(Br)cc1,,0.2615455687046051
7416,Cc1ccc(Cl)cc1,,0.26163601875305176
1133,CC(N)c1cccc(Cl)c1Cl,,0.261680543422699
1870,NC(C(=O)O)C1CC(Cl)=NO1,,0.26169553399086
7702,CC(=O)OCCOCCOCCOC(C)=O,,0.26170846819877625
8425,CCCCCCCCCCCCCCCCCCOS(=O)(=O)O,,0.26172441244125366
9946,C=C1C2CCC(C2)C1(C)CCC=C(C)C,,0.26173168420791626
7756,CCCCCCCCCCCC[N+](C)(C)C,,0.26174303889274597
5753,COc1ccc(OC)c(C(O)C(C)N)c1.Cl,,0.2617732584476471
2987,CN(CC(=O)O)C(=S)S,,0.261787086725235
4420,CC(C)(CO)C(O)C(=O)NCCCO,,0.2618177533149719
434,C[S+](C)CCC(N)C(=O)O,,0.26187679171562195
2899,CC1(C)OC(=O)NC1=O,,0.2619141638278961
7250,CCCCC(CC)COC(=O)CCCCC(=O)OCC(CC)CCCC,,0.2619239091873169
3579,CC12CC3CC(C)(C1)CC(C(=O)NO)(C3)C2,,0.261991411447525
4136,CNC(C)C(=O)O,,0.26199305057525635
2861,CCN(CC)CCOC(=O)C1(C2CCCCC2)CCCCC1,,0.26202282309532166
5777,CC(C)C[C@H](N)C(=O)O,,0.2620311975479126
700,O=P(O)(O)OCC(O)CO,,0.26203253865242004
2516,CCCCCCCCCCCCCCCC[N+](C)(C)C,,0.2621566653251648
9179,Fc1nc(F)nc(C(F)(F)F)n1,,0.2621590197086334
5059,CS(=O)CCCCN=C=S,,0.2621777057647705
286,CC(CCC(=O)O)C1CCC2C3C(O)CC4CC(O)CCC4(C)C3CC(O)C12C,,0.2622542381286621
6222,O=CC(Cl)Cl,,0.2622649669647217
163,CC(=O)[O-],,0.2622721195220947
4668,CCC(=O)Nc1ccc(Cl)c(Cl)c1,,0.26230335235595703
5632,N[C@@H](CO)C(=O)O,,0.26231229305267334
610,CC(N)C(N)CCCCCC(=O)O,,0.2623939514160156
5549,N[C@@H](CS)C(=O)O,,0.26243457198143005
2729,CC(C)CC1NC(=O)CNC1=O,,0.26247718930244446
6596,O=C(O)c1cc(Br)ccc1O,,0.2627342939376831
8819,CC[N+](C)(C)c1cccc(O)c1.[Br-],,0.2628023326396942
450,CC1OC(OP(=O)(O)O)C(O)C(O)C1O,,0.2628087103366852
5848,CC[N+](CC)(CC)C1CC[C@@]2(C)C(CC[C@@H]3C2CC[C@@]2(C)C3CCC2[N+](CC)(CC)CC)C1,,0.2628175616264343
5325,CSC(N)=C(C#N)C(C#N)=C(N)SC,,0.2628231644630432
1429,CC(=O)NCC1NCC(O)C(O)C1O,,0.26283028721809387
7402,CCCC(=O)OCC=C(C)CCC=C(C)C,,0.2628389596939087
6858,Clc1ccccc1Cl,,0.26284506916999817
6515,O=C1Nc2ccc(Br)cc2C1=O,,0.2628704309463501
5475,O=C(O)c1ccc(Cl)c(Cl)c1Cl,,0.262942910194397
2702,NC(CC1CCCCC1)C(O)C(F)(F)C(=O)O,,0.2630046010017395
7304,OCC(O)COc1ccc(Cl)cc1,,0.2631014883518219
7388,CCC(=O)OCC=C(C)CCC=C(C)C,,0.26324114203453064
9451,N#CC#N,,0.2632656991481781
9195,O=C(CCCF)OCCCl,,0.2633056342601776
7678,C=COCCCl,,0.2633226811885834
1554,C#CC(O)C=CCCCCCCCCCC=CCCCCCC,,0.26337486505508423
1007,CC(O)(CC(=O)O)C(=O)O,,0.2634037435054779
8851,NOCc1ccc(Br)c(OP(=O)(O)O)c1,,0.2634684443473816
1302,CCCCCCCCC=CCCCCCCCC(=O)OCC(CO)OC(C)=O,,0.26350030303001404
1387,NCc1ccc(Cl)cc1Cl,,0.26367300748825073
3252,NCC1(CC(=O)O)CCCCC1,,0.2637014389038086
1842,CC(=O)OC1CN2CCC1CC2,,0.26392969489097595
114,NCCCC(=O)O,,0.26393410563468933
41,O=C(O)C(O)C(=O)O,,0.26404353976249695
783,CS(=O)CCC(N)C(=O)O,,0.26406198740005493
132,NCCCCC(=O)O,,0.26417016983032227
8349,N#CCC(=O)NN,,0.26420867443084717
7640,NC(=O)CCC(N)=O,,0.2642132043838501
505,NC1(C(=O)O)CC1,,0.26422178745269775
823,CSCCS(=O)(=O)O,,0.26426705718040466
562,O=S(=O)(O)CCS,,0.2643500566482544
381,NC(CCCCNO)C(=O)O,,0.26436278223991394
5751,COc1ccc(OC)c(C(O)C(C)NC(C)C)c1.Cl,,0.26444458961486816
8501,C[Si](Cl)(Cl)c1ccccc1,,0.2645302712917328
6891,CC1OC(=O)C(C)OC1=O,,0.26468053460121155
3411,CC(=O)NCCCCCCNC(C)=O,,0.2649208903312683
9215,NC(=O)NCCC[C@H](N)C(=O)O,,0.26499250531196594
5142,O=C1CSC(=O)N1,,0.26501157879829407
9875,O=C(O)CCCCCCCCCCCC(=O)O,,0.2650873363018036
4941,CP(=O)(O)CCCN,,0.26511818170547485
9444,O=C(CF)OCCF,,0.26517918705940247
1657,CC1(C)CCC=[N+]1[O-],,0.26519760489463806
532,NCCCCCC(=O)O,,0.265255331993103
9446,CC(=O)N1CC1,,0.2652842700481415
261,NC(=O)O,,0.2654106020927429
8294,O=C(O)CN(CCO)CCO,,0.26543548703193665
8364,CCCCCCC(O)CC=CCCCCCCCC(=O)O,,0.2654530107975006
615,CCCCCCCCCC(CCCCCCCCCCCC(=O)O)OC1OC(COC(C)=O)C(O)C(O)C1OC1OC(COC(C)=O)C(O)C(O)C1O,,0.265468955039978
5318,CN(C(=O)Cc1ccc(Cl)c(Cl)c1)C1CCC2(CCCO2)CC1N1CCCC1,,0.26555967330932617
8884,CCC(C)n1c(=O)[nH]c(C)c(Br)c1=O,,0.26560530066490173
8307,Nc1cc(/[As]=[As]/c2ccc(O)c(N)c2)ccc1O,,0.2657117545604706
7351,CCCCCCCCCCCCCCCCCC1=NCCN1,,0.26571398973464966
1551,C#CC(O)C=CCCCCCCCCCC=CCCCCC(C)C,,0.26573705673217773
5865,CCSCCC(N)C(=O)O,,0.2658236622810364
193,CC(O)C(N)C(=O)O,,0.2658243477344513
1277,NC1(C(=O)O)CCCCC1,,0.2658762037754059
581,NC(CO)C(=O)O,,0.2658887207508087
6383,CC(CCC(=O)O)C1CCC2C3C[C@H](O)C4C[C@H](O)CCC4(C)C3CCC12C,,0.2659236192703247
614,CCCCCCCCCC(CCCCCCCCCCCC(=O)O)OC1OC(CO)C(O)C(O)C1OC1OC(COC(C)=O)C(O)C(O)C1O,,0.2659571170806885
6877,Oc1ccc(Cl)c(Cl)c1,,0.2660021185874939
3986,CCCCCCCCC=CCCCCCCCC(=O)NO,,0.2660618722438812
7386,CC(=O)OCC=C(C)CCC=C(C)C,,0.266082763671875
9199,CC(C)CNC(=O)CF,,0.26612621545791626
9391,Cc1c(F)cccc1Cl,,0.26614058017730713
5778,COC(=O)C1=CCCN(C)C1.Cl,,0.2661699056625366
2728,NC1(C(=O)O)CCCC1,,0.26617103815078735
5785,CC(=O)OC(C)C[N+](C)(C)C.[Cl-],,0.26618656516075134
735,c1c[nH]cn1,,0.26621466875076294
1002,CC(=O)SC(CCS)CCCCC(N)=O,,0.26624685525894165
2010,CCCCc1oc2ccccc2c1C(=O)c1cc(I)c(OCC[NH+](CC)CC)c(I)c1,,0.2664109468460083
5733,CC(=O)OCC[N+](C)(C)C.[Cl-],,0.26641732454299927
9847,O=S(=O)(O)CS(=O)(=O)O,,0.26644572615623474
6303,CN1CCN(C)C1=O,,0.26651743054389954
3106,CCOC(=O)C(N)CS,,0.2665473222732544
6832,ClCc1ccc(Cl)cc1Cl,,0.26655566692352295
1624,O=C([O-])C(O)CC(O)C(O)C(=O)[O-],,0.2665832042694092
7759,CCCCCCCCCCCCCCCCCC[N+](C)(C)C,,0.2665952742099762
6853,CCCCCCCCC=CCCCCCCCC1=NCCN1CCO,,0.26661819219589233
8035,O=C1NCCN1,,0.2666202485561371
9248,COC(=O)C(F)(F)C(F)(F)F,,0.2666434049606323
4410,CCCCCCC=CCCCCCCCC(=O)O,,0.2666637897491455
8017,CCOC(=O)N1CCNCC1,,0.2667422294616699
6829,Clc1ccc(OCCOP(OCCOc2ccc(Cl)cc2Cl)OCCOc2ccc(Cl)cc2Cl)c(Cl)c1,,0.2668112516403198
7591,CCCCCCOC(=O)CCCCCCCC(=O)OCCCCCC,,0.2668256163597107
720,NC(CCO)C(=O)O,,0.26694434881210327
6243,CN(C)C(=S)S,,0.2671172022819519
6947,CCOC(=O)C1C(C=C(C)C)C1(C)C,,0.26711925864219666
7878,CC(=CCCC1(C)C2CC3C(C2)C31C)CO,,0.26715385913848877
3813,COC(=O)C(N)CS,,0.2672085464000702
5503,O=C(O)c1cc(Cl)c(Cl)c(Cl)c1,,0.26722291111946106
769,NC(=O)NCCCC(N)C(=O)O,,0.267244428396225
9412,COC(=O)CF,,0.2672867476940155
7505,O=C(O)CCCl,,0.26737213134765625
4846,COC(=O)NC(C(=O)NC(C(=O)O)C(C)(C)SN=O)C(C)(C)SN=O,,0.2674078047275543
9109,OCC(F)(F)C(F)(F)C(F)(F)C(F)F,,0.26748719811439514
975,c1cn[nH]c1,,0.26754650473594666
9458,O=C1CNC(=O)N1,,0.2675572633743286
6295,CCOC(=O)C(C)(C)O,,0.26772451400756836
8809,N#C[S-],,0.2677401602268219
1690,NC(=O)c1cncc(Br)c1,,0.26785051822662354
6851,c1ccc2sc(SSN3CCOCC3)nc2c1,,0.2678602635860443
917,CC1(C)COC(=O)C1O,,0.2678794860839844
8310,CCCCCCCCCCCCOS(=O)(=O)O,,0.2678893804550171
1962,CC(C)=CCCC(C)=CCCC(C)=CC(O)P(=O)(O)O,,0.2679001986980438
598,O=P(O)(O)OC1CC(O)C(CO)O1,,0.26795920729637146
8013,CC(Oc1ccc(Cl)cc1Cl)C(=O)O,,0.2679843604564667
9402,CCCN(CCC)CCCOC(=O)c1ccc(F)cc1.Cl,,0.2679952085018158
9872,CS(=O)CCCN=C=S,,0.26804202795028687
9072,Fc1ccc(Cl)cc1,,0.26812389492988586
5317,CN(C(=O)Cc1ccc(Cl)c(Cl)c1)C1CCCCC1N1CCCC1,,0.26820892095565796
440,CSCC1OC(OP(=O)(O)O)C(O)C1O,,0.26826098561286926
5493,O=c1[nH]cc(Br)c(=O)[nH]1,,0.26832136511802673
2577,CC(C)=CC1C(C(=O)O)C1(C)C,,0.2684458792209625
3250,Clc1ccc(C2(Cn3cncn3)CC(Br)CO2)c(Cl)c1,,0.26850810647010803
4907,O=C(O)CCCCCCCCC(=O)O,,0.2685110867023468
6836,C=C(Cl)CSC(=S)N(CC)CC,,0.2685781717300415
1552,CC(O)(CC(=O)O)CC(=O)O,,0.2688184678554535
5451,O=C(O)c1c(Cl)ccc(Cl)c1Cl,,0.26884469389915466
9304,CC(C)OC(=O)CF,,0.2689330577850342
27,CC(O)(CO)C(O)COP(=O)(O)O,,0.2689579725265503
8784,C=CCC(C(N)=O)C(C)C,,0.2689709961414337
192,NC(=O)NC1NC(=O)NC1=O,,0.268985778093338
2289,CCN(CC)CCNC(=O)c1cc(Br)c(N)cc1OC,,0.2691807448863983
6131,CC(=O)OC1(C)CCC23CC1C(C)(C)[C@@H]2CC[C@H]3C,,0.26919427514076233
618,NC(=O)CCCCC(S)CCS,,0.26930704712867737
3897,CCC=CCC=CCC=CCCCCCCCCP(=O)(F)OC,,0.26935023069381714
1522,C=CCS(=O)CC=CS,,0.26937395334243774
6785,CCCCCCCCC=CCCCCCCCC(=O)N(CCO)CCO,,0.26938048005104065
5917,CN(N=O)C(N)=N[N+](=O)[O-],,0.26940834522247314
731,CCC(C)C(N)C(=O)O,,0.2695305347442627
2091,CC1CCC2C(C)C(=O)OC3OC4(C)CCC1C32OO4,,0.26971158385276794
5695,Cc1ncc(CO)c(CO)c1O.Cl,,0.2697533071041107
3258,C#CC(N)CCC(=O)O,,0.26978573203086853
2807,CC(CCC(=O)O)C1CCC2C3CCC4CC(O)CCC4(C)C3CC(O)C12C,,0.2697925865650177
4942,CC(=O)NC(C(=O)O)C(C)(C)SN=O,,0.2698235809803009
2570,CCCCCCCCCCCCCCCCC1(OC)C=CC(CC(=O)OC)OO1,,0.2698341906070709
8366,CCCCCCC(O)CC=CCCCCCCCC(=O)OC,,0.26985883712768555
3269,NC(N)=NCCSC(CC(=O)O)C(=O)O,,0.26991474628448486
5631,C[C@H](N)C(=O)O,,0.26992958784103394
1103,CC(C)C(N)C(=O)O,,0.26993900537490845
7613,C=CCC#N,,0.26994019746780396
851,CN1C(=O)NCCC1N,,0.2699853181838989
5341,CC(CCC(=O)O)C1CCC2C3C(O)CC4CC(O)CCC4(C)C3CCC12C,,0.2700274586677551
7700,O=C(O)CCSCCC(=O)O,,0.27009209990501404
9440,CCOC(=O)CF,,0.2701100707054138
2116,O=C(O)CCCCCCCC(=O)O,,0.270117849111557
3759,CCCCCCCCCCCCCCCCOCC(O)COP(=O)([O-])OCC[N+](C)(C)C,,0.2701358497142792
9224,CC(=O)SCCCCF,,0.27015817165374756
5456,O=C(O)c1c(Cl)cc(Cl)cc1Cl,,0.27020472288131714
8411,O=C(O)CNCC(=O)O,,0.27024149894714355
9876,O=C(O)CCCCCCCCCCCCCCC(=O)O,,0.2702902853488922
1967,CSCCC(C)(N)C(=O)O,,0.2703225612640381
822,OC1C(O)C(O)C(O)C(O)C1O,,0.27041658759117126
1388,O=C(O)COc1ccc(Cl)cc1Cl,,0.2704693078994751
8277,CCCCOC(=O)C(C)O,,0.2705131769180298
9306,COC(=O)CCCF,,0.2705245018005371
812,CSCCC(N)C(=O)O,,0.270541250705719
1795,CCCCCC=CCC1OC1CCCCCCCC(=O)O,,0.2705449163913727
1321,CCCCCC1OC1CC=CCCCCCCCC(=O)O,,0.2705449163913727
558,NC(CS)C(=O)O,,0.2705964148044586
7370,CCOC(=O)CC#N,,0.27065566182136536
9112,CCOC(=O)C(F)(F)C(F)(F)C(F)(F)F,,0.27066123485565186
238,O=C(O)CCCCC1SCC2NC(=O)NC21,,0.2707064747810364
2761,NC(CCC(=O)NCS(=O)(=O)O)C(=O)O,,0.27074500918388367
2345,CCCCCCCCCCCCCC=CC(O)C(CO)NC(C)=O,,0.2707931399345398
39,O=C(O)CCC(O)C(=O)O,,0.2708066403865814
9775,CC(CC(=O)O)C(=O)O,,0.2708093822002411
9254,C=C(C#N)C(F)(F)F,,0.2708118259906769
6527,OC1OC[C@@H](O)[C@@H](O)[C@@H]1O,,0.2708175778388977
893,CCCCCCCCC=CCCCCCCCC(=O)O,,0.27084529399871826
7643,NC(=O)NNC(N)=O,,0.2709731459617615
8939,CCCN(CCC)CCOC(=O)c1ccc(F)cc1.Cl,,0.27097728848457336
7456,C=CCCl,,0.27098363637924194
5788,CC(C)(N)C(=O)O,,0.27102258801460266
9196,O=C(CCCF)OCCF,,0.2712205648422241
719,NC(CCS)C(=O)O,,0.2714443802833557
7519,NC(=O)NC(N)=O,,0.27145668864250183
4595,CC(C)=CCCC(C)=CCCC(=CCCC(C)=CCO)CO,,0.2714576721191406
318,NC(=O)NC(O)C(=O)O,,0.2714884281158447
1058,Cc1ncsc1CCO,,0.271521657705307
2540,CC(CCC(=O)O)C1CCCC2C3C(O)CC4CC(O)CCC4(C)C3CCC12C,,0.2715552747249603
166,CC(N)=O,,0.27157121896743774
8983,CCCCC(CC)COC(=O)CF,,0.27159377932548523
7354,COC(=O)CC#N,,0.27159690856933594
9874,O=C(O)CCCCCCC(=O)O,,0.2716085612773895
582,O=P(O)(O)OCC(O)C(O)C(O)C(O)CO,,0.2716244161128998
8998,CC(C)(CCCCF)CCC(=O)O,,0.2716508209705353
8396,C=CCOC(=O)CCCCCC,,0.2716524600982666
471,NC(=O)CCCCC1SCC2NC(=O)NC21,,0.2716633677482605
496,O=C(O)CC(O)C(=O)O,,0.2717222273349762
6957,CCOC(=O)C(C)O,,0.2717605233192444
9357,COC(=O)C(F)(F)F,,0.27182435989379883
657,CC(C)=CCCC(C)=CCCC(C)=CCCC(C)=CCCC(C)=CCCC(C)=CCCC(C)=CCCC(C)=CCO,,0.271884948015213
7472,O=S(=O)(O)CCO,,0.2718871235847473
7285,CCOC1CCC=CO1,,0.27204248309135437
5651,C[N+](C)(C)CC(O)CC(=O)O.[Cl-],,0.27206525206565857
5888,CN(C)C=O,,0.272113561630249
7636,O=S(=O)(O)CCS(=O)(=O)O,,0.272169291973114
7423,O=C1CNC(=O)CN1,,0.27217867970466614
793,CC(C)CC(N)C(=O)O,,0.2721872925758362
9067,CCN(CC)CCOC(=O)COc1ccc(F)cc1.Cl,,0.27223676443099976
8992,COC(=O)CCCCCF,,0.27224400639533997
4769,CC(C)Oc1cccnc1N(C)C1CCN(Cc2ccc(I)cc2)CC1,,0.2722717523574829
7291,CC(=O)Nc1ccc(Br)cc1,,0.2723195254802704
6211,C=C(Cl)CCl,,0.2723459005355835
1390,COC(=O)COc1ccc(Cl)cc1Cl,,0.2723746597766876
426,CC(O)(CCO)CC(=O)O,,0.27237945795059204
6843,CCCCCCCCCCCCCCCCCC1=NCCN1CCO,,0.2723904848098755
1391,O=C(O)CCCOc1ccc(Cl)cc1Cl,,0.27242204546928406
1853,CC(=O)NO,,0.2724383771419525
9171,Cl.Cl.Clc1ccccc1CNCC1CCC(CNCc2ccccc2Cl)CC1,,0.2724474370479584
6534,O=c1n(Cl)c(=O)n(Cl)c(=O)n1Cl,,0.27248334884643555
9205,N#CCC(=O)O,,0.2727152705192566
3761,CCCCCCCCCCCCCCCCCCOCC(O)COP(=O)([O-])OCC[N+](C)(C)C,,0.2727343440055847
9404,CCCCN(CCCC)CCCOC(=O)c1ccc(F)cc1.Cl,,0.27277204394340515
364,O=C(O)CCCCCC(=O)O,,0.27277252078056335
1288,CCCCCCCCCCCCCCCCOCC(COP(=O)([O-])OCC[N+](C)(C)C)OC,,0.2727745473384857
8357,COCNC(=O)NCOC,,0.2728100121021271
760,CCCC(N)C(=O)O,,0.27281272411346436
1418,O=C(O)C(Nc1ccc(Br)cc1)C(=O)O,,0.27282971143722534
9222,CC(=O)NCCCCF,,0.27283987402915955
7251,CCCCC(CC)COC(=O)CCCCCCCC(=O)OCC(CC)CCCC,,0.2728506922721863
9897,N.N.O=C(O)O,,0.2728559374809265
5372,OCC(CO)NC1CC(O)(CO)C(O)C(O)C1O,,0.272922158241272
3760,CCCCCCCCCCCCCCCCOCC(O)COP(=O)(O)OCC[N+](C)(C)C,,0.27294495701789856
605,CC1NC(=O)NC1CCCCCC(=O)O,,0.27299004793167114
9776,O=C(O)C(O)CC(O)C(O)CO,,0.2730294167995453
5720,O=NN1CCOCC1,,0.2731185555458069
8521,CCCCCCC(O)CC=CCCCCCCCC(=O)OCCCC,,0.2732529640197754
1289,CCCCCCCCCCCCCCCCOCC(COP(=O)(O)OCC[N+](C)(C)C)OC,,0.2732572555541992
9456,O=C(O)CCF,,0.27326974272727966
3841,NC(N)=NCCS,,0.27338504791259766
2413,CCCC(C)(COC(N)=O)COC(=O)NC(C)C,,0.2734033763408661
8947,CCCCC(N)C(=O)O,,0.27351242303848267
6299,CCC(N)C(=O)O,,0.2736031711101532
2071,O=P(O)(O)OCC(O)C(O)C(O)CO,,0.2736092805862427
8352,O=C(NCO)NCO,,0.27367305755615234
8885,Cc1[nH]c(=O)n(C(C)C)c(=O)c1Br,,0.2736796736717224
566,CC(N)C(=O)O,,0.2736883759498596
784,CC(C)(CO)C(O)C(=O)O,,0.27374130487442017
9698,O=C(O)C(O)C(O)C(O)CO,,0.2737518846988678
8426,NCCCCCCNC(=O)O,,0.27375563979148865
2734,O=P1(N(CCCl)CCCl)NCCCO1,,0.2739439308643341
7552,COCC(C)OC(C)=O,,0.2739558517932892
5354,CCCCCC1OC1CC=CCCCCCCCC(=O)OC,,0.2739865779876709
2850,N#Cc1c(Cl)cccc1Cl,,0.2740371525287628
7504,N#CCC(N)=O,,0.27407386898994446
590,O=C(O)CC(O)C(O)C(O)CO,,0.2741858959197998
1796,CCCCCCCCC=CCCCCCCCC(N)=O,,0.27435606718063354
8869,CCOP(=O)(OC=CCl)OCC,,0.27436599135398865
803,O=C(O)CC(=O)O,,0.2743699252605438
2741,NCCSSCCN,,0.2743813693523407
9747,CCCCN(CCCC)CCOC(=O)c1ccc(F)cc1.Cl,,0.2744936943054199
9190,C[N+](C)(C)CCOc1ccccc1.[Br-],,0.27450257539749146
7670,OCC#CCO,,0.274515300989151
6139,CC(C)C(=O)OCC(C)(C)C(O)C(C)C,,0.274525910615921
568,O=C(O)C(O)C(O)C(O)C(O)CO,,0.2745750844478607
398,O=C(O)CCCCC(S)CCS,,0.27461400628089905
9259,CCOC(=O)C(F)(F)F,,0.2746148705482483
8303,CCCCC(CC)CCC(CC(C)C)OS(=O)(=O)O,,0.2746209502220154
9994,CC(C)=CCCC(C)(O)C1CC=C(C)CC1,,0.27462238073349
342,CCC(C)=CCCCC(C)CCOP(=O)(O)OC1OC(CO)C(O)C(O)C1O,,0.27463725209236145
9201,O=C(O)CCCCCF,,0.27467796206474304
6288,C[N+]1(C)C2CCC1CC(OC(=O)C(O)c1ccccc1)C2.[Br-],,0.2747184634208679
9463,CC(CCCCCF)CC(=O)O,,0.27481427788734436
5477,O=C(O)c1cc(Cl)c(Cl)cc1Cl,,0.2748609781265259
6766,BrCC(Br)c1ccccc1,,0.2748715579509735
6826,CCCCOC(=O)COc1ccc(Cl)cc1Cl,,0.27508634328842163
1236,CCCCCCCCCC(=O)OCC(CO)OC(=O)CCCCCCCCC,,0.27523213624954224
9005,O=C(O)CCCCCCF,,0.2752355635166168
1389,CCCCCCC(C)OC(=O)COc1ccc(Cl)cc1Cl,,0.2752394378185272
6794,CC(C)OC(=O)COc1ccc(Cl)cc1Cl,,0.2752918601036072
82,CC(CO)C(=O)O,,0.2753753960132599
8404,CCCCCCCCCCCC(=O)NC(C)(C)O,,0.2753870487213135
1300,CCCCCCCCCCCCCCCCCCOCC(COP(=O)([O-])OCC[N+](C)(C)C)OC,,0.27539512515068054
3643,CCCCCCCCCCCCCCCCCCOCC(O)COP(=O)(O)OCC[N+](C)(C)C,,0.2754337191581726
7143,O=S(=O)(O)NC1CCCCC1,,0.2754351496696472
8016,CCCCCCCCCCCC(=O)N(CCO)CCO,,0.27567049860954285
9832,O=C(O)CCCF,,0.2757328152656555
1306,CCCCCC=CCC=CCCCCCCCC(=O)OC(CO)COC(=O)CCCCCCCCCCCCCCCCC,,0.2757369577884674
1301,CCCCCCCCCCCCCCCCCCOCC(COP(=O)(O)OCC[N+](C)(C)C)OC,,0.27574846148490906
5543,C#C[C@@]1(O)CC2CCC3C4C[C@@](O)(C#C)CC4(C)CCC3C2(C)C1,,0.2758183777332306
9084,O=C(O)CCCCCCCF,,0.2758307158946991
9848,CC1(O)CCOC(=O)C1,,0.2759057283401489
8263,Cl.Cl.Nc1ccc(O)c(N)c1,,0.27591368556022644
7644,CC(=O)OOC(C)=O,,0.27598220109939575
3483,O=P1(NCCCl)OCCCN1CCCl,,0.27601248025894165
6631,CCC(C)C(C(=O)OCC[N+](C)(CC)CC)c1ccccc1.[Br-],,0.2760375440120697
7692,O=C(O)COCC(=O)O,,0.27606678009033203
6192,CCC(C)(O)C#CC(C)(O)CC,,0.2760685682296753
106,NC(=O)NCCC(=O)O,,0.27612173557281494
184,O=C(O)CCCCC(=O)O,,0.276218444108963
7854,C=CC(C)(C)O,,0.2763867676258087
3232,OCC1(O)OCC(O)C(O)C1O,,0.2763966917991638
7726,CCCCCCCCC=CCCCCCCCC(=O)OCC,,0.27640342712402344
8990,CCOC(=O)CCCCCCCF,,0.2764666974544525
628,CC(C)(O)C(O)C(=O)O,,0.2765217125415802
1845,COP(=O)(NC(C)=O)SC,,0.2766520082950592
8989,O=C(CCCCCCCF)OCCF,,0.2766861021518707
8398,CC(=O)NCCO,,0.2769189178943634
7805,CCCCCCCCC=CCCCCCCCC(=O)OC,,0.27698859572410583
2250,Oc1c(Cl)cc(Cl)cc1Sc1cc(Cl)cc(Cl)c1O,,0.27707403898239136
7,CCC(C)(O)C(O)C(=O)O,,0.27712368965148926
8417,CCCCCCCCCCOS(=O)(=O)O,,0.2771604061126709
6099,CC(=O)OC1CC2CCC1(C)C2(C)C,,0.27721840143203735
9223,CC(=O)OCCCCF,,0.27728796005249023
7892,CCNC(=O)CSP(=S)(OC)OC,,0.2773178219795227
666,OCC1OC(O)(CO)C(O)C1O,,0.2773419916629791
698,O=C(O)C(O)CO,,0.2773649990558624
1710,O=C(O)C(=O)Nc1ccc(I)cc1C(=O)O,,0.27741315960884094
9467,CC(=O)OCCF,,0.27741527557373047
5471,OC[C@H]1OC(O)[C@H](O)[C@@H]1O,,0.2775465250015259
1029,CCCCCCCCCCCCCC=CC(O)C(N)CO,,0.27757787704467773
6273,CC(=O)OC(C)(C)C1CCC(C)CC1,,0.27765852212905884
1034,O=C(O)CCC(=O)O,,0.2776792347431183
9472,CCOC(=O)CCCCCCCCF,,0.2777130901813507
3896,CCCCCC=CCC=CCC=CCCCCCP(=O)(F)OC,,0.2777727246284485
9442,CC(CCCCCCCF)CC(=O)O,,0.2778000831604004
7148,CC(CN)OB(OC(C)CN)OC(C)CN,,0.2778271734714508
696,NCC(=O)O,,0.2778480052947998
4140,CN1CC(O)C(O)C(O)C1CO,,0.2778952121734619
8100,Cc1c(I)c(=O)n(-c2ccccc2)n1C,,0.2779504656791687
7438,C=CC1CCC2OC2C1,,0.27799707651138306
9352,CC[N+](CC)(CC)CCF,,0.2780936658382416
6069,CC(C)(C)C(=O)O,,0.2781144678592682
7374,O=C1CCCCCN1,,0.27813252806663513
685,NC1C(O)OC(CO)C(O)C1O,,0.27820324897766113
40,O=C([O-])C(O)C(=O)[O-],,0.2782088816165924
6964,CC(C)COC(=O)C(C)C,,0.27821195125579834
6228,CNC(C)=O,,0.2782297730445862
4412,CCCCCCCCCCCCCCCC(=O)C(F)(F)F,,0.2782604992389679
7852,C=C(C)C,,0.2782652974128723
7647,CCCCCCCCCCOC(=O)CCCCC(=O)OCCCCCCCC,,0.2782692611217499
8523,CCCCCCCCCOC(=O)CCCCC(=O)OCCCCCCCCC,,0.2782692611217499
7774,ClCCOCCOCCCl,,0.27848637104034424
9556,CN=C(N)N,,0.27856945991516113
7444,C=CCOCC1CO1,,0.27858784794807434
7507,CN(C)CCCl,,0.2787230610847473
9013,O=C(O)CCCCCCCCCF,,0.27885958552360535
6919,O=C1CCCO1,,0.27893316745758057
9079,CCOC(=O)CCCCCCCCCF,,0.2789643704891205
4142,CCCCCCCCC=CCCCCCCCC(=O)NCCO,,0.2790452241897583
8403,C=CC(C)(O)CCC=C(C)CCC=C(C)C,,0.2790515124797821
9006,CC(=O)OCCCCCF,,0.27927806973457336
1849,CC(=O)Nc1nnc(S(N)(=O)=O)s1,,0.27932000160217285
7658,COCCOC(C)=O,,0.2793366312980652
9338,CCOC(=O)C(F)(F)C(F)(F)C(F)(F)C(=O)OCC,,0.2794399857521057
7392,CCCCCCCCC(=O)OCCOCCOCCOC(=O)CCCCCCCC,,0.27952244877815247
7822,CCCCCCCCC=CCCCCCCCCN,,0.2796318233013153
7752,N#CCCNCCC#N,,0.27965158224105835
6903,ClCC(Cl)CCl,,0.2797505855560303
1964,COC1OC(CO)C(O)C(O)C1O,,0.2797696888446808
1292,CCCCCCCCCCOCC(COCC(F)(F)F)OP(=O)(O)OC,,0.279807984828949
6196,ClCC1(CCl)COC1,,0.2799050807952881
9133,FC=C(F)F,,0.27996522188186646
7026,O=C(O)C1CCCCC1,,0.2799733579158783
6966,CCCCOC(=O)C(C)C,,0.2799842357635498
689,O=C(O)CCCC(=O)O,,0.28003638982772827
2833,CCCCCCCCCCCCCOC(=O)C1CCC(=O)OC1CO,,0.2800852060317993
6540,CCC(CC)C(=O)O,,0.28012189269065857
194,OCC1OC(O)C(O)C(O)C1O,,0.2802589237689972
9909,CC1(C)[C@H]2CC[C@@]1(C)[C@@H](O)C2,,0.28026410937309265
9500,CC1(C)[C@@H]2CC[C@]1(C)[C@H](O)C2,,0.28026410937309265
9471,NC(=O)NCC(=O)O,,0.28037768602371216
9229,CCOC(=O)CCCCCCCCCCCF,,0.28040170669555664
1287,CCCCCC=CCC=CCC=CCC=CCCCC(=O)OC(CO)COCCCCCCCCCCCCCCCC,,0.2804926931858063
1538,N#CCCN,,0.28053519129753113
7699,CCOCCOC(C)=O,,0.28055039048194885
2296,Oc1c(Br)cc(Br)c2cccnc12,,0.2805578410625458
2212,O=C1CCO1,,0.2805668115615845
9823,O=C1CCCCCO1,,0.28061991930007935
6955,CCOC(=O)C(C)C,,0.28064921498298645
7641,CN(C)CCN(C)C,,0.2806578278541565
8246,CCCCC(CC)C(=O)O,,0.280727744102478
2936,CCCC(CCC)C(=O)O,,0.28074726462364197
7597,C=COCC(C)C,,0.2807571589946747
1055,O=C(O)CS,,0.28079235553741455
9824,CC(C)=CCCC(C)CC(=O)O,,0.2808166444301605
9766,C=CC(O)CO,,0.280878484249115
7467,C=COC,,0.28089120984077454
9309,C=COCC(F)(F)F,,0.28095579147338867
3137,CC(C)=CCCC(C)=CCCC(C)=CCSCC(=O)O,,0.2810244560241699
8401,CC(C)(O)C#CC(C)(C)O,,0.28112733364105225
7136,O=NN1CCCCC1,,0.28114238381385803
1571,CN1C2CCC1CC(OC(=O)c1cc(Cl)cc(Cl)c1)C2,,0.28125736117362976
8764,CCCCC(CC)COP(=O)(O)OCC(CC)CCCC,,0.28130581974983215
531,CSCCC(=O)O,,0.2813524305820465
7551,CCOC(=O)CC(C)C,,0.28136664628982544
8732,NCCOB(OCCN)OCCN,,0.28144851326942444
6908,OCC(O)CCl,,0.28149551153182983
7379,CCCCCCCCCCCC(=O)OOC(=O)CCCCCCCCCCC,,0.28151074051856995
1384,COC(=O)COc1cc(Cl)c(Cl)cc1Cl,,0.2815777361392975
8412,CCCCCCCCC=CCCCCCCCC(=O)OCCCC,,0.2817278504371643
6524,Oc1c(Cl)cccc1Cl,,0.2819724380970001
5522,C[N+](C)(C)CCOC(N)=O.[Cl-],,0.2820470929145813
1555,C#CC(O)C=CCCCCCCCCCCCCCCC,,0.2820601463317871
6195,C=CC(C)(O)CCC=C(C)C,,0.2821124494075775
7430,CCCCCC(=O)OC,,0.2821691334247589
5520,CN(C)CN(C)C,,0.28218182921409607
9271,FC(F)(F)c1ccccc1Br,,0.2822524905204773
475,NCCCCNC(N)=O,,0.2822835147380829
7521,CC(=O)OC(C)C,,0.2822919487953186
7432,CCCCCCC(=O)OC,,0.2823167145252228
7527,CC1CCC(=O)O1,,0.2823227643966675
1392,COC(=O)CCCOc1ccc(Cl)cc1Cl,,0.2823583781719208
5348,C#CC(O)C=CCCCCCCCCCCCCCCCC=CCCCCCCCCCCCCCCCCC=CC(O)C#C,,0.28236085176467896
7908,CCC(C)C(=O)O,,0.28237730264663696
7695,CCCCCCCC(=O)OC,,0.2823912501335144
4563,CC1(NC(=O)CBr)CCC(C(C)(C)NCC(O)COc2cccc3[nH]ccc23)CC1,,0.282441645860672
7587,CCCCOC(=O)CC(C)C,,0.2824573218822479
7459,C=CCN,,0.2824826240539551
3513,O=P1(O)CC2C(O)C(O)C(O)C(O)C2O1,,0.28255966305732727
2348,CCCCCCCCCCCCCC=CC(O)C(CO)NC(=O)CCCCCCC,,0.28256499767303467
7720,C=CCOCCO,,0.2826530933380127
4843,Brc1ccc(C2CN3CCSC3=N2)cc1,,0.2826818823814392
7384,CC(C)=CCCC(C)CCOC=O,,0.28270596265792847
7487,CCCCOP(=O)(O)OCCCC,,0.28274035453796387
6954,CCCC(C)C(=O)O,,0.28282883763313293
9316,CCOC(=O)CCCCCCCCCCCCCCCF,,0.282855361700058
2900,CNC(=O)CSP(=S)(OC)OC,,0.282950758934021
3322,[H]N=C(N)N,,0.28296348452568054
1030,CC(C)=CCCC(C)=CCCC(C)=CCCC=C(C)CCC=C(C)CCC=C(C)C,,0.2829667329788208
3450,NC(=O)NO,,0.2830184996128082
6928,CC(C)N(CCCl)C(C)C,,0.2830536365509033
418,CC(O)CC(=O)O,,0.2830735146999359
375,CC(C)[N+](=O)[O-],,0.2831132411956787
7365,CCC(C)OC(C)=O,,0.2831617593765259
7701,CN(C)CCCCCCN(C)C,,0.2831817865371704
5292,CC1C2CCC1CC(OC(=O)c1cc(Cl)cc(Cl)c1)C2,,0.2831932008266449
2535,CCOC(=O)CCCCCCCCCCCCC1C=CCC1,,0.28325971961021423
7369,CCCC(=O)OCC,,0.2833552956581116
7768,CCOCCOCCOC(C)=O,,0.2834445536136627
7712,C=COCCCC,,0.2834564745426178
3313,CC1(O)CC23CC(O)C4(O)C(CC(O)C4(C)C)C(C)(O)C2CCC1C3O,,0.283525675535202
6235,CC(C)C(=O)O,,0.28358468413352966
8870,FC(F)(F)C(F)(F)C(F)(F)C(F)(F)N(C(F)(F)C(F)(F)C(F)(F)C(F)(F)F)C(F)(F)C(F)(F)C(F)(F)C(F)(F)F,,0.2835911810398102
7895,C=C(C)OC,,0.28371867537498474
7565,CC(=O)OC(C)CC(C)C,,0.28371891379356384
1706,CCCCCC(O)CCCC(=O)O,,0.2837219834327698
7471,COC=O,,0.28375330567359924
6224,CCC(N)=O,,0.28375908732414246
7376,CCCOC(=O)CCC,,0.2838330566883087
5790,CN(C)N=O,,0.2839261591434479
9341,COC(F)(F)C(F)Cl,,0.2840471565723419
7349,CCCC1CCC(=O)O1,,0.2840636670589447
7839,Br.CN1[C@H]2CC(OC(=O)C(CO)c3ccccc3)C[C@H]1[C@H]1O[C@H]12,,0.284092515707016
8179,Cc1cc(O)c(Cl)c(C)c1Cl,,0.28413712978363037
8347,O=C(O)CCC1CCCC1,,0.28414663672447205
2429,OC1CN2CCC(O)C2C(O)C1O,,0.28414955735206604
7654,CCCCCCCCCC(=O)OC,,0.2841721475124359
7389,CCCCCCCCCCOC(=O)CCCCC(=O)OCCCCCCCCCC,,0.28419312834739685
4037,O=C(NC1CCCCC1)NC1CCCCC1,,0.28421470522880554
9833,O=C(O)CCCO,,0.28426265716552734
5330,C=CCCCCCCCCC(=O)O,,0.28428637981414795
7224,CC(O)CN(CCN(CC(C)O)CC(C)O)CC(C)O,,0.2842981517314911
6782,CCCCOC(=O)COc1cc(Cl)c(Cl)cc1Cl,,0.2843022644519806
8015,CCCCCOC(=O)COc1cc(Cl)c(Cl)cc1Cl,,0.28436851501464844
7381,CCCCCC(=O)OCC(C)C,,0.28441399335861206
9863,C=CC(=C)CCCC(C)CCCC(C)CCCC(C)C,,0.2844271659851074
6781,CC(C)OC(=O)COc1cc(Cl)c(Cl)cc1Cl,,0.2844467759132385
1383,CCCCCCC(C)OC(=O)COc1cc(Cl)c(Cl)cc1Cl,,0.2844655215740204
6779,CC(Oc1cc(Cl)c(Cl)cc1Cl)C(=O)O,,0.2844960391521454
9242,O=C(O)C(F)(F)C(F)(F)C(F)(F)F,,0.2844967842102051
2268,O=CCCCC(=O)NC(Cc1ccccc1)C(=O)N1CCCC1C(=O)NC(CCC(Br)Br)B(O)O,,0.28453439474105835
9864,CCC(C)CCCCC(=O)O,,0.2845819890499115
8746,c1nc[nH]n1,,0.2847255766391754
576,CC(O)C(=O)O,,0.28472864627838135
6229,COC(C)=O,,0.28482580184936523
7627,C=COCC,,0.28482651710510254
7589,CCCCOC(=O)CCC,,0.2848270833492279
6980,ClC(Cl)(Cl)c1ccccc1,,0.2848967909812927
2349,CCCCCCCCCCCCCC=CC(O)C(CO)NCCCCCCCC,,0.28492578864097595
8816,C#CC(C)(CC)OC(N)=O,,0.28495487570762634
7783,CCCCCCCCCCC(=O)O,,0.28500470519065857
7761,CCCCCCCCC(=O)O,,0.2850635349750519
2790,CCCCCCCCCC(=O)O,,0.28506603837013245
2855,Clc1ccc(C(c2ccc(Cl)cc2)C(Cl)(Cl)Cl)cc1,,0.2850971519947052
8097,O=C([O-])C1C2CCC(O2)C1C(=O)[O-].[Na+].[Na+],,0.2853342890739441
1549,C#CC(O)C=CCCCCCCCCCCC(C)CCCC,,0.2853497862815857
776,CC1OC(O)C(O)C(O)C1O,,0.2853721082210541
7441,ClCC1CO1,,0.28541845083236694
3822,CNCC(O)C(O)C(O)C(O)CO,,0.2854185104370117
7819,CCCCCCCCC=CCCCCCCCCCCCC(=O)O,,0.28542596101760864
7403,CCCCCCC(=O)OCC,,0.28548765182495117
7409,CCCOC(=O)CC,,0.2855014503002167
5757,CCCCN1CC2Cc3cc(OC)c(OC)cc3C2C1.Cl,,0.285510390996933
7401,CCCC(=O)OCCC(C)C,,0.2855662703514099
3677,CCCCCCCCCCCC(=O)O,,0.2855954170227051
7405,CCCCCCCC(=O)OCC,,0.2855960428714752
1442,O=C(O)C(CI)Cc1ccccc1,,0.2856218218803406
1556,C#CC(O)C=CCCCCCCCCCCCCCCCC,,0.2856655716896057
358,CCCCCCCC(=O)O,,0.28567415475845337
7356,CCOC(=O)CC,,0.2857018709182739
5863,Cc1ccccc1OCC[N+](C)(C)C.[Br-],,0.2858191728591919
9858,CCCCCCCCCCCCCCCCCC(=O)CCCCCCCCCCCCCCCCC,,0.28587114810943604
9030,FC(F)(F)C(Cl)CCl,,0.28587815165519714
7763,CCCCOCCOC(C)=O,,0.2858806848526001
8402,CCCCCCCCOS(=O)(=O)O,,0.28590163588523865
2687,OC1C(O)C(O)C2OC2C1O,,0.2859480381011963
4099,CC1=NC2C(OC(CO)C(O)C2O)S1,,0.2860206067562103
6875,Cc1ccc(Cl)c(Cl)c1,,0.28606468439102173
7656,CC(C)CCOC=O,,0.28608065843582153
270,NOCC(=O)O,,0.28618672490119934
5260,ClCCN(CCCl)CCCl,,0.28621599078178406
7779,CCCCCCCCOC=O,,0.2862524390220642
7362,CCC(C)CC(=O)O,,0.28625819087028503
3981,CCCCCCCCCCCCCCCCOCC(COCC(F)(F)F)OP(=O)(O)OC,,0.2862716019153595
7311,CCCCC1CCC(=O)O1,,0.2862738370895386
164,CC(=O)O,,0.28631263971328735
8458,COP(=S)(OC)SCC(=O)N1CCOCC1,,0.2863936424255371
3094,C#CC1(OC(N)=O)CCCCC1,,0.28643468022346497
9004,ClCCNCCCl,,0.2864859402179718
5521,CN(C)CSC(=S)N(C)C,,0.2865365445613861
1550,C#CC(O)C=CCCCCCCCCCCCCCC(C)C,,0.2865617871284485
6161,O=C(O)CCS,,0.28662991523742676
7629,CCOC=O,,0.28663304448127747
7772,CCCCCCCOC=O,,0.28670135140419006
7919,O=C1OC(=O)c2c(Cl)c(Cl)c(Cl)c(Cl)c21,,0.28671738505363464
7652,CCCCCCCCCC(=O)OCC,,0.28674575686454773
9392,O=C(O)C1CSCN1,,0.2867477536201477
2767,S=C(S)OC1CC2CC1C1CCCC21,,0.2867577373981476
3779,CCC(C)C1NC(=O)C(CC(C)C)NC(=O)C(C(C)C)NC(=O)C2CSSCC(NC1=O)C(=O)N2,,0.28685009479522705
7462,N#CCCl,,0.28685519099235535
8174,O=C(O)CNC(=O)c1ccccc1I,,0.2868579924106598
3223,CC1OC1P(=O)(O)O,,0.2868633270263672
8029,OCCOc1ccc(Cl)cc1Cl,,0.2869362533092499
7698,CCCCCCC(=O)O,,0.28697469830513
9485,COC(=O)CCCCCCCCCCCCCCCCCF,,0.2870236933231354
9850,CC(C)CC(=O)O,,0.28704634308815
9345,COC(=O)C(F)(F)[N+](=O)[O-],,0.2872364819049835
1157,CC1(NCC(O)COc2cccc3[nH]ccc23)CCC(C(C)(C)NC(=O)CBr)CC1,,0.28735101222991943
7378,CCC(=O)OCCC(C)C,,0.2873915135860443
4415,NCCC(O)(P(=O)([O-])O)P(=O)([O-])O.[Na+].[Na+],,0.2874218821525574
6063,O=S(=O)(O)CO,,0.287456750869751
7677,CCCOC=O,,0.2874620854854584
9966,CC(C)=CCl,,0.287465363740921
9255,CC(F)(F)C(Cl)CCl,,0.28748321533203125
260,NC(=O)[O-],,0.2875280976295471
7742,CCCCCCCCCCCC(=O)OC,,0.2876628339290619
7807,CCCCCCCCCCCCN=C(N)N,,0.28772345185279846
7881,CCCC[P+](CCCC)(CCCC)Cc1ccc(Cl)cc1Cl.[Cl-],,0.2877384126186371
3136,CC(C)=CCCC(C)=CCCC(C)=CCO,,0.287887841463089
8380,CCOC(C)=O,,0.2879087030887604
5026,CC1(C)C(C(=O)O)N2C(=O)CC2S1(=O)=O,,0.2881931662559509
7595,CCC#CC(C)O,,0.2882612943649292
8406,CCCCCC(=O)O,,0.28833597898483276
7601,CCCOC(C)=O,,0.2883381247520447
7688,CN(C)CCCN(C)C,,0.2883763313293457
6915,ClC1C=CCC1,,0.2884068787097931
8041,CC(C)N(CCN)C(C)C,,0.2884783148765564
5440,CC[N+](C)(CC)CCOC(=O)C(O)(c1ccccc1)C1CCCCC1.[Br-],,0.2884843051433563
7317,CCCCCC1CCC(=O)O1,,0.28848838806152344
8001,NC(=O)Nc1ccc([As](SCC(=O)O)SCC(=O)O)cc1,,0.28849104046821594
1228,OCC(O)C1NCC(O)C1O,,0.28855833411216736
8033,Oc1ccc(Cl)cc1Cl,,0.28864771127700806
7244,CCCCC(CC)COC(C)=O,,0.288648784160614
7387,C=C(C)CCCC(C)CCOC(=O)CC,,0.28865575790405273
7642,CC(=O)OCC(C)C,,0.28870460391044617
4110,CC(C)(C)OC(=O)NCCCCN,,0.28874701261520386
9968,C=C(C)CO,,0.2887738049030304
7669,OCC=CCO,,0.28884178400039673
7817,CCCCCCCCC=CCCCCCCCCCCCC(N)=O,,0.28911328315734863
8284,C=C(C)C1CCC(C)(O)CC1,,0.28912389278411865
7596,CCCCC(=O)O,,0.28917911648750305
1640,CCCCCCCCCCOCCC(=O)O,,0.2891960144042969
8358,C=C(C)CCCC(C)CCOC(C)=O,,0.28925642371177673
611,CCOP(=O)(O)OCC,,0.28927773237228394
7475,CC(C)=CC(C)(C)C,,0.28931882977485657
216,OC1COC(O)C(O)C1O,,0.289333701133728
466,O=S(=O)(O)SS(=O)(=O)O,,0.28934231400489807
1375,OCC1NC(CO)C(O)C1O,,0.2893705666065216
7406,CCCCCCCCCCCC(=O)OCC,,0.2893930673599243
4911,NNC(N)=O,,0.28948378562927246
249,CCCC(=O)O,,0.2894934415817261
1239,CCCCCCCCC=CCCCCCCCC(=O)OCC(CO)OC(=O)CCCCCCCC=CCCCCCCCC,,0.2895547151565552
3877,CNC(=O)ON=C(C)SC,,0.28955620527267456
5072,OC1CN2CCCC(O)C2C1O,,0.28960081934928894
8421,CCCCCCOC(C)=O,,0.28961989283561707
9362,CCC(F)C(=O)O,,0.28966158628463745
7762,CCCCCCCOC(C)=O,,0.28979745507240295
921,OCC1OC(O)C(O)C1O,,0.28983235359191895
7767,CCCCCCCCOC(C)=O,,0.28986304998397827
3089,CCC(CO)NCCNC(CC)CO,,0.2899571657180786
7321,CCCCCCCC1CCC(=O)O1,,0.28997963666915894
7393,CCCCCCCCCC(=O)OCCOCCOCCOC(=O)CCCCCCCCC,,0.290037602186203
7865,OC(c1ccc(Cl)cc1)(c1ccc(Cl)cc1)C(Cl)(Cl)Cl,,0.2900385558605194
4521,O=C(CCCCCCCCC#CI)Oc1ccccc1,,0.2901569902896881
6074,O=C(O)C(F)(F)F,,0.29018887877464294
1285,OCC1NCC(O)C(O)C1O,,0.2903047800064087
8413,CCCCCCCCCCCC(=O)NCCO,,0.29031679034233093
8153,CCN(CC)C(C)C=C(c1cccs1)c1cccs1.Cl,,0.2903345823287964
9348,COC(F)(F)CCl,,0.2903355360031128
1325,COCCCCCCCCCCCC(=O)O,,0.29037562012672424
7464,C=CCO,,0.2903825342655182
8438,CCCCCCCCC=CCCCCCCCCO,,0.29038864374160767
8862,FC(F)(F)C(F)(F)C(F)(F)C(F)(F)C(F)(F)C(F)(F)C(F)(F)C(F)(F)F,,0.29056134819984436
960,CCC(=O)O,,0.29059621691703796
4947,O=C([O-])CF,,0.2906704843044281
8360,CCCC(=O)OCCC(C)CCC=C(C)C,,0.2907821834087372
8431,CCCCCCCCCOC(C)=O,,0.29079490900039673
9322,O=C(O)CCCCCCCCCCCCCCCCCF,,0.2908303141593933
9135,FC(F)C(F)F,,0.2909339964389801
2620,Oc1c(I)cc(Cl)c2cccnc12,,0.29107075929641724
6863,Oc1ccccc1Br,,0.29108375310897827
4948,O=C(O)CF,,0.2911186218261719
7558,CN1CN(C)CN(C)C1,,0.29120132327079773
4111,CC(C)(C)OC(=O)NCCCCCN,,0.2912057638168335
6943,O=C(C(Cl)Cl)N(CCO)Cc1ccc(Cl)cc1Cl,,0.2912401556968689
8359,CCC(=O)OCCC(C)CCC=C(C)C,,0.2914252281188965
7770,CCCCCCCCCCOC(C)=O,,0.29155784845352173
4214,CC(C)=CCCC(C)=CCO,,0.29158586263656616
7474,C=C(C)CC(C)(C)C,,0.29174232482910156
7741,C=CCCCCCCCCC(=O)OC,,0.2918708920478821
6168,OOC1(OOC2(O)CCCCC2)CCCCC1,,0.291928768157959
8236,CCCCN(CCCC)C(=S)S,,0.2920714020729065
1396,OCC1OC(CO)C(O)C1O,,0.2921980023384094
6437,O=C(O)Cc1c(Cl)ccc(Cl)c1Cl,,0.2922186851501465
8348,O=NN1CCN(N=O)CC1,,0.29228919744491577
6963,CC(CCN(C)C)N(C)C,,0.29234302043914795
1548,C#CC(O)C=CCCCCCCCCC(C)CCCCCCCC,,0.2923845946788788
8255,CCN(CC)CCOc1ccc2nc(N(C)C)sc2c1.Cl.Cl,,0.29239094257354736
9127,CCCCOC(F)(F)C(F)F,,0.29242751002311707
5873,CS(C)(=O)=O,,0.2924804985523224
5590,O=c1[nH]c(=O)n([C@H]2C[C@H](O)[C@@H](CO)O2)cc1I,,0.2925354540348053
2001,NN=C(N)N,,0.29253971576690674
9976,CC(=O)C(Cl)Cl,,0.2925899028778076
8818,C[N+]([O-])(CCCl)CCCl,,0.2926611304283142
7399,CC(C)=CCC[C@H](C)CCO,,0.29272374510765076
7562,O=c1[nH]c(=O)[nH]c(=O)[nH]1,,0.29277512431144714
6247,CN1C(C)(C)CCCC1(C)C,,0.2927888333797455
9839,CC#CC,,0.29289892315864563
61,Oc1cc(Cl)c(O)cc1Cl,,0.2929452061653137
1328,CCCCCCCNC1CCCC1CCCCCCC(=O)O,,0.29301947355270386
7391,CCCCCCCCCCCC1CCC(=O)O1,,0.2930872142314911
9047,Fc1c(F)c(F)c(Cl)c(F)c1F,,0.29314228892326355
8512,CC(=O)OCCC(C)CCC=C(C)C,,0.29345712065696716
5814,CCC(C)C(C)(COC(N)=O)COC(N)=O,,0.29346293210983276
9840,N#CCF,,0.2935211658477783
8513,CC(=CCO)CCC[C@H](C)CCC[C@H](C)CCCC(C)C,,0.29367971420288086
7808,CCCCCCCCCCCCOC(C)=O,,0.29371169209480286
6911,CNC(=O)NC,,0.293803334236145
5604,CCN(CC)N=O,,0.29380837082862854
1382,O=C(O)COc1cc(Cl)c(Cl)cc1Cl,,0.2938084304332733
9870,C=CC(C)(O)CCCC(C)CCCC(C)CCCC(C)C,,0.293839693069458
2346,CCCCCCCCCCCCCCCC(O)C(CO)NC(C)=O,,0.29385071992874146
9129,C#CCC1(OC(N)=O)CCCCC1,,0.29393240809440613
9464,CC(CCCCCCCCF)CCCCCCCCC(=O)O,,0.2939658463001251
6566,O=C(O)c1ccccc1I,,0.29404711723327637
643,CC(C)=CCCC(C)=CCCC(C)=CCCC=C(C)CCC=C(C)CCC1OC1(C)C,,0.2940899133682251
9700,NCC(O)C(O)C(O)C(O)CO,,0.29410043358802795
7646,CCCCCCCCCCCCCC(=O)OC(C)C,,0.29412075877189636
8405,CCCCCCCCCCCCCC(=O)NCCO,,0.29433920979499817
1784,Nc1ncnc2c1nc(Br)n2C1OC2COP(=O)(O)OC2C1O,,0.29443418979644775
4355,NC1CCCCC1N,,0.294752836227417
7373,CN(CCO)CCO,,0.2947900593280792
7518,CC(C)NC(C)C,,0.29485321044921875
6137,CCC(Br)(CC)C(=O)NC(N)=O,,0.29488006234169006
1463,CCCCCCCCCCCCC(O)C(=O)O,,0.2949303090572357
9101,FC(F)C(F)(F)F,,0.29499638080596924
6171,C#CC1(O)CCCCC1,,0.2950865924358368
8010,CN1C2CCC1CC(O)C2,,0.29535168409347534
1215,NC(Cn1cc(I)c(=O)[nH]c1=O)C(=O)O,,0.29536280035972595
7461,C=CC#N,,0.2954229414463043
6929,CC(C)N(CCO)C(C)C,,0.2956005930900574
7395,CCCCCCC(O)CCCCCCCCCCC(=O)O,,0.29562172293663025
7723,C1CCCNCC1,,0.2957324981689453
9901,CC(=O)S,,0.2958362400531769
36,OCC1OC(O)CC(O)C1O,,0.295868843793869
8302,CCN(CCO)CCO,,0.29598382115364075
3893,CCCCCC=CCC=CCC=CCC=CCCCCP(=O)(F)OC,,0.29599446058273315
7598,CN(C)CCCN,,0.296021044254303
8953,FC(F)(F)c1ccc(Cl)c(Cl)c1,,0.2961254119873047
7686,C1CCNCC1,,0.29618117213249207
3948,CN(CC(O)C(O)C(O)C(O)CO)C(=S)S,,0.2962130904197693
7590,O=C1CCCCCCCCCCCCCCCO1,,0.29625576734542847
3836,CCCC(C)(COC(N)=O)COC(N)=O,,0.29633864760398865
1097,NC(N)=O,,0.296354740858078
6471,COC([CH2][Hg])Cc1cccc2cc(C(=O)O)c(=O)oc12,,0.2965797185897827
7124,CNC1CCCCC1,,0.29663658142089844
325,O=P1(O)OC2C(O)C(O)C(O)C(O)C2O1,,0.2967040240764618
8330,CN(C)C(=O)Nc1ccc(Cl)cc1.O=C(O)C(Cl)(Cl)Cl,,0.29672732949256897
7470,COCCl,,0.2967877686023712
8786,COP(=S)(NC(C)C)Oc1ccc(Cl)cc1Cl,,0.2970261871814728
7383,CN(CCCN)CCCN,,0.2971661686897278
4516,O=[As]c1ccccc1,,0.29721593856811523
3865,COP(N)(=O)SC,,0.2972223162651062
7508,CN(C)CCO,,0.29728445410728455
9871,CS(=O)(=O)CCCN=C=S,,0.2973972260951996
6143,C#CC(C)(O)CC,,0.2974264919757843
7028,CN(C)C1CCCCC1,,0.29760244488716125
4118,CCCCCCCCCCNC(=O)NC1CCCCC1,,0.29767584800720215
9883,O=C(O)CCCCCCCCCCCCCCCO,,0.2977124750614166
2903,COC(=O)OC(=O)OC,,0.29775041341781616
7651,CCCCCCCCCCCCCC(=O)OCCCC,,0.29779452085494995
3745,C1CCN2CC3CC(CN4CCCCC34)C2C1,,0.2977968752384186
913,CCCCCCCCCCCCCCCC(=O)O,,0.2978094220161438
9849,CC(C)=CCCl,,0.2978660762310028
7771,CCCCCCCCCCCCN(C)C,,0.2979852259159088
1248,OCC1NCC(O)C1O,,0.29805994033813477
9354,FCC(F)F,,0.2980700731277466
8036,CN1CCCC1,,0.29810023307800293
9328,N#CN,,0.2982495129108429
3870,C1N2CN3CN1CN(C2)C3,,0.2982744872570038
6093,OCC(F)(F)C(F)F,,0.2983872592449188
269,NOCC(=O)[O-],,0.29844799637794495
7450,C=CCC,,0.29846125841140747
6784,CCCCCCCCCCCCCCCCCC(=O)N(CCO)CCO,,0.29858916997909546
1460,CCCCCCCCCCCCCCC(F)C(=O)O,,0.2986014187335968
9954,OC[P+](CO)(CO)CO.[OH-],,0.29864901304244995
9842,C1CNC1,,0.29865387082099915
8365,CCCCCCC(O)CCCCCCCCCCC(=O)OC,,0.2989569306373596
429,OCC(O)C(O)C(O)C(O)CO,,0.2989569902420044
6783,O=C(O)CCCOc1cc(Cl)c(Cl)cc1Cl,,0.2990279495716095
7729,CC=CCCCCC,,0.29904797673225403
7750,ClCCOCOCCCl,,0.29909151792526245
1518,CCCCN(CCCC)CCCN,,0.29909467697143555
6537,OC[C@@H](O)C(O)[C@@H](O)CO,,0.29923805594444275
133,CC(C)CCCC(C)C1CCC2C3C(O)CC4CC(O)CCC4(C)C3CC(O)C12C,,0.29928019642829895
2350,CCCCCCCCCCCCCCCC(O)C(CO)NC(=O)CCCCCCC,,0.29933756589889526
7550,CC(CCl)OC(C)CCl,,0.29936841130256653
3323,NC(N)=NCCSSCCN=C(N)N,,0.2994168996810913
134,CC(CO)CCCC(C)C1CCC2C3C(O)CC4CC(O)CCC4(C)C3CC(O)C12C,,0.29947468638420105
9226,C=CCCCCF,,0.2995169758796692
4413,CCCCCCCCCCCCCCCC(=O)NCCO,,0.29959484934806824
5999,FCF,,0.29961052536964417
9305,O=C(OCCF)OCCF,,0.29961490631103516
703,O=C(O)CO,,0.2996200919151306
931,O=P([O-])(O)O,,0.2996971309185028
7217,CNC(C)CC1CCCC1,,0.29974812269210815
7509,CCC[N+](=O)[O-],,0.2997901737689972
8420,CCCCCCCCCCCCCCCC(=O)OC(C)C,,0.2998550236225128
8078,CC(C)N(CCO)CCO,,0.29985693097114563
6292,CC1(N)CCC(C(C)(C)N)CC1,,0.2999137341976166
7578,CN1CCOCC1,,0.30010804533958435
4043,CCNCCCNCCCCNCCCNCC,,0.30013152956962585
7237,OB(O)O,,0.30015483498573303
9375,CC12CC[C@H](F)C[C@@H]1CCC1C2CCC2(C)C1CC[C@@H]2O,,0.30015555024147034
7690,CC(O)CNCC(C)O,,0.30023032426834106
7784,CCCCCCCCCCCCCCCC(=O)OC,,0.3003646731376648
7465,C#CCO,,0.3004646599292755
9476,NCCCCCCF,,0.30047351121902466
8435,NCCCCCCNCCCCCCN,,0.30074092745780945
7880,OCC(CO)(CO)CO,,0.3007452189922333
5127,CC(C)NP(=O)(NC(C)C)OP(=O)(NC(C)C)NC(C)C,,0.3010059595108032
7353,C#CC(O)CCC,,0.30111730098724365
7855,C#CC(C)(C)O,,0.3011288046836853
9837,CCCCCCC1CC1CCCCCCCCCC(=O)O,,0.3011915981769562
8363,CCCCCCCCCCCCCCCCCC(=O)NCCNCCO,,0.3012685775756836
7107,CCN(CC)CCO,,0.3012757897377014
7135,CCN1CCOCC1,,0.30127808451652527
9882,CCCCCCCCCCCCCCCCC(=O)O,,0.3012949228286743
881,OCC1OCC(O)C1O,,0.3013857305049896
9082,NCCCCCCCF,,0.30153876543045044
1783,Nc1ncnc2c1nc(Br)n2C1OC2COP(=O)([O-])OC2C1O,,0.30155736207962036
8367,CC(C)=CCCC(C)CCO,,0.3015625476837158
4042,CCNCCCNCCCNCCCNCC,,0.3020873963832855
7882,CCCC[P+](CCCC)(CCCC)Cc1ccc(Cl)cc1Cl,,0.3021763861179352
9132,FC(F)=CCl,,0.3022201359272003
7814,CCCCCCCCCCCCCCN(C)C,,0.3022456169128418
7168,CNC(C)CC1CCCCC1,,0.30224817991256714
7599,CC(C)NCCO,,0.3022969365119934
6213,CC(N)CN,,0.3023294508457184
7137,C1CN2CCC1CC2,,0.3025316298007965
6151,NC(CO)(CO)CO,,0.30266761779785156
3806,CNC1(C)C2CCC(C2)C1(C)C,,0.30268576741218567
5594,CC[C@@H]1C(=O)OC[C@@H]1Cc1cncn1C.Cl,,0.3027282655239105
5980,C#C,,0.3027344346046448
9448,NCCF,,0.3029276132583618
9818,CCCCCCCCCCCCCCC1CCC(=O)O1,,0.3030970096588135
7422,CC1CNC(C)CN1,,0.3031107783317566
1705,CCCCCC(O)CCCC(=O)[O-],,0.3031587600708008
9314,CCCCCCC(F)F,,0.30323758721351624
9134,FC(Cl)C(Cl)Cl,,0.3033032715320587
3386,CC(N)CCCC(C)(C)O,,0.30330514907836914
7694,CCCCCCCCCCCCCCCC(=O)OCCCC,,0.30335381627082825
4848,CC(N)CO,,0.30338847637176514
6031,C[N+](C)(C)C.[Cl-],,0.30345362424850464
8915,FC(F)(F)c1ccc(Cl)cc1Cl,,0.3034554123878479
4573,C1CNCCN1,,0.3035859763622284
2801,CC(N)CNCCNCC(C)N,,0.30364665389060974
763,OCC(O)C(O)C(O)CO,,0.3036614656448364
8527,C1CN1,,0.3036653995513916
2063,CC1(CO)C(O)CCC2(C)C1CCC1CC3CC12CCC3(O)CO,,0.30383002758026123
4919,FCOC(C(F)(F)F)C(F)(F)F,,0.30384454131126404
3,CC(O)CN,,0.3038492500782013
7580,CC1CCCCN1,,0.30391648411750793
5104,CC1(C)CC(O)CC(C)(C)N1O,,0.30395278334617615
7608,C=CCCC,,0.30396324396133423
7286,OCCN1CCNCC1,,0.30412712693214417
8384,CC1COCC(C)N1,,0.3042553663253784
2733,NC1CCCC1,,0.3042789697647095
9487,FCCOCCOCOCCOCCF,,0.3043508231639862
3235,CC(O)C(O)C(O)C(O)CO,,0.3044358789920807
6163,C=C[Si](OCC)(OCC)OCC,,0.3044418692588806
9835,CNC(C)CCCC(C)C,,0.30454570055007935
5989,C#CC,,0.30454590916633606
5120,CC[N+](CC)(CC)CC,,0.30456799268722534
7959,Cc1c(Cl)cccc1Cl,,0.3047463893890381
8727,C1CN2CCN1CC2,,0.304789274930954
4991,CCCCCCCCCCCCCCCCCC(=O)O,,0.3048153221607208
1232,NCCCCCCCCCCN,,0.30503904819488525
1256,NCCN1CCCC1,,0.30518123507499695
9488,C=C=C,,0.30520448088645935
3369,CCCCCCCCCCCCCCCCS(=O)(=O)F,,0.30524712800979614
2338,CCCCCCCCCCCCCC=CC(O)C(CO)NC(=O)CCCCCCCCCCCCCCC,,0.30525723099708557
7666,N#CCCC#N,,0.30527549982070923
7615,N#CCCO,,0.30540764331817627
7765,CCCCCCCCCCCCCCCCCC(=O)OC(C)C,,0.30544722080230713
7804,CCCCCCCCCCCCCCCCCC(=O)OC,,0.30545952916145325
6158,CCC(CO)(CO)CO,,0.3057021200656891
7436,CCCCCCCCC1OC1CCCCCCCC(=O)OCCCC,,0.3057146370410919
9028,CCC[N+](CCC)(CCC)CCC,,0.3057357966899872
1944,ClC1=C(Cl)C2(Cl)C3C4C=CC(C4)C3C1(Cl)C2(Cl)Cl,,0.3057416081428528
7514,CC(C)CC(C)N,,0.3058120906352997
4602,OCCOCCOCCOCCOCCOCCOCCOCCOCCO,,0.3058631718158722
8052,CCN(CC)CC,,0.3059012293815613
9964,CC=C(C)C,,0.30591505765914917
8083,CNCC(OC)OC,,0.3062818646430969
7227,OCCN(CCO)CCO,,0.306293249130249
9743,CCC(O)C1CCCCN1,,0.30629590153694153
5150,OCCSCCO,,0.3064059317111969
3403,CCCCC(CC)CN1CN(CC(CC)CCCC)CC(C)(N)C1,,0.30642521381378174
7877,CCC(N)(CO)CO,,0.3064851760864258
30,OCCCl,,0.30665692687034607
9023,FC(F)(F)C(F)(F)C(F)(F)C(F)(F)C(F)(F)C(F)(F)C(F)(F)F,,0.3067885637283325
7687,C1COCCN1,,0.3067931532859802
7689,CC(C)CNCC(C)C,,0.3068450689315796
1290,CCCCCCCCCCCCCCCCOCC(CO)OC(C)=O,,0.3069379925727844
2869,CCOC(=O)OC(=O)OCC,,0.306965172290802
1353,C#CCCCCCCCCCCCCCCCC(=O)O,,0.30696991086006165
7951,CC1(C)C(=O)N(Cl)C(=O)N1Cl,,0.30701759457588196
7571,NC1CCCCC1,,0.307070255279541
3799,NCCC1CCCC(CCN)N1,,0.3071998357772827
7725,CCCCCCCCCCCCCCCCCC(=O)OCC,,0.30742737650871277
7672,CCCCNC,,0.307632714509964
6204,CC(C)CN,,0.30774202942848206
7424,CN1CCN(C)CC1,,0.307766854763031
8730,C1CC2CCC1CNC2,,0.30776795744895935
7225,CCCN(CCC)CCC,,0.30779337882995605
7620,CNCCO,,0.3078646957874298
9470,NCCCF,,0.3078710734844208
7618,CNCCN,,0.30787184834480286
6029,CC1CN1,,0.30787789821624756
9624,Cc1cc(=O)n(-c2ccccc2)n1C.OC(O)C(Cl)(Cl)Cl.OC(O)C(Cl)(Cl)Cl,,0.3078867793083191
7674,CNCCNC,,0.30794671177864075
5496,CC(C)NCC(O)c1ccc(Cl)c(Cl)c1.Cl,,0.30804088711738586
6064,COS(=O)(=O)O,,0.3082044720649719
7229,CCCCN(CCO)CCO,,0.30876538157463074
1547,OCC(O)CF,,0.3088218867778778
6286,CC1CCC(C(C)(C)OO)CC1,,0.308836966753006
9227,C#CCCCCF,,0.30890795588493347
8494,OCC(O)C(O)CO,,0.3089192807674408
7360,CCC(C)CC(C)N,,0.30905240774154663
5396,OC12CCCCCCC3CCN4CCCC(CCCCCCC5CCN(CCC1)C2O5)C4O3,,0.30908235907554626
1435,CC1CCN=C(N)S1,,0.30917981266975403
7350,CC(N)CC1CCCC1,,0.30922403931617737
3227,CC1OC1P(=O)([O-])[O-],,0.30937203764915466
8531,CN(C)P(=O)(OP(=O)(N(C)C)N(C)C)N(C)C,,0.30944982171058655
1433,CC(N)(CO)CO,,0.30946800112724304
257,NCCCCCN,,0.30968862771987915
6941,CCOP(=S)(OCC)Oc1ccc(Cl)cc1Cl,,0.3097139298915863
2726,NC1CCCCCC1,,0.30973201990127563
7334,CCC1CCC(C)NC1,,0.309744656085968
9080,C#CCCCCCF,,0.30977532267570496
2904,CCCCCCCCCCCCCCCCCC(=O)OCC(C[N+](C)(C)CCO)OC(=O)CCCCCCCCCCCCCCCCC,,0.3098498284816742
5996,CC#N,,0.309972882270813
7719,ClCCOCCCl,,0.3100737929344177
468,CSCC1OC(O)C(O)C1O,,0.3102175295352936
7239,CC(O)CNC1CCCCC1,,0.3102355897426605
9437,CCCC1CCCCN1,,0.31031399965286255
1925,CC(C)C1C2CCC(C2)C1N,,0.3103284239768982
9202,OCCF,,0.31036436557769775
8726,C1CC2CCC1CN2,,0.3104454278945923
349,NCCCCNCCCCN,,0.3104807436466217
6881,Nc1cc(Cl)ccc1Cl,,0.31050223112106323
7717,OCCNCCO,,0.310505747795105
972,NCCCCN,,0.31060346961021423
4487,C1CCC(C(CC2CCCCN2)C2CCCCC2)CC1,,0.3106342852115631
9319,C#CCCCCCCF,,0.31064480543136597
405,NCCCN,,0.31081199645996094
6920,O=C1OCCO1,,0.3108908236026764
7676,CCNCCO,,0.3111612796783447
1028,NCCCNCCCCNCCCN,,0.311170756816864
9486,N#CCCCCOCCCCF,,0.3112220764160156
6855,Cc1ccccc1Br,,0.31127306818962097
7230,CCCCN(CCO)CCCC,,0.31130293011665344
1445,OCC1OC(O)C(Cl)C(O)C1O,,0.31132951378822327
2730,NC1CCCCCCC1,,0.31133195757865906
612,CCOP(O)(=S)OCC,,0.31138187646865845
7359,CCOC(=O)NC,,0.3114398121833801
2062,NSC(=S)N1CCCC1,,0.3114750385284424
9481,C#CCCCCCCCF,,0.31151631474494934
1068,CN(C)C,,0.3115842342376709
3924,COS(C)(=O)=O,,0.31161990761756897
8582,C1CCC2(CC1)CCCN2,,0.3116334080696106
7716,NCCNCCO,,0.31164875626564026
9861,N#CNC#N,,0.31166523694992065
6907,OC(CCl)CCl,,0.31168824434280396
5784,CCOS(C)(=O)=O,,0.3116910457611084
7394,CCCCCCCCCCCCCCCCCC(=O)OCCOCCO,,0.311761736869812
1067,C[N+](C)(C)[O-],,0.3117850422859192
8416,CCCNCCC,,0.3117891550064087
6901,CCC(C)CN,,0.3118070363998413
7715,NCCNCCN,,0.3118423819541931
9884,CCCCCCCCCCCCCCCCCCCC(=O)O,,0.31196171045303345
5454,O=C(O)c1c(Cl)c(Cl)cc(Cl)c1Cl,,0.31202253699302673
5625,NCCCNCCCN,,0.31204748153686523
5301,CCCCCC(C)N,,0.31280043721199036
1027,NCCCCNCCCN,,0.3128693997859955
8372,CCCCCCCCC1OC1CCCCCCCC(=O)OCC(CC)CCCC,,0.3128731846809387
7614,N#CCC#N,,0.3129641115665436
4452,CC(C)CC(O)C(O)C(N)CC1CCCCC1,,0.313011109828949
5656,CN(C)N,,0.31301259994506836
3826,CC12CC3CC(C)(C1)CC(N)(C3)C2,,0.31303855776786804
3110,NCCN,,0.3131047189235687
8326,NCCN1CCNCC1,,0.3131239116191864
7622,COCCN,,0.3131575584411621
6873,Cc1ccc(Cl)cc1Cl,,0.31316161155700684
7728,C=CCCCCCC,,0.3132147789001465
4053,NS(=O)(=O)c1ccc(S(=O)(=O)NCc2cccs2)s1,,0.3132859170436859
5895,CCc1oc2ccccc2c1C(=O)c1cc(I)c(O)c(I)c1,,0.31337592005729675
7611,CCCCN,,0.31355172395706177
7625,CCNCC,,0.31356579065322876
7788,C=CCCCCCCCCCO,,0.31360211968421936
2227,COCCNCCOC,,0.3136051297187805
8475,O=[N+]([O-])c1cc([N+](=O)[O-])c([O-])c([N+](=O)[O-])c1.[Ag+],,0.3136364221572876
64,CC1(CO)OP(=O)(O)OP(=O)(O)OCC1O,,0.313768208026886
1451,NCC(O)C1CCCCCCC1,,0.31396329402923584
6020,CC(F)F,,0.31417739391326904
699,OCC(O)CO,,0.31428802013397217
9961,CC1C(O)CC2(C(C)C)CC12,,0.3144085109233856
817,[CH3-],,0.31444263458251953
6315,C1C2OC2C2C1C1CC2C2OC12,,0.3145436942577362
7879,CCC(CC)(CO)CO,,0.3146337866783142
6015,CC(C)N,,0.3146488070487976
9852,OC1CCCC(O)C1,,0.3148074448108673
1069,C[S+](C)C,,0.3148864805698395
7800,NCCNCCNCCNCCN,,0.3150409460067749
7452,C#CCC,,0.315081924200058
7192,C1CCC(NC2CCCCC2)CC1,,0.3150896728038788
3649,CC(C)CC(N)CS,,0.31528040766716003
6037,CC(C)(C)N,,0.3153563141822815
7326,CCCCC(CC)CN,,0.31539449095726013
7735,CCCCNCCO,,0.31541579961776733
6150,CC(CO)(CO)CO,,0.3155250549316406
3052,CC(C)CCCC(C)C1CCC2C3CCC4CC(O)CCC4(C)C3CCC12C,,0.3155689239501953
6960,CN(C)C(=S)SC(=S)N(C)C,,0.31560957431793213
711,O=C([O-])O,,0.31563717126846313
3847,O=S(=O)([O-])CCS,,0.3156830072402954
6313,Clc1cccc(Cl)c1C(Cl)Cl,,0.31596192717552185
8576,NCCCO,,0.3159788250923157
1131,CC1CCCC2(C)CCCCC12O,,0.31604424118995667
9955,OC[P+](CO)(CO)CO,,0.31608712673187256
7437,CCCCCCCCOC(=O)CCCCCCCC1OC1CCCCCCCC,,0.3160931169986725
7823,CCCCCCCCC=CCCCCCCCC#N,,0.31614118814468384
6218,CC(O)C#N,,0.31617018580436707
4636,CC(O)C1CCC2C3CCC4CC(O)CCC4(C)C3CCC12C,,0.3163255751132965
6379,CCC(CCC(C)C1CCC2C3CCC4CC(O)CCC4(C)C3CCC12C)C(C)C,,0.31640905141830444
2724,NC1CCCCCCCCCCC1,,0.3165947198867798
8452,CC(C)C(O)C(C)(C)CO,,0.31673869490623474
650,NCCO,,0.31680330634117126
7231,CCCCN(CCCC)CCCC,,0.3168945610523224
6060,FC(F)(F)CCl,,0.31694403290748596
1985,NC12CC3CC(CC(C3)C1)C2,,0.31705233454704285
5731,NCCS,,0.31718897819519043
3480,O=c1[nH]c(=O)n(C2CC(O)C(CO)O2)cc1I,,0.3172288239002228
7849,C=CC,,0.3173544406890869
9100,FC(F)C(F)(F)Cl,,0.31739047169685364
2898,OCC(S)CS,,0.31739750504493713
5264,NCCNCCNCCN,,0.31743836402893066
9236,OCCOCCOCCF,,0.31750208139419556
9320,OCCCCCCCF,,0.31754907965660095
9233,OCCCCCCF,,0.31755203008651733
6021,C=C(F)F,,0.317569762468338
7664,CCCCCN,,0.3176576495170593
7706,CCCCCCN,,0.3177156150341034
9894,N#CCl,,0.3179996907711029
9321,OCCCCCCCCF,,0.31802213191986084
8724,C1CC2CCC1O2,,0.3182101249694824
9453,NCCC(F)(F)F,,0.31821179389953613
7500,CC(C)CCN,,0.31825995445251465
7429,OCCCCC(O)CO,,0.31827449798583984
5681,CCOS(=O)(=O)O,,0.31829994916915894
6172,CCC(C)(CC)OC(N)=O,,0.31837746500968933
7730,CCCCCCCN,,0.31837955117225647
4797,CC(N)C12CC3CC(CC(C3)C1)C2,,0.31839078664779663
7786,C=CCCCCCCCCCC,,0.318583220243454
5992,C=CCl,,0.3188132345676422
6058,CC(C)(O)C#N,,0.31898167729377747
9220,OCCCCF,,0.31912511587142944
9765,OCC(Cl)CO,,0.31916406750679016
6092,CC(O)C(C)(C)CO,,0.31931328773498535
7004,CC(C)(C)[C@H]1CC[C@@H](O)CC1,,0.31941503286361694
9483,OCCCCCCCCCF,,0.319430947303772
1704,C#CC=CC(O)CCCCCCCCCCC(C)CCCC,,0.3194451928138733
9228,OCCOCCF,,0.31945502758026123
9355,CN(C)C(=O)F,,0.319463849067688
8779,O=C(O)[C@H](O)[C@H](O)[C@@H](O)[C@@H](O)CO.O=C(O)[C@H](O)[C@H](O)[C@@H](O)[C@@H](O)CO.[Fe],,0.319507360458374
7486,CCCCCCCCCCCCCCCCCC[N+](C)(C)CCCCCCCCCCCCCCCCCC,,0.3196974992752075
7476,CC(O)CC(C)(C)O,,0.3197137713432312
2290,CC(C)C(Br)C(=O)NC(N)=O,,0.3197656571865082
7397,CCCCC(CC)CNCC(CC)CCCC,,0.3198924660682678
7751,CCCCNCCCC,,0.3199068009853363
6220,ClCC(Cl)Cl,,0.3199169933795929
8579,C1OCC12COC2,,0.3199189305305481
7463,N#CCO,,0.3199351727962494
6909,OCC(O)CS,,0.3200974464416504
7818,CCCCCCCCCCCCCCCCCCCCCC(=O)O,,0.32021352648735046
1561,COCCCN,,0.3202190697193146
7746,CCCCCCCCN,,0.32042261958122253
9086,FCCCCCCCCCCCCF,,0.3205348253250122
7530,CC1COC(=O)O1,,0.3205392062664032
7909,COC(=O)C(Cl)Cl,,0.3205699622631073
9572,CC1(O)CCC2CC1C2(C)C,,0.32060834765434265
6831,CCCC(O)C(CC)CO,,0.3208374083042145
9017,OCCCCCCCCCCF,,0.3208450675010681
9474,FCCCCCl,,0.3208829164505005
6024,FC(F)Cl,,0.3208951950073242
9016,FCCCCCCCCCCF,,0.32118988037109375
9324,FCCCCCCCCCCCCCCCCCCF,,0.3212125301361084
6293,CC1(O)CCC(C(C)(C)O)CC1,,0.32132086157798767
7754,N#CCCSCCC#N,,0.3213658034801483
7458,CCCN,,0.32148170471191406
7635,CC(C)(O)CCC(C)(C)O,,0.32150158286094666
9323,FCCCCCCCCCCCCCCCCF,,0.32168829441070557
6470,COC([CH2][Hg])Cc1cccc2cc(C(=O)O)c(=O)oc12.O,,0.3218795955181122
9087,OCCCCCCCCCCCCF,,0.3219793438911438
9312,FCC=CCF,,0.32204294204711914
247,CC(O)C(C)O,,0.3220602571964264
8439,CCCCOCCOCCOCOCCOCCOCCCC,,0.3221137225627899
9551,CC(C)C12CCC(C)(CC1)O2,,0.3222842812538147
213,NC(O)P,,0.32230880856513977
8722,C1CC2OC2C2OC12,,0.32233336567878723
8053,COP(OC)OC,,0.32240599393844604
6245,O=C(C(F)(F)F)C(F)(F)Cl,,0.3228563368320465
8193,Clc1ccc(C(Cl)Cl)c(Cl)c1,,0.32288670539855957
62,Oc1cc(Cl)ccc1Cl,,0.323183536529541
958,CC(O)CO,,0.3232131600379944
1467,OCCS,,0.32322773337364197
1933,CCCCCCCCCCCCCCCCCCOCC(COC(=O)OC1C(O)C(O)C(O)C(CO)C1O)OC,,0.3232389986515045
7567,Brc1ccccc1,,0.3233194053173065
9828,CC(C)CCCC(C)NCCC(C)C,,0.3233577311038971
1422,CCCCNCCS,,0.32336610555648804
9960,CCS(=O)(=O)CCO,,0.3234317898750305
1237,CNNC,,0.3238152861595154
7691,CC(O)COCC(C)O,,0.32387226819992065
9235,COCCCCCF,,0.3238919675350189
2519,CC1OC2(CS1)CN1CCC2CC1,,0.3241223990917206
9779,CC(C)(O)[C@H]1CC[C@@H](C)CC1,,0.32412296533584595
7214,CCCCCCCCCCCC[N+](C)(C)Cc1ccc(Cl)c(Cl)c1.[Cl-],,0.32412955164909363
9083,COCCCCCCF,,0.3242470622062683
8429,CCCCCCCCCCN,,0.32427194714546204
7342,OCC1CCC(CO)CC1,,0.32435041666030884
6062,CC(C)(C)OO,,0.3244117498397827
7624,COCOC,,0.32441291213035583
5869,C[N+](C)(C)CCO.[Cl-],,0.32445356249809265
1171,CC1CCC(C(C)C)C(O)C1,,0.32453420758247375
7803,OCCOCCOCCOCCO,,0.32454296946525574
9203,CC(C)NP(=O)(F)NC(C)C,,0.3246571719646454
1032,OC1CCC2C(CCC3C4CCCC4CCC23)C1,,0.32477715611457825
9838,FCC1CO1,,0.3249267339706421
5928,NC(Cc1ccc(O)c(I)c1)C(=O)O,,0.32505002617836
7679,CCSCCO,,0.32509350776672363
8315,ClCCOP(OCCCl)OCCCl,,0.32516926527023315
9027,CCC[N+](CCC)(CCC)CCC.F[B-](F)(F)F,,0.32526618242263794
5395,C1CCCC2CCCN3CCC(CCCCCCC4CCCN5CCC(CC1)OC45)OC23,,0.32544443011283875
9482,FCCCCCCCCCCl,,0.3256165683269501
5337,CCOC(N)=O,,0.3256562650203705
7493,CC(C)CCCC(C)C(O)CO,,0.32565805315971375
3884,COC(F)(F)C(Cl)Cl,,0.32584163546562195
9786,O=C(O)c1ccc(F)c(I)c1,,0.3258719742298126
2011,CCCCc1oc2ccccc2c1C(=O)c1cc(I)c(OCCN(CC)CC)c(I)c1,,0.3258809447288513
3775,CC1(C)CC(C23C=CC(CO)(CC2)OO3)CCC1Br,,0.3259824216365814
7775,OCCOCCOCCO,,0.3260340392589569
7820,C=CCCCCCCCCCCCCCCCC,,0.32604652643203735
162,OCCO,,0.3262268304824829
9965,CC(C)CCl,,0.32637521624565125
8854,Br.CC(N)Cc1ccc(O)cc1,,0.32643017172813416
9107,FC(F)(F)C(F)(F)C(F)(F)C(F)(F)C(F)(F)C(F)(F)F,,0.3265901207923889
3394,Oc1c(Cl)cc(Cl)c(Cl)c1Cc1c(O)c(Cl)cc(Cl)c1Cl,,0.3268338441848755
3881,CON,,0.3269423544406891
9241,OCC(F)(F)C(F)(F)C(F)(F)F,,0.3270552158355713
6893,CC1OC1C1CCC2(C)OC2C1,,0.3271158039569855
6057,CCC(C)(C)O,,0.32715415954589844
9015,FCCCCCCCCCCCl,,0.3272803723812103
9238,NCC(F)(F)F,,0.3274718225002289
9313,N#CCCCF,,0.32750406861305237
7563,CC(C)CC(O)CC(C)C,,0.32754164934158325
6142,CCC(C)(O)CC,,0.327629029750824
6241,O=C(O)C(Cl)Cl,,0.32763054966926575
9218,FCCCCF,,0.32767876982688904
7065,O=C(CBr)c1ccc(Br)cc1,,0.32775187492370605
9325,OCCCCCCCCCCCCCCCCCCF,,0.32810184359550476
6188,CCOP(=O)(OCC)SCCN(CC)CC,,0.32819777727127075
8729,C1C2CC3CC1OC(O2)O3,,0.32825884222984314
626,CNC,,0.3282742202281952
8865,FC(F)(F)C(F)(F)C(F)(F)C(F)(F)OC(F)(F)C(F)(F)C(F)(F)C(F)(F)F,,0.3285779654979706
8051,COB(OC)OC,,0.3286111056804657
9496,CC(O)C(C)(C)C,,0.3286498785018921
8433,CCCCCCNCCCCCC,,0.3287646472454071
9232,N#CCCCCCF,,0.32882222533226013
6918,CC1CCCO1,,0.3288523852825165
2251,[O-]c1c(Cl)cc(Cl)cc1Sc1cc(Cl)cc(Cl)c1[O-],,0.32887306809425354
9130,FC=C(F)Cl,,0.3289540112018585
8500,COC(OC)OC,,0.32898157835006714
8170,O=C1c2ccccc2C(=O)N1SC(Cl)(Cl)Cl,,0.3291310966014862
2009,Nc1nccs1,,0.3293861150741577
7009,O=S(=O)(Cl)c1ccc(Br)cc1,,0.32948869466781616
7502,CC(O)CCO,,0.3294944167137146
6973,OCC1CCCO1,,0.3295177221298218
9120,C[N+](C)(C)CCC(O)(c1ccccc1)c1cccs1.[I-],,0.3296288847923279
2591,CC12CCC(CC1)C(C)(C)O2,,0.3296665549278259
7893,CC1CC(O)CC(C)(C)C1,,0.32974758744239807
7721,OCCOCCO,,0.3297712802886963
7621,NNCCO,,0.3297954201698303
9008,N#CCCCCCCF,,0.3298496901988983
7372,CCOC(=O)OCC,,0.3300003111362457
7439,C1CC2OC2CC1C1CO1,,0.3301091194152832
6212,CC(Cl)CO,,0.330135315656662
6070,CC(Cl)(Cl)C(=O)O,,0.33022552728652954
7579,Brc1ccccn1,,0.33023205399513245
7781,COCCOCCOCCO,,0.3303197920322418
8783,CS(=O)(=O)OCC(O)C(O)COS(C)(=O)=O,,0.3303869664669037
1822,Nc1ncnc2c1c(I)cn2C1CC(N)C(O)C1O,,0.33047592639923096
7138,CC1(C)OCC(CO)O1,,0.3304930329322815
7600,CC(C)OCCO,,0.33069056272506714
3333,O=C1NC2C=CC(I)=CC2C1=Cc1cc(Br)c(O)c(Br)c1,,0.33075249195098877
7520,CC(C)OC(C)C,,0.3307804465293884
8434,CCCCOCCOCCOCCO,,0.3309420049190521
7793,CCOCCOCCOCCO,,0.33098557591438293
6916,OC1CCCC1,,0.33100852370262146
9225,CCCCCCF,,0.33112001419067383
7734,CCOCCCCO,,0.3312477469444275
8388,CCC(C)OC(=S)S,,0.3313862383365631
7755,CCCCCCCCCCCC[N+](C)(C)C.[Cl-],,0.33138880133628845
9821,OC1CCCCCC1,,0.3314145505428314
7572,OC1CCCCC1,,0.3315269947052002
6038,CC(C)(C)O,,0.33152902126312256
9213,O=S(=O)(F)CCCCCCF,,0.33154383301734924
9550,CC(C)C1(C(C)C)OCC(CO)O1,,0.3315882682800293
4363,CCS(=O)CCSP(=O)(OC)OC,,0.3316281735897064
5938,O=C1OC(c2ccc(O)c(S(=O)(=O)[O-])c2)(c2ccc(O)c(S(=O)(=O)[O-])c2)c2c(Br)c(Br)c(Br)c(Br)c21.[Na+].[Na+],,0.3316287398338318
7134,OCC1CCCCO1,,0.3320389688014984
9637,CC(C)CCCC(C)C1CCC2C3CCC4CCCCC4(C)C3CCC12C,,0.33204466104507446
7780,CCCCOCCOCCO,,0.33204883337020874
6194,CCC(C)(O)CCCC(C)C,,0.33211731910705566
8522,CCC(C)CCC(C)(O)CC,,0.33215656876564026
7794,CCCCCSSCCCCC,,0.3321860432624817
4116,O=C(Nc1ccc(I)cc1)NC1CCCCC1,,0.3322478234767914
8436,COCCOCCOCCOCCOC,,0.3322896659374237
7506,COCC(C)O,,0.33240386843681335
8385,COC(CC(C)CCCC(C)(C)O)OC,,0.33290383219718933
7745,CCCCCCCCCl,,0.33290594816207886
8738,C1CC2C3C(C1)C23,,0.3329148292541504
9478,CCCCCCCCF,,0.3330698311328888
7736,CCCCOCCO,,0.3330896198749542
7413,Nc1ccc(Br)cc1,,0.3330899178981781
7623,COCCO,,0.33312150835990906
5512,Br.CN1C2CCC1CC(OC(=O)C(O)c1ccccc1)C2,,0.33313289284706116
7713,CCOCCCO,,0.3331747353076935
7711,COCCCCO,,0.33321207761764526
9318,FCCCCCCS,,0.3334670066833496
9413,OC1CCOC1,,0.3335256278514862
9885,CCCCCCCCCCCCCCCCCCCCCCCCC(=O)O,,0.33355385065078735
9860,OCCCO,,0.3336314260959625
8583,C1CCC2(CC1)OCCO2,,0.33363309502601624
7525,CC(C)OC(=S)S,,0.33369162678718567
7516,CC(C)CC(C)O,,0.3339381515979767
7749,CCOCCOCCO,,0.3339557349681854
9140,COC(F)=C(C(F)(F)F)C(F)(F)F,,0.3340335190296173
5474,O=C(O)c1cc(Cl)c(Cl)c(Cl)c1Cl,,0.3341425061225891
8422,CCCCOCCCC,,0.3341442942619324
6030,CC1CO1,,0.33423539996147156
7709,OCCCCCO,,0.3342539966106415
9480,CCCCCCCCCF,,0.33428165316581726
7792,COCCOCCOCCOC,,0.33465301990509033
7668,OCCCCO,,0.3347247838973999
9012,CCCCCCCCCCF,,0.3347495198249817
9881,CCCCCCCCCCCF,,0.33516183495521545
2911,CCCCCCCCNCCCCCCCC,,0.33531653881073
6056,CC(C)(C)CO,,0.3354790210723877
7680,CCOCCO,,0.33549270033836365
9450,CCCF,,0.33555734157562256
7718,CCCOCCC,,0.335651695728302
9019,CCCCCCCCCCCCF,,0.3356699049472809
7737,COCCOCCO,,0.3357048034667969
6242,CN(C)C(=O)Cl,,0.33579206466674805
2940,CCCCCCCCCCCCCCCC(O)C(N)CO,,0.33584141731262207
8573,CS(=O)(=O)OCOS(C)(=O)=O,,0.33587679266929626
7440,CCC1CO1,,0.3361278474330902
6289,CCCC(CCC)C(=O)OC1C[C@H]2CC[C@H](C1)[N+]2(C)C.[Br-],,0.3361397981643677
7427,CCC(CO)CC(C)C,,0.3361545205116272
7117,OCC1CCCCC1,,0.33620673418045044
7795,CCCCCCCCCCCCCl,,0.3362483084201813
6077,CC(C)(O)C(C)(C)O,,0.33632397651672363
8999,FC(F)(F)COCC(F)(F)F,,0.3366410434246063
7813,CCCCOCCOCCOCCCC,,0.3367723822593689
8586,C1CCC2(CC1)OCCCO2,,0.33707189559936523
6971,CCC(CC)CO,,0.3372792899608612
6197,CCCC1OC1(CC)CO,,0.337337464094162
5121,CCCCCCCCOCCOCCOCCOCCO,,0.3373855650424957
7748,COCCCCCOC,,0.337407648563385
4453,O=C(O)C(S)Cc1ccc(I)cc1,,0.33741435408592224
7773,CCCCCCOCCO,,0.3374159634113312
9886,CCCCCCCCCCCCCCCCCCCCCCCCCC(=O)O,,0.33741655945777893
9477,CCCCCON=O,,0.3375355899333954
9475,CCOCOCC,,0.33758124709129333
7375,CC(C)OC(=O)OOC(=O)OC(C)C,,0.33773282170295715
9336,OCC(F)(F)C(F)(F)F,,0.33791401982307434
7757,CCCCCCCCCCCCCCCC[N+](C)(C)C.[Cl-],,0.3380826711654663
8733,C1CC2OC2C1,,0.33816105127334595
7782,CCOCCOCCOCC,,0.33819347620010376
9149,C[N+](C)(C)CCCN1c2ccccc2Sc2ccc(Cl)cc21.[I-],,0.3382498025894165
8844,NNc1cc(Cl)ccc1Cl,,0.33843129873275757
7327,CCCCC(CC)CO,,0.3385096788406372
7753,COCCOCCOC,,0.33852872252464294
8000,CC(=O)Nc1cc([As]2SCC(CO)S2)ccc1O,,0.33861133456230164
7460,CCC#N,,0.33865368366241455
7499,CC(C)CCCl,,0.3387032747268677
9951,O=P1(N2CC2)NC2CCCC3CCCC(N1)C32,,0.3387119770050049
7802,CCCCCCOCCOCCO,,0.33871790766716003
5596,C[N+]1(C)CCN(c2ccccc2)CC1.[I-],,0.3387231230735779
7801,CCCCCCOCCCCCC,,0.33875125646591187
6007,CCN.FB(F)F,,0.3387688398361206
7637,CC(C)(C)OOC(C)(C)C,,0.33885717391967773
6520,Clc1cccc(Cl)c1Cl,,0.33898651599884033
7977,O=C(O)c1cc(I)ccc1O,,0.33905962109565735
9200,O=C([O-])C=CC(=O)[O-].[Na+].[Na+],,0.3390624225139618
8269,CCC(C)CO,,0.33907046914100647
7659,CCCCOC(=S)S,,0.3391566574573517
7477,CC(C)OP(C)(=O)F,,0.33926913142204285
5995,CCN,,0.3392784297466278
5149,CC12CCC(CC1=S)C2(C)C,,0.3392837643623352
5734,CNN,,0.3393658697605133
7657,CC(C)CCON=O,,0.3394029140472412
60,OC1C=C(Cl)C(O)C=C1Cl,,0.33947500586509705
9347,FC(F)(F)C1(F)OC1(F)F,,0.3398231565952301
7232,CCCCOP(OCCCC)OCCCC,,0.3398745357990265
7791,CCCCOCCOCCCC,,0.33990249037742615
7352,CCCC(C)CO,,0.33991539478302
9770,CC1OCCO1,,0.34004637598991394
6191,CC(C)(C)OOC(C)(C)CCC(C)(C)OOC(C)(C)C,,0.3401080369949341
6214,CCC(C)O,,0.3401834964752197
1711,Nc1ncnc2c1c(I)cn2C1OC(CO)C(O)C1O,,0.340408593416214
8735,C1CCC2OC2C1,,0.3404163122177124
6144,COC(C)(C)OC,,0.3404777944087982
9018,CCCCCCCCCC(=O)F,,0.34048914909362793
7675,COCCOC,,0.34058618545532227
1206,O=C(Cc1ccc(I)cc1)NC[PH](=O)O,,0.34060391783714294
9865,CSCCCO,,0.3407262861728668
7617,SCCCS,,0.3409595787525177
7243,CCCCC(CC)CCC(C)O,,0.3409899175167084
6206,CC(C)CO,,0.3410492539405823
9573,CC1CCC2CC1C2(C)C,,0.3412489593029022
5983,CN,,0.3412846326828003
8437,CCCCCCCCCCCCCCCCN,,0.34146249294281006
7758,CCCCCCCCCCCCCCCCCC[N+](C)(C)C.[Cl-],,0.3414687216281891
9952,COP(=O)(OC)OC,,0.3418371379375458
629,CS(C)=O,,0.3419555723667145
872,O=[N+]([O-])[O-],,0.3419632017612457
6223,O=C(Cl)CCl,,0.3419848084449768
8504,CCOB(OCC)OCC,,0.34212934970855713
7421,Sc1ccc(Cl)cc1,,0.342181921005249
9088,CCF,,0.34221401810646057
8808,NN,,0.34221404790878296
818,CO,,0.34221404790878296
7707,CCCCCCO,,0.3423282206058502
6922,CC(OP(C)(=O)F)C(C)(C)C,,0.3424074351787567
5509,Cl.Cl.NCCc1cnc[nH]1,,0.34248265624046326
2891,CC(C)OP(C)(=O)OC(C)C,,0.34252867102622986
7671,CCCCCS,,0.3426608443260193
7648,CCCCCCCCCCCCCCCCCC(=O)NCCNC(=O)CCCCCCCCCCCCCCCCC,,0.34279903769493103
7732,CCCCCCCO,,0.3429214358329773
7414,Oc1ccc(Br)cc1,,0.3429255783557892
9124,CC=CC(O)(CC[N+](C)(C)C)c1ccc(OC)cc1.[I-],,0.3429405987262726
2321,CS(=O)(=O)OCCCCOS(C)(=O)=O,,0.3430459499359131
8590,C1CCC2(CC1)CO2,,0.34304648637771606
9053,Br.CCNCC(O)c1cccc(F)c1,,0.343132346868515
3093,CCOCC,,0.3431623876094818
7398,CC(C)CCCC(C)CCO,,0.3432142734527588
6006,C1CO1,,0.34324517846107483
6205,CC(C)C#N,,0.34332987666130066
7616,CCCCS,,0.3433670401573181
5932,CCCCCO,,0.3434533476829529
5984,B.CNC,,0.34358084201812744
7337,COc1ccc(Br)cc1,,0.3436049818992615
7710,CCCCCCS,,0.3436529338359833
886,CCCCCCCCO,,0.3437384366989136
7164,CCCC(CC(OCC)OCC)OCC,,0.3437652289867401
3567,CC(C)O,,0.3440447747707367
8592,C1C2CC2C2CC12,,0.34423118829727173
8427,CCCCCCCCCO,,0.34425410628318787
7777,CCCCCCCCCCO,,0.34432801604270935
7787,CCCCCCCCCCCO,,0.34466445446014404
9887,CCCCCCCCCCCCCCCCCCCCCCCCCCCC(=O)O,,0.34468385577201843
248,CCCCO,,0.34470465779304504
8807,CCCCC(CC)COP(OCC(CC)CCCC)OCC(CC)CCCC,,0.3448576033115387
5620,CC(CCC(C)OS(C)(=O)=O)OS(C)(=O)=O,,0.3449036180973053
4113,CC(=O)N(Br)CCOP(=O)(O)O,,0.3452412784099579
7632,C1CCOC1,,0.34545889496803284
6185,CCCCOP(=O)(CCCC)OCCCC,,0.34548643231391907
7747,CCCCCCCCS,,0.34553802013397217
7899,CC(C)OP(OC(C)C)OC(C)C,,0.34564200043678284
6102,Cc1c(C2(c3cc(Br)c(O)c(Br)c3C)OS(=O)(=O)c3ccccc32)cc(Br)c(O)c1Br,,0.3456760346889496
7796,CCCCCCCCCCCCO,,0.34599950909614563
1043,O=S=O,,0.3460162281990051
4842,CCN1CCCC1CNC(=O)c1c(OC)ccc(I)c1O,,0.3464410901069641
9843,C1COC1,,0.34672611951828003
799,NC(=O)CCCCC1CCSS1,,0.34706252813339233
8408,C1CCOCC1,,0.3471378982067108
7665,CCCCC#N,,0.3472125828266144
9329,C1CS1,,0.3473080098628998
8430,CCCCCCCCCCS,,0.3474031984806061
728,NO,,0.3475188910961151
7810,CCCCCCCCCCCCCO,,0.3475658595561981
7609,CCCCCl,,0.34758487343788147
7798,CCCCCCCCCCCCS,,0.3475979268550873
6210,CC(Cl)CCl,,0.34767210483551025
7612,CCCC#N,,0.34771203994750977
7731,N#CCCCCC#N,,0.347995787858963
6164,CCO[Si](OCC)(OCC)OCC,,0.34818610548973083
3055,CC12CCC3C(CCC4CC5SC5CC43C)C1CCC2O,,0.3482038676738739
1033,C1CCC2C(C1)CCC1C3CCCC3CCC21,,0.3482396900653839
959,CCCO,,0.3482627272605896
9969,CC(C)CS,,0.3485229015350342
5979,C=C,,0.34861132502555847
7869,O=S1(=O)OC(c2cc(Br)c(O)c(Br)c2)(c2cc(Br)c(O)c(Br)c2)c2ccccc21,,0.3486393392086029
710,C#N,,0.349023699760437
9356,COC(O)C(F)(F)F,,0.34920400381088257
9947,CCC(Br)(CC)C(N)=O,,0.3492875099182129
6985,Cl[Si](Cl)(Cl)c1ccccc1,,0.3493563234806061
7812,CCCCCCCCCCCCCCO,,0.34947171807289124
8788,Br.COC(=O)C1=CCCN(C)C1,,0.3496766686439514
725,OO,,0.34997501969337463
6186,CCCCOCCOP(=O)(OCCOCCCC)OCCOCCCC,,0.3500542640686035
995,CSC,,0.3501230776309967
7070,CC(C)[C@H]1CC[C@@H](C)CC1,,0.35019034147262573
7454,CCCS,,0.3502432703971863
5154,S=P(N1CC1)(N1CC1)N1CC1,,0.35028037428855896
9455,CCOCC(F)(F)F,,0.35044223070144653
9142,CCOC(F)=C(C(F)(F)F)C(F)(F)F,,0.35052675008773804
9867,C1COCOC1,,0.3505849540233612
8578,C1CC12CC2,,0.3509576618671417
6167,CCC(CC)CO[Si](OCC(CC)CC)(OCC(CC)CC)OCC(CC)CC,,0.3511239290237427
6180,CCOP(=O)(CC)OCC,,0.35113221406936646
6002,S=C=S,,0.3516887426376343
8591,C1CC2CC12,,0.3517226576805115
7663,ClCCCCCl,,0.3521159589290619
9888,CCCCCCCCCCCCCCCCCCCCCCCCCCCCCC(=O)O,,0.35225820541381836
7371,CCOC(C)OCC,,0.3525523543357849
1291,CCCCCCCCCCCCCCCCOCC(CO)OC,,0.3527732491493225
58,OC1C=C(Cl)C(Cl)C=C1Cl,,0.3529355823993683
7861,CN(C)P(=O)(F)N(C)C,,0.3532264828681946
3833,COC1(OC2CCC3C4CCC5CC6SC6CC5(C)C4CCC23C)CCCC1,,0.3533611297607422
9131,O=C(Cl)CF,,0.35361620783805847
7851,COC,,0.3537290692329407
9212,O=S(=O)(Cl)CCCCCCF,,0.35375621914863586
875,O=N[O-],,0.3537597060203552
8728,C1C2CC3CC1CC(C2)C3,,0.3538114130496979
8734,C1CCC2CC2C1,,0.35390061140060425
3474,CCCCCCCCCCCCCCCCCCOCC(O)CO,,0.35426029562950134
209,N,,0.3543200194835663
8399,ClCCCCl,,0.354789674282074
5533,C1CN1P1(N2CC2)=NP(N2CC2)(N2CC2)=NP(N2CC2)(N2CC2)=N1,,0.35498616099357605
9239,CC(O)C(F)(F)F,,0.3550584018230438
9361,CCOC(O)C(F)(F)F,,0.35510167479515076
905,O=O,,0.355583131313324
8737,C1CCCCCC2OC2CCCC1,,0.3561064600944519
8351,CCOC(=S)S,,0.35615274310112
652,CCO,,0.3565167486667633
2890,CC(C)O[PH](=O)OC(C)C,,0.35654667019844055
9423,CCCCN(CCCC)CCCOC(=O)c1ccc(F)c(I)c1,,0.3566735088825226
2517,CCCCCCCCCCCCCCCCO,,0.35795047879219055
6061,OCC(F)(F)F,,0.3584849536418915
9331,CC(C)F,,0.35928818583488464
9138,C=CCC(O)(CC[N+](C)(C)C)c1ccc(F)cc1.[I-],,0.35944655537605286
6162,CCO[Si](CC)(OCC)OCC,,0.36002665758132935
384,O=[PH](O)O,,0.3601205050945282
9358,FC(F)(F)C(Cl)C(F)(F)F,,0.3602559268474579
9957,CCCOP(=O)(OCCC)OCCC,,0.36100050806999207
8758,C1COCCOCCOCCO1,,0.3611027002334595
6048,C[Si](C)(C)C,,0.36120450496673584
7722,CCCSCCC,,0.36164891719818115
6418,O=C(O)c1ccccc1C(=O)O.[Hg][c]1ccccc1.[Hg][c]1ccccc1,,0.3621200919151306
8529,S=P(N1CCCCCC1)(N1CC1)N1CC1,,0.3623034954071045
7069,CCOC(=O)CCCCCCCCC(C)c1ccc(I)cc1,,0.3627875745296478
5826,CCOS(=O)(=O)OCC,,0.3628319799900055
4578,O=C(CCBr)N1CCN(C(=O)CCBr)CC1,,0.36308667063713074
6181,CCOP(=O)(OCC)OCC,,0.3631272614002228
9906,CC(Cl)C(C)(C)Cl,,0.36320728063583374
8963,O=C(OCCCN1CCCCC1)c1ccc(F)c(I)c1,,0.3636975884437561
8587,C1CCCC2(CC1)CCCCC2,,0.3640553057193756
9333,C[Si](C)(C)F,,0.36407169699668884
7630,CCON=O,,0.36418458819389343
7863,O=C(O)C1C(C(=O)O)C2(Cl)C(Cl)=C(Cl)C1(Cl)C2(Cl)Cl,,0.36425676941871643
7824,CCCCCCCCCCCCCCCCCCO,,0.36458098888397217
9282,FC(F)(F)c1cccc(Br)c1,,0.36516451835632324
1724,CC12CCC(=O)CC1CCC1C2CCC2(C)C(OC(=O)CBr)CCC12,,0.3652762472629547
9452,FC(F)(F)CCCl,,0.3655405044555664
8374,CC(C)(C)CC(C)(C)S,,0.3658415377140045
9182,F[As](F)c1ccccc1,,0.3666943907737732
6539,Oc1c(Cl)cc(Cl)cc1Cl,,0.36680838465690613
1051,O=S1CCCC1,,0.36688047647476196
1539,CC1CCC2N(C1)CC1C3CC4C(CC(=O)C5CC(Br)CCC54C)C3CCC1C2(C)O,,0.3669048547744751
9499,CC1(C)C2CCC1(C)C(Cl)C2,,0.3671882450580597
9204,O=S(=O)(Cl)CCCCF,,0.36737844347953796
7685,C1OCOCO1,,0.36752402782440186
8584,C1CCC2(CC1)OCCS2,,0.3692892789840698
9754,C1CCC2CCCC2C1,,0.369510680437088
8237,CC(Cl)(Cl)C(=O)OCCOc1cc(Cl)c(Cl)cc1Cl,,0.36957094073295593
6157,CC[N+](CC)(CC)CC.[OH-],,0.36983048915863037
9077,CCSCC,,0.3699394166469574
1147,COc1cc(CC(C)N)c(OC)cc1I,,0.3699553906917572
1041,O=S(=O)([O-])[O-],,0.36998066306114197
6665,C1CCC2CCCCC2C1,,0.3702438771724701
8723,C1CC2CCC1C2,,0.3704970180988312
7513,CC(C)CC(C)C,,0.3708966374397278
8725,C1CC2CCC1CC2,,0.37121620774269104
6914,CC1CCCC1,,0.37130120396614075
7634,c1ccsc1,,0.3715038299560547
8588,C1CCCC2(CC1)OCCS2,,0.37177780270576477
6528,CCCCCCCCCCCCCCCC[N+](C)(C)C.[O-]c1c(Cl)c(Cl)c(Cl)c(Cl)c1Cl,,0.3726302683353424
9971,CCC(C)S,,0.37343019247055054
7862,O=C1OC(=O)C2C1C1(Cl)C(Cl)=C(Cl)C2(Cl)C1(Cl)Cl,,0.37350836396217346
9128,CC[Si](F)(CC)CC,,0.37400415539741516
6715,C1CCC(C2CCCCC2)CC1,,0.37400904297828674
7568,CC1CCCCC1,,0.37459835410118103
6835,CCN(CC)C(=S)SC(=S)N(CC)CC,,0.3753393292427063
9699,CCCCCCCCCCCCCCCCCC[N+](C)(C)C.[O-]c1c(Cl)c(Cl)c(Cl)c(Cl)c1Cl,,0.37608596682548523
7233,CCCCCCCCCCCCN(CCCCCCCCCCCC)CCCCCCCCCCCC,,0.37633049488067627
9,ClCCCl,,0.37643977999687195
5919,CCS(=O)CC,,0.3765748143196106
6183,CCCCC(CC)COP(=O)(OCC(CC)CCCC)OCC(CC)CCCC,,0.3771134316921234
7479,CCOP(=O)(OCC)OP(=O)(OCC)OCC,,0.3778192698955536
890,O,,0.3779512941837311
6146,COS(=O)(=O)OC,,0.3780938982963562
9089,COC.FB(F)F,,0.37809836864471436
6970,CCB(CC)CC,,0.3786209523677826
6890,Oc1cc(Cl)c(Cl)cc1Cl,,0.3788454532623291
9495,CC(C)C(C)(C)C,,0.3794364333152771
6005,C1CC1,,0.37950021028518677
7482,CC(C)OP(=S)(S)OC(C)C,,0.37959024310112
8736,C1CCC2SC2C1,,0.37959161400794983
6055,CCC(C)(C)C,,0.3800208270549774
9311,O=C(CCCCCBr)OCCF,,0.3800767660140991
6234,CC(C)C(C)C,,0.3802519738674164
8739,C1CCC1,,0.3815407156944275
6900,CCC(C)CC,,0.3815743029117584
6256,CC1CCCC(C)(C)C1CCC(C)[N+](C)(C)CCCCCC[N+](C)(C)C(C)CCC1C(C)CCCC1(C)C.[Cl-].[Cl-],,0.3820215165615082
9869,C1CSCCS1,,0.3824467360973358
7478,CC(C)(C)SC(C)(C)C,,0.38251182436943054
7498,CCCC(C)C,,0.3826213777065277
8742,C1CCCC1,,0.38276156783103943
8762,CCOP(=S)(OCC)OCCSCC,,0.38334012031555176
6202,CCC(C)C,,0.38337442278862
9889,CCCCCCCCCCCCCCCCCCCCCCCCO,,0.3834170997142792
9094,CC(C)(C)F,,0.3835025131702423
7662,CCCCCC,,0.3835498094558716
7682,C1CCCCC1,,0.3835972547531128
7485,CCCCCCCCCCCCCCCCCC[N+](C)(C)CCCCCCCCCCCCCCCCCC.[Cl-],,0.3842008113861084
4762,O=C1Nc2ccc(I)cc2C1=Cc1cc(Br)c(O)c(Br)c1,,0.38481444120407104
8754,C1CCCCCC1,,0.38499751687049866
8414,CCCCCCC,,0.38526320457458496
6187,CCOP(=S)(OCC)SCSC(C)C,,0.3862485885620117
338,CCCCCCCC,,0.38649606704711914
8755,C1CCCCCCC1,,0.38664013147354126
5997,CCS,,0.38685816526412964
9136,O=C(F)C(=O)F,,0.387008935213089
6541,CCN(CC)C(=O)Cl,,0.38706135749816895
7744,CCCCCCCCC,,0.3872425854206085
7411,Cc1ccc(Br)cc1,,0.38860148191452026
7785,CCCCCCCCCCCC,,0.3889196813106537
8801,CCCCCC(Cl)=C[As](=O)(O)O,,0.38892292976379395
9492,CC(C)(C)C,,0.3889283537864685
7809,CCCCCCCCCCCCCCCC(=O)Cl,,0.38937467336654663
8756,C1CCCCCCCCC1,,0.39035558700561523
7607,CCCCC,,0.3919857442378998
8757,C1CCCCCCCCCCC1,,0.39226657152175903
9862,C1CSCN1,,0.39285096526145935
9468,O=C(Cl)OCCF,,0.3929198980331421
6209,CCC(C)Cl,,0.39335694909095764
7815,CCCCCCCCCCCCCCCCCC(=O)Cl,,0.39416489005088806
5787,CC(=O)[O-].CC(=O)[O-].[Ca+2],,0.3943689465522766
8740,C1CSC1,,0.39516735076904297
814,CS,,0.39521777629852295
800,O=C(O)CCCCC1CCSS1,,0.3952191174030304
9490,O=C=S,,0.39541006088256836
5988,CCC,,0.39679431915283203
6039,CC(C)(C)S,,0.3970617353916168
6012,CC(C)C,,0.3978593945503235
6511,COc1c(Cl)cc(Cl)cc1Cl,,0.398080050945282
7449,CCCC,,0.3980926275253296
1050,C1CCSC1,,0.39892226457595825
9332,CC(F)(F)F,,0.3990769684314728
8169,O=C1C2CC=CCC2C(=O)N1SC(Cl)(Cl)Cl,,0.40045419335365295
9878,ClCCSCCCl,,0.40071478486061096
787,NC(C[SeH])C(=O)O,,0.4012824594974518
4726,O=P([O-])(O)OP(=O)([O-])O,,0.4021851420402527
3947,CN(CC(O)C(O)C(O)C(O)CO)C(=S)[S-].[Na+],,0.40251263976097107
8962,Cl.O=C(OCCCN1CCCCC1)c1ccc(F)c(I)c1,,0.4025402367115021
6016,CC(C)S,,0.40465497970581055
5783,O=C(O)CCCC[C@@H]1CCSS1,,0.40488821268081665
7769,CCCCCCCCCCCC(=O)Cl,,0.4052547812461853
5156,CN(C)C(=S)SSC(=S)N(C)C,,0.4058430790901184
8863,O=S(=O)(F)C(F)(F)C(F)(F)C(F)(F)C(F)(F)C(F)(F)C(F)(F)C(F)(F)C(F)(F)F,,0.4068678021430969
4528,CCOP(=S)(OCC)SCSCC,,0.40968573093414307
6645,O=Cc1cc(Br)cc(Br)c1O,,0.40968817472457886
8532,COP(=S)(OC)OC,,0.40989482402801514
8533,COP(=O)(OC)SC,,0.4100305736064911
8860,FC(F)(F)C(Cl)Cl,,0.4108544886112213
8745,c1cscn1,,0.41098883748054504
9099,FC(Cl)C(F)(F)Cl,,0.4115782380104065
6219,CCC(Cl)Cl,,0.4116073250770569
9095,C[Si](C)(F)F,,0.41165125370025635
9454,FC(F)(F)CC(Cl)Cl,,0.41271552443504333
6090,CC12CCC(C(Br)C1=O)C2(C)C,,0.4140426814556122
7604,CCOCC.FB(F)F,,0.4141986072063446
6095,CC(Cl)C(Cl)(Cl)C(O)O,,0.414562463760376
7825,CCCCCCCCCCCCCCCCCCCC,,0.41564586758613586
8763,CCOP(=S)(S)OCC,,0.4156826138496399
8276,Cl.NC(CCC(=O)O)C(=O)O,,0.41658228635787964
8306,Cl.Cl.Nc1cc(/[As]=[As]/c2ccc(O)c(N)c2)ccc1O,,0.41707900166511536
5619,CC(C)OP(=O)(F)OC(C)C,,0.4171158969402313
6017,CC(Cl)Cl,,0.4182463586330414
7681,CCSSCC,,0.41848224401474
9280,FC(F)(F)C=C(Cl)C(F)(F)F,,0.4188539981842041
339,ClC1=CC(Cl)C(Cl)=CC1Cl,,0.419068306684494
7727,CCCCCCCC(=O)Cl,,0.419323593378067
8526,[C-]#N.[K+],,0.41952088475227356
5739,CC[N+](C)(CC)CCOC(=O)C(O)(c1cccs1)C1CCCC1.[Br-],,0.421265572309494
8580,C1CCC2(C1)SCCS2,,0.4214305877685547
8589,C1CCCC2(CC1)SCCS2,,0.4232250452041626
9106,FC(F)(F)C(F)(F)C(F)(F)C(F)(F)F,,0.42373985052108765
5981,CCl,,0.4265269935131073
7923,O=[N+]([O-])c1c(Cl)c(Cl)cc(Cl)c1Cl,,0.42682573199272156
6236,ClC(Cl)C(Cl)Cl,,0.42724114656448364
9126,FC(F)(F)C(F)(F)OC(F)(F)C(F)(F)F,,0.42743393778800964
4035,CCOCCP(CCOCC)CCP(CCOCC)CCOCC,,0.4288458824157715
1817,C[Se]CC(=O)O,,0.42928797006607056
7447,C=CCBr,,0.429777592420578
8378,CCCC(=O)Cl,,0.4299156069755554
6049,C[Si](C)(C)Cl,,0.4335751235485077
9422,CCCCN(CCCC)CCCOC(=O)c1ccc(F)c(I)c1.Cl,,0.43396252393722534
5878,CCN(CC)CCC(=O)OC1(C2CCCCC2)CCCCC1.Cl,,0.43530526757240295
9723,COC([CH2][Hg])CNC(=O)c1ccccc1OCC(=O)O,,0.43544504046440125
6085,CCC(C)(S(=O)(=O)CC)S(=O)(=O)CC,,0.43637076020240784
7434,O=C(Cl)OCCOCCOC(=O)Cl,,0.43710166215896606
6297,CCC(Br)C(=O)O,,0.43725210428237915
9021,O=[N+]([O-])C(F)(F)F,,0.4378837049007416
7859,CCS(=O)(=O)C(C)(C)S(=O)(=O)CC,,0.43831828236579895
5978,CC,,0.43913987278938293
6084,FC(F)(F)C(F)(F)C(F)(F)F,,0.44057780504226685
5985,B,,0.4407116174697876
282,O=C1C2(Cl)C3(Cl)C4(Cl)C(Cl)(Cl)C5(Cl)C3(Cl)C1(Cl)C5(Cl)C24Cl,,0.4427650570869446
5991,CCCl,,0.4455277621746063
9111,FC1(F)C(F)(F)C(F)(Cl)C1(F)Cl,,0.4467097222805023
9903,CC(C)(C)Cl,,0.44764238595962524
8997,COS(=O)(=O)C(F)(F)F,,0.4478929340839386
2933,CCOP(=S)(OCC)SCCSCC,,0.44936540722846985
9327,[C-]#[Si+],,0.4495842754840851
5901,C[N+](C)(C)CC[N+]1(C)Cc2c(Cl)c(Cl)c(Cl)c(Cl)c2C1.[Cl-].[Cl-],,0.4496411383152008
8086,O=C1OC2(c3cc(Br)c(O)cc3Oc3c2cc(Br)c(O)[c]3[Hg])c2ccccc21,,0.45038434863090515
2858,COP(=O)(OC)OC=C(Cl)Cl,,0.4518561363220215
7693,CC(C)CCCC(C)CCCC(C)CCCCC(C)CCCC(C)CCCC(C)C,,0.4530515968799591
6019,CC(=O)Cl,,0.45309942960739136
4427,Clc1ccc(Cl)cc1,,0.4540061950683594
3521,CC(C)NC(C)Cc1ccc(I)cc1,,0.454262375831604
6022,FC(Cl)Cl,,0.45498067140579224
5435,Cl.[H]N=C(N)N,,0.4555560350418091
9445,Fc1ccc(Br)cc1,,0.46021801233291626
5618,CN(CCCl)CCCl.Cl,,0.46157926321029663
6083,FC(F)(F)C(F)(F)F,,0.4632646143436432
9334,COS(=O)(=O)F,,0.46445390582084656
9146,FC(=C(F)C(F)(F)F)C(F)(F)F,,0.46712401509284973
5892,ClC(Cl)(Cl)c1ccc(C(Cl)(Cl)Cl)cc1,,0.4671406149864197
9890,CNC.Cl,,0.46769651770591736
3220,O=C([O-])P(=O)([O-])[O-],,0.46940934658050537
8286,O=S(=O)([O-])NC1CCCCC1.O=S(=O)([O-])NC1CCCCC1.[Ca+2],,0.4706888496875763
2285,CN(Cc1cc(Br)cc(Br)c1N)C1CCCCC1,,0.4754585921764374
3098,CCCSP(=O)(OCC)SCCC,,0.48089373111724854
7257,C1CN(SSN2CCOCC2)CCO1,,0.48141875863075256
4850,Cc1ccccc1I,,0.4824644923210144
6013,CC(C)Cl,,0.4833063781261444
280,C,,0.48439696431159973
7897,FC(F)=C(F)C(F)(F)F,,0.4846678376197815
6231,COC(=O)Cl,,0.48488372564315796
3096,CCOP(=S)(OCC)SCSP(=S)(OCC)OCC,,0.4875975549221039
3385,ClC1=C(Cl)C2(Cl)C3C(Cl)C=CC3C1(Cl)C2(Cl)Cl,,0.48927903175354004
2766,S=C([S-])OC1CC2CC1C1CCCC21,,0.4932175874710083
8506,CCCCSP(SCCCC)SCCCC,,0.4933030903339386
5702,Oc1c(Cl)cc(Cl)c(Cl)c1Cl,,0.4952183961868286
9340,O=[N+]([O-])C(F)(F)C(F)(Cl)[N+](=O)[O-],,0.497940331697464
4847,CCCCSP(=O)(SCCCC)SCCCC,,0.4988974928855896
7220,[Fe+2].c1cc[cH-]c1.c1cc[cH-]c1,,0.49915754795074463
7448,C#CCBr,,0.4999980032444
1987,Nc1c(Br)cc(Br)cc1CNC1CCC(O)CC1,,0.5000817179679871
6489,[CH3][Hg+].[O-]c1cccc2cccnc12,,0.5034424066543579
7896,FC(F)=C(F)F,,0.5036107301712036
6059,O=CC(Cl)(Cl)Cl,,0.505153238773346
5998,ClCCl,,0.5064881443977356
7523,CC(C)OC(=O)Cl,,0.5077317953109741
7602,CCCOC(=O)Cl,,0.5098177194595337
1014,O=[Se](=O)(O)O,,0.5111532807350159
8949,CCOP(=S)(CC)Oc1cc(Cl)c(Cl)cc1Cl,,0.5122705698013306
7355,CCOC(=O)CBr,,0.5183069705963135
6865,ClC1OCCOC1Cl,,0.5185127258300781
8387,O=C([O-])CC(=O)[O-].[Na+].[Na+],,0.5191363096237183
9091,O=C(F)F,,0.5221748352050781
9925,O=[N+]([O-])C([N+](=O)[O-])([N+](=O)[O-])[N+](=O)[O-],,0.5229176878929138
8085,O.O=C1OC2(c3cc(Br)c([O-])cc3Oc3c2cc(Br)c([O-])[c]3[Hg])c2ccccc21.[Na+].[Na+],,0.5285311341285706
6177,CCOP(=S)(OCC)SC1OCCOC1SP(=S)(OCC)OCC,,0.5285733342170715
7316,CCCCCCCCC=CCCCCCCCC(=O)O.[Hg][c]1ccccc1,,0.5296009182929993
6040,CC(F)(F)Cl,,0.5340281128883362
8585,C1CC[Si]2(C1)O[Si]1(CCCC1)O[Si]1(CCCC1)O[Si]1(CCCC1)O2,,0.5345445275306702
6008,FB(F)F,,0.538357675075531
6221,ClC=C(Cl)Cl,,0.5386114716529846
6045,FC(F)(F)F,,0.5406733155250549
6238,O=C(Cl)C(Cl)Cl,,0.5407595634460449
6132,CCCCCCCCCCCC(=O)O.CCCCCCCCCCCC(=O)O.CCC[CH2][Sn][CH2]CCC,,0.5435740351676941
9447,Cl.NCCF,,0.5447625517845154
8790,O=C([O-])Cn1cc(I)c(=O)c(I)c1.OCC[NH2+]CCO,,0.5457336902618408
11,Clc1ccc(Cl)c(Cl)c1,,0.546168327331543
6808,S=C(SSC(=S)N1CCCCC1)N1CCCCC1,,0.5484283566474915
1010,O=S([O-])([O-])=S,,0.5487794876098633
2932,CCN(CC)C(=S)SSC(=S)N(CC)CC,,0.5496059656143188
6895,C[CH2][Al]([Cl])[CH2]C,,0.5519685745239258
853,[Na+],,0.5529534220695496
7012,O=S(=O)(Cl)c1ccc(I)cc1,,0.553491473197937
4659,O=C([O-])C1CCCN1[N+]([O-])=N[O-].[Na+].[Na+],,0.5551775097846985
889,[OH-],,0.5567351579666138
481,O=P1(O)OP(=O)(O)OP(=O)(O)O1,,0.5604245662689209
8275,O=C([O-])CC(O)C(=O)[O-].[Na+].[Na+],,0.5675325393676758
5943,ClC1=C(Cl)[C@@]2(Cl)C3C4CC(C5OC45)C3[C@@]1(Cl)C2(Cl)Cl,,0.5691349506378174
2866,ClC1=C(Cl)C2(Cl)C3C4CC(C5OC45)C3C1(Cl)C2(Cl)Cl,,0.5691349506378174
7556,Clc1cc(Cl)cc(Cl)c1,,0.5770264267921448
9098,FC(F)(Cl)C(Cl)Cl,,0.5784490704536438
8454,C[As](=O)(O)O,,0.5804697275161743
5242,CC(C)N(C(=O)SCC(Cl)=C(Cl)Cl)C(C)C,,0.5876258015632629
5887,O=C(O)CBr,,0.5879471898078918
5629,CC[N+](CC)(CC)CC.[Cl-],,0.5894347429275513
8180,Cc1ccc([N+](=O)[O-])[c]([Hg])c1O,,0.5961813926696777
8375,C[Si](C)(C)O[Si](C)(C)O[Si](C)(C)O[Si](C)(C)C,,0.5962559580802917
5884,O=C([O-])CC(O)(CC(=O)[O-])C(=O)[O-].[Na+].[Na+].[Na+],,0.5964943766593933
8785,COP(=S)(OC)Oc1cc(Cl)c(Cl)cc1Cl,,0.6007152795791626
4112,CC(=O)NBr,,0.6024145483970642
9046,Fc1c(F)c(F)c(Br)c(F)c1F,,0.6032524704933167
8572,Cl.NCCS,,0.6042016744613647
6917,Clc1cccs1,,0.6093620657920837
1816,C[Se]CC(=O)[O-],,0.6115889549255371
4735,[NH-]N1CCCC2Cc3nc(N)ncc3CC21.[Pr],,0.6182005405426025
465,O=S(=O)([O-])SS(=O)(=O)[O-],,0.6212945580482483
6018,C=C(Cl)Cl,,0.6221505403518677
988,O=P([O-])([O-])[O-],,0.6236535906791687
5719,O=C(O)c1cc[c]([Hg+])cc1,,0.6292312145233154
2565,CCOP(=S)(OCC)Oc1nc(Cl)c(Cl)cc1Cl,,0.630764901638031
7042,O=[N+]([O-])c1cc(Br)c(O)c(Br)c1,,0.6336076259613037
6239,FC(F)=C(F)Cl,,0.6357950568199158
5262,O=P(O)(O)OCC(Cl)(Cl)Cl,,0.639801025390625
6244,FC(F)=C(F)C(F)(F)Cl,,0.6452030539512634
9122,C[N+](C)(C)CC1CCCCC1(O)c1ccc(Cl)cc1.[I-],,0.646685779094696
8515,O=C([O-])CCC(=O)[O-].[Na+].[Na+],,0.6469356417655945
221,O=[As](O)(O)O,,0.6469712853431702
9035,FCCOC(Cl)C(Cl)(Cl)Cl,,0.649289608001709
383,O=[PH]([O-])[O-],,0.6494686603546143
2353,C[As](C)(=O)O,,0.6509348750114441
6082,FC(F)(F)C(F)(F)Cl,,0.6526530981063843
8354,O=C([O-])C=CC(=O)[O-].[Fe+2],,0.6541480422019958
1024,O=S([O-])[O-],,0.6583586931228638
7534,Clc1cccc(Br)c1,,0.6608550548553467
8283,O=C(O)c1cc[c]([Hg])cc1,,0.6662281155586243
8817,C[N+]([O-])(CCCl)CCCl.Cl,,0.6708927750587463
7473,C=CC[Si](Cl)(Cl)Cl,,0.6709681153297424
2293,O=[N+]([O-])C(Br)(CO)CO,,0.6725438237190247
5872,ClC(Cl)Cl,,0.6761497259140015
1897,COC1=C(Br)C(O)C(O)(CC#N)C=C1Br,,0.6787505149841309
8407,C1CNCCN1.Cl.Cl,,0.6814056038856506
4301,C=C(Cl)C(Cl)(CBr)CCC(Cl)=C(C)C,,0.6845085620880127
9090,O=C(F)Cl,,0.6861145496368408
8376,C[Si](C)(C)O[Si](C)(C)O[Si](C)(C)O[Si](C)(C)O[Si](C)(C)C,,0.6863961219787598
3520,Oc1c(I)cc(I)c2cccnc12,,0.6927888989448547
9349,CC[N+](CC)(CC)CC.F[P-](F)(F)(F)(F)F,,0.6932432651519775
379,S,,0.6952723264694214
4399,Clc1cc(I)cc(Cl)c1NC1=NCCN1,,0.697507381439209
9995,CCOC(O)C(Cl)(Cl)Cl,,0.700823187828064
4538,CC1OC1P(=O)([O-])[O-].[Na+].[Na+],,0.7035351991653442
8820,FC(F)(F)C(Cl)=C(Cl)C(F)(F)F,,0.7035506963729858
9557,O=C([O-])[O-].[Ca+2],,0.7037220597267151
7489,NC(=O)OCC(Cl)(Cl)Cl,,0.7141766548156738
1689,O=[N+]([O-])C1(Br)COCOC1,,0.7199917435646057
9237,Cl.NCC(F)(F)F,,0.720189094543457
6357,O=[N+]([O-])c1c(Cl)c(Cl)c(Cl)c(Cl)c1Cl,,0.7206664085388184
7821,CCCCCCCCCCCCCCCCCCBr,,0.7218544483184814
8864,FC(F)(F)C(F)(F)C(F)(F)C(F)(F)C(F)(F)C(F)(F)C(F)(F)C(F)(F)C(F)(F)C(F)(F)Br,,0.7244720458984375
5791,O=C([O-])C(=O)[O-].[Na+].[Na+],,0.7247176766395569
7560,Clc1nc(Cl)nc(Cl)n1,,0.725684642791748
7496,CCCC(C)Br,,0.7270293235778809
8581,C1CCC2(CC1)CSSC2,,0.7319878935813904
5540,COP(=O)(OC)C(O)C(Cl)(Cl)Cl,,0.7333880066871643
9085,FCCCCCCCCCCCCBr,,0.7340050935745239
7457,NCCBr,,0.736232340335846
920,Oc1c(Cl)c(Cl)c(Cl)c(Cl)c1Cl,,0.7412979602813721
7816,CCCCCCCCCCCCCCCCBr,,0.7440151572227478
9014,FCCCCCCCCCCBr,,0.7525531649589539
256,[Ca+2],,0.759519636631012
4946,[F-].[Na+],,0.7637676000595093
9996,CCOC(=O)C(Cl)(Cl)Cl,,0.7708736062049866
7811,CCCCCCCCCCCCCCBr,,0.7709296941757202
9768,O=C([O-])[O-].[Na+].[Na+],,0.7795379161834717
6200,CCC(C)Br,,0.7830990552902222
8993,Cl.Cl.NCCN,,0.7859485745429993
1452,C=CC(Cl)(CBr)CCC(Br)C(C)(C)Cl,,0.7865249514579773
5624,Cl.Cl.NCCSSCCN,,0.7883692979812622
6889,Clc1cc(Cl)c(Cl)cc1Cl,,0.7893003225326538
9230,FCCCCCCBr,,0.7909089922904968
678,ClC1=CC(Cl)C(Cl)C(Cl)C1Cl,,0.7910633683204651
8432,CCCCCCCCCCCCBr,,0.795901358127594
7481,C[Si](C)(C)O[Si](C)(C)O[Si](C)(C)O[Si](C)(C)O[Si](C)(C)O[Si](C)(C)C,,0.7978692650794983
7907,O=C(NC(O)C(Cl)(Cl)Cl)NC(O)C(Cl)(Cl)Cl,,0.810394823551178
9473,FCCCCBr,,0.8164561986923218
9868,C1CSCSC1,,0.8182279467582703
7776,CCCCCCCCCCBr,,0.8200984001159668
1017,OP(O)(O)=[Se],,0.8204484581947327
9902,CC(C)(C)Br,,0.8401761651039124
2542,OC(O)C(Cl)(Cl)Cl,,0.84452223777771
7743,CCCCCCCCBr,,0.8449090123176575
5886,O=C([O-])CBr,,0.8450601696968079
9073,Fc1ccc(I)cc1,,0.8572468757629395
8103,COC([CH2][Hg])CNC(=O)NC(=O)CCC(=O)O,,0.8621499538421631
1199,O=C1NCC(I)C(=O)N1,,0.8666056394577026
5012,CC1(C)C2(Cl)C(Cl)C(Cl)C(Cl)(C(Cl)Cl)C1(Cl)C2Cl,,0.8673356175422668
1011,O=S([O-])S(=O)[O-],,0.8697551488876343
5654,CCCCCCCCCCCCCCCC[N+](C)(C)C.[Br-],,0.8703539371490479
7705,CCCCCCBr,,0.8714101910591125
3974,OC(CBr)C(O)C(O)C(O)CBr,,0.8773192763328552
6050,C[Si](C)(Cl)Cl,,0.8785510659217834
7497,CC(C)CCBr,,0.882492184638977
6073,O=C(O)C(Cl)(Cl)Cl,,0.8843798041343689
7661,CCCCCBr,,0.8890169858932495
8856,CNNC.Cl.Cl,,0.8948232531547546
7610,ClCCCBr,,0.9107889533042908
515,O[As](O)O,,0.9119893908500671
7480,C[Si]1(C)O[Si](C)(C)O[Si](C)(C)O[Si](C)(C)O[Si](C)(C)O[Si](C)(C)O[Si](C)(C)O1,,0.9139800071716309
6044,FC(F)(F)Cl,,0.9217169284820557
9003,Cl.Cl.NCCCCN,,0.9254768490791321
9337,FC(F)(F)C(F)(F)C(F)(F)C(F)(F)C(F)(F)C(F)(F)C(F)(F)C(F)(F)Br,,0.925964891910553
295,[Cl-],,0.9273446798324585
7606,CCCCBr,,0.9316646456718445
7455,ClCCBr,,0.9349302053451538
6201,CC(C)CBr,,0.9376152753829956
296,Cl,,0.9428773522377014
6081,FC(F)(Cl)C(F)(F)Cl,,0.9475442171096802
6010,CC(C)Br,,0.9495648145675659
2986,CN(CC(=O)[O-])C(=S)[S-].[Na+].[Na+],,0.9513314962387085
9826,CCOC(=S)SSC(=S)OCC,,0.9517078995704651
8994,C[N+](C)(C)CCF.[Br-],,0.9561417102813721
9893,N#CBr,,0.960874080657959
5657,CC(C)(O)C(Cl)(Cl)Cl,,0.9659698009490967
6237,FC(F)=C(Cl)Cl,,0.9726035594940186
3360,FC(F)(F)C(Cl)Br,,0.9760401248931885
7446,CCCBr,,1.0178251266479492
3939,CC(=O)Nc1c(I)c(C(=O)NC(C=O)C(O)C(O)C(O)CO)c(I)c(N(C)C(C)=O)c1I,,1.0289634466171265
8267,CN(C)C(=S)[S-].CN(C)C(=S)[S-].[Cu+2],,1.0297526121139526
9240,FC(F)(F)C(F)(Cl)Cl,,1.0346046686172485
7254,CCC(=O)O.[Hg][c]1ccccc1,,1.0382486581802368
5718,O=C(O)c1cc[c]([Hg+])cc1.[Cl-],,1.038702130317688
8457,CN(C)C(=S)S[Se](SC(=S)N(C)C)(SC(=S)N(C)C)SC(=S)N(C)C,,1.0408451557159424
8914,ClC1=C(Cl)C(Cl)C(Cl)C(Cl)C1,,1.0415257215499878
8137,CC(=O)Nc1c(I)c(NC(C)=O)c(I)c(C(=O)O)c1I.CNC[C@H](O)[C@@H](O)[C@H](O)[C@H](O)CO,,1.0466357469558716
8837,O=C([O-])[C@H](O)[C@@H](O)C(=O)[O-].[K+].[Na+],,1.0569581985473633
9096,FC(Cl)C(F)(F)Br,,1.0577392578125
6071,ClC(Cl)C(Cl)(Cl)Cl,,1.0636897087097168
7856,OCC(Cl)(Cl)Cl,,1.0759351253509521
5603,N[C@@H](Cc1cc(I)c(Oc2ccc(O)c(I)c2)c(I)c1)C(=O)O,,1.0836844444274902
8913,Fc1c(Cl)c(Cl)c(Cl)c(Cl)c1Cl,,1.0912890434265137
9997,O=C([O-])C(=O)[O-].[Fe+2],,1.0958144664764404
8516,CCCCC[N+](C)(C)C.[Br-],,1.1067458391189575
6898,ClCC(Br)CBr,,1.1081857681274414
1979,[F][Al]([F])[F],,1.1097661256790161
5630,CCC[CH2][SnH]([CH2]CCC)[CH2]CCC,,1.1124800443649292
3523,CN(C(=O)CO)c1c(I)c(C(=O)NCC(O)CO)c(I)c(C(=O)NCC(O)CO)c1I,,1.1179015636444092
3069,O=C1OC2(c3ccccc31)c1cc(I)c(O)c(I)c1Oc1c2cc(I)c(O)c1I,,1.1221206188201904
8268,CN(C)C(=S)[S-].CN(C)C(=S)[S-].[Zn+2],,1.1264541149139404
9350,F[P-](F)(F)(F)(F)F,,1.1393378973007202
6023,O=C(Cl)Cl,,1.1416497230529785
1016,O=[Se](O)O,,1.1436538696289062
533,CC(=O)O.[Hg][c]1ccccc1,,1.1455371379852295
9803,O=C(C[S-])Nc1ccccc1.[Au+],,1.146836280822754
6065,C=C[Si](Cl)(Cl)Cl,,1.148117184638977
3528,COCC(=O)Nc1c(I)c(C(=O)NCC(O)CO)c(I)c(C(=O)N(C)CC(O)CO)c1I,,1.1520713567733765
3533,O=C(NCC(O)CO)c1c(I)c(C(=O)NCC(O)CO)c(I)c(N(CCO)C(=O)CO)c1I,,1.1544716358184814
7122,O.[Hg][c]1ccccc1,,1.1685529947280884
8792,N[C@@H](Cc1cc(I)c(O)c(I)c1)C(=O)O,,1.1692960262298584
2550,[H]/[O+]=C(\N)NCC([CH2][Hg][Cl])OC,,1.1697747707366943
5616,O=[N+]([O-])O.[Hg][c]1ccccc1,,1.1771005392074585
5986,CCBr,,1.179365873336792
3522,CC(=O)N(CC(O)CO)c1c(I)c(C(=O)NCC(O)CO)c(I)c(C(=O)NCC(O)CO)c1I,,1.1860071420669556
3535,CC(=O)N(CC(O)CO)c1c(I)c(C(=O)NCCO)c(I)c(C(=O)NCC(O)CO)c1I,,1.1870782375335693
3526,CC(O)C(=O)Nc1c(I)c(C(=O)NC(CO)CO)c(I)c(C(=O)NC(CO)CO)c1I,,1.1880708932876587
5217,CC1(C)C(C(Cl)Cl)C2(Cl)C(Cl)C(Cl)C1(Cl)C2(Cl)Cl,,1.196061611175537
677,ClC1C(Cl)C(Cl)C(Cl)C(Cl)C1Cl,,1.2028179168701172
5933,CC(=O)[O-].CC(=O)[O-].[Co+2],,1.2166872024536133
7566,BrC1CCCCC1,,1.236217737197876
797,NC(Cc1cc(I)c(Oc2ccc(O)c(I)c2)c(I)c1)C(=O)O,,1.242363452911377
4302,C=C(Cl)C(Cl)(CBr)CCC(Br)=C(C)C,,1.246275544166565
8270,BrC1CCCC1,,1.254207968711853
6899,OCC(Br)CBr,,1.285457968711853
7236,[Hg+][c]1ccccc1.[O-]B(O)O,,1.289149522781372
9010,Cl.Cl.Cl.NCCCCNCCCN,,1.3250678777694702
7412,Clc1ccc(Br)cc1,,1.3279167413711548
8178,Sc1c(Cl)c(Cl)c(Cl)c(Cl)c1Cl,,1.3313448429107666
9097,O=C(F)C(Cl)(Cl)Cl,,1.3331955671310425
9221,CC(=O)[O-].CC(=O)[O-].[Ni+2],,1.3352385759353638
3557,C=C(Cl)C(Cl)(CBr)CCC(Cl)C(C)(C)Br,,1.3359777927398682
3712,NC(Cc1cc(I)c(Oc2ccc(O)c(I)c2)c(I)c1)C(=O)[O-],,1.340712547302246
1819,C[Te]CC(=O)O,,1.3437778949737549
5934,CC(Cl)(Cl)Cl,,1.3501040935516357
3036,O=S1OCC2C(CO1)C1(Cl)C(Cl)=C(Cl)C2(Cl)C1(Cl)Cl,,1.3512210845947266
4310,Oc1c(Br)cc(Br)cc1Oc1ccc(Br)cc1Br,,1.3596302270889282
6128,CC1(C)C(=O)N(Br)C(=O)N1Br,,1.364362359046936
8857,CC[N+](C)(C)CCN(C)CC[N+](C)(C)CC.[Br-].[Br-],,1.3692950010299683
4684,CCCOC(=O)Cn1cc(I)c(=O)c(I)c1,,1.3817843198776245
2546,ClC1CC2C(C1Cl)C1(Cl)C(Cl)C(Cl)C2(Cl)C1(Cl)Cl,,1.3906235694885254
3356,C=C(Cl)C(Cl)(CBr)CCC(Br)C(C)(C)Cl,,1.3914631605148315
9899,CC(=O)Br,,1.397454023361206
5494,O=C(O)Cc1cc(I)c(Oc2ccc(O)c(I)c2)c(I)c1,,1.399985909461975
5977,CBr,,1.4061477184295654
6075,O=[N+]([O-])C(Cl)(Cl)Cl,,1.4073573350906372
4945,[Cl-].[Na+],,1.407505750656128
6080,FC(F)(Cl)C(F)(Cl)Cl,,1.4205584526062012
6043,FC(F)(Cl)Cl,,1.4255805015563965
5495,O=C(O)CCc1cc(I)c(Oc2ccc(O)c(I)c2)c(I)c1,,1.4471410512924194
5146,C[CH2][Hg+].O=C([O-])c1ccccc1[S-],,1.4539265632629395
8409,CC(=O)[O-].CC(=O)[O-].[Cu+2],,1.4590965509414673
8245,CCCCC(CC)C(=O)[O-].CCCCC(CC)C(=O)[O-].[Co+2],,1.4593842029571533
6028,C[SiH](Cl)Cl,,1.4700778722763062
750,[K+],,1.4734272956848145
3359,Clc1cc(Cl)c(OCC#CI)cc1Cl,,1.4752979278564453
7961,Clc1c(Cl)c(Cl)c(Cl)c(Cl)c1Cl,,1.4797191619873047
5670,ClC1=C(Cl)C2(Cl)C3C(Cl)C(Cl)CC3C1(Cl)C2(Cl)Cl,,1.4875495433807373
1618,O=C(O)c1cc[c]([Hg][Cl])cc1,,1.5420268774032593
9103,FC(F)(F)C(Cl)(Cl)Cl,,1.56292724609375
8753,C1SCSCS1,,1.5682405233383179
534,[Hg][c]1ccccc1,,1.578482985496521
6896,[AlH2][Cl],,1.578873872756958
7238,[Hg+][c]1ccccc1,,1.5794727802276611
3519,NC(=O)CI,,1.6030000448226929
9491,S=C(Cl)Cl,,1.6043593883514404
6260,CC(C)(c1cc(Br)c(O)c(Br)c1)c1cc(Br)c(O)c(Br)c1,,1.6388949155807495
7495,CC(Br)CCBr,,1.6518925428390503
8379,O=C(O)CCI,,1.652625560760498
7760,CCCCCCCCCCCCCCCCCC[Si](Cl)(Cl)Cl,,1.6705174446105957
7533,Brc1cccc(Br)c1,,1.6739310026168823
9851,C[As](C)O[As](C)C,,1.67830491065979
9974,O=C([O-])[O-].[Co+2],,1.682116150856018
9963,C=C(Br)CBr,,1.695814847946167
6160,CCC[CH2][SnH2][CH2]CCC,,1.7006937265396118
8996,O=[As](Cl)(Cl)C=CCl,,1.7027984857559204
6199,CC(Br)CBr,,1.712154746055603
6042,SC(Cl)(Cl)Cl,,1.7368364334106445
6003,[Br-].[CH3-].[Mg+2],,1.74404776096344
1818,C[Te]CC(=O)[O-],,1.7532858848571777
8760,ClC1=C(Cl)C2(Cl)C3C(Cl)OC(Cl)C3C1(Cl)C2(Cl)Cl,,1.7579102516174316
7704,BrCCCCCBr,,1.7873282432556152
5987,ClCBr,,1.790016770362854
9351,CC[N+](CC)(CC)CCF.[Br-],,1.805780291557312
6127,ClC1=C(Cl)C(Cl)(Cl)C(Cl)=C1Cl,,1.806624412536621
7660,BrCCCCBr,,1.8124369382858276
8747,C1SCSS1,,1.8142223358154297
5841,NC(Cc1cc(I)c(O)c(I)c1)C(=O)O,,1.8188267946243286
8859,Cl.Cl.Cl.Cl.NCCCNCCCCNCCCN,,1.8270683288574219
4951,O=C(O)CI,,1.8479992151260376
6905,OC(CBr)CBr,,1.8542903661727905
6011,ClC(Cl)Br,,1.8586161136627197
220,O=[As]([O-])([O-])O,,1.865996241569519
6072,O=C(Cl)C(Cl)(Cl)Cl,,1.9009524583816528
5593,C[CH2][Hg+].O=C([O-])c1ccccc1[S-].[Na+],,1.9253520965576172
8791,O=C(O)Cn1cc(I)c(=O)c(I)c1,,1.9361177682876587
7898,O=C(C(Cl)(Cl)Cl)C(Cl)(Cl)Cl,,1.9408717155456543
7491,CCCCC[Si](Cl)(Cl)Cl,,1.9418432712554932
9330,C[As](F)F,,1.958499550819397
6133,CCC[CH2][Sn][CH2]CCC,,1.9802840948104858
8373,CCC[Si](Cl)(Cl)Cl,,1.9828131198883057
6079,FC(Cl)(Cl)C(F)(Cl)Cl,,1.9852447509765625
863,[Ni+2],,1.9917149543762207
7605,BrCCCBr,,1.997989535331726
6041,FC(Cl)(Cl)Cl,,2.0153136253356934
6078,FC(F)(Cl)C(Cl)(Cl)Cl,,2.020220994949341
7857,CC[Si](Cl)(Cl)Cl,,2.025045156478882
8482,O=C([O-])[C@H](O)[C@@H](O)C(=O)[O-].[K+].[K+],,2.03619647026062
9846,O=C(Cl)OC(Cl)(Cl)Cl,,2.0585174560546875
9892,[Ag+].[C-]#N,,2.0605738162994385
9970,CCC(C)I,,2.0650687217712402
7445,BrCCBr,,2.071394443511963
6014,CC(C)I,,2.118314504623413
5940,CC[N+](CC)(CC)CC.[Br-],,2.1209471225738525
6033,C[N+](C)(C)C.[I-],,2.1328680515289307
9908,FC(F)(F)C(F)(F)C(F)(F)C(F)(F)C(F)(F)C(F)(F)C(F)(F)C(F)(F)I,,2.1515285968780518
9231,FCCCCCCI,,2.1720163822174072
864,[Ni],,2.1835238933563232
8189,O=C(O)c1cc(I)cc(I)c1O,,2.214815378189087
6897,BrCC(Br)CBr,,2.223520517349243
9219,FCCCCI,,2.2254719734191895
6051,C[Si](Cl)(Cl)Cl,,2.233717441558838
6036,FC(F)(F)Br,,2.239871025085449
6526,ClC(Cl)=C(Cl)C(Cl)=C(Cl)Cl,,2.272204875946045
514,[O-][As]([O-])[O-],,2.2821710109710693
6166,OC(OCC(COC(O)C(Cl)(Cl)Cl)(COC(O)C(Cl)(Cl)Cl)COC(O)C(Cl)(Cl)Cl)C(Cl)(Cl)Cl,,2.2932512760162354
9958,CCOP(=O)(OCC)SCC[N+](C)(C)C.[I-],,2.300551176071167
3529,CNC(=O)c1c(I)c(NC(C)=O)c(I)c(C(=O)O)c1I,,2.332350730895996
9891,[Ag+].[C-]#N.[C-]#N.[K+],,2.366621494293213
4952,CN(C)/C=N/c1c(I)cc(I)c(CCC(=O)O)c1I,,2.376086711883545
3515,CC(=O)NCc1c(I)c(NC(C)=O)c(I)c(C(=O)O)c1I,,2.4124019145965576
5621,C[N+](C)(C)CCCCCC[N+](C)(C)C.[Br-].[Br-],,2.4375362396240234
6169,CC[N+](CC)(CC)CCOC(=O)CC[N+](CC)(CC)CC.[Br-].[Br-],,2.4753057956695557
5782,COC([CH2][Hg+])CNC(N)=O,,2.4882376194000244
1015,O=[Se]([O-])[O-],,2.4889681339263916
6054,FC(F)(Br)CBr,,2.4938199520111084
245,Br,,2.4941229820251465
9967,CC(C)CI,,2.496852397918701
3530,CN(C(=O)CC(=O)N(C)c1c(I)c(C(=O)NC(CO)C(O)CO)c(I)c(C(=O)NC(CO)C(O)CO)c1I)c1c(I)c(C(=O)NC(CO)C(O)CO)c(I)c(C(=O)NC(CO)C(O)CO)c1I,,2.519913673400879
5994,CCI,,2.5686821937561035
2368,CC(=O)Nc1c(I)c(C(=O)O)c(I)c(N(C)C(C)=O)c1I,,2.5703787803649902
4608,[Cl-].[K+],,2.625932455062866
5626,ClC(Cl)(Cl)Cl,,2.6739323139190674
9895,N#CI,,2.718257427215576
3516,CC(=O)N(CC(O)CN(C(C)=O)c1c(I)c(C(=O)NCC(O)CO)c(I)c(C(=O)NCC(O)CO)c1I)c1c(I)c(C(=O)NCC(O)CO)c(I)c(C(=O)NCC(O)CO)c1I,,2.7367570400238037
8266,CC(O)C(=O)[O-].[Sr+2],,2.7427000999450684
7410,Brc1ccc(Br)cc1,,2.7628486156463623
8453,C[As](=O)([O-])[O-].[Na+].[Na+],,2.7629926204681396
5623,Br.Br.[H]/N=C(\N)SCCN,,2.7887380123138428
244,[Br-],,2.791600465774536
1995,CC(=O)Nc1c(I)c(NC(C)=O)c(I)c(C(=O)O)c1I,,2.79207706451416
503,[SeH2],,2.819901466369629
9900,CC(=O)I,,2.8508174419403076
4179,COP(=O)(OC)OC(Br)C(Cl)(Cl)Br,,2.861680030822754
9093,FC(F)(Cl)Br,,2.9128239154815674
6622,Oc1cccc[c]1[Hg][Cl],,2.917356252670288
5123,[Kr],,2.9647200107574463
2365,CCCCCCC(I)CCC(I)CCCCCCCC(=O)O,,2.999483108520508
6433,CCC(=O)Nc1c(I)c(NC(=O)CC)c(I)c(C(=O)O)c1I,,3.046086549758911
5852,C[C@]12CCC3[C@@H](CC[C@H]4C[C@H]([N+](C)(C)C)CC[C@]34C)C1CC[C@H]2[N+](C)(C)C.[I-].[I-],,3.0563392639160156
5982,CI,,3.060631036758423
4950,O=C([O-])CI.[Na+],,3.0740721225738525
8847,O=[N+]([O-])c1cc(I)c(O)c(I)c1,,3.1137280464172363
2354,CC(=O)O.CC(=O)O.[Cd],,3.1423614025115967
7121,[Cl][Hg][c]1ccccc1,,3.2655975818634033
5874,ClC(Cl)(Cl)C(Cl)(Cl)Cl,,3.2700650691986084
9896,[CH3-].[CH3-].[Cd+2],,3.283780574798584
9104,FC(F)(F)C(F)(F)I,,3.285532236099243
8235,CCCCN(CCCC)C(=S)[S-].CCCCN(CCCC)C(=S)[S-].[Zn+2],,3.3467910289764404
5952,CC[N+](C)(C)[C@@H]1CC[C@]2(C)C3CC[C@@]4(C)C(CC[C@H]4[N+](C)(C)CC)[C@@H]3CC[C@H]2C1.[I-].[I-],,3.456199884414673
9092,FC(Cl)(Cl)Br,,3.6077420711517334
8484,Nc1c(Br)cc(Br)cc1Br,,3.632805109024048
3534,CNC(=O)c1c(I)c(C(=O)NCC(=O)Nc2c(I)c(C(=O)O)c(I)c(C(=O)NCCO)c2I)c(I)c(N(C)C(C)=O)c1I,,3.635493040084839
1582,Brc1c(Br)c(Br)c2n[nH]nc2c1Br,,3.636888265609741
6053,ClC(Cl)(Br)CBr,,3.6738808155059814
5781,COC([CH2][Hg+])CNC(N)=O.[Cl-],,3.7404627799987793
5832,CC[N+](CC)(CC)CCOc1cccc(OCC[N+](CC)(CC)CC)c1OCC[N+](CC)(CC)CC.[I-].[I-].[I-],,3.810673952102661
2843,BrCBr,,3.8807625770568848
5885,CC[N+](CC)(CC)CC.[I-],,3.8867685794830322
9949,O=C([O-])CC(CO)(C(=O)[O-])C(=O)[O-].[Ce+3],,3.9051876068115234
8514,CCCCOC(=S)[S-].CCCCOC(=S)[S-].[Zn+2],,3.9281015396118164
8353,O=C([O-])CCC(=O)[O-].[Cd+2],,3.97856068611145
1385,Oc1c(Br)cc(Br)cc1Br,,3.9826114177703857
8271,N[C@H](Cc1cc(I)c(Oc2cc(I)c(O)c(I)c2)c(I)c1)C(=O)O,,4.060281276702881
5510,N[C@@H](Cc1cc(I)c(Oc2cc(I)c(O)c(I)c2)c(I)c1)C(=O)O,,4.060281276702881
8805,CCCCC(CC)C(=O)[O-].CCCCC(CC)C(=O)[O-].[Sn+2],,4.1242289543151855
5420,[Cl][Zn][Cl],,4.242903709411621
9973,O=C([O-])[O-].[Cd+2],,4.282047748565674
6035,ClC(Cl)(Cl)Br,,4.306575298309326
4354,O=C(O)C(=O)O.[NH-]C1CCCCC1[NH-].[Pt+2],,4.42665433883667
9102,FC(F)(Br)C(F)(Cl)Br,,4.429523468017578
5849,CC[N+](C)(CC)[C@@H]1CC[C@@]2(C)C(CC[C@@H]3C2CC[C@@]2(C)C3CC[C@H]2[N+](C)(CC)CC)C1.[I-].[I-],,4.439337253570557
8524,CC(=O)O.COC[CH2][Hg],,4.476567268371582
8838,[SbH3],,4.498802185058594
6034,FC(F)(Br)Br,,4.541166305541992
7853,O=CC(Br)(Br)Br,,4.644861698150635
6159,C[CH2][Pb]([CH2]C)([CH2]C)[CH2]C,,4.685389041900635
2551,COC(CNC(N)=O)[CH2][Hg][Cl],,4.685570240020752
2405,O=C(O)C1(C(=O)O)CCC1.[Pt],,4.847074508666992
6233,BrC(Br)C(Br)Br,,4.9119415283203125
6438,CC(=O)Nc1c(I)cc(I)c(C(=O)O)c1I,,4.945962905883789
6067,O=C(O)C(Br)(Br)Br,,5.018377780914307
789,NC(Cc1cc(I)c(Oc2cc(I)c(O)c(I)c2)c(I)c1)C(=O)O,,5.024663925170898
5309,CCCC(=O)Nc1c(I)cc(I)c(CC(CC)C(=O)O)c1I,,5.0259294509887695
6076,CC(C)(O)C(Br)(Br)Br,,5.17813777923584
9972,O=C([O-])[O-].[Ba+2],,5.200541019439697
4949,[I-].[Na+],,5.203464984893799
7603,CC(=O)[O-].C[CH2][Hg+],,5.221647262573242
8525,COC[CH2][Hg],,5.25853157043457
8797,C[N+](C)(C)CCCCCCC[N+](C)(C)C.[I-].[I-],,5.389928817749023
9820,N#C/N=C(/[NH-])N.[CH3][Hg+],,5.704007625579834
6052,OCC(Br)(Br)Br,,5.775479793548584
5147,C[CH2][Hg+],,5.863645553588867
6066,O=C([O-])C(Br)(Br)Br,,5.890251636505127
9497,O=[N+]([O-])C(Br)(Br)Br,,6.0139479637146
3527,CCC(Cc1c(I)cc(I)c(N)c1I)C(=O)O,,6.1544365882873535
8741,[SiH2]1[Se][SiH2][Se]1,,6.245692253112793
6931,CCC(Cc1c(I)cc(I)c(O)c1I)C(=O)O,,6.511589527130127
7511,CC(=O)O.[CH3][Hg],,6.546891689300537
4610,[I-].[K+],,6.553746223449707
5776,OC[C@H]1O[C@H]([S-])[C@H](O)[C@@H](O)[C@@H]1O.[Au+],,6.624324798583984
5257,BrC(Br)Br,,6.692605972290039
5847,CC[N+](CC)(CC)C1CC[C@@]2(C)C(CC[C@@H]3C2CC[C@@]2(C)C3CCC2[N+](CC)(CC)CC)C1.[I-].[I-],,6.986520290374756
6490,[CH3][Hg+],,7.013226509094238
3532,O=C(COCCOCCOCC(=O)Nc1c(I)cc(I)c(C(=O)O)c1I)Nc1c(I)cc(I)c(C(=O)O)c1I,,7.143918514251709
6573,O=C(O)c1cc(I)cc(I)c1I,,7.166575908660889
7512,[CH3][Hg],,7.307751655578613
6531,Cc1c(Br)c(Br)c(Br)c(Br)c1Br,,7.3507609367370605
8804,CC(=O)[O-].CC(=O)[O-].[Pb+2],,7.391584873199463
6046,[CH3][Pb]([CH3])([CH3])[CH3],,7.553581237792969
6506,[O]=[BiH],,7.608575344085693
6532,ClC1C(Br)C(Br)C(Br)C(Br)C1Br,,7.705445766448975
6435,CCc1c(Br)c(Br)c(Br)c(Br)c1Br,,7.728010177612305
1074,[O]=[W](=[O])([OH])[OH],,7.747570037841797
8731,[BiH3],,7.919299602508545
7468,C[CH2][Hg][Cl],,8.024290084838867
6000,ICI,,8.086921691894531
7850,[CH3][Hg+].[Cl-],,8.178610801696777
8505,O=C([O-])C[S][Bi]([S]CC(=O)[O-])[S]CC(=O)[O-].[Na+].[Na+].[Na+],,9.310796737670898
745,II,,9.50390625
6530,Brc1c(Br)c(Br)c(Br)c(Br)c1Br,,9.650485038757324
2603,[Cl][Pt][Cl],,10.059402465820312
2601,[Cl][Pt+2][Cl],,10.059993743896484
2600,[Cl][Pt+2][Cl].[NH2-].[NH2-],,10.358637809753418
8295,O=C([O-])C(=O)[O-].[Ce].[Ce],,10.406692504882812
3531,O=C(CCCCC(=O)Nc1c(I)cc(I)c(C(=O)O)c1I)Nc1c(I)cc(I)c(C(=O)O)c1I,,10.754252433776855
6026,IC(I)I,,12.221467971801758
9977,IC(I)=C(I)I,,14.997589111328125
9904,IC(I)(I)I,,15.980663299560547
