52
 energy: -108.102011436678 gnorm: 0.225535488747 xtb: 6.7.1 (6d44803) iter: 1
C           -2.63036300000000        2.59488600000000       -3.51324400000000
O           -3.59055300000000        2.27163800000000       -2.51541900000000
N           -2.93615200000000        1.60841800000000       -1.47121600000000
C           -3.73384800000000        1.22987800000000       -0.50626300000000
C           -3.01897000000000        0.57128600000000        0.69215500000000
O           -3.63346800000000       -0.10981400000000        1.50059800000000
N           -1.67133300000000        0.84657900000000        0.75420600000000
C           -0.79576200000000        0.41109100000000        1.87501900000000
C            0.32771300000000        1.43822300000000        2.24511000000000
O            0.33516200000000        2.60446500000000        2.56312600000000
N            1.24882700000000        0.46790000000000        2.10137500000000
C            2.59863400000000        0.31672900000000        2.20460500000000
C            3.49711100000000        1.57936600000000        2.42323600000000
O            3.62030900000000        2.31244900000000        1.39782500000000
O            3.99384300000000        1.68960600000000        3.58052300000000
C            3.14350400000000       -0.92494000000000        2.11761100000000
C            4.63818400000000       -1.17013100000000        2.21939800000000
S            5.53091700000000       -0.83003900000000        0.67979200000000
C            4.77203900000000       -2.01705900000000       -0.38393600000000
N            5.06559000000000       -3.24467200000000       -0.10961500000000
C            4.51202600000000       -4.16398800000000       -0.98516700000000
O            4.92002700000000       -5.32390200000000       -0.96904700000000
C            3.38325200000000       -3.69562300000000       -1.99901100000000
O            2.80301600000000       -4.66916900000000       -2.51738900000000
N            3.17767000000000       -2.42054800000000       -2.17019300000000
N            3.95606500000000       -1.57171400000000       -1.41595400000000
C            3.61839700000000       -0.16538400000000       -1.61269800000000
C            2.32958700000000       -2.20876900000000        1.99081000000000
S            0.55852200000000       -2.04753800000000        2.41491700000000
C            0.39062500000000       -0.51063900000000        1.47582500000000
C           -5.19379800000000        1.41479800000000       -0.48530000000000
C           -5.95023000000000        1.51085800000000        0.67238100000000
S           -7.61051600000000        1.70627900000000        0.30092200000000
C           -7.22998800000000        1.65837600000000       -1.36741500000000
N           -8.18336600000000        1.74862000000000       -2.31282400000000
N           -5.96519200000000        1.49545800000000       -1.65087700000000
H           -1.87201500000000        3.26681000000000       -3.10142900000000
H           -2.15939600000000        1.68519700000000       -3.89949700000000
H           -3.14367000000000        3.10311400000000       -4.33398300000000
H           -1.29418800000000        1.43285500000000        0.00944000000000
H           -1.37025500000000        0.10456600000000        2.75881400000000
H            5.08076200000000       -0.55400700000000        3.00874500000000
H            4.84378900000000       -2.20304400000000        2.52454900000000
H            3.09461600000000       -0.01954900000000       -2.56416400000000
H            2.95778300000000        0.18800700000000       -0.81719600000000
H            4.51476200000000        0.46203100000000       -1.65066300000000
H            2.72623500000000       -2.96842200000000        2.67154900000000
H            2.39811700000000       -2.60114000000000        0.97359900000000
H            0.55287400000000       -0.60228900000000        0.39457000000000
H           -5.61858100000000        1.47005100000000        1.70272600000000
H           -7.88137300000000        1.39935600000000       -3.21687100000000
H           -9.10694200000000        1.43349100000000       -2.04677400000000
52
 energy: -108.140448108638 gnorm: 0.115113956774 xtb: 6.7.1 (6d44803) iter: 2
C           -2.62264910686859        2.59276952761455       -3.51180565607759
O           -3.57580671961143        2.26312927657281       -2.51754496125184
N           -2.96073269909751        1.61557419798926       -1.45948390250591
C           -3.73578940210516        1.23899753680354       -0.49957025305728
C           -3.02894460744594        0.58713900280522        0.69127188123582
O           -3.62609458241214       -0.09302104064414        1.49586911609179
N           -1.68932534573152        0.85117545538745        0.75285805257179
C           -0.81082061601259        0.44078284478117        1.83953558406244
C            0.31793605615131        1.44355150943705        2.24909620927904
O            0.33416266219670        2.59132108863545        2.56744881880989
N            1.26015258311185        0.47411507055359        2.08075532469416
C            2.61323061640142        0.30301740954230        2.20627143941021
C            3.49750980309605        1.58075803160306        2.42747068762988
O            3.60399539681018        2.26497436963348        1.40767568538982
O            3.98296214523000        1.67443048115225        3.55264348498930
C            3.15181417648155       -0.92815639927519        2.13119917023339
C            4.63336781557882       -1.17620271721553        2.22495041550314
S            5.51053367319907       -0.78945353276790        0.67424419674761
C            4.74631500077329       -1.98655198122263       -0.38910422751520
N            5.02438093810951       -3.23116427526348       -0.14554131935696
C            4.52570021237308       -4.18810410795439       -0.98299416520964
O            4.90744220291259       -5.32581397897827       -0.97382750937319
C            3.39077763031324       -3.71580348989947       -1.99255885720260
O            2.80009035520913       -4.64417979422740       -2.51734609302783
N            3.21835465613231       -2.43349065535941       -2.13819300769006
N            3.95584029320974       -1.55814860053703       -1.39624136964468
C            3.62430061067978       -0.16024005925280       -1.60723529344956
C            2.33342120031242       -2.19980628293820        1.99343673979674
S            0.56281420358476       -2.05163198940528        2.40008972473453
C            0.36978048087577       -0.50205094916722        1.48774128065165
C           -5.18994558260241        1.40511421659606       -0.47577444615399
C           -5.93866457975490        1.50080637005948        0.67845073508539
S           -7.59990761620844        1.71088117033962        0.32396250578825
C           -7.20534867667863        1.63029906071075       -1.36218148729948
N           -8.16586421115924        1.73249447440233       -2.31248782478347
N           -5.94314355647092        1.48706085717153       -1.62976133653869
H           -1.86422521092357        3.26539403538749       -3.10403635811695
H           -2.15123612395253        1.68692289559858       -3.90019364996288
H           -3.15685581127210        3.09652035224487       -4.31784185009097
H           -1.30691386253725        1.43053029949154        0.01596752887016
H           -1.39041971066329        0.10814179654904        2.70607300231114
H            5.08189975602372       -0.53026383592307        2.98518634272032
H            4.84469000141868       -2.21103604887182        2.50743705460019
H            3.10304156412823       -0.05382072821218       -2.56102381726545
H            2.96883717515902        0.19852618657472       -0.81194402112186
H            4.52197272907124        0.45655650968511       -1.63700170553020
H            2.72204264464779       -2.96232975593782        2.67135725749848
H            2.39744035284896       -2.59163346813247        0.97483916610650
H            0.53859208803743       -0.62454495596659        0.41290640903323
H           -5.60583319423245        1.46777520717524        1.69794966535284
H           -7.87483744059566        1.41114408895862       -3.22648401716229
H           -9.10004136774127        1.44754632369614       -2.04922934980913
52
 energy: -108.156160223918 gnorm: 0.057240181716 xtb: 6.7.1 (6d44803) iter: 3
C           -2.61239486331547        2.58701003623861       -3.50702009095009
O           -3.56147610024240        2.25139735942493       -2.51739209797816
N           -2.97542173067506        1.62741709171300       -1.44913671158512
C           -3.73071860608387        1.24962485785808       -0.48981795142385
C           -3.03345172494250        0.60501464275947        0.69270008272338
O           -3.61746375679857       -0.07225664727830        1.50339204784207
N           -1.69637148611093        0.86007230714868        0.75103450750205
C           -0.82375924331172        0.46064641184254        1.80526340509634
C            0.30107736871848        1.45097366589166        2.24131899021855
O            0.33168636093348        2.58746292407794        2.57164207912729
N            1.26340907138082        0.48175503572393        2.04639767469330
C            2.61290292288079        0.28265695021500        2.21514591818288
C            3.51112880119443        1.58068127255819        2.42774645207133
O            3.56673586226600        2.22044216149513        1.39863026394283
O            3.96484866659162        1.66779706813558        3.54078845039273
C            3.15020339305675       -0.93894028436721        2.14977824849839
C            4.62321377245823       -1.17762235420595        2.23768699752170
S            5.48608406175776       -0.74849213289165        0.67395727068335
C            4.72818947191098       -1.95637482802943       -0.39271361567338
N            4.98967665325836       -3.21948275197500       -0.18287027824734
C            4.54605923152300       -4.20921616502481       -0.96384967286782
O            4.89357428763744       -5.33915539137977       -0.97814905356777
C            3.39152370372744       -3.72734047215711       -1.98908395729441
O            2.79231116649177       -4.61613909111607       -2.52312655305985
N            3.26013793646477       -2.43825537521933       -2.10534449629500
N            3.95137781803735       -1.54412909364594       -1.37067489681096
C            3.62710018777542       -0.15403908039414       -1.60709300363023
C            2.32483815864974       -2.19660541836816        1.99306360323130
S            0.55404253917316       -2.05132376847920        2.38585278416040
C            0.35160282867687       -0.49688645440960        1.47946793644328
C           -5.18398336769851        1.39322984339031       -0.45899928945436
C           -5.92452156417962        1.49423448996744        0.69361742164305
S           -7.58786124803071        1.70409752066216        0.34744690152770
C           -7.17640818655352        1.60319535754908       -1.36060128403404
N           -8.14105565163358        1.71501664614008       -2.31090207164831
N           -5.91962152113808        1.46576291603378       -1.60485471720140
H           -1.85287590430481        3.26319712908258       -3.10758164099221
H           -2.13602982468600        1.68829027616051       -3.90396141322138
H           -3.17146432594662        3.08664171167999       -4.29594895894264
H           -1.30993411524130        1.43157792363682        0.01490471584064
H           -1.41132425300824        0.10993886169906        2.65975684146012
H            5.08136368414909       -0.50830406548122        2.96984756923711
H            4.85438144106853       -2.21271521357358        2.48709896680363
H            3.10695979890072       -0.08444555888340       -2.56109145837585
H            2.98157243568083        0.21905545466570       -0.81093066047385
H            4.52974189790660        0.44961471938901       -1.63247855229983
H            2.70423238249583       -2.96252708429999        2.67011053810168
H            2.39719816201339       -2.58188190517373        0.97148512219726
H            0.52547621260134       -0.65699462066171        0.41046080629633
H           -5.58850348156921        1.46516732275846        1.70592392954137
H           -7.86302032434674        1.42373865902858       -3.23623239554533
H           -9.08498999956323        1.46741814008900       -2.04738370340686
52
 energy: -108.160701798805 gnorm: 0.040340250374 xtb: 6.7.1 (6d44803) iter: 4
C           -2.60170423369455        2.58115581509694       -3.50305490655155
O           -3.55115032557380        2.24016884871125       -2.51688638371669
N           -2.97062104227803        1.63795473440043       -1.43949326942549
C           -3.72285975984811        1.25730231692078       -0.47887823407828
C           -3.03253257738167        0.62459405812476        0.69875972129952
O           -3.60761187370933       -0.04533280049415        1.52407003978729
N           -1.69499833553286        0.87427487254704        0.73873501256021
C           -0.83056914757392        0.46444898979583        1.78360564970624
C            0.28679760094455        1.44869865343154        2.23374568250226
O            0.32756355748912        2.58126136236289        2.58065234677352
N            1.25479986456972        0.48095429537991        2.02017614238159
C            2.59437613966488        0.26833957430465        2.22317719582071
C            3.49015170500458        1.59437428381677        2.42403964909356
O            3.55889973681597        2.16648308601332        1.35263141034566
O            3.98092620373898        1.66272822264873        3.52175566312283
C            3.13838061249664       -0.94988949626352        2.16593448425830
C            4.61129628574551       -1.17343204378938        2.25278596709177
S            5.46833132178372       -0.72297206706691        0.68458472396718
C            4.72273289033144       -1.93998731329573       -0.38001842740014
N            4.97744734512133       -3.21165497193901       -0.18539204242896
C            4.55961725563708       -4.20628361460733       -0.94171973078410
O            4.87472719234261       -5.34811102101784       -0.96840039309961
C            3.38670729158354       -3.71671950081578       -1.99100188183789
O            2.78407304391054       -4.59535554973449       -2.53048921298318
N            3.27726536819003       -2.42813574937916       -2.09695021713121
N            3.94246622428661       -1.53176654434736       -1.35467371609050
C            3.62953634517253       -0.14401689591795       -1.61413194376946
C            2.31194144798949       -2.20434598741309        1.99329055965994
S            0.53918861808511       -2.05365540226140        2.37461687076166
C            0.33990175694428       -0.50035886675594        1.46133314902798
C           -5.17510029936446        1.38222831204829       -0.43973090974595
C           -5.91209133615291        1.48384480130718        0.71312238743177
S           -7.57708622447168        1.68170372870974        0.36394773313499
C           -7.15691791099719        1.57898177951552       -1.35629311243148
N           -8.11761247254963        1.70397242349939       -2.30554075855077
N           -5.90237898987287        1.44358033359418       -1.58731151777179
H           -1.84344987662522        3.26171554219278       -3.10764598141951
H           -2.11782639419148        1.68848365684591       -3.90611038246530
H           -3.17449692353368        3.07753799190060       -4.28351607488252
H           -1.31290619865605        1.43997956631204       -0.00472826147649
H           -1.43024905348585        0.10736127629202        2.62777173251859
H            5.07121999516302       -0.49570532824745        2.97380782694582
H            4.86280351731132       -2.20820614157070        2.48020775183887
H            3.10917877741587       -0.09767458858048       -2.56823201221786
H            2.99308067404546        0.25063920981273       -0.81990219014962
H            4.53993724499028        0.44799306117326       -1.64638702524423
H            2.68054567707463       -2.97705853936018        2.66861094390359
H            2.39243583058367       -2.57876140343929        0.96794618171276
H            0.50929363196353       -0.68179517768863        0.39538665766616
H           -5.57087600795525        1.46099069863531        1.72438262337494
H           -7.84506845091124        1.43712643354679       -3.24004034968844
H           -9.06751672203546        1.48234207504515       -2.04526817134650
52
 energy: -108.163395882157 gnorm: 0.033140845457 xtb: 6.7.1 (6d44803) iter: 5
C           -2.58902879027985        2.57443405012946       -3.49814726177619
O           -3.54012876149790        2.22631699205603       -2.51590205418664
N           -2.96043757350898        1.64804816775873       -1.42805456028074
C           -3.71299057377827        1.26521442326937       -0.46460308954285
C           -3.02433980439628        0.65139304895641        0.70813547777409
O           -3.58851090474002       -0.00141510788651        1.55887626646448
N           -1.68462834063559        0.89374562307133        0.72183969310748
C           -0.82977167031524        0.46692996247475        1.76449500214203
C            0.28215068319118        1.43943958974900        2.22839885197713
O            0.33717707143998        2.56724854961815        2.59837319220396
N            1.25329582187524        0.47581192744105        1.98402882309574
C            2.57779588244590        0.24379855328929        2.22488394155161
C            3.51718778409252        1.57536961703881        2.38739139363534
O            3.49296062344427        2.13607737268672        1.30568719403982
O            3.95362485340929        1.70282895405521        3.50289402110660
C            3.12346321008747       -0.97399648912738        2.18040720316122
C            4.59640608392714       -1.17578187580474        2.27414954322667
S            5.44321170951059       -0.69539421632207        0.70062082148334
C            4.71874070307044       -1.92135194754654       -0.36055569619690
N            4.96808555888656       -3.20016591010547       -0.17798784412578
C            4.57139563798513       -4.19706824958847       -0.90386364651723
O            4.84926372123417       -5.35189413188976       -0.94912067589012
C            3.37754277662799       -3.69745864018595       -1.99862775488061
O            2.77849240100141       -4.57392463126589       -2.54035655930762
N            3.29137744828425       -2.41273765514929       -2.09545686043552
N            3.92914308331291       -1.51775145657077       -1.33854619921279
C            3.63438304622224       -0.13083141310094       -1.62713420659915
C            2.29258051102664       -2.22332298671903        1.99276926377605
S            0.51803986843756       -2.05621996970648        2.36286363335019
C            0.33222507233484       -0.50547160285274        1.43571482666479
C           -5.16346497631415        1.37053750099366       -0.41644854625953
C           -5.89888901325464        1.46998553667178        0.73618631071672
S           -7.56664815761896        1.64825237266237        0.38216326431766
C           -7.13746925178745        1.55302378366738       -1.35169539249333
N           -8.09162916036976        1.69020323052295       -2.29790070971201
N           -5.88416371321517        1.42131887732383       -1.56888330668077
H           -1.83308294051840        3.25878348298282       -3.10387784590634
H           -2.09633465465853        1.68823989935764       -3.90718308293602
H           -3.17140112188433        3.06825283937654       -4.27232326050293
H           -1.31085764957734        1.44878501628259       -0.03552531592555
H           -1.44836267762160        0.10426405334161        2.59417389591952
H            5.04901139848455       -0.48950628068054        2.98881866077524
H            4.87229706517910       -2.20807614274119        2.48040004857294
H            3.10920857030751       -0.10712041527944       -2.57798430808329
H            3.01347278538382        0.29590095595723       -0.83492148182977
H            4.55496562325817        0.44656267236633       -1.67651455982747
H            2.64676379571770       -3.00495637512053        2.66576274364378
H            2.38039563297474       -2.58475850250535        0.96334168026541
H            0.48844307356161       -0.70839578335829        0.37256140752091
H           -5.55099271271080        1.45352898339601        1.74710475091406
H           -7.82303703042783        1.45412027970170       -3.24203542889928
H           -9.04693301760237        1.49918446730855       -2.04111126339802
52
 energy: -108.165471779498 gnorm: 0.024050928496 xtb: 6.7.1 (6d44803) iter: 6
C           -2.58242457837778        2.57168098726494       -3.49549069727879
O           -3.53685867120437        2.22058957426530       -2.51626109485928
N           -2.95422733395760        1.64904038989843       -1.42418604243592
C           -3.70999623379776        1.26919408892219       -0.45894960894173
C           -3.01644221707752        0.66809545241846        0.71548148806576
O           -3.57711555792799        0.03223455211072        1.58309651894882
N           -1.67462284872232        0.90033061234069        0.71473879540668
C           -0.82834380702612        0.45963297639579        1.76349141628419
C            0.28017115658127        1.42605567152782        2.23244952563803
O            0.33904342531819        2.55003704959521        2.61455111804813
N            1.25000001579329        0.46849557859781        1.96722015131499
C            2.56405189706458        0.23626109492248        2.22062650608882
C            3.49961708233251        1.58459223604286        2.36715173696542
O            3.51026062892316        2.09680940017986        1.26390666413888
O            3.97870001037720        1.70252689334670        3.46359768728655
C            3.11229883622480       -0.98327154202282        2.18591991681333
C            4.58501625582839       -1.17737922202063        2.28933657515811
S            5.42235189578941       -0.68074872421652        0.71209481638500
C            4.71270254795360       -1.90648549834915       -0.34819368327777
N            4.96103415663888       -3.18399480967614       -0.15868349751018
C            4.56916487617732       -4.18552297735508       -0.87337665967210
O            4.83831680714874       -5.33878089985454       -0.92364480090509
C            3.37110261110536       -3.68190380171771       -2.00552560587014
O            2.78577821933216       -4.56774903330053       -2.54424939637571
N            3.29307858921287       -2.40100957127165       -2.10289232525226
N            3.92384493331001       -1.50796906405489       -1.33640387174526
C            3.64208757830513       -0.12004247481488       -1.64037364961473
C            2.28209927598285       -2.23447958477522        1.99328425499371
S            0.50590115466240       -2.06022376798416        2.35757465085348
C            0.32917470997380       -0.51159917431412        1.42131760239858
C           -5.15880885441060        1.36875587136242       -0.40879608657569
C           -5.89626395699225        1.45983354432392        0.74352265490890
S           -7.56608683384899        1.62440714976911        0.38871482566885
C           -7.13446670173233        1.54524688565054       -1.34885438808839
N           -8.08498475537961        1.68388683694950       -2.29285138849690
N           -5.88036699117808        1.41875639632809       -1.56405274758042
H           -1.82930492108240        3.25599524862677       -3.09598221181648
H           -2.08634831593831        1.68672317450223       -3.90355702389122
H           -3.15929746405967        3.06578593766396       -4.27279837565622
H           -1.30341196360678        1.44703979567971       -0.05077888964141
H           -1.45859940047530        0.09633672459930        2.58444493568410
H            5.02836354374837       -0.49445061201376        3.01122284558143
H            4.86911593378229       -2.20740585705702        2.49105531207927
H            3.10811146357207       -0.10079201135272       -2.58573936925700
H            3.03385011630314        0.32759731609207       -0.84894336042112
H            4.56803484585688        0.44868545620264       -1.70985207952403
H            2.62871004086163       -3.02176426908704        2.66376937220546
H            2.37062763828968       -2.59220964180185        0.96295608955873
H            0.47655520659809       -0.71588548783944        0.35821952328092
H           -5.54602734421485        1.44283120357241        1.75458843948043
H           -7.81422436327267        1.46238584252348       -3.23892467311451
H           -9.04094333876285        1.50382508320443       -2.03769089543380
52
 energy: -108.167056261935 gnorm: 0.019978976716 xtb: 6.7.1 (6d44803) iter: 7
C           -2.57502381637675        2.56850001069575       -3.49226424056136
O           -3.53520349769862        2.21686630186165       -2.51782154592571
N           -2.95049080112428        1.64973793602079       -1.42115902794392
C           -3.70948003832628        1.27637810601538       -0.45448063090592
C           -3.00889162513571        0.68999942526135        0.72595917661225
O           -3.56733157454031        0.07396447782138        1.60901372596352
N           -1.66474548038786        0.90510063997395        0.71222475688310
C           -0.82610828385137        0.45100955603665        1.76602244918818
C            0.28474832021907        1.40753127100989        2.24036250274939
O            0.34810160289242        2.52603420032968        2.63689044177625
N            1.25114227557985        0.45716638258017        1.94889216640695
C            2.55627029773537        0.22351437865658        2.21463138049460
C            3.49937032233086        1.58152866759198        2.32596864595421
O            3.51485902249856        2.06126468724437        1.21035949393870
O            3.99885338824923        1.71986093715324        3.41071969923454
C            3.10149744000493       -0.99907372572563        2.19413983887650
C            4.57330640264488       -1.18730653718031        2.30558834880921
S            5.39698846137728       -0.66573286010070        0.72559998878310
C            4.69960794299837       -1.88495001107126       -0.33428969154717
N            4.94159215497118       -3.16107036931353       -0.12694839243954
C            4.56556445884864       -4.17048211611583       -0.83834251427886
O            4.82009529515874       -5.32245597324959       -0.88178743164547
C            3.36381381925630       -3.66031961809216       -2.01630894843742
O            2.79983870899721       -4.56220291849177       -2.54692625604514
N            3.29860802813435       -2.38367240601834       -2.11498714194997
N            3.92683204495764       -1.49179557859471       -1.33998083300616
C            3.66008191274615       -0.10338718402702       -1.65760980547532
C            2.27086589293152       -2.25028817841443        1.99654938572402
S            0.49321040310058       -2.06623667201467        2.35453290676467
C            0.32496840428416       -0.51988443598068        1.40992367890114
C           -5.15659605484422        1.36991955230047       -0.40529270463805
C           -5.89736529425238        1.44419365444374        0.74644769872795
S           -7.56876489434782        1.59860784909349        0.39388173160914
C           -7.13586897056092        1.53991927959451       -1.34521298669506
N           -8.08498666283994        1.67731191434920       -2.28736001838252
N           -5.88053423842420        1.42467293170509       -1.56197142235422
H           -1.82554697258626        3.25167468789984       -3.08422442869851
H           -2.07703510772244        1.68259006993420       -3.89556667235508
H           -3.14120502538099        3.06374199289464       -4.27668474503329
H           -1.29244061064195        1.43958167406137       -0.06085410878527
H           -1.46906646555533        0.08652680877387        2.57571611210617
H            5.00662968017565       -0.50792600651937        3.03749625313420
H            4.86544416405350       -2.21497333126965        2.50407688864904
H            3.10792471265431       -0.08598369807615       -2.59306824256209
H            3.07304570353195        0.36598052188268       -0.86288911918855
H            4.59174039443126        0.45311325626192       -1.75674282481013
H            2.61144825028544       -3.04188743027552        2.66429005788378
H            2.35751421200410       -2.60588435003562        0.96559301094408
H            0.46222566529498       -0.72430628751340        0.34604881860117
H           -5.54655843791621        1.42265891119264        1.75725569660246
H           -7.81063436306960        1.47204529883302       -3.23472576653932
H           -9.04231216676258        1.50882530660696       -2.03340435511379
52
 energy: -108.168704439879 gnorm: 0.020736581101 xtb: 6.7.1 (6d44803) iter: 8
C           -2.56467487415937        2.56272918766917       -3.48778578182887
O           -3.53353776118240        2.21286172464857       -2.52082996167645
N           -2.94931044355789        1.65383309638365       -1.41603822102705
C           -3.71130730609810        1.28910594329213       -0.44852734998437
C           -3.00495533352716        0.71462514816766        0.73815313181462
O           -3.56336992156486        0.12544410989710        1.63918273835092
N           -1.65867841899470        0.90710467601963        0.71200266932715
C           -0.82634304389232        0.44082363807175        1.76861923121727
C            0.29100452404930        1.38482334530451        2.24988203404724
O            0.35987561895805        2.49525143295001        2.66786680374961
N            1.25317504736533        0.44348622613183        1.92336563930155
C            2.55164776810422        0.20612024177258        2.20695394220833
C            3.50751444869053        1.56996940326270        2.26324323010334
O            3.51183838539440        2.01344765194370        1.13411652944810
O            4.02295630441513        1.74775240094426        3.33445062329734
C            3.09025198451814       -1.02007261491610        2.20682924859183
C            4.56111749209102       -1.20353350308475        2.32474904252784
S            5.36964691738471       -0.65043077411897        0.74449910462948
C            4.68441449168073       -1.85688376359437       -0.31948065738259
N            4.91058951620771       -3.13521017020082       -0.08566858074748
C            4.55252431918465       -4.15212219710495       -0.78687130108621
O            4.78557421021362       -5.30426857217849       -0.82729377049482
C            3.35397512777894       -3.62689634853590       -2.03279794293621
O            2.81737858859893       -4.54925579594269       -2.54945562155258
N            3.31163706037767       -2.35631814501669       -2.12952264991148
N            3.94055302834760       -1.46604403670670       -1.34723148195476
C            3.69371362565108       -0.07753774364903       -1.67800951806654
C            2.25797783522603       -2.26895704580363        2.00454284256304
S            0.47869746624996       -2.07428007563545        2.35476902515059
C            0.31660197726476       -0.53184749572972        1.39995027125296
C           -5.15715275635389        1.37400356566895       -0.40258498605054
C           -5.90190062531807        1.42349257335511        0.74836505275544
S           -7.57467257399376        1.56455393584587        0.39873681486195
C           -7.13975175224376        1.53555491141517       -1.34035405789637
N           -8.08971612230738        1.66898443223314       -2.28129303038072
N           -5.88303298456943        1.43861998015144       -1.55994624140730
H           -1.81979242439779        3.24526160531852       -3.07028958379294
H           -2.06429096476704        1.67475745199277       -3.88321500003476
H           -3.11812335860396        3.05849083872248       -4.28182988389190
H           -1.28105085692099        1.42387593094878       -0.06962883724978
H           -1.48158664635879        0.07458086376428        2.56593784489085
H            4.98632889913770       -0.52887218397095        3.06740033819235
H            4.86206473069333       -2.23013290469953        2.51466387489744
H            3.10873553675366       -0.06073274939530       -2.59537049936533
H            3.14539998454836        0.41992511973089       -0.87132776557128
H            4.63333721587819        0.45841975409462       -1.82275519490037
H            2.59243746274800       -3.06397584411207        2.67025845263575
H            2.34275996039927       -2.62332436061295        0.97296206006318
H            0.44181726124930       -0.74033166370144        0.33503310347673
H           -5.55249573534778        1.39235717577036        1.75895483633424
H           -7.81085380642880        1.48682473670960       -3.23124014953457
H           -9.04895007856876        1.51394788652954       -2.02885941696317
52
 energy: -108.170402198875 gnorm: 0.021894653632 xtb: 6.7.1 (6d44803) iter: 9
C           -2.55263903230708        2.55522326067824       -3.48140442531592
O           -3.53077145258185        2.21026010459576       -2.52231535029162
N           -2.95131496247055        1.65942060871521       -1.40868089496749
C           -3.71602434752193        1.30330592788939       -0.44110652256578
C           -3.00814746413901        0.73983107254513        0.75318362441973
O           -3.56810454827762        0.17503067315383        1.66768910972685
N           -1.65948827924746        0.90507256382236        0.71556999403330
C           -0.83022142296920        0.42843589748485        1.77115564407970
C            0.29516315514624        1.36208331265487        2.25660275681097
O            0.36858619731758        2.46275308641420        2.69856989700613
N            1.25319687409727        0.43015070352605        1.89473973357433
C            2.54919713820338        0.18949000748390        2.19638815593594
C            3.51688987265545        1.55248989156624        2.18812024533318
O            3.50059953806855        1.95605799570898        1.04304754242410
O            4.04943738736314        1.77811568974463        3.24241911688991
C            3.07967133496228       -1.04007361186790        2.21974361749774
C            4.55024895017263       -1.22080129840231        2.34286080902072
S            5.34853467442977       -0.63694402331740        0.76698213283177
C            4.67067786989556       -1.82736740379635       -0.30504999732239
N            4.87109672247970       -3.11157121143431       -0.04219115602254
C            4.53351639443158       -4.13483571652667       -0.72773516051552
O            4.73488713242963       -5.29007650008386       -0.76837139365210
C            3.34258445851800       -3.58652069041328       -2.05497991842430
O            2.83288838850905       -4.52797221800439       -2.55399169319605
N            3.33441193260082       -2.32334901779955       -2.14610134319932
N            3.96618878476612       -1.43537901069242       -1.35753882252449
C            3.74244019700030       -0.04666808918098       -1.69717122578715
C            2.24632431540589       -2.28625639997403        2.01598628647696
S            0.46597300087150       -2.08326223480439        2.36036107657834
C            0.30542193535366       -0.54716360670075        1.39357462469987
C           -5.16179787621520        1.37944406541626       -0.39991260821746
C           -5.91018735777238        1.40279560439673        0.74970552411305
S           -7.58347260159966        1.53012867966411        0.40074635751991
C           -7.14554493064581        1.53355329547671       -1.33589968359133
N           -8.09765473731142        1.66120522257209       -2.27688684972770
N           -5.88781903991814        1.45614912025785       -1.55763464600507
H           -1.81123887131950        3.23754443353218       -3.05754115594684
H           -2.05036333601806        1.66449465498889       -3.86817676122122
H           -3.09495875536810        3.05023831802315       -4.28459082804750
H           -1.27319116120792        1.40201783634565       -0.07411755423533
H           -1.49202732956312        0.06266228921657        2.56115107485039
H            4.97182342548874       -0.55231406720429        3.09425926101131
H            4.85723037061096       -2.24798506153339        2.51967252070805
H            3.11430793310689       -0.02477593731777       -2.58787447657201
H            3.24866136056055        0.48048471135287       -0.87050808278721
H            4.68976411515170        0.46164332628390       -1.89578269091789
H            2.57539653548675       -3.08248519200385        2.68224393504069
H            2.32986680617928       -2.64197158927101        0.98443502470371
H            0.41823895520857       -0.76420936762584        0.32812878398976
H           -5.56435906320575        1.35885890809828        1.76065332953623
H           -7.81508483384755        1.50390224769684       -3.22928673318552
H           -9.05881535295960        1.51913973864950       -2.02585920457202
52
 energy: -108.172603317229 gnorm: 0.027103621613 xtb: 6.7.1 (6d44803) iter: 10
C           -2.54002091517806        2.54511121526062       -3.47284766195790
O           -3.52731636157705        2.20794536101046       -2.52135790922433
N           -2.95624281853206        1.66691795826284       -1.39780909793192
C           -3.72340402077418        1.31899880185684       -0.43072689182532
C           -3.01734072273805        0.75884615132629        0.76815616833730
O           -3.58138843486754        0.22063799670760        1.69571369110159
N           -1.66708177279651        0.89582511914406        0.72173177971426
C           -0.83821655005302        0.41455819659148        1.77468565431794
C            0.29669509759576        1.34107658018013        2.25924388008230
O            0.37380209728361        2.43062871607359        2.72595374086373
N            1.24995666067493        0.41847818031877        1.86353174684502
C            2.54816772915850        0.17746198614731        2.17771497045530
C            3.52357810343137        1.52814507922740        2.10250946441769
O            3.48173860009859        1.89331157162073        0.94507278285600
O            4.07604926980557        1.80225408073070        3.13458597620276
C            3.06915179975523       -1.05558571428319        2.22877216035196
C            4.53995584188504       -1.23630436150159        2.35885493499986
S            5.33635534622753       -0.62730827227567        0.79275762787223
C            4.65885957313859       -1.79812704528804       -0.29051190504598
N            4.82557410300091       -3.09078315129560        0.00000186916289
C            4.50863208254521       -4.12242020728652       -0.65797465430363
O            4.67263888167522       -5.27926058130171       -0.71071543342478
C            3.32952330761728       -3.54000897580042       -2.08751775289944
O            2.84627972976303       -4.49931302011324       -2.56398458246454
N            3.36818525873087       -2.28669582818607       -2.16528854583489
N            4.00378156359405       -1.40215299445678       -1.36991950603900
C            3.80704866493842       -0.01282086214517       -1.71325539127727
C            2.23630267875623       -2.30022448498888        2.03033095930144
S            0.45568704677451       -2.09124904484218        2.37264619412013
C            0.29142196525743       -0.56467690404979        1.39146857048776
C           -5.17046136379607        1.38767046826845       -0.39560380810597
C           -5.92268656544388        1.38465400956614        0.75129587361311
S           -7.59554969105019        1.49827503139853        0.39886296077153
C           -7.15308355766876        1.53425133096928       -1.33180983700505
N           -8.10757974980324        1.65482530042133       -2.27450732670912
N           -5.89444693928129        1.47685375208548       -1.55388221937064
H           -1.80088492579690        3.22822920304273       -3.04657005577145
H           -2.03607570136199        1.65108475018525       -3.85020955097914
H           -3.07359623100439        3.03735327886089       -4.28432575343740
H           -1.26997639199672        1.37148952752709       -0.07531681292541
H           -1.49977586975539        0.05145273174397        2.56434149002722
H            4.96140142117462       -0.57496985672230        3.11708267651807
H            4.84838479982651       -2.26524638902101        2.52074797609855
H            3.12870835747272        0.02380125800005       -2.56787794015390
H            3.38333859805722        0.54284745355726       -0.86181706570495
H            4.75894512065139        0.46037330781708       -1.97170829840438
H            2.56194594592381       -3.09409501484364        2.70080351393164
H            2.31815965008613       -2.66210427717999        1.00027281841472
H            0.39096310676659       -0.79493084873460        0.32647791142925
H           -5.58311821417663        1.32611388009308        1.76331617506006
H           -7.82249445675796        1.52408979396550       -3.22914267956275
H           -9.07049214725094        1.52471676235617       -2.02497188699400
52
 energy: -108.176367658781 gnorm: 0.042226304716 xtb: 6.7.1 (6d44803) iter: 11
C           -2.52681730854484        2.53358424215206       -3.46043452404466
O           -3.52248946333454        2.20670271779598       -2.51607794072873
N           -2.96451315005402        1.67483036622389       -1.38316320673679
C           -3.73373386071411        1.33359118786420       -0.41757813414489
C           -3.03344618743316        0.77448605886018        0.78570322867311
O           -3.60172458878148        0.26016025854290        1.72229748675977
N           -1.68222941857747        0.87914974778463        0.73106522115726
C           -0.85093602078296        0.39903681206675        1.77925530676287
C            0.29497325648794        1.32245379453257        2.25828582689218
O            0.37486053109616        2.39850699737173        2.75258328073091
N            1.24190280923328        0.40841881720082        1.83365809109726
C            2.54853263826217        0.17147319680148        2.15853052289384
C            3.52520748536672        1.49461300047120        2.00390956098110
O            3.44970770767042        1.81079132581006        0.82747635432602
O            4.10648574249902        1.83155689391957        3.00356330356131
C            3.05771225263357       -1.06516333802759        2.24065759704447
C            4.52926815884640       -1.24883157581381        2.37529673630331
S            5.33078829579024       -0.62165207231558        0.82302666334540
C            4.64591606392766       -1.76854738610563       -0.27468215446846
N            4.77354844080004       -3.07247386395764        0.03744893137418
C            4.48463910752786       -4.11839541613377       -0.57270786722243
O            4.60136751596691       -5.27404854606161       -0.65912333910794
C            3.31528589614626       -3.48486790480972       -2.14219212589953
O            2.86126527109735       -4.46489475579389       -2.58263564603477
N            3.41581361124640       -2.24793199154583       -2.18860770334071
N            4.05332214583263       -1.36694546338384       -1.38435718979138
C            3.88663682408665        0.02256813110623       -1.72592843011348
C            2.22789303050681       -2.30949195492672        2.04904818668867
S            0.44731610968371       -2.09864798303429        2.39272921334207
C            0.27521111330866       -0.58424119128936        1.39607292475267
C           -5.18345523226399        1.39683032815592       -0.38944453805821
C           -5.93921417729698        1.36941996329548        0.75270611930687
S           -7.61066039957036        1.46967549578058        0.39104061569844
C           -7.16143636845645        1.53743261567743       -1.32877177689864
N           -8.11808572719120        1.64999911103187       -2.27553193908468
N           -5.90229230107731        1.49957559893537       -1.54869169802139
H           -1.78808557101396        3.21813368650150       -3.03613459862757
H           -2.02180240670423        1.63598220782043       -3.82874724875767
H           -3.05506977289923        3.02142037232988       -4.27829449708901
H           -1.27283112698578        1.33356503470024       -0.07119734421657
H           -1.50535612573829        0.04091375199159        2.57650846567019
H            4.95560034421744       -0.59474672964665        3.13667915712815
H            4.83492202574851       -2.28088473857861        2.52000058720677
H            3.15399757637984        0.08520911065490       -2.53343810732164
H            3.54906909537028        0.60251491193103       -0.84925644341162
H            4.83572783158708        0.45230342880114       -2.05003932457267
H            2.55230914360285       -3.09882979714351        2.72595321713545
H            2.30753768379560       -2.68022085408693        1.02078927578461
H            0.36184291415246       -0.83253943302905        0.33336775896759
H           -5.60904423854386        1.29608804484600        1.76654348016280
H           -7.83247545201135        1.54975985159328       -3.23226372605170
H           -9.08296272488779        1.53260893313415       -2.02761661000072
52
 energy: -108.180908015441 gnorm: 0.063609818182 xtb: 6.7.1 (6d44803) iter: 12
C           -2.51387033324344        2.52207574375638       -3.44799285255594
O           -3.51822053643674        2.20288829423787       -2.51109624858976
N           -2.97036633395907        1.68190175915407       -1.36788070932262
C           -3.74280614483982        1.34768518413742       -0.40329669540296
C           -3.04546497693389        0.79198494113267        0.80367768278196
O           -3.61699735684122        0.30744914985146        1.75701948946375
N           -1.69237975485901        0.86505982674271        0.73657995472566
C           -0.86156061085414        0.38463035296077        1.78381765456468
C            0.29319246411991        1.30255952750387        2.25998580659541
O            0.37755080873897        2.36616112745547        2.78161714689252
N            1.23477495971649        0.39769182111818        1.80152972780927
C            2.54526519628123        0.16528465598518        2.13576905660028
C            3.52476451234800        1.46586556223818        1.91093470260338
O            3.42537535976353        1.73579806701893        0.72066130554955
O            4.13742958549287        1.85330156322021        2.87727509910789
C            3.04408387248472       -1.07621799343128        2.25144705703560
C            4.51469743206002       -1.26032619084254        2.39616594629462
S            5.31785129660681       -0.61503874642031        0.85256825551253
C            4.63231166095822       -1.73947110753855       -0.25646493154645
N            4.72588850293066       -3.05357730431027        0.07329186180391
C            4.46701424218096       -4.11509597858385       -0.48542057464533
O            4.53825487063467       -5.26758470134846       -0.60883707679736
C            3.30270825125875       -3.42998533462876       -2.19996014258831
O            2.87910411104465       -4.43422762066031       -2.60063276350356
N            3.45815030320431       -2.21124968938238       -2.21051345148287
N            4.09579983576642       -1.33395984509131       -1.39801939993524
C            3.96159487731719        0.05660119266060       -1.74403848760982
C            2.21665533839242       -2.32036929027857        2.06718555964045
S            0.43547640567682       -2.10516662261128        2.41056997623525
C            0.25960263681657       -0.60231367469080        1.39658867309400
C           -5.19381951514200        1.40517307622012       -0.38101580815133
C           -5.95449629520280        1.35208488437876        0.75658842354855
S           -7.62570620983363        1.43657723957298        0.38650202362353
C           -7.16836310930575        1.53739129477386       -1.32576264582734
N           -8.12517083775602        1.64428140723207       -2.27542956935144
N           -5.90795202330256        1.51968052098818       -1.54259303301962
H           -1.77665572037065        3.20788024489864       -3.02287176806931
H           -2.00672949813974        1.62167838021163       -3.80767964434632
H           -3.03538226467076        3.00619412815107       -4.27292305588721
H           -1.27405991153854        1.29815588595681       -0.07361635177398
H           -1.51451730602901        0.03055662098614        2.58376097923713
H            4.94152871482598       -0.61079209812762        3.16121992513200
H            4.82105128490323       -2.29351423767238        2.52795366901265
H            3.17709970866689        0.13872198332656       -2.50757374213041
H            3.70390364960112        0.66622218963899       -0.84516921781896
H            4.91181217819737        0.44420077479823       -2.13777021632159
H            2.53908501513975       -3.10664339157387        2.74867420554521
H            2.29389060427002       -2.69762868051191        1.04031624833000
H            0.33085236591337       -0.86826088307513        0.33574901821390
H           -5.63213586911289        1.26589796055994        1.77189280952530
H           -7.83801491376450        1.57792462213187       -3.23547558951631
H           -9.09210152316688        1.54186440778113       -2.03002728228330
52
 energy: -108.185671722321 gnorm: 0.062953913127 xtb: 6.7.1 (6d44803) iter: 13
C           -2.50627358576168        2.51292269265947       -3.43836646375616
O           -3.51593822126218        2.20055877298403       -2.50578603206168
N           -2.97592329793479        1.68722456218533       -1.35597736183373
C           -3.74976361033515        1.35733115319892       -0.39210374768062
C           -3.05415640951263        0.80548613883878        0.81770134139791
O           -3.62478108181893        0.33367812092776        1.77506919329196
N           -1.70116732387533        0.85632542304530        0.74343358816242
C           -0.86890338547534        0.37652910605108        1.78782694188799
C            0.29188304788224        1.29241119652052        2.25818146892028
O            0.37932086872351        2.34708180209906        2.79417749371159
N            1.23012110963120        0.39391508203945        1.77866885125566
C            2.54558817439898        0.16762196353930        2.11412495435211
C            3.52308270006193        1.44737044758974        1.85897744264662
O            3.40413390669794        1.70704844275965        0.67591088482170
O            4.15142051707244        1.85054257642288        2.80048441771149
C            3.03596552482849       -1.07670469963712        2.25333406299931
C            4.50464945114684       -1.26356844418346        2.40699164617624
S            5.31824935374428       -0.61994283717311        0.87002089010418
C            4.62270576381306       -1.72378923920053       -0.24594959360018
N            4.69231854038706       -3.04566046911131        0.09004269508620
C            4.45771531038261       -4.12441845395072       -0.41480759824468
O            4.49909128543392       -5.26877500835163       -0.57044748910526
C            3.30693979358407       -3.39382099647464       -2.26072414715371
O            2.90077571072440       -4.41447444212614       -2.61760403975139
N            3.49803317994327       -2.19382558584145       -2.23121979215545
N            4.13206364064371       -1.31577031647921       -1.41600799591654
C            4.00978527947585        0.07211525119861       -1.76141993462733
C            2.20957341250994       -2.32118852632163        2.08020043724881
S            0.42847742972670       -2.10539019886912        2.42510499889504
C            0.24950784410432       -0.61182596849523        1.39796349896377
C           -5.20211834295489        1.41047552298289       -0.37406584783727
C           -5.96565844181800        1.34225115637591        0.75972919097730
S           -7.63608273742307        1.41915968154429        0.38311690201262
C           -7.17293804910313        1.53997375929955       -1.32355606997983
N           -8.12985958282902        1.64162880158062       -2.27570226942824
N           -5.91246265662712        1.53290282710587       -1.53685589626049
H           -1.76937242797213        3.19950368209984       -3.01405100260483
H           -1.99859149347779        1.61009815331303       -3.79172915864606
H           -3.02370574194797        2.99394845253799       -4.26785471564689
H           -1.27817119973141        1.27735379586701       -0.06990480380791
H           -1.51810405941568        0.02588352060723        2.59190849602646
H            4.93259557717683       -0.61621621307758        3.17292306091199
H            4.80782856579103       -2.29693847098208        2.53564963090754
H            3.22238122492445        0.17745521209316       -2.50484762242805
H            3.77201830708194        0.67276111688944       -0.87306976282270
H            4.94299709999595        0.44499164941980       -2.16200584311713
H            2.53227934557599       -3.10405684432179        2.76567931166297
H            2.28335088101917       -2.70536173934813        1.05505038082828
H            0.30988018661979       -0.89114198701061        0.33917479872833
H           -5.64898506270428        1.24828264580155        1.77580844920025
H           -7.84313905672153        1.59570895438923       -3.23536221833596
H           -9.09863826439082        1.55232977698994       -2.03055462208534
52
 energy: -108.190824277942 gnorm: 0.048352557457 xtb: 6.7.1 (6d44803) iter: 14
C           -2.50009602804077        2.51108759727802       -3.42566625052530
O           -3.51284317008408        2.19914809333356       -2.49673107696768
N           -2.97847592860980        1.69304371953088       -1.34352983433897
C           -3.75373578441099        1.36263830179017       -0.38023480787348
C           -3.05659533532748        0.81211956816242        0.82632179295089
O           -3.62370882636497        0.35813190734554        1.79488554437075
N           -1.70530119050173        0.84559921697801        0.74377840138544
C           -0.87589998092242        0.36860614053704        1.79236607201011
C            0.28402929303598        1.28279886625001        2.26378057462089
O            0.37724086627187        2.32917529984864        2.80926427656185
N            1.21878623781919        0.38629962400859        1.78183072512672
C            2.53707359814424        0.17175275659969        2.12573920871592
C            3.50132295432347        1.44116821287302        1.83165810315670
O            3.34277811512970        1.66371523084686        0.62929492776306
O            4.18457512539497        1.87368201467222        2.72524555873374
C            3.02624828808196       -1.06983962036825        2.26844551935346
C            4.49282086884295       -1.25658869542612        2.41726364889626
S            5.32703818887352       -0.63137095364737        0.87804225580299
C            4.61539031287193       -1.71207267145858       -0.24080958607037
N            4.67049480940550       -3.03779919074712        0.07419401441100
C            4.46977736344669       -4.15770565949459       -0.32452838310895
O            4.46612280109999       -5.28656607253227       -0.52766452503645
C            3.31885692333006       -3.35801025273046       -2.36262226251961
O            2.93716475115946       -4.40156119147503       -2.65156740820653
N            3.53249990633416       -2.18885146460507       -2.24164443283667
N            4.14605257980411       -1.30743679946072       -1.42493046904459
C            4.04237706266938        0.07946009400040       -1.78152172800077
C            2.20175068132011       -2.31643148413587        2.09473998433302
S            0.41932737103148       -2.10508811348533        2.43819824784146
C            0.24449579244826       -0.61703069775801        1.40251242113034
C           -5.20640027375272        1.41282419489046       -0.36350387309678
C           -5.97434063958735        1.33148822242548        0.76473444584724
S           -7.64469055332361        1.40148736672271        0.37842460347743
C           -7.17222278926626        1.53857098337775       -1.32631099820661
N           -8.12442734177227        1.63807417920942       -2.28015301084626
N           -5.91098831828418        1.53994736347540       -1.52959723316851
H           -1.76359497230514        3.19773484771382       -3.00029000250504
H           -1.99082857244949        1.60870474450598       -3.77733288559828
H           -3.01569471136772        2.99057569087764       -4.25592389881097
H           -1.28607817400904        1.26253903786931       -0.07080264985476
H           -1.52821309189980        0.01835174592455        2.59647037312595
H            4.92131477395574       -0.61098070957647        3.18226526665600
H            4.79373550485094       -2.28969367348160        2.55057714333740
H            3.23330772034793        0.19362861285188       -2.49397464764901
H            3.84260326551694        0.69237971621314       -0.89520078645706
H            4.97191246201537        0.42201816426751       -2.23571985848895
H            2.52657547210846       -3.10185860772708        2.77650923407578
H            2.27241649373040       -2.69710295416171        1.06786489090126
H            0.30129902885354       -0.90450912781787        0.34941905681915
H           -5.66154983916867        1.23366906104414        1.78079828871387
H           -7.83941526711557        1.62306341463793       -3.24057964714541
H           -9.09428882364555        1.56701495002935       -2.03650332376026
52
 energy: -108.192888888599 gnorm: 0.063802002232 xtb: 6.7.1 (6d44803) iter: 15
C           -2.50796278039205        2.51132121694147       -3.42113983563013
O           -3.51714814758153        2.19579370619092       -2.48762381227017
N           -2.97779134445585        1.68538438031357       -1.33945328589590
C           -3.75600422762513        1.34932189482201       -0.37655170130427
C           -3.05644463049869        0.80738814324954        0.83182971564150
O           -3.62015176469630        0.35155205123160        1.80409661788859
N           -1.70425454888046        0.84432526125142        0.74003935075223
C           -0.87454950425645        0.37499361053789        1.79727129188627
C            0.27629408368180        1.29560829143635        2.26448464696749
O            0.37222682905028        2.34860170616724        2.79802996216575
N            1.21076849676309        0.38942039476372        1.81048727779858
C            2.52940886692492        0.19132401119139        2.11799366540118
C            3.47060644729287        1.45670359087984        1.87410608794077
O            3.33200239034034        1.71296920710907        0.69404821219192
O            4.17511296915734        1.83479982640882        2.75109896891411
C            3.02939869485333       -1.04916631003396        2.25266756449759
C            4.49258445379635       -1.23823496686574        2.41359095916902
S            5.35778952803329       -0.65927538201875        0.86536657089120
C            4.63194746819049       -1.73881560692336       -0.24681574701271
N            4.67043863797580       -3.05908782164073        0.04083065276299
C            4.48485149225711       -4.19732502274774       -0.30827177619806
O            4.42214938486376       -5.33448973106220       -0.49147784144149
C            3.32871189247366       -3.35810520112214       -2.43192581872269
O            2.95710039092419       -4.40303376238025       -2.71774904323190
N            3.56549582406590       -2.18858196391650       -2.26471441567559
N            4.14828879825709       -1.32379662218548       -1.42333754231159
C            4.04720908658009        0.06578724284779       -1.79179766451925
C            2.20424359118802       -2.30137912245550        2.09214787521702
S            0.42364074197882       -2.09513401488909        2.44745687274099
C            0.24970154938766       -0.60814884685555        1.40948935079944
C           -5.20651505935188        1.40693476821549       -0.35721425430176
C           -5.97775507866796        1.33409678381074        0.76906736234024
S           -7.64878987874078        1.40797987824452        0.37717002965704
C           -7.17200323567412        1.53291219401752       -1.33112985725665
N           -8.11538030615220        1.63949231324008       -2.28464221261235
N           -5.90878684553363        1.52620022131394       -1.52721619105915
H           -1.77085970777878        3.19769942615843       -2.99544625163632
H           -1.99886373752061        1.61004063240986       -3.77484363259331
H           -3.02501317332067        2.99025788947903       -4.24917451072341
H           -1.29937842543956        1.27218398471813       -0.07696578556847
H           -1.52769450720122        0.02686513529350        2.60390864674482
H            4.91433196424710       -0.58031834128112        3.17135713058660
H            4.78630700857857       -2.26850353609985        2.58049056499226
H            3.24588539170257        0.17542795930635       -2.50547374283619
H            3.82596378271380        0.67396048163217       -0.91926068035223
H            4.97135236506460        0.41107128729347       -2.24419881119556
H            2.53804149702408       -3.08181786478818        2.77510632741250
H            2.27126679628900       -2.68402773058836        1.06728726524920
H            0.30891678195071       -0.89245262812041        0.35846769788181
H           -5.66246132154396        1.24258183594418        1.78490500510358
H           -7.83103114711365        1.63196198765412       -3.24532825028958
H           -9.08319883317326        1.56673416190299       -2.04376200895479
52
 energy: -108.195116481988 gnorm: 0.055367384469 xtb: 6.7.1 (6d44803) iter: 16
C           -2.50868537230199        2.51168026676873       -3.41344238903293
O           -3.52042091334813        2.19687215340620       -2.47949229799988
N           -2.97738434553317        1.68351940809865       -1.33058359826648
C           -3.76146900900228        1.34548083916351       -0.37020295800323
C           -3.06263809820087        0.81218091363836        0.84512378672971
O           -3.62863672403385        0.35559679254920        1.81546162588772
N           -1.70698848488615        0.84078087514848        0.74461374948912
C           -0.87873308460860        0.37222568792834        1.80879262517927
C            0.26921042937338        1.29563754441694        2.27428846797805
O            0.36566467989277        2.35477860999222        2.80656580107457
N            1.20087359179149        0.37966140997736        1.84339191297659
C            2.51896882326981        0.19070349089903        2.12567240942150
C            3.45757407002783        1.45635498652124        1.83305041005610
O            3.30490692643346        1.68369966122641        0.62435330648848
O            4.22828188472320        1.86408200966678        2.68193503513914
C            3.02630142342908       -1.05414692983559        2.26028070779616
C            4.48718706644445       -1.23951608710002        2.42782923695065
S            5.35481009108063       -0.66649894973969        0.86920031608277
C            4.64049236283658       -1.75252825525073       -0.24469567899916
N            4.64303374782219       -3.06788983818581        0.05545702907247
C            4.48358496779239       -4.20541876440532       -0.28179644400783
O            4.37379308238026       -5.34862849461241       -0.42837695278248
C            3.32580318916282       -3.33802707435302       -2.47821960857251
O            2.99703920761178       -4.39827766688677       -2.79881854656074
N            3.60974006150434       -2.16529883483187       -2.31770679567152
N            4.16581958643059       -1.32164747250207       -1.43272429616644
C            4.07635963984886        0.07195660653321       -1.80088588134810
C            2.20032487254874       -2.30774322202253        2.09799784450179
S            0.42107382079565       -2.10237282597388        2.46470739746581
C            0.24532256431214       -0.61442333491051        1.42665531956913
C           -5.21027647122886        1.40386065290717       -0.35457343968186
C           -5.98716440374173        1.32787677197823        0.77046566685096
S           -7.65753836293975        1.40432521205954        0.37381930551053
C           -7.17616559128856        1.53108392167500       -1.33438215150020
N           -8.11303694745036        1.64419256017357       -2.28942436035122
N           -5.91057177407339        1.52262486387982       -1.52906633158256
H           -1.77328555354596        3.19799789686100       -2.98424545663507
H           -1.99883870713683        1.60891144047934       -3.76337447394953
H           -3.02055619995670        2.99002985150359       -4.24546876736663
H           -1.30611648665592        1.26955341753375       -0.07851653508738
H           -1.53622938563171        0.02940230869134        2.61354532415744
H            4.90574586940913       -0.56722287592945        3.17686347622395
H            4.78336364571704       -2.26881937630935        2.61413123285913
H            3.25725207711030        0.19326263821652       -2.50589125908207
H            3.86676415624646        0.68477008191273       -0.91848017200836
H            4.99412539712910        0.41352690779971       -2.24871469010178
H            2.53940115543967       -3.08495622270322        2.78148661177707
H            2.26639611678304       -2.68868216617438        1.07317151754683
H            0.30601299798029       -0.89684351532231        0.37362328875692
H           -5.67257482321221        1.23335968784906        1.78791264351447
H           -7.82557262057880        1.64703504910158       -3.25075683628738
H           -9.08234514596381        1.57191838849475       -2.05327512800989
52
 energy: -108.195544156954 gnorm: 0.096546094690 xtb: 6.7.1 (6d44803) iter: 17
C           -2.51591888573933        2.52069909918410       -3.40814287254892
O           -3.52505609693543        2.20429565800280       -2.47041363320319
N           -2.97734122231832        1.67933756192306       -1.32767002300085
C           -3.76249406295538        1.33442793295787       -0.37006858567400
C           -3.06528165153490        0.79008857984844        0.84074427421612
O           -3.63365043955028        0.31267705111372        1.79569962788735
N           -1.71175434802584        0.84000082288256        0.75230205911842
C           -0.88144022888482        0.38074362369139        1.81803033476280
C            0.26162260496854        1.31478034145544        2.27261417737148
O            0.35208455848324        2.38796243159663        2.77603510223726
N            1.19607061898427        0.38273351000166        1.88662204025454
C            2.51797684801982        0.19582295907407        2.13806879806221
C            3.45827870541549        1.45433678342212        1.86174993845507
O            3.32095286374917        1.70426683374624        0.65004127491665
O            4.21035570675272        1.84955370091147        2.72646528641247
C            3.03186470458317       -1.05010407946690        2.25360003799712
C            4.49084351070689       -1.22814974257824        2.41386515853902
S            5.34740526458173       -0.66006093783119        0.83699926815527
C            4.65700528443368       -1.77285139567181       -0.27651178877638
N            4.66604791936723       -3.06988594758003        0.03388974084869
C            4.49956907051794       -4.22476528946057       -0.29145309074412
O            4.44635814901965       -5.34135764553829       -0.41533875025556
C            3.34547695238530       -3.36381297545886       -2.46989102046777
O            3.04080977167019       -4.42056820019055       -2.84291115181500
N            3.59222535025536       -2.20114840267472       -2.33284646660931
N            4.12724770126956       -1.35163457624696       -1.43372828062398
C            4.04372274595018        0.04757541635176       -1.79488038912699
C            2.20383055392283       -2.30385762030730        2.09170776731138
S            0.42652477252128       -2.10468966309793        2.47271534448729
C            0.24589608679052       -0.60855735739461        1.44774054418290
C           -5.21107023320939        1.39625079524136       -0.35704485582946
C           -5.98955459141185        1.34022238813296        0.76794661158939
S           -7.65778250079161        1.43344833963839        0.36847637609561
C           -7.17408381472061        1.53970370644968       -1.34081463439126
N           -8.10614675741799        1.66352412718659       -2.29917199988871
N           -5.90899309405280        1.50972506543872       -1.53393191379028
H           -1.77969613829063        3.20624584370828       -2.97943394624982
H           -2.00778925369408        1.61801987077494       -3.76065072483421
H           -3.02991978564568        3.00055727456015       -4.23762261838748
H           -1.31853049785465        1.28710258128297       -0.06488732057479
H           -1.53557893163132        0.04265670218325        2.62731916365910
H            4.91041541305951       -0.53898515119902        3.14815786357046
H            4.79108613763585       -2.25559315307412        2.62188817686369
H            3.23051519344511        0.16670895747192       -2.51034192249736
H            3.83263540989236        0.67206416040243       -0.89976225019169
H            4.97839418956098        0.38536719656255       -2.24379302624891
H            2.55028742710096       -3.07964990141862        2.77369804196468
H            2.26570879082198       -2.68390209943774        1.06669100477457
H            0.32019671488765       -0.88131887690934        0.39206150310463
H           -5.67491023194157        1.25108349291421        1.78662088212469
H           -7.81693103845685        1.64808290750420       -3.25670251022258
H           -9.07748621568393        1.58082829992340       -2.06645562300951
52
 energy: -108.197293322435 gnorm: 0.044544647233 xtb: 6.7.1 (6d44803) iter: 18
C           -2.51755978414278        2.51675935947369       -3.40265409788144
O           -3.52714662335550        2.20131498799298       -2.46648992035056
N           -2.98327858665892        1.67471809464857       -1.32375192915971
C           -3.76559501378210        1.33047141235057       -0.36621502629903
C           -3.06905803369325        0.77783342377198        0.83965255741838
O           -3.63978080445574        0.30823394469995        1.80113224421827
N           -1.71776158413512        0.83451416081713        0.75791385849308
C           -0.88669445115496        0.38502309449960        1.82133975877793
C            0.25859083593879        1.32174443749282        2.26689105767888
O            0.34602612790476        2.39738118663211        2.75846642470856
N            1.19718876616559        0.38847729574426        1.88084923958630
C            2.52271062224560        0.19671950651575        2.12908697183486
C            3.47391494372725        1.44318543715739        1.84603172004486
O            3.33927733580992        1.69589958839550        0.63904285695383
O            4.18769823140412        1.84226013024218        2.72285747410335
C            3.03243206700917       -1.04999257436085        2.24871908589533
C            4.48982263982911       -1.22444348979802        2.41101471140994
S            5.35447702128396       -0.66687215189089        0.83525344833552
C            4.68015593464522       -1.77801655252972       -0.29054409421330
N            4.66451270432352       -3.08168412137595        0.03392340790021
C            4.49692000841992       -4.22705457990962       -0.29033803318472
O            4.37949741190308       -5.37417276404063       -0.39329776702471
C            3.35620689316496       -3.34555840805929       -2.48850168571098
O            3.02997385458485       -4.38118638359195       -2.85941860366877
N            3.60787558861609       -2.18806060818956       -2.34088517711808
N            4.14208449763462       -1.34588468415129       -1.43509212635562
C            4.06169823946922        0.05388424176647       -1.78146926269508
C            2.20385012160988       -2.30241999031699        2.09473586820188
S            0.42717610869735       -2.10415907628696        2.48171329853599
C            0.23954294247074       -0.60781946427932        1.45727915943892
C           -5.21514061498792        1.38933672771091       -0.35571968220765
C           -5.99380110374938        1.33889710987693        0.76763583215801
S           -7.66137586559300        1.43293859565671        0.36673979956619
C           -7.17352702794827        1.53831622377531       -1.34239820605646
N           -8.10647243092682        1.66410853680845       -2.30313962623413
N           -5.90968256279330        1.50496492849424       -1.53260840063927
H           -1.78138372995701        3.20283511346302       -2.97544555844983
H           -2.00941756860087        1.61406022905825       -3.75486806833265
H           -3.03328744727430        2.99588140576471       -4.23138674737862
H           -1.32373527409549        1.28155145686530       -0.05735591454666
H           -1.53856132344496        0.05046678160224        2.63393955549810
H            4.90990376529679       -0.52520606432664        3.13508358874411
H            4.79212920919563       -2.24737729316859        2.62520503727824
H            3.24447787006818        0.17247705119700       -2.49414192437705
H            3.86078797687706        0.67838865111233       -0.88154430837772
H            5.00406736404227        0.38415339021696       -2.24969583008413
H            2.55088038653054       -3.07887772850459        2.77636092623450
H            2.25879341370257       -2.68649578378058        1.07013714902750
H            0.31601956683847       -0.88483854729941        0.40180991252713
H           -5.68182253353520        1.25058138612060        1.78643817038294
H           -7.81462864527981        1.65250331233535       -3.26191643974122
H           -9.07898243983778        1.58024006360406       -2.07309368486455
52
 energy: -108.197454811032 gnorm: 0.050092170555 xtb: 6.7.1 (6d44803) iter: 19
C           -2.52419968915068        2.51927517342338       -3.39975815513490
O           -3.53034249786665        2.20097175921334       -2.46188124144079
N           -2.98602795225838        1.66715160003158       -1.32452253331883
C           -3.76726575323879        1.31851274783184       -0.36823234794223
C           -3.07255899772370        0.76345609815707        0.83743256779186
O           -3.64377025956044        0.28588352031352        1.79515341398365
N           -1.72122124575028        0.83045886576551        0.76020481782607
C           -0.88774721839637        0.39253533544512        1.82609414137939
C            0.25460036535017        1.33607411254371        2.26526168687413
O            0.33940211768996        2.41990089583627        2.73712131719758
N            1.19525043172004        0.39499759887456        1.90420819721377
C            2.52403560665443        0.20500245853164        2.14634639086470
C            3.47099437304391        1.45276361892223        1.87125465323548
O            3.32371215249325        1.71026401156094        0.66219143360458
O            4.20879603847568        1.85256152487861        2.74208909965300
C            3.03700319321430       -1.03823267047579        2.24651101403968
C            4.49456118271308       -1.21327855670378        2.40123820461993
S            5.38100904091359       -0.69485048922569        0.82488543446410
C            4.68533560073353       -1.80176079614099       -0.29079723826869
N            4.66368551499663       -3.10800439016177        0.01673456052686
C            4.49371638177316       -4.25419708787960       -0.29773617751911
O            4.38605955862735       -5.39573996736449       -0.40916288605428
C            3.36705017237022       -3.35948452326847       -2.51854487825478
O            3.03024374895296       -4.38370218312718       -2.89926778368386
N            3.62827565367664       -2.18925199774411       -2.34770384802365
N            4.14830022964857       -1.35411757679917       -1.43356934028851
C            4.05217602731162        0.04305816641630       -1.77219491564283
C            2.20868381342408       -2.29146479476458        2.09644986234943
S            0.43251072251299       -2.09848385017445        2.48969930056355
C            0.24245446894765       -0.59944200110234        1.47133489713490
C           -5.21623436950800        1.38451527375966       -0.35737543103912
C           -5.99533695822775        1.34509678399219        0.76541546664057
S           -7.66208631304012        1.44922876135692        0.36303289064305
C           -7.17255930948784        1.53998500705228       -1.34694547306461
N           -8.10386182216253        1.66957381166555       -2.30900774399113
N           -5.90860364310328        1.49886745182117       -1.53444831279166
H           -1.78704610689841        3.20516622570003       -2.97398430730421
H           -2.01707570913222        1.61777646893941       -3.75528479596247
H           -3.04413316247116        2.99914115554774       -4.22500686457394
H           -1.33102873871771        1.28694478234812       -0.05064607430070
H           -1.53705138735371        0.06217058435631        2.64318003591395
H            4.91806873001362       -0.50506621898800        3.11369324665582
H            4.79525254362262       -2.23243500707724        2.63024706562245
H            3.27890963025303        0.16399511627991       -2.50743534405911
H            3.79242938105098        0.62456027272541       -0.90523767506614
H            4.97488236975749        0.40212251339085       -2.17962420207674
H            2.56098489996865       -3.07040174143442        2.77269717440200
H            2.25838275933424       -2.67258659686749        1.07042936599058
H            0.32860220211408       -0.87082449074503        0.41735791244308
H           -5.68382308088120        1.26175447458938        1.78402559906238
H           -7.80945721914166        1.65337970227860       -3.26722310993157
H           -9.07393847728141        1.57618006649787       -2.08141807096190
52
 energy: -108.198199725960 gnorm: 0.040033714592 xtb: 6.7.1 (6d44803) iter: 20
C           -2.52068643531531        2.51314938311174       -3.38954171831360
O           -3.53134590590426        2.19820288864857       -2.45545749235023
N           -2.99069077852379        1.66383329306469       -1.31490171240700
C           -3.77586863165784        1.31688574310758       -0.36107982225758
C           -3.08512074248421        0.77166471101735        0.85375628476324
O           -3.65797531117313        0.29787746052487        1.81228397767771
N           -1.72972506237749        0.82312930650578        0.76687137605257
C           -0.89286605865212        0.38854859904381        1.83230878287685
C            0.25374319529312        1.33484435181798        2.25898264680074
O            0.33843675307088        2.42123385786670        2.73292047988616
N            1.19261355039773        0.39313421335532        1.88993346031842
C            2.52379105704589        0.20539380053429        2.12093227046007
C            3.47468088918627        1.43705673175503        1.83291684529058
O            3.33830502546631        1.69355306605874        0.63603593977783
O            4.21725628339849        1.84011680095007        2.69807963465187
C            3.03276004527044       -1.04303970289323        2.23861838270485
C            4.48953294823331       -1.21607074619455        2.40490554875650
S            5.38057962130181       -0.70028177784279        0.82917275827005
C            4.67716791310312       -1.79800021139855       -0.28288519990468
N            4.63103823681176       -3.10540626127151        0.04134452686925
C            4.47306589604318       -4.26263375861885       -0.24802984425886
O            4.36582405400644       -5.39264549603969       -0.37103938602381
C            3.36143110128099       -3.33819812838108       -2.55087991776177
O            3.05658826678950       -4.38112315581021       -2.94514771749861
N            3.65015566193328       -2.17059614442696       -2.36974119937668
N            4.16032160905350       -1.34204985132907       -1.43909378642975
C            4.09207875924509        0.05951920106682       -1.78091953313408
C            2.20423563003790       -2.29651774555254        2.10351689718235
S            0.42938542312655       -2.09887367997654        2.50655780588269
C            0.23333977962916       -0.60713567080448        1.47736274967836
C           -5.22450538009124        1.38406463164336       -0.35488424654727
C           -6.00795210791003        1.33660174449279        0.76594403335761
S           -7.67368863333885        1.44051329868631        0.35862034303738
C           -7.17864993208069        1.54119716834208       -1.34787161713713
N           -8.10795888100028        1.67329677896664       -2.31273533275715
N           -5.91354087077392        1.50452973156428       -1.53418701449954
H           -1.78491654273652        3.19971181485479       -2.96226773796963
H           -2.01248574228750        1.61004843287431       -3.74042742767311
H           -3.03653417123231        2.99160347080608       -4.21923203745192
H           -1.33634764327049        1.27190642571581       -0.04872525425910
H           -1.53880314250429        0.06647365693232        2.65452956843423
H            4.91133195093052       -0.49971799105870        3.11074684670360
H            4.79396135422354       -2.23241596562492        2.63936526363178
H            3.27650457808089        0.18948756521992       -2.49436655515805
H            3.88667316638198        0.67007225777465       -0.88430271062381
H            5.02646329627853        0.39436397972016       -2.23074306717182
H            2.55843581450364       -3.07173078645376        2.78293580875595
H            2.24722812936545       -2.68474220192732        1.07955526726638
H            0.31102281645434       -0.88618228467199        0.42249716076036
H           -5.70110767768356        1.24713043266862        1.78609147836618
H           -7.80819959836168        1.66822929215904       -3.27124878037982
H           -9.07898455657739        1.57998846942887       -2.08979602686771
52
 energy: -108.198453806299 gnorm: 0.051730663766 xtb: 6.7.1 (6d44803) iter: 21
C           -2.52662913386194        2.52052697879247       -3.38736938933225
O           -3.53423419869513        2.19952395428455       -2.45139163416730
N           -2.98873285758147        1.66051972685372       -1.31436314206979
C           -3.77423302441541        1.30684542116931       -0.36220544764033
C           -3.08323926808579        0.75406498029936        0.84711083777806
O           -3.65480882707356        0.26041679603162        1.79286000746912
N           -1.72923916159488        0.82523054847877        0.76900345740537
C           -0.89048302988038        0.39683756254870        1.83657572209934
C            0.25083581287034        1.35040366507331        2.25734567536339
O            0.33177604772533        2.44865792865977        2.70721015695074
N            1.19266059261870        0.39895658936321        1.91810265246672
C            2.52217761144515        0.20963880664423        2.14058115457624
C            3.47472988513826        1.44765248809479        1.86777435497894
O            3.34875721146571        1.70938718230138        0.66315000970477
O            4.21085833221053        1.83699609007179        2.74263133770661
C            3.03746365239813       -1.03862662253606        2.24028635530764
C            4.49366688538643       -1.20870713152258        2.39897649132532
S            5.37394230395764       -0.70115139424460        0.80790851755551
C            4.68532389878958       -1.81582949324714       -0.30240920389484
N            4.65868993980917       -3.11269718177185        0.01615795742891
C            4.50221613919715       -4.26353240074651       -0.28430803839538
O            4.38175402432984       -5.40536232290315       -0.37408860796961
C            3.38637270293421       -3.35061997713961       -2.54637013585451
O            3.07320420523935       -4.39214516767116       -2.95027300326501
N            3.62803870058398       -2.19700257458226       -2.37572586198818
N            4.12775359716008       -1.36676333780039       -1.43898924704738
C            4.05737680683154        0.03768016495664       -1.77477960891272
C            2.20782132249413       -2.29120754999020        2.09738947752227
S            0.43450352032490       -2.09558326289595        2.50949595684080
C            0.23902265869520       -0.59848546783730        1.48884553185560
C           -5.22251100917310        1.37645047388267       -0.35632763092629
C           -6.00730473494245        1.34355077230595        0.76468367790226
S           -7.67165653922254        1.46274416299408        0.35555323106124
C           -7.17468469493635        1.54375603362173       -1.35390600875861
N           -8.09944189880109        1.68416897359327       -2.32053329584803
N           -5.90989578009600        1.49011894986011       -1.53741637062064
H           -1.79145793203096        3.20729802690832       -2.95913301863949
H           -2.01718347318302        1.62003088342649       -3.74297584204724
H           -3.04590162638884        3.00082246008325       -4.21346449352705
H           -1.34218292728087        1.28809007717600       -0.04225835903278
H           -1.53594689393208        0.07656575899611        2.66021856201467
H            4.91606364591957       -0.48184554771411        3.09431682084869
H            4.80180083389604       -2.22359967515542        2.64411932064732
H            3.25961162528477        0.16512246651590       -2.50540799123656
H            3.83435341578308        0.64948425795284       -0.87456750034277
H            5.00168029999206        0.38094029325843       -2.20353946145556
H            2.56550061854211       -3.06854766861921        2.77240189507397
H            2.24906548795417       -2.67327262963820        1.07147696247487
H            0.32398982736659       -0.87128993950185        0.43255299092390
H           -5.69958484751962        1.25948433873431        1.78540443390023
H           -7.79867263840454        1.65770014323346       -3.27373373804148
H           -9.07298810923796        1.58660338935350       -2.09931551816802
52
 energy: -108.199156183138 gnorm: 0.010760856101 xtb: 6.7.1 (6d44803) iter: 22
C           -2.52663518642773        2.51993356540070       -3.38360021864795
O           -3.53474003729986        2.19755818780107       -2.44938528303955
N           -2.99079836957018        1.65751273531656       -1.31259579234523
C           -3.77595855293617        1.30346901215876       -0.36097534985580
C           -3.08557725798075        0.74517361199772        0.84669143340413
O           -3.65873746044594        0.25236661221117        1.79443716049444
N           -1.73124829120182        0.82211763868691        0.77153520881709
C           -0.89095248125357        0.39896483174421        1.83927553828805
C            0.25251506968252        1.35387077477176        2.25242263632448
O            0.33367349047787        2.45602843806204        2.69018643945253
N            1.19398390253774        0.40094441762494        1.91574897615107
C            2.52358125572985        0.21108728846463        2.14132548698860
C            3.48114737850988        1.44587173296650        1.86282878185241
O            3.35139396509627        1.70117592561748        0.65788974161770
O            4.21115012799995        1.84475370975330        2.73930410498431
C            3.03673262382951       -1.03729664036116        2.24322793210191
C            4.49282583710325       -1.20820611457247        2.39996429953122
S            5.37320608703286       -0.70732701549061        0.80730627390887
C            4.67571534325833       -1.81759522491821       -0.30061593136657
N            4.65086158916778       -3.11870997243968        0.02004385925582
C            4.47444110132317       -4.27223544243604       -0.26967329671462
O            4.41548677503393       -5.41721351212610       -0.36394434302550
C            3.39288688437379       -3.35354270475895       -2.56920370913258
O            3.05800625711229       -4.38056979696003       -2.97222653139763
N            3.63843816195004       -2.18993222049255       -2.38368433766052
N            4.12965842748914       -1.36404757720470       -1.44132432246513
C            4.06304442298277        0.03963446516152       -1.77341969657103
C            2.20714956762305       -2.28930942220231        2.10102434925069
S            0.43473918981185       -2.09265739449945        2.51615171854944
C            0.23808391771647       -0.59740805232655        1.49413896160133
C           -5.22457035800808        1.37481040316177       -0.35597243113038
C           -6.00986044640120        1.34309465563253        0.76430288032540
S           -7.67390574560912        1.46515088630599        0.35462035215281
C           -7.17549938989670        1.54821950425889       -1.35385463797055
N           -8.09988657505827        1.69157047086132       -2.32139530594842
N           -5.91095410736812        1.49223770324431       -1.53666824186252
H           -1.79240866069632        3.20696074072213       -2.95436406712037
H           -2.01619388884300        1.62019041528014       -3.73948276470650
H           -3.04564170618332        3.00057510782888       -4.20978469156671
H           -1.34378053324912        1.28509359541441       -0.03890466978219
H           -1.53397206454306        0.08169898729809        2.66624006265757
H            4.91800728318846       -0.48027965777487        3.09048663531785
H            4.80174045742132       -2.22146000094391        2.64363526468914
H            3.27540887948913        0.17226470570178       -2.51179551734313
H            3.82845291839004        0.64147568267976       -0.87857305480578
H            5.00964172327438        0.38830596467459       -2.18763238227409
H            2.56529481676065       -3.06824727593818        2.77391952625771
H            2.24522805490945       -2.67062243491954        1.07453348583148
H            0.32165569096545       -0.87252803631974        0.43891041644190
H           -5.70375545538779        1.25748258479506        1.78506703361552
H           -7.79649183323804        1.65397088377378       -3.27652014164612
H           -9.07258379863733        1.58562425731470       -2.10234084148396
52
 energy: -108.196916751586 gnorm: 0.070544296492 xtb: 6.7.1 (6d44803) iter: 23
C           -2.52655002353222        2.51889275559327       -3.37588106217039
O           -3.53565428301099        2.19376738835855       -2.44504769184802
N           -2.99477120919222        1.65050947364182       -1.30923001636673
C           -3.77943536565394        1.29559465220960       -0.35868420632242
C           -3.09032102789486        0.73033885352674        0.84722717393507
O           -3.66612328242704        0.23652851184626        1.79665598325865
N           -1.73562566231854        0.81695692930366        0.77741492747351
C           -0.89220624127656        0.40282119946582        1.84504120644354
C            0.25485113550206        1.36120376789647        2.24286008764684
O            0.33608214807231        2.47177761005083        2.65617250724487
N            1.19547417365044        0.40525136164917        1.91156991293334
C            2.52501831889922        0.21476843064737        2.14367410844518
C            3.48829352533529        1.44730381623564        1.85569474678915
O            3.35932280627491        1.68292475389084        0.64765714012874
O            4.21236218200979        1.85664996729694        2.73318115240795
C            3.03467041435366       -1.03398238057846        2.24914972926162
C            4.49051166987373       -1.20658126288556        2.40325022749798
S            5.36745610271201       -0.72018552230881        0.80474699748844
C            4.64769547671015       -1.82165553426732       -0.29540109315979
N            4.61751790564153       -3.12820351007582        0.03446519295319
C            4.58510610647241       -4.30031653953871       -0.27109230258116
O            4.36350302515031       -5.42518995972787       -0.33305324496034
C            3.37173760916867       -3.35059971126067       -2.59856825178521
O            3.06804673019224       -4.36471564032059       -3.02763029239631
N            3.64189951909868       -2.17709248264468       -2.39404348858689
N            4.12824341475828       -1.36098356332329       -1.44578700800548
C            4.07608046367123        0.04133180818280       -1.77316224303785
C            2.20558446185203       -2.28529829308391        2.10776520709175
S            0.43506333793234       -2.08695268079026        2.52982815066735
C            0.23588951054487       -0.59567200991614        1.50454774281274
C           -5.22870592613101        1.37053303873627       -0.35531336220518
C           -6.01489269792411        1.34138919498223        0.76367176406001
S           -7.67824156122307        1.47060610235311        0.35273254536417
C           -7.17724440233333        1.55643944029594       -1.35391929114704
N           -8.10064812885946        1.70828370955778       -2.32310556836971
N           -5.91313684268439        1.49505382156375       -1.53540750395584
H           -1.79404079814041        3.20629095193751       -2.94461515201037
H           -2.01417207143896        1.62065466315375       -3.73254054895276
H           -3.04494218065129        3.00037836849798       -4.20218950177779
H           -1.34720266485328        1.28070049056544       -0.03124407774343
H           -1.53000888174692        0.09176197879085        2.67882685445710
H            4.92082304588728       -0.47634940474232        3.08489686024705
H            4.80035360294527       -2.21712605983213        2.64533136443859
H            3.30824705668778        0.18505246039130       -2.52759592153333
H            3.82171290010259        0.62804431716286       -0.88799297063638
H            5.02947525687345        0.39510111935771       -2.16010524142997
H            2.56515067209438       -3.06724424982061        2.77643609203096
H            2.23721023771315       -2.66486940380151        1.08000041785836
H            0.31635582846017       -0.87528413126525        0.45103952388104
H           -5.71191709644392        1.25277739371665        1.78465398042787
H           -7.79220072494356        1.64563119118745       -3.28084920722011
H           -9.07169856595461        1.58298381813895       -2.10875134904215
52
 energy: -108.199594986439 gnorm: 0.014387690633 xtb: 6.7.1 (6d44803) iter: 24
C           -2.52644823125548        2.51907742869755       -3.37627761187982
O           -3.53556656882796        2.19400279579278       -2.44478589790065
N           -2.99386095325681        1.64999715853659       -1.30931417288464
C           -3.77918526876356        1.29493375969555       -0.35871264038413
C           -3.08962210438291        0.73571431436575        0.84919453454778
O           -3.66375218054330        0.23908607062722        1.79539560538821
N           -1.73536972338728        0.81834652434436        0.77715079994309
C           -0.89185383784381        0.40202211514551        1.84455508963799
C            0.25395350507950        1.36115064322721        2.24337517733110
O            0.33539494897767        2.47101614001476        2.66088278958254
N            1.19437228924239        0.40488974653861        1.91284916731581
C            2.52385201693218        0.21495994913671        2.14282858952937
C            3.48194225583398        1.45127990063015        1.85866720569860
O            3.35854005490970        1.68802322677808        0.64983560849319
O            4.21182915510855        1.85207644732836        2.73390526844132
C            3.03537597583446       -1.03387993870039        2.24702752615219
C            4.49133107592375       -1.20688091480820        2.40227214915781
S            5.36994418536232       -0.71867656807046        0.80431447425878
C            4.66376867996281       -1.82377444286705       -0.30218767681888
N            4.63285131223857       -3.12668988769349        0.02364642847866
C            4.49992302583685       -4.28532831877776       -0.26364145698886
O            4.40252213784571       -5.42461623952132       -0.34560418628981
C            3.37421135231288       -3.34366919749150       -2.58871651256256
O            3.07787360382145       -4.36902179921478       -3.01945336533575
N            3.63944583420821       -2.18282967454605       -2.39317681996006
N            4.13280527501302       -1.36567246771511       -1.44723106716565
C            4.07599493854214        0.03841193218254       -1.77362824140184
C            2.20563345045836       -2.28535879495325        2.10682923724013
S            0.43521045413428       -2.08704518853472        2.52972576785940
C            0.23623098975305       -0.59643505368394        1.50262078712714
C           -5.22819147567141        1.36996732527524       -0.35506033520943
C           -6.01459299198340        1.34044159333683        0.76416402674799
S           -7.67777223442221        1.47056612426207        0.35268940740127
C           -7.17708164182087        1.55406967975277       -1.35449873364322
N           -8.09991579005617        1.70617098352578       -2.32350074456526
N           -5.91270092588566        1.49283560210338       -1.53585661328512
H           -1.79367787352485        3.20628836142490       -2.94492032687665
H           -2.01422568213178        1.62070725457127       -3.73307254934705
H           -3.04473941748458        3.00064116300699       -4.20249406760044
H           -1.34770138495782        1.28200616555504       -0.03247839702747
H           -1.53015116916063        0.09092243624842        2.67765081381620
H            4.91970212364393       -0.47686742960527        3.08733393280196
H            4.79912307872781       -2.21898928858975        2.64785599754638
H            3.30389379539977        0.17869811278856       -2.52647452950779
H            3.82570870655652        0.63186675022392       -0.88276406729015
H            5.02990642206559        0.38981335801582       -2.16649461553489
H            2.56576110411680       -3.06602942037469        2.77666879359916
H            2.23851037443419       -2.66542153805444        1.07946130825033
H            0.31634805906307       -0.87628715318981        0.44852780342484
H           -5.71104347078763        1.25225410490885        1.78533522882452
H           -7.79289084296689        1.64762311661606       -3.27858337381960
H           -9.07161741221889        1.58361403173577       -2.10855451531559
52
 energy: -108.199166822174 gnorm: 0.021242590595 xtb: 6.7.1 (6d44803) iter: 25
C           -2.52608325368183        2.51859663103761       -3.37295236582474
O           -3.53589952282331        2.19184435859868       -2.44269383481995
N           -2.99471114732989        1.64664200090552       -1.30753181428362
C           -3.78055840036907        1.29122836333105       -0.35731925097773
C           -3.09126001429446        0.73364817217235        0.85127991238302
O           -3.66495721988446        0.23468465291401        1.79552904132702
N           -1.73733942505337        0.81790097346075        0.77970960066997
C           -0.89217539074468        0.40403818208228        1.84698301352347
C            0.25475466136480        1.36471938653356        2.23913558642180
O            0.33716602826985        2.47773725730528        2.64907151878267
N            1.19395096231615        0.40600903904842        1.91231161123945
C            2.52314989576129        0.21544169103250        2.14333433158391
C            3.48444778582846        1.44913162651489        1.85554637668158
O            3.35501882142589        1.68946507050673        0.64815613488386
O            4.20729362992573        1.85835432524603        2.73224107276479
C            3.03384497380487       -1.03387860916948        2.24889161399594
C            4.48939603019712       -1.20766141882222        2.40447496354147
S            5.36553159200838       -0.71946727279617        0.80462074485124
C            4.66299063758395       -1.82472124168494       -0.30405334595614
N            4.62843321637247       -3.12663121240715        0.02062116118732
C            4.49642220902544       -4.28568743486530       -0.26454150430418
O            4.40805717241947       -5.42896139984569       -0.34744164695252
C            3.43188205139112       -3.34707286566043       -2.61596369466689
O            3.01924992289553       -4.35636494918951       -3.00551463484366
N            3.66741765244238       -2.18754319447020       -2.40775483512632
N            4.13702262220003       -1.36821486627815       -1.45094304601081
C            4.07825005201682        0.03701720170983       -1.77415389296185
C            2.20339251632211       -2.28480290157420        2.10911932647814
S            0.43425317396261       -2.08437960738630        2.53655807716819
C            0.23470528958414       -0.59628761708190        1.50602830626809
C           -5.22949354325946        1.36759757100593       -0.35413601219754
C           -6.01655519458143        1.33844389980164        0.76470938665412
S           -7.67922831984979        1.47273493472422        0.35205046306214
C           -7.17760739203729        1.55560410224976       -1.35481135443602
N           -8.09917826222730        1.71407236288243       -2.32440031611736
N           -5.91316843593977        1.49156483167229       -1.53543018784392
H           -1.79427728773899        3.20604899064628       -2.94019148503246
H           -2.01265995659717        1.62098532230000       -3.73004169048599
H           -3.04388148165376        3.00048936522373       -4.19925601484200
H           -1.35026147256919        1.28199189041110       -0.03019227544248
H           -1.52842024066845        0.09589071768478        2.68257337379566
H            4.91869734617686       -0.47580990025723        3.08760441588026
H            4.79651110618088       -2.21989139481218        2.65298478633316
H            3.31551063662693        0.17569901957625       -2.53788321104726
H            3.81669223917576        0.63084416543983       -0.88325595572068
H            5.03772095765650        0.39042501182192       -2.15459026883057
H            2.56487565564710       -3.06553429767201        2.77812248774729
H            2.23402190780939       -2.66426897601460        1.08143692187477
H            0.31255934555995       -0.87880155424844        0.45218431053775
H           -5.71380527717253        1.24889532778017        1.78613176540656
H           -7.79111393073125        1.64584158219385       -3.27770570087126
H           -9.07058592273901        1.58239368642390       -2.11137096544723
52
 energy: -108.199903436572 gnorm: 0.007104630185 xtb: 6.7.1 (6d44803) iter: 26
C           -2.52586286336296        2.51806078334071       -3.36981525215341
O           -3.53625243558732        2.18986645906012       -2.44088662035950
N           -2.99591622736851        1.64375324085741       -1.30593671549647
C           -3.78189878680268        1.28802604906749       -0.35611065182097
C           -3.09301488085821        0.72951221502996        0.85236900453402
O           -3.66709273190642        0.22946178242112        1.79619526700723
N           -1.73918056753945        0.81679784470373        0.78219510261557
C           -0.89260007553132        0.40592914406411        1.84936922960717
C            0.25564597574957        1.36784316309852        2.23532580136415
O            0.33859059127179        2.48398160135119        2.63663503573639
N            1.19406848045924        0.40748552314575        1.91094328125322
C            2.52319156506328        0.21670975602165        2.14314501420280
C            3.48558379846753        1.45023441791191        1.85290010361733
O            3.35683299682543        1.68550212722918        0.64459814233638
O            4.20612387301226        1.86257990263289        2.72992235604969
C            3.03320699715208       -1.03283111157895        2.24970434584123
C            4.48860545038913       -1.20752090957600        2.40484529045684
S            5.36601805656873       -0.72530554830219        0.80333173016692
C            4.65821684152577       -1.82716295092791       -0.30502425147081
N            4.61445418134469       -3.12918920762799        0.02204633939179
C            4.48970388561204       -4.29035452341865       -0.26069266623996
O            4.41584454034263       -5.43508664097222       -0.34423939954789
C            3.39370769507533       -3.33968195390675       -2.61021972806247
O            3.06881121176910       -4.35845110784848       -3.03636962232908
N            3.65463787568645       -2.18323384117963       -2.40538130327597
N            4.13812033098757       -1.36808198149149       -1.45329366696977
C            4.08709835303294        0.03723353841355       -1.77595015200653
C            2.20222907466689       -2.28338425116742        2.11147898879699
S            0.43422194894223       -2.08160191908459        2.54297753084608
C            0.23345259855478       -0.59582340006557        1.50983551487001
C           -5.23091265069596        1.36563046318767       -0.35346046050453
C           -6.01844703050188        1.33709532262693        0.76495590817647
S           -7.68074933397412        1.47469600712864        0.35153183879600
C           -7.17818851528279        1.55811227947165       -1.35479329145274
N           -8.09893095383404        1.72206043040817       -2.32497861672451
N           -5.91382756466529        1.49156972640229       -1.53483311778706
H           -1.79497940653282        3.20578321831534       -2.93591095503573
H           -2.01136154409366        1.62115741070165       -3.72712014657328
H           -3.04329201012148        3.00021700460537       -4.19622603768174
H           -1.35224702874104        1.28131713685513       -0.02747195332289
H           -1.52678210832265        0.10044316558208        2.68752240507964
H            4.91938482188565       -0.47444159788357        3.08537479911079
H            4.79485392806248       -2.21922213038960        2.65536960837876
H            3.32943919199323        0.17935461738531       -2.54391278906512
H            3.82160998927999        0.62974371157010       -0.88682582999315
H            5.04946704540586        0.38880182014392       -2.14982956744885
H            2.56481049585092       -3.06463470742344        2.77928374900673
H            2.22983884853639       -2.66254035428859        1.08354346171927
H            0.30943825253062       -0.88061430833740        0.45650243489878
H           -5.71666066025688        1.24619736968141        1.78651121739131
H           -7.78928677625275        1.64321229610375       -3.27793179429052
H           -9.06972574380690        1.58079391695241       -2.11391791163833
52
 energy: -108.200072032642 gnorm: 0.006914807212 xtb: 6.7.1 (6d44803) iter: 27
C           -2.52543133581747        2.51696767300104       -3.36452095995487
O           -3.53700099018640        2.18600651366622       -2.43795573104455
N           -2.99795779944473        1.63877226896316       -1.30310784642774
C           -3.78446551927961        1.28247872639411       -0.35402782051691
C           -3.09630247600016        0.72350904826060        0.85471455842297
O           -3.67066879135523        0.22128952252510        1.79737012723998
N           -1.74272958046255        0.81538946795000        0.78638687386863
C           -0.89409724403549        0.40916881126567        1.85357194036212
C            0.25588844147450        1.37310673691784        2.22954905515984
O            0.33987320604708        2.49371137519581        2.61804008895775
N            1.19292316786351        0.41003314233470        1.90939512998882
C            2.52185532228572        0.21950305724020        2.14213232246511
C            3.48087158665117        1.45720872894757        1.85108214059381
O            3.36249865644488        1.67799342420885        0.63880559416611
O            4.20603139457798        1.86448554221417        2.72587138508466
C            3.03153798476809       -1.03032485276081        2.25015917770266
C            4.48648368906192       -1.20652027972035        2.40606607569350
S            5.36639847293198       -0.73261039074610        0.80286376281800
C            4.65503732246287       -1.83097946530727       -0.30635980636467
N            4.60364436763887       -3.13318050830050        0.02042388436601
C            4.48860956320737       -4.29545740190165       -0.25962209587999
O            4.41131941175006       -5.43838658853073       -0.34117913029922
C            3.39466771243759       -3.33645705004039       -2.62367574841329
O            3.07490490597285       -4.35379353701128       -3.05864174988669
N            3.66210840793128       -2.18155104627994       -2.41237087006481
N            4.14372689430319       -1.36940317044204       -1.45731469563305
C            4.09944050410804        0.03649679849796       -1.77810311668820
C            2.19966905857998       -2.28065266238879        2.11536391548111
S            0.43366669385644       -2.07677050979560        2.55413304766611
C            0.23053876939725       -0.59502926929825        1.51619690131657
C           -5.23344764342909        1.36193924660975       -0.35222729192019
C           -6.02188396841418        1.33407859644314        0.76549182942383
S           -7.68349391912681        1.47696684596514        0.35068669442999
C           -7.17934188134398        1.56163118115184       -1.35482695156791
N           -8.09845421624216        1.73523044494497       -2.32605260906271
N           -5.91507323824147        1.49118091233397       -1.53385175215488
H           -1.79640770492276        3.20526115847901       -2.92834765668168
H           -2.00881439303593        1.62136862462395       -3.72205311465508
H           -3.04210355127822        2.99947285219569       -4.19120843161419
H           -1.35640318450232        1.28072914892730       -0.02312754333063
H           -1.52518576494353        0.10824496672991        2.69564798748174
H            4.91900383774496       -0.47182714185647        3.08355379172550
H            4.79133499237734       -2.21768390788256        2.65990927717233
H            3.35274723953270        0.18170635938973       -2.55623892549408
H            3.82293931426258        0.62703562508598       -0.89152827332140
H            5.06738308308993        0.38795947860739       -2.13764167070307
H            2.56432330941646       -3.06239440032963        2.78146393911000
H            2.22232189549569       -2.65977025680536        1.08729552427934
H            0.30342153607766       -0.88379149912891        0.46370610778107
H           -5.72145443127074        1.24085080310874        1.78723656237501
H           -7.78643368441192        1.63976306950516       -3.27763688128404
H           -9.06802042399981        1.57704478684189       -2.11821602216858
52
 energy: -108.200391507410 gnorm: 0.010519599659 xtb: 6.7.1 (6d44803) iter: 28
C           -2.52394189091386        2.51353112101118       -3.34826703386799
O           -3.53927480775336        2.17379322811363       -2.42901592742119
N           -3.00397788242303        1.62354543685272       -1.29430182734745
C           -3.79219361697581        1.26564888302686       -0.34739153581616
C           -3.10581572655948        0.70696345486855        0.86270107091251
O           -3.68050194537807        0.19764037296527        1.80125702797623
N           -1.75314211478294        0.81243287545868        0.79931247896838
C           -0.89768941647740        0.42015574019062        1.86622271666033
C            0.25908077432387        1.38915865449576        2.20995546699878
O            0.34782723589486        2.52306020662241        2.55989271317252
N            1.19075200819949        0.41613314549708        1.90402409392618
C            2.51907176361574        0.22414618392483        2.13860125900682
C            3.48264493016377        1.45983295765396        1.83645985549192
O            3.36538542649780        1.66592378424428        0.62185900347427
O            4.19509300570301        1.88391571235392        2.71302168680960
C            3.02568351422196       -1.02666157491548        2.25363384697539
C            4.47914657500454       -1.20619093970848        2.41100855145466
S            5.36343063227034       -0.75152793085260        0.80253873263081
C            4.64573138236261       -1.84096546326617       -0.31061391295642
N            4.56850577610031       -3.14277956301077        0.01462040551048
C            4.47943450064368       -4.30845588461431       -0.25675544805453
O            4.40363855039746       -5.44993242854020       -0.33475958108158
C            3.40449659814985       -3.32554606207169       -2.66327385436139
O            3.09333717360192       -4.33827747092068       -3.11952882248238
N            3.68663342159364       -2.17751449674691       -2.43393151033941
N            4.16039142870487       -1.37296550331968       -1.46962943144268
C            4.13736867961800        0.03490602633563       -1.78563044401868
C            2.18978200547246       -2.27490641872909        2.12751701695584
S            0.43033387356210       -2.06198234916690        2.58903149808965
C            0.22134382500216       -0.59303328814769        1.53541132284255
C           -5.24101384596386        1.35053116512864       -0.34813120930125
C           -6.03234045701185        1.32416607070496        0.76746817693484
S           -7.69171400526488        1.48351942197782        0.34838834029386
C           -7.18280210746404        1.57206537371154       -1.35470317659440
N           -8.09673874254046        1.77704732648653       -2.32909966234686
N           -5.91878577039158        1.48979898559268       -1.53059387290757
H           -1.80092767729278        3.20373859611696       -2.90488052429961
H           -2.00052096760473        1.62205123081664       -3.70634026004061
H           -3.03820052332062        2.99697282043852       -4.17589741167211
H           -1.36936854332014        1.27997939431763       -0.01035272957149
H           -1.51932387967586        0.13414659232014        2.72054067941741
H            4.91649303121519       -0.46525422298812        3.07862034182984
H            4.78087013755604       -2.21560078903932        2.67549766001396
H            3.42491501883961        0.18851008334087       -2.59557581397808
H            3.82746367901294        0.62223382382596       -0.90668574384201
H            5.12321782562038        0.38378994451218       -2.10115285792212
H            2.56052738906549       -3.05794369456213        2.78862178865673
H            2.19733007605391       -2.65343591720573        1.09891141430903
H            0.28378139545794       -0.89489722606070        0.48561356114811
H           -5.73585458352286        1.22351440983526        1.78976029090508
H           -7.77761542149962        1.63065558528500       -3.27541468355498
H           -9.06196870778373        1.56436361583736       -2.13128272614522
52
 energy: -108.200558123295 gnorm: 0.006611645586 xtb: 6.7.1 (6d44803) iter: 29
C           -2.52269243866216        2.51078378142082       -3.33734121405272
O           -3.54101698889850        2.16458485641492       -2.42352968429836
N           -3.00826609626669        1.61376560112442       -1.28816738499407
C           -3.79785618905554        1.25515946193817       -0.34268739358963
C           -3.11244206518002        0.69811025500404        0.86892091299334
O           -3.68688782072417        0.18419773768766        1.80471268585151
N           -1.76057895573174        0.81239221437117        0.80822488423408
C           -0.90104297703408        0.42844884326663        1.87479736437100
C            0.26034842549842        1.39898286234627        2.19778965807309
O            0.35303894305345        2.53860455003493        2.52626709119354
N            1.18790236729229        0.41955791951558        1.90036255694050
C            2.51594288262570        0.22659578364079        2.13329620743527
C            3.47988054256982        1.46220414128863        1.82556157101691
O            3.36846705213418        1.65737177115569        0.60865070600942
O            4.18797307086388        1.89255633715911        2.70194399028568
C            3.02089141197154       -1.02470370602603        2.25369389508295
C            4.47322779504609       -1.20601786708661        2.41312760372881
S            5.36129622510839       -0.76147713885387        0.80258070402742
C            4.64285649992181       -1.84637990912991       -0.31410474315829
N            4.54633447757023       -3.14692633078638        0.00894450187674
C            4.46837171869229       -4.31458146087839       -0.25597591038166
O            4.39881066528238       -5.45810288393506       -0.33291814892565
C            3.42351955584992       -3.31930596661342       -2.68843149223475
O            3.10064713153706       -4.32607892704024       -3.14681336112545
N            3.70800317503659       -2.17614567776556       -2.44900702357350
N            4.17349033793214       -1.37482717653039       -1.47828717613329
C            4.16602914231830        0.03389048122099       -1.79296302351171
C            2.18161976376314       -2.27159126861943        2.13539249135088
S            0.42713618086101       -2.05127793890051        2.61306387404159
C            0.21352443259818       -0.59146069205619        1.54823010855094
C           -5.24640828584779        1.34262091498955       -0.34514799943476
C           -6.03987582646668        1.31584606362579        0.76899609305071
S           -7.69748277522044        1.48518304316942        0.34717757346679
C           -7.18552068644737        1.57637885899142       -1.35433908369695
N           -8.09601691417273        1.80120469119888       -2.33104913909705
N           -5.92173729233150        1.48826252410938       -1.52807723873880
H           -1.80457994921558        3.20266395269922       -2.88850983306874
H           -1.99395685489438        1.62233582440482       -3.69517270385502
H           -3.03503933284602        2.99444771238156       -4.16596482147319
H           -1.37929882569322        1.28133491111352       -0.00201185855026
H           -1.51695877410797        0.15300970047257        2.73653640603850
H            4.91243952341771       -0.46141253349043        3.07564617579721
H            4.77305793400788       -2.21428935467087        2.68496299967264
H            3.47564289578263        0.19249705823176       -2.62062138897362
H            3.83746201122347        0.62186724309619       -0.92024409699956
H            5.16182540802011        0.37768649237009       -2.08183134663749
H            2.55632796165984       -3.05487623689449        2.79385764997885
H            2.17798346642699       -2.65086328207412        1.10707892312855
H            0.26840162545990       -0.90267281463378        0.50060962984417
H           -5.74558943629148        1.20979395623578        1.79146498417070
H           -7.77273921409382        1.63219043063329       -3.27192981602470
H           -9.05646592433874        1.55846219066817       -2.13948435968336
52
 energy: -108.200690013752 gnorm: 0.005017989968 xtb: 6.7.1 (6d44803) iter: 30
C           -2.52170453823677        2.50776955563694       -3.32943646141455
O           -3.54274851369322        2.15629767859264       -2.42030046552909
N           -3.01197977452588        1.60718388156029       -1.28336711576519
C           -3.80267530416638        1.24869177088057       -0.33876620912000
C           -3.11747162367173        0.69417471462876        0.87449461970174
O           -3.69130753195088        0.17798891505923        1.80903926907484
N           -1.76637298598809        0.81475107171912        0.81510734998504
C           -0.90447249254273        0.43588319391398        1.88137428358754
C            0.26090972489974        1.40511730450749        2.18968484419137
O            0.35803057044532        2.54599815686440        2.50708194206404
N            1.18448449359998        0.42077045611244        1.89721505541299
C            2.51271060810067        0.22642783281887        2.12536858851849
C            3.47829352314842        1.45878525767644        1.81269531747486
O            3.36759454239790        1.65312659942629        0.59617094990478
O            4.18043560838089        1.89775173804586        2.68997237271046
C            3.01609010764592       -1.02488642354503        2.25147568033382
C            4.46770594095711       -1.20664307611653        2.41345400313931
S            5.36116215027991       -0.76611545734783        0.80450591159288
C            4.64584226559920       -1.84865431092635       -0.31616956698227
N            4.53461921600514       -3.14771824671544        0.00320620086095
C            4.45799224714399       -4.31576976533525       -0.25658996325014
O            4.38292018788996       -5.45955899603558       -0.33197602851387
C            3.44193614415433       -3.31450525954793       -2.70351437106935
O            3.10747883867661       -4.31781377292416       -3.16031298814547
N            3.72725642154300       -2.17408372660503       -2.45861796772786
N            4.18732242403837       -1.37443435340924       -1.48380759994782
C            4.19401346286312        0.03400406206033       -1.80027623460795
C            2.17321369770676       -2.27030398431015        2.14114636401499
S            0.42310102798865       -2.04261460588514        2.63162358533687
C            0.20562186163952       -0.59014918021774        1.55782040827206
C           -5.25090286810905        1.33664199022644       -0.34253989131229
C           -6.04627045578943        1.30779168041045        0.77043133463611
S           -7.70231767124588        1.48242002205455        0.34688431703926
C           -7.18812352585881        1.57731230542947       -1.35335910193640
N           -8.09636597186898        1.80981801635332       -2.33214783442628
N           -5.92459042763933        1.48697444728294       -1.52558982983880
H           -1.80834584242440        3.20149957086718       -2.87605969034365
H           -1.98807653142909        1.62186252784226       -3.68612400559615
H           -3.03227845535702        2.99088406537763       -4.15938586256657
H           -1.38786383023572        1.28409117845657        0.00367115412678
H           -1.51719924708289        0.16934122425017        2.74764828382027
H            4.90641594458320       -0.46027907064788        3.07437274896494
H            4.76674756472388       -2.21401964427991        2.68955406169968
H            3.51779311157155        0.19590331691959       -2.63588543476185
H            3.85732858825522        0.62540996657609       -0.93380910962887
H            5.19433657470661        0.36952603243538       -2.07437019234985
H            2.55044888980808       -3.05296834452030        2.79867074597544
H            2.16038952599614       -2.65173081272408        1.11397951403234
H            0.25405943579449       -0.90924198609188        0.51242796612113
H           -5.75311272885606        1.19693373715875        1.79273164540289
H           -7.77007228699920        1.64096709708209       -3.26830365099572
H           -9.05200309286773        1.55939264895273       -2.14381794216703
52
 energy: -108.200823579573 gnorm: 0.006579279578 xtb: 6.7.1 (6d44803) iter: 31
C           -2.52055642141567        2.50355606183502       -3.31819156900850
O           -3.54536240892715        2.14534025542107       -2.41550363506675
N           -3.01759099631585        1.59859929663909       -1.27621553996416
C           -3.80975124514292        1.24063761484651       -0.33267756479748
C           -3.12475608635122        0.68899715265977        0.88257324102566
O           -3.69797142955782        0.17073344334391        1.81619848145301
N           -1.77457208175266        0.81763739796937        0.82502535660036
C           -0.90972430836444        0.44598293908050        1.89137269289263
C            0.26146082660703        1.41418217349008        2.17831911937031
O            0.36559075408577        2.55947115821806        2.47795505025398
N            1.17907581683023        0.42214113691728        1.89286992376224
C            2.50788935749673        0.22588202011717        2.11359841544294
C            3.47390636021899        1.45493830127710        1.79405060547408
O            3.36785994703005        1.64425862892073        0.57641359335457
O            4.17232561940181        1.90116029774234        2.67111464743507
C            3.00893433013570       -1.02537010783816        2.24777727788502
C            4.45991687940955       -1.20823137889424        2.41331495261480
S            5.36167252496012       -0.77301687523048        0.80768027577538
C            4.64758793738527       -1.85076820988749       -0.31811797242085
N            4.51424032143553       -3.14810774182632       -0.00250152007570
C            4.43878206653107       -4.31776430135406       -0.25460345042533
O            4.36093848154191       -5.46214939630570       -0.32819655385118
C            3.46302600964077       -3.30583126166552       -2.72423785160891
O            3.12176525946304       -4.30602628274789       -3.18346273456846
N            3.75476672770395       -2.16859349704039       -2.47274922729377
N            4.20837605982593       -1.37224661369128       -1.49232422748264
C            4.23763016546102        0.03548486883998       -1.81188186927063
C            2.16107874957180       -2.26875964356572        2.14950499974360
S            0.41720451678890       -2.03100130684827        2.65878278338650
C            0.19391026791124       -0.58895560951704        1.57227073592221
C           -5.25758265367652        1.32977060286249       -0.33830890223997
C           -6.05576279044213        1.29658423318211        0.77285303244863
S           -7.70982507875721        1.47844101693332        0.34697608460486
C           -7.19216578419303        1.58250393016819       -1.35123346057172
N           -8.09741881619126        1.81974037509307       -2.33292252830795
N           -5.92879222860039        1.48888325766088       -1.52144528117532
H           -1.81372439341626        3.19998740576697       -2.85889085278716
H           -1.98020974092016        1.62102371046822       -3.67300534559893
H           -3.02855908345167        2.98563212165192       -4.15025407849793
H           -1.39959727854036        1.28673880389325        0.01168007453880
H           -1.51851395991999        0.19263004040679        2.76416759681644
H            4.89765560390243       -0.46036863783889        3.07320684964209
H            4.75725972726812       -2.21477235787807        2.69395557461466
H            3.58324320758718        0.20324468576239       -2.66344563733799
H            3.88618010615565        0.63011762711838       -0.95364822718351
H            5.24843290054966        0.35897841086959       -2.06103556052817
H            2.54203778799449       -3.05041703043424        2.80591114753715
H            2.13505737443259       -2.65379296619132        1.12405214096317
H            0.23292244020553       -0.91966345916633        0.53006506105637
H           -5.76427467896744        1.17781223676109        1.79482796686276
H           -7.76483975923033        1.64852856758425       -3.26557242787961
H           -9.04917790339352        1.55621790441159       -2.14881066353640
52
 energy: -108.201088930913 gnorm: 0.008598512180 xtb: 6.7.1 (6d44803) iter: 32
C           -2.51898090143106        2.49579845816123       -3.30044049598632
O           -3.55012739521148        2.12826914504267       -2.40817359011535
N           -3.02761650646972        1.58736803110445       -1.26379970892111
C           -3.82216481247939        1.23189448373293       -0.32131790750805
C           -3.13695127876827        0.68600846276161        0.89735342752076
O           -3.70882061360430        0.16661127627404        1.83115358979085
N           -1.78817578661639        0.82513675270306        0.84144571849219
C           -0.91957753596327        0.46309086275259        1.90797165805464
C            0.26179818088080        1.42700554585791        2.16165909797838
O            0.37905732778367        2.57675924432636        2.43865255764869
N            1.16852966562068        0.42278877848442        1.88461998701822
C            2.49897977844642        0.22210418721178        2.08968225462493
C            3.46488037384959        1.44394377171768        1.75774743947996
O            3.36738348027863        1.62722645133169        0.53829229417157
O            4.16181191162902        1.89826593845850        2.63317417205400
C            2.99548712229131       -1.02857787449211        2.23852110236219
C            4.44641443055439       -1.21340973666984        2.41046692831777
S            5.36312448773450       -0.78055331992654        0.81477309662003
C            4.65394801869206       -1.84999027987520       -0.32180364100950
N            4.48139969464169       -3.14341460418037       -0.01093453819278
C            4.39965594321856       -4.31560297266293       -0.24867849152612
O            4.30870583394693       -5.45962448426768       -0.31742368606017
C            3.49911347629657       -3.28933259127165       -2.75154714221110
O            3.15076985371248       -4.28654880757186       -3.21196689191886
N            3.80427493095547       -2.15637663333810       -2.49537372715447
N            4.24957586351289       -1.36499782750465       -1.50750478358338
C            4.32043799059991        0.04035237694824       -1.83391917767053
C            2.13892437174548       -2.26825297015951        2.16345830940429
S            0.40598183502176       -2.01168069151157        2.70371841061811
C            0.17242583835047       -0.58715009192704        1.59596521383481
C           -5.26933269828146        1.32113489623392       -0.33022155981848
C           -6.07251313741458        1.27605804343892        0.77757980222533
S           -7.72363055374986        1.46620831707406        0.34813233110567
C           -7.20000816714112        1.58832225385004       -1.34670265933199
N           -8.10113368022640        1.82265195144428       -2.33282887214619
N           -5.93636625409376        1.49516970772811       -1.51347687826455
H           -1.82305536024369        3.19724795761015       -2.83248208475483
H           -1.96761083407605        1.61825114118123       -3.65045363291565
H           -3.02232108257207        2.97484654092670       -4.13702625439290
H           -1.41898763653067        1.29208777982859        0.02403763840778
H           -1.52341517180566        0.23164261103354        2.79002662442933
H            4.88017864784875       -0.46626155064566        3.07389205124154
H            4.74012473529765       -2.21970030635904        2.69500661811639
H            3.70052749072264        0.21749486783670       -2.70904833217091
H            3.94889888707752        0.64356512577597       -0.99080028135276
H            5.34709221668018        0.33990934469058       -2.04630646024180
H            2.52564298743968       -3.04723228125111        2.81948868128420
H            2.09026780625641       -2.66144879626636        1.14204501699415
H            0.19480012260154       -0.93770419960054        0.55966176027567
H           -5.78343880053142        1.14351934743898        1.79868246348833
H           -7.75620790495930        1.66700148528126       -3.26301036376755
H           -9.04977819151440        1.55012588122568       -2.15468608454723
52
 energy: -108.201407540797 gnorm: 0.009351570182 xtb: 6.7.1 (6d44803) iter: 33
C           -2.51779688122110        2.48719212444649       -3.28344565738301
O           -3.55502725727196        2.11335154659958       -2.40066974752798
N           -3.03808367559112        1.57921057129279       -1.25053202028246
C           -3.83497943018028        1.22764136848406       -0.30846331086251
C           -3.14925973821996        0.68789463143864        0.91345823884065
O           -3.71970761519436        0.16980282620865        1.84905023173083
N           -1.80159343181249        0.83396204594361        0.85786868865730
C           -0.92984414251225        0.47990430196678        1.92461834375562
C            0.26222319832109        1.43783575760015        2.14662803757294
O            0.39341801853564        2.59073634915488        2.40553286565234
N            1.15712689736513        0.42221080110147        1.87456792642588
C            2.48961317520392        0.21540828973824        2.06260596443144
C            3.45602762670183        1.42780054050582        1.71528095053597
O            3.36546956764945        1.60618986618511        0.49429603460548
O            4.15599104006278        1.88713405601890        2.58766905368093
C            2.98063085378871       -1.03419461611640        2.22718050189152
C            4.43285853170871       -1.22182663226404        2.40481077551975
S            5.36374262657571       -0.78389232764105        0.82330441257032
C            4.66099025661158       -1.84388176277314       -0.32618688497849
N            4.44694980164614       -3.13175665384037       -0.01717693924844
C            4.35355969298305       -4.30653201297038       -0.23840572030425
O            4.24425363617319       -5.44925548990267       -0.29992773371868
C            3.53515625355055       -3.27043717724305       -2.77303713355106
O            3.18420700300790       -4.26688211062186       -3.23325682380129
N            3.85741312346981       -2.14103245851963       -2.51808144656890
N            4.29631309220214       -1.35418256260019       -1.52419415539013
C            4.41149039139330        0.04738595065255       -1.85710151435702
C            2.11541669766533       -2.26960139625550        2.17819635999328
S            0.39400419416048       -1.99225723540040        2.74843514444626
C            0.14989967801366       -0.58565802938491        1.61932754333109
C           -5.28163402955430        1.31511129546101       -0.32111906166630
C           -6.09004191567622        1.25414618830064        0.78276334638699
S           -7.73911680207000        1.44535585334063        0.34935261639906
C           -7.20895711102311        1.58911451294599       -1.34199529065104
N           -8.10663615961334        1.81808825714924       -2.33131321228226
N           -5.94426215633896        1.50256509266919       -1.50480262324961
H           -1.83195815983490        3.19396090257184       -2.80897485033499
H           -1.95637419522164        1.61347931386768       -3.62688335906284
H           -3.01612545812784        2.96188178255898       -4.12554114262846
H           -1.43721459150177        1.29678587012806        0.03579617791338
H           -1.52941499894974        0.26989751780406        2.81487216518634
H            4.86151166635495       -0.47921426620692        3.07706439062821
H            4.72158593686822       -2.22953565508078        2.68889715801887
H            3.82495060552585        0.23273603923560       -2.75371387322853
H            4.02306704785332        0.66174193287277       -1.03014281058603
H            5.45200404458228        0.32113549833528       -2.03642934905340
H            2.50752356023175       -3.04497109589829        2.83518362317132
H            2.04388102525569       -2.67273490451061        1.16206394067045
H            0.15468346108267       -0.95639697983601        0.58961575728315
H           -5.80355172066674        1.10842673960404        1.80284560092000
H           -7.74844533763055        1.69311525718676       -3.26259595683666
H           -9.05593889632962        1.54304128567751       -2.16001423266897
52
 energy: -108.201798063954 gnorm: 0.010690104591 xtb: 6.7.1 (6d44803) iter: 34
C           -2.51779732741780        2.47808941135637       -3.26949058973912
O           -3.55994769450903        2.10319735842915       -2.39346722747519
N           -3.04812883221801        1.57635876487288       -1.23745749988721
C           -3.84699599140510        1.22958347529192       -0.29510510800961
C           -3.16042918921411        0.69638352327576        0.92970431211228
O           -3.72948564822073        0.18299563537301        1.86912711225185
N           -1.81327918615502        0.84343826136846        0.87233187110710
C           -0.93928251287462        0.49434793970153        1.93911602340065
C            0.26270978705592        1.44450572109081        2.13534136901247
O            0.40682127260002        2.59784996578772        2.38518249126064
N            1.14581854913875        0.42014660478288        1.86241008001782
C            2.48040991632467        0.20531957311140        2.03407914126348
C            3.44867799965104        1.40597305359714        1.66755699300703
O            3.36122167838980        1.58083090556670        0.44570682644898
O            4.15885762092709        1.86448405928434        2.53454401504007
C            2.96533636745685       -1.04242169994428        2.21428015075787
C            4.42069353846676       -1.23399133628106        2.39579600455334
S            5.36240004851978       -0.77996259578886        0.83336218085700
C            4.66754214801726       -1.83012456573109       -0.33051947998657
N            4.41457370932974       -3.11021036583066       -0.01979963114427
C            4.30287600062912       -4.28696495815455       -0.22324096248752
O            4.16999412279005       -5.42734098955669       -0.27483566515914
C            3.57130996371982       -3.25085320916495       -2.78460235672770
O            3.22044975795212       -4.24901272207015       -3.24111784269470
N            3.91174543187776       -2.12366775486451       -2.53856944878261
N            4.34567227851836       -1.33973477052369       -1.54048372472674
C            4.50304858223830        0.05602142173740       -1.87846086670298
C            2.09269317902511       -2.27314914904538        2.19275049659415
S            0.38247844738761       -1.97430027824985        2.78714319726813
C            0.12878700981596       -0.58449230186411        1.63889421306648
C           -5.29348269902022        1.31219479854787       -0.31184506116598
C           -6.10663140954713        1.23190472457331        0.78773059619285
S           -7.75523343829237        1.41462448345621        0.35009390082018
C           -7.21860685462602        1.58201391013864       -1.33789548189903
N           -8.11412300830866        1.80543493018203       -2.32768374472886
N           -5.95206217012126        1.50900894155653       -1.49634355033001
H           -1.83953085516294        3.19011039540194       -2.79264370388013
H           -1.94903763492747        1.60595928593288       -3.60443233014719
H           -3.01127077098061        2.94680686808465       -4.11787671868111
H           -1.45159552254520        1.29979927786164        0.04536176073899
H           -1.53555563607200        0.30245550331206        2.83518478600812
H            4.84321482725450       -0.50193916374426        3.08442047148631
H            4.70289921152207       -2.24570920013202        2.67230645550063
H            3.94485354998813        0.24682758866221       -2.79112059475742
H            4.10427400934642        0.68351348172402       -1.06703798572439
H            5.55301339928793        0.30461836644830       -2.03270383800209
H            2.48875790068495       -3.04372328435063        2.85290137728634
H            2.00103270481785       -2.68787099858572        1.18337653830577
H            0.11664862199146       -0.97347026673051        0.61624207026146
H           -5.82268550278886        1.07596741928116        1.80678221760694
H           -7.74545060914729        1.72795305513256       -3.26389080666220
H           -9.06820014116891        1.54022190566487       -2.16382143273024
52
 energy: -108.202288642887 gnorm: 0.013681386551 xtb: 6.7.1 (6d44803) iter: 35
C           -2.51910986362098        2.46817329956092       -3.25426563340216
O           -3.56588191883277        2.09454813469235       -2.38384434780528
N           -3.05915079519088        1.57458349532963       -1.22235318136038
C           -3.85989601036919        1.23159373680984       -0.28007607786611
C           -3.17272841882697        0.70584660076389        0.94789167341233
O           -3.74060216804754        0.19884765871862        1.89191919526825
N           -1.82566861164579        0.85159700079311        0.88803678079953
C           -0.94811334078505        0.50928084752056        1.95477069038234
C            0.26496248873800        1.45233686923512        2.12124115573388
O            0.42206197918421        2.60832927289908        2.35793424881095
N            1.13482270302821        0.41867678207985        1.84611677712231
C            2.47111599199488        0.19376969557711        2.00392211395725
C            3.44453561793394        1.38004163549878        1.61066482452233
O            3.35410113155421        1.54820686617456        0.38836963093144
O            4.16953707954938        1.83603871350587        2.46954437682510
C            2.94864729403645       -1.05169167853706        2.20158635994828
C            4.40830275210623       -1.24992256248952        2.38565234594996
S            5.35807580742771       -0.77514923101845        0.84529808765143
C            4.66770836000734       -1.81204707942330       -0.33438213618134
N            4.37153665503851       -3.08238632515135       -0.01965698441636
C            4.24421584904432       -4.26068099467413       -0.20318179914222
O            4.08502035861612       -5.39740924949228       -0.24213885301307
C            3.61371482740635       -3.22779483945675       -2.79967090739458
O            3.26237574415712       -4.22710793187518       -3.25352705159149
N            3.97462672925600       -2.10360913318625       -2.56328942868270
N            4.39979695688993       -1.32299145660433       -1.55843812337766
C            4.60292594724163        0.06592510736818       -1.89897790936351
C            2.06845443873606       -2.27679936890705        2.21133597262999
S            0.37070568923016       -1.95341882897233        2.83052241397463
C            0.10745212739718       -0.58346288770455        1.65971662129623
C           -5.30659984423374        1.30728272028792       -0.30194796178214
C           -6.12428386882148        1.20621316967772        0.79256557607271
S           -7.77323580358521        1.37685634380461        0.34895536802823
C           -7.22935385391453        1.56927586714564       -1.33517657741996
N           -8.12260663188415        1.79867600472768       -2.32331565174961
N           -5.96072582261731        1.51159322130450       -1.48797706009322
H           -1.84740825338783        3.18626597441325       -2.77727454099440
H           -1.94369977720277        1.59658316978721       -3.57936269981108
H           -3.00773534118913        2.92939258568678       -4.10971512228264
H           -1.46493991825911        1.29972492785487        0.05600781810232
H           -1.53901872730752        0.33663414704780        2.85855329230866
H            4.82564223940351       -0.53360767928068        3.09539308115877
H            4.68138247070736       -2.26799465808166        2.64972948875709
H            4.08092464327645        0.26370337100446       -2.83545392864231
H            4.18671867914290        0.70677545412498       -1.10459556950278
H            5.66611374285801        0.28985943514218       -2.01817513603418
H            2.46882523417620       -3.04143970166123        2.87581308043811
H            1.95578148958729       -2.70496954139915        1.20980121101250
H            0.07611500101424       -0.99295784643740        0.64509795247245
H           -5.84395690053033        1.04132838102022        1.81101472912673
H           -7.74861744622890        1.76524423551210       -3.26392104090530
H           -9.08286771225769        1.54223726925270       -2.16945614388570
52
 energy: -108.202766884206 gnorm: 0.017745786139 xtb: 6.7.1 (6d44803) iter: 36
C           -2.52502433031472        2.46171698001897       -3.25164381363248
O           -3.57131264897028        2.10277802255009       -2.37648704046321
N           -3.06569285998466        1.58847642735236       -1.21202758292896
C           -3.86628507620733        1.24673531724779       -0.26912605398094
C           -3.17791071823311        0.72857630500069        0.96057384421310
O           -3.74505728839495        0.23630986288677        1.91358735524380
N           -1.82902976114132        0.85704329628903        0.89308509724856
C           -0.95005776519347        0.51353750609705        1.95906091993262
C            0.26864481533845        1.44843891622306        2.11893460652264
O            0.43048327930267        2.60101725593766        2.36685919400163
N            1.12920844155756        0.41528664835518        1.82579726882069
C            2.46607672781171        0.17768007233891        1.98017999416405
C            3.44966232452231        1.34668378096474        1.55381879037921
O            3.33904975563140        1.51104774219886        0.33364551769631
O            4.20884576561891        1.78223576273206        2.39753555438920
C            2.93670179114273       -1.06390273915442        2.19009876575995
C            4.40450303542096       -1.27291052605334        2.36975436117647
S            5.35063504524794       -0.75568141990233        0.85890990038925
C            4.66387644045540       -1.77926653372490       -0.33687931846220
N            4.34189658483127       -3.03624772762295       -0.01043557815280
C            4.18636011696309       -4.21276166005125       -0.17718511718597
O            3.99311226369033       -5.34322142734521       -0.19886347410387
C            3.64805875522925       -3.20803883051530       -2.78850591203712
O            3.30058950996016       -4.21241948395222       -3.23486766968108
N            4.02331041078794       -2.08331992781387       -2.57456999245920
N            4.44420810318546       -1.30213249249616       -1.56711177001903
C            4.67103802907022        0.07685597025426       -1.90165209470854
C            2.05443709198225       -2.28349344446292        2.22748692372807
S            0.36436120528523       -1.93998151191052        2.84583338812033
C            0.09867671394870       -0.58298540522482        1.66259532230327
C           -5.31440056103895        1.30809323967697       -0.29593461093385
C           -6.13298963663802        1.18688704864788        0.79393523301950
S           -7.78630350291381        1.32774277245459        0.34407221782091
C           -7.23758081509117        1.54111852726960       -1.33732272984808
N           -8.13255051326023        1.77954958492907       -2.31611741753507
N           -5.96644264886325        1.50631218520183       -1.48458119479110
H           -1.85058284307947        3.18490177720194       -2.78670748827273
H           -1.95211777405574        1.58436469356931       -3.56497742825633
H           -3.01177564611231        2.91236769968772       -4.11383272540256
H           -1.46196061543139        1.29282582840136        0.05740225346672
H           -1.53796905107171        0.34520212152134        2.86352099175656
H            4.81706701541891       -0.58821667061931        3.11657730696686
H            4.66462504572388       -2.30385464182778        2.60308500343383
H            4.16103456183020        0.27385455318681       -2.83841902494063
H            4.25919877304605        0.73032925142371       -1.11651576244575
H            5.72984026773862        0.28958748282442       -2.01608880765057
H            2.45375857866472       -3.03967669399340        2.90236828198409
H            1.93600825380947       -2.72694483610255        1.23566927035059
H            0.05534451515337       -1.00253853228759        0.65519132201436
H           -5.85593406802795        1.02436909584641        1.81268628896195
H           -7.77224147358292        1.79367862334954       -3.26580541336669
H           -9.10739462076187        1.56199115338618       -2.16932595261302
52
 energy: -108.203452032267 gnorm: 0.015170942532 xtb: 6.7.1 (6d44803) iter: 37
C           -2.52768787538931        2.45388973539881       -3.23606625562383
O           -3.57796494071752        2.09372116832104       -2.36548940033381
N           -3.07581163536902        1.58358206231345       -1.19798075347759
C           -3.87789639756303        1.23954413161974       -0.25725601783261
C           -3.18956227311767        0.72892225075762        0.97600609952128
O           -3.75564222062103        0.24111848723532        1.93163444653481
N           -1.84096599210539        0.85907200596755        0.90728467592829
C           -0.95614181653391        0.52611044647086        1.97250596158970
C            0.27254265153001        1.45786583479033        2.10094973545266
O            0.44307988018490        2.61478700386595        2.32866584928240
N            1.12209745211991        0.41616043710321        1.80721061047007
C            2.45952795455408        0.17118175506764        1.95534453147530
C            3.44959012709524        1.32827418919151        1.50178693755822
O            3.32687835295456        1.48238993285189        0.28196412522659
O            4.22392457099710        1.76070625850398        2.33413575735631
C            2.92424720897854       -1.06888445140995        2.18170344006375
C            4.39446146436629       -1.28610054673159        2.36382848901754
S            5.34885574421597       -0.75948890900704        0.86992127215540
C            4.65744777328720       -1.76702974475738       -0.33891443619658
N            4.29001932320512       -3.01606446322498       -0.01063066063380
C            4.13074160729380       -4.19365368202678       -0.16101604892241
O            3.91988243109737       -5.32146015031028       -0.17114932535629
C            3.69117943678984       -3.18467797337335       -2.81407233085452
O            3.33306561812543       -4.18461680994190       -3.26225838296494
N            4.08095631827709       -2.06555484508691       -2.59859525231375
N            4.48952686720111       -1.28915727739276       -1.58084029192136
C            4.75625929536349        0.08624146199620       -1.91529478888676
C            2.03486700598677       -2.28395201679175        2.24956578760045
S            0.35563495355775       -1.91769801104030        2.89076842816263
C            0.08219884021095       -0.58292221646176        1.68103727148556
C           -5.32647399551138        1.29569378358720       -0.28888055909899
C           -6.14839756842334        1.16311696827850        0.79690416122738
S           -7.80069852917575        1.30605050120527        0.34048678022540
C           -7.24546856930579        1.53718136467864       -1.33710941167521
N           -8.13708235051121        1.79609355849507       -2.31525776549882
N           -5.97434874471604        1.50271729648218       -1.47922681791715
H           -1.85895007393636        3.18279931946662       -2.77017392105422
H           -1.94813920848382        1.57768826009277       -3.54205981229484
H           -3.01139340633398        2.89804354728649       -4.10348439131828
H           -1.47424604724012        1.28908473002344        0.06824287907909
H           -1.53561458402409        0.37581545148609        2.88766253179489
H            4.80583699917543       -0.61593401935944        3.12451676246561
H            4.64541061221748       -2.32187360439770        2.58782571561044
H            4.28655797427140        0.29428428058945       -2.87981186718953
H            4.31745745063937        0.74822160819711       -1.14565254443817
H            5.83115454613994        0.28092907056835       -1.98498771174086
H            2.43910923229896       -3.03313015246837        2.92955630453352
H            1.89750460190900       -2.74161004790603        1.26436555352788
H            0.02073839023515       -1.02377130498347        0.68073030239265
H           -5.87598277385717        0.99209727277262        1.81618452007282
H           -7.78087658239747        1.80028072262463       -3.26134416777118
H           -9.11141009894602        1.57391632934258       -2.17595501450339
52
 energy: -108.204031936221 gnorm: 0.012374575834 xtb: 6.7.1 (6d44803) iter: 38
C           -2.53241506338696        2.44834852117939       -3.22626895942404
O           -3.58500825458312        2.08777379660005       -2.35713284664073
N           -3.08377517093035        1.58279869335422       -1.18743751809222
C           -3.88640557382138        1.23202397084218       -0.24981094378622
C           -3.19749066756940        0.72862848768467        0.98674784585824
O           -3.76240653804236        0.24743587877426        1.94563967880808
N           -1.84920265287393        0.85850794592370        0.91562828400971
C           -0.95953150885113        0.53359210897545        1.97944790835460
C            0.27617854741512        1.46234053758818        2.08608457331036
O            0.45254534542098        2.62209632562248        2.29859583384917
N            1.11748472359157        0.41398456759993        1.78945913667773
C            2.45528348254570        0.16520045552874        1.93367111176492
C            3.45137036427040        1.31059487593484        1.45519582567019
O            3.30563578058431        1.45948790441457        0.23784999988884
O            4.24683544487753        1.73429881815017        2.27079854181487
C            2.91678925480615       -1.07315780667282        2.17542500503764
C            4.38759037838725       -1.29720993812916        2.35945540934245
S            5.35291875028185       -0.76142746690537        0.88118480177325
C            4.65952449163759       -1.75507064580193       -0.33958498387175
N            4.26349158071639       -2.99718122781846       -0.01743855585259
C            4.07863802453450       -4.17319084435262       -0.15320268682419
O            3.84567221302666       -5.29845006640141       -0.15098291111360
C            3.73025075594326       -3.16447289862422       -2.83116384328608
O            3.35277869162210       -4.15718262688647       -3.27999379103637
N            4.12514177494370       -2.05017236251180       -2.60933207974538
N            4.52556488179890       -1.27767439338512       -1.58385203086980
C            4.81692512212364        0.09532114076117       -1.91708202084158
C            2.02215733592122       -2.28459646955746        2.27201326700561
S            0.34946616273687       -1.90005693539559        2.92132195703220
C            0.07117773319338       -0.58442532914158        1.69005190837078
C           -5.33550403880661        1.28288036572103       -0.28492987833670
C           -6.15998404076614        1.14370057669352        0.79788484177930
S           -7.81051189058967        1.29362477068272        0.33677410474639
C           -7.25029908316541        1.54018989596109       -1.33732008561302
N           -8.13859832888006        1.81669218577480       -2.31586630568976
N           -5.98048940620276        1.50132630482701       -1.47598266624061
H           -1.86740363782884        3.18199272684365       -2.76090980404244
H           -1.94830087314537        1.57258607161898       -3.52601538090194
H           -3.01528310524687        2.88612849379274       -4.09723136658021
H           -1.48263143699361        1.28381323053922        0.07409917669440
H           -1.53236719005988        0.39609045169893        2.90219591991531
H            4.79759280558393       -0.64202768525653        3.13094966271366
H            4.63156703249098       -2.33619190832225        2.57312063536746
H            4.37177402322034        0.31128158001456       -2.89195416287954
H            4.36390828062615        0.76177328852372       -1.15743366731005
H            5.89749111684780        0.27806581881017       -1.95956956932392
H            2.42902903515435       -3.02375740792469        2.96140281349276
H            1.87525715261295       -2.75837627040820        1.29408976170573
H           -0.00234341007405       -1.04139722117931        0.69630668563699
H           -5.89156283966361        0.96512491415306        1.81790267885134
H           -7.78994670902688        1.79211943499674       -3.25698926392545
H           -9.10857986640781        1.58619636504603       -2.17853104725275
52
 energy: -108.204689874289 gnorm: 0.011775379683 xtb: 6.7.1 (6d44803) iter: 39
C           -2.54076041297449        2.44085939711659       -3.21968795958818
O           -3.59439653273330        2.08247279162679       -2.34949272228864
N           -3.09297476461209        1.58586711364335       -1.17684254059898
C           -3.89518230428919        1.22796681965954       -0.24169363982742
C           -3.20419579089043        0.73384643363291        0.99833011303052
O           -3.76725901938853        0.26372990223901        1.96348195261461
N           -1.85614191866467        0.85964341467748        0.92110782372580
C           -0.96177595442498        0.53967807566729        1.98185510513115
C            0.27940964259881        1.46194477674857        2.07208749995283
O            0.46096223701628        2.61968982806226        2.27845555504748
N            1.11245045679679        0.40826041049388        1.76932883192459
C            2.45058263628378        0.15586854900416        1.90887714732674
C            3.45392314709461        1.28313414193286        1.39475804823860
O            3.27409632450879        1.42829262402716        0.18109262409808
O            4.28445269707521        1.69199589045058        2.18405433670085
C            2.90885339596786       -1.07931068629685        2.17052486500078
C            4.37963743534893       -1.31144038347909        2.35759061626382
S            5.35795712975477       -0.75982461385434        0.89893814179302
C            4.66406472813447       -1.73761633705691       -0.33583357551549
N            4.23310268303656       -2.97040623623354       -0.02353081206578
C            4.00961566539147       -4.14140878903238       -0.14651910122436
O            3.75627076695927       -5.26246314138469       -0.13403859324988
C            3.77173970208679       -3.13901755389182       -2.84172011209292
O            3.37311304660165       -4.12350321161627       -3.29082436249556
N            4.17699883068774       -2.02953407975576       -2.61560236177937
N            4.57282897906916       -1.26126114583768       -1.58413501270936
C            4.88474364419425        0.10739610582816       -1.91456017595043
C            2.01008655526075       -2.28561158937567        2.29938456430107
S            0.34239030559535       -1.88174553104178        2.94388714118714
C            0.06141702103064       -0.58566576009728        1.69341758776214
C           -5.34471737256326        1.27143756945910       -0.27991770309273
C           -6.17282101252512        1.12297353588217        0.79905939468136
S           -7.82148927522888        1.27872598233923        0.33462146282169
C           -7.25589132673655        1.54356629378433       -1.33508439762437
N           -8.14047116801474        1.83342761303158       -2.31460133687779
N           -5.98710853042123        1.50309782180740       -1.47040535268786
H           -1.87892254043696        3.17951429355343       -2.75753555715810
H           -1.95347793900939        1.56445834724248       -3.51114194417560
H           -3.02362810481113        2.87039636211841       -4.09445573443931
H           -1.49060076635361        1.27918234089606        0.07625660362865
H           -1.52867812213003        0.41217792690212        2.90872970361161
H            4.78677653853863       -0.67655073759458        3.14593445934979
H            4.61530903595148       -2.35579807063213        2.55338041543004
H            4.46225668781459        0.32660099317714       -2.89541257353774
H            4.41950527387608        0.77777730957159       -1.16518290723337
H            5.96523593054611        0.27847774093201       -1.93358224253176
H            2.41677282969549       -3.00973193789294        3.00482613889587
H            1.86055441742587       -2.78121957940304        1.33268845295223
H           -0.02250247010178       -1.05672543266701        0.70837686964683
H           -5.90808258254451        0.93575216622441        1.81893631663135
H           -7.79793329945091        1.78474463925473       -3.25398500714970
H           -9.10609753603758        1.59587860611032       -2.17691504586371
52
 energy: -108.205379466519 gnorm: 0.014294734200 xtb: 6.7.1 (6d44803) iter: 40
C           -2.55281191222614        2.43382770007519       -3.21790157033154
O           -3.60543829088452        2.07641424183547       -2.34433094233659
N           -3.10188703652091        1.58863580258972       -1.16979219589301
C           -3.90208744709404        1.22352401182407       -0.23587670797727
C           -3.20807747346005        0.73816087765695        1.00678898152936
O           -3.76945295364523        0.28324548140848        1.98005508519313
N           -1.86034418401897        0.85657469001800        0.92029689700565
C           -0.96081106607192        0.54188309005512        1.97753081762223
C            0.28439966830272        1.45870092921365        2.05121697942357
O            0.47290517226852        2.61821075806881        2.24395541962089
N            1.10959727066326        0.39756162230859        1.74758323011977
C            2.44765693119515        0.14537199804302        1.88447540630612
C            3.45613561334080        1.24989685293409        1.33325891127918
O            3.23633630945611        1.39545928516898        0.12562994632696
O            4.33157222669934        1.63454696241069        2.08752207184027
C            2.90448858557687       -1.08520689844990        2.17083758956515
C            4.37242701448607       -1.32468635729899        2.36132719770686
S            5.36315527891382       -0.75753552674661        0.91753129649922
C            4.67516855307853       -1.72109170627741       -0.33013209871144
N            4.21580945393548       -2.94310931282036       -0.03827965054095
C            3.94632740296970       -4.10341254360059       -0.15536067046121
O            3.66589457793023       -5.21840413484176       -0.13591158926379
C            3.80375845016215       -3.11122284833859       -2.84667622961977
O            3.39082794587318       -4.08495708146953       -3.30414478367317
N            4.21686712687998       -2.00806891934457       -2.60860971559197
N            4.61459611645206       -1.24579843334769       -1.57356450166522
C            4.93454181869271        0.11957292747772       -1.89566367226494
C            2.00325006918293       -2.28493676772964        2.33289522118963
S            0.33693053922081       -1.86535164873279        2.96167812972523
C            0.05565970098231       -0.59044087301411        1.69180445985662
C           -5.35145335448555        1.26203124977135       -0.27551663167226
C           -6.18375865172039        1.10715998219253        0.79947679614319
S           -7.82932335640365        1.27653799226852        0.33417131915876
C           -7.25966066629737        1.55460212155000       -1.33055531251007
N           -8.13955719286378        1.85860756878300       -2.31380868553411
N           -5.99193043715889        1.50830917872661       -1.46341727907943
H           -1.89372510608053        3.17664869704735       -2.75966019255529
H           -1.96368337887010        1.55731239868787       -3.50297121667618
H           -3.03782669504010        2.85603916486536       -4.09431292187135
H           -1.49800873775315        1.27009923221139        0.07109678988220
H           -1.52191591949893        0.42464810577916        2.90819714052701
H            4.77725583665538       -0.70906573336850        3.16322213819672
H            4.60175956005281       -2.37343345456429        2.53809818660637
H            4.53613146106485        0.33785213338306       -2.88353025272519
H            4.45287867988426        0.78912378071010       -1.15580507896555
H            6.01153433292477        0.28606442114373       -1.88788497781990
H            2.40836596725344       -2.98812364073967        3.06061728360806
H            1.86081048142645       -2.80748525725296        1.38026622600492
H           -0.03700223369383       -1.07561975776108        0.71661200252881
H           -5.92162076224915        0.90911046949727        1.81797736499331
H           -7.79933937297331        1.76544512702953       -3.25126789144115
H           -9.09732691651564        1.59677304091447       -2.17186711928813
52
 energy: -108.206198518980 gnorm: 0.015935670820 xtb: 6.7.1 (6d44803) iter: 41
C           -2.56366137942720        2.42174097260467       -3.20959936501033
O           -3.61786146498551        2.06348329871079       -2.33779750283283
N           -3.11568152782240        1.58688229956132       -1.15832244232320
C           -3.91485405135233        1.22354544664471       -0.22289418623537
C           -3.21738619580426        0.74878498041112        1.02274663176149
O           -3.77645975029319        0.30981298914934        2.00554654954630
N           -1.87009512352249        0.85922390481134        0.92582054049496
C           -0.96485119109408        0.55172292383943        1.98023250101821
C            0.28905209166807        1.45861521741705        2.02391492139271
O            0.49147678969026        2.61778004942071        2.20336259656603
N            1.10092766546029        0.38698273480017        1.72118820449701
C            2.44025459416087        0.12975608743835        1.84611374089420
C            3.45031869697343        1.20672568923293        1.25507251450682
O            3.20980622124400        1.35251682209391        0.05170366660855
O            4.36852943296719        1.56810377163887        1.97815098584855
C            2.89175841983810       -1.09505145967179        2.16423478122562
C            4.35971280130581       -1.34305478625784        2.35964269313697
S            5.36573358744548       -0.75425575917941        0.93835645824219
C            4.68695550516021       -1.70015544563681       -0.32679222161219
N            4.16514095938898       -2.90679240395017       -0.04601087165128
C            3.86233984571830       -4.06016795753229       -0.15180548024675
O            3.55124958897822       -5.16860251771708       -0.12480604831554
C            3.84600989165241       -3.07276140804479       -2.85806378885199
O            3.42652983016013       -4.04019236036146       -3.32208646778407
N            4.28336168478113       -1.97732564009473       -2.61769306685586
N            4.68407931719523       -1.22351560044664       -1.57800411579171
C            5.03538809749680        0.13577041833774       -1.89307136121485
C            1.98446320654289       -2.28585112305769        2.37080656488841
S            0.32581683592782       -1.84065561019912        3.00203206544227
C            0.03904390861000       -0.59442262454210        1.70289213798872
C           -5.36363040152696        1.25674365805726       -0.26526093335338
C           -6.20202180696031        1.08353070425100        0.80397200914569
S           -7.84524018639785        1.25517299052255        0.33599402721538
C           -7.26934851773897        1.55703672503617       -1.32277399562457
N           -8.14515986115577        1.86479103979859       -2.30897067434165
N           -6.00021215940671        1.51731519789308       -1.45126223705946
H           -1.91214809559941        3.17151094301607       -2.75300310938936
H           -1.96799925870456        1.54678565093069       -3.48527150716308
H           -3.04767054722815        2.83495589631634       -4.09098488318702
H           -1.51343600765237        1.26312608636147        0.06899856004062
H           -1.51911028073149        0.45469627703521        2.91746396457711
H            4.75976515811205       -0.74787367401654        3.18311793194950
H            4.57977122841488       -2.39838510934850        2.51718216268913
H            4.67509180765609        0.35343629381025       -2.89542444497126
H            4.52927053555918        0.81279246235619       -1.17284361756755
H            6.11235430698246        0.28825608125194       -1.84538361047978
H            2.39058642515208       -2.96821792559728        3.11879995902927
H            1.83480984897379       -2.83887729845198        1.43498757669167
H           -0.07253390365700       -1.10389926964169        0.74067470189946
H           -5.94223814845850        0.87034543874661        1.81978620302352
H           -7.79670693545231        1.77691742435751       -3.24873854646078
H           -9.10129248824643        1.59119849784002       -2.16864917200790
52
 energy: -108.205764879402 gnorm: 0.052519696414 xtb: 6.7.1 (6d44803) iter: 42
C           -2.57914511950812        2.41290681148754       -3.22169606388336
O           -3.62906640071341        2.04618458901230       -2.34958955002656
N           -3.12394221849823        1.57722301798158       -1.16882654910300
C           -3.91766757379651        1.23210127309648       -0.22154089183109
C           -3.21376300781861        0.76089794326519        1.02071774637187
O           -3.77053394591628        0.33835733087364        2.01281755150303
N           -1.86704146738042        0.85421115667503        0.90607719925441
C           -0.95849475941410        0.54751714365740        1.95679851915882
C            0.29292812596776        1.44451318028084        1.98946540388687
O            0.50592379212679        2.59412041598401        2.17399832116504
N            1.10163385755298        0.36899377544664        1.70356496154349
C            2.44191935257287        0.11793741048399        1.82343895510314
C            3.42763812318233        1.16629864940274        1.22596901870849
O            3.20996114839901        1.33601597683902        0.02824844318485
O            4.37943656739449        1.48920382355226        1.92038964864923
C            2.89372571013932       -1.09819215711224        2.17585327837853
C            4.35589802155592       -1.34639049953234        2.37339642781959
S            5.36789303563524       -0.75957613619765        0.94678887613319
C            4.69830517136673       -1.70122687035136       -0.31006798946648
N            4.11341178340570       -2.89136585463654       -0.04640286530862
C            3.82532949754212       -4.03236057897874       -0.17775850583659
O            3.53021117668413       -5.13283885756887       -0.17646729636743
C            3.82630160159855       -3.04009667642261       -2.85420742631747
O            3.42749900796125       -4.00344297466648       -3.34115459451726
N            4.29067158684113       -1.95552406105892       -2.60155540289320
N            4.71893319739923       -1.21623872622352       -1.56551593944219
C            5.06596394043937        0.14435301372479       -1.86360634238893
C            1.98917008248237       -2.27865821388582        2.40546708989927
S            0.32361321027453       -1.83102812262622        3.01129533084781
C            0.04133835121478       -0.60328959041254        1.69649677934270
C           -5.36351031059348        1.27415636755047       -0.25753669103094
C           -6.20481402033010        1.09352512977226        0.81023725001353
S           -7.84471993859969        1.27167772609207        0.34987362777824
C           -7.27369011394217        1.57137256897996       -1.30570600323284
N           -8.15026297128587        1.85078957145613       -2.30015605610249
N           -6.00057156401518        1.53737480697996       -1.43671295340625
H           -1.93494286302713        3.16572023338874       -2.76462189488431
H           -1.97886320477841        1.54349076622325       -3.49995523179557
H           -3.06736435042754        2.82574651878478       -4.10080155708530
H           -1.52572689140520        1.25226099635053        0.03986087702577
H           -1.51108550528345        0.46127750954811        2.89288766575099
H            4.75804224620408       -0.74615558913348        3.19167303951543
H            4.58020442551355       -2.40006647537564        2.52776194548438
H            4.73688673392671        0.34778141699267       -2.87682727495234
H            4.51989379848613        0.81705478920425       -1.16308366720269
H            6.13321791570296        0.31366320340530       -1.77264691910422
H            2.39222636544398       -2.93690934301144        3.17394323797123
H            1.85280104719315       -2.85910864241147        1.48784672749184
H           -0.07742429587078       -1.12582012407815        0.74578252541890
H           -5.93764064458619        0.86746082315758        1.81847828640442
H           -7.76839823749160        1.78382002501516       -3.24406493729146
H           -9.10231046952666        1.55028252896443       -2.15134513034581
52
 energy: -108.207263171112 gnorm: 0.022612977829 xtb: 6.7.1 (6d44803) iter: 43
C           -2.58174955342671        2.41126697692252       -3.21894376535179
O           -3.63216690504490        2.04673386398920       -2.34677739493637
N           -3.12721608912057        1.57978653126858       -1.16500431869662
C           -3.92132669437503        1.23447047535894       -0.21788903003800
C           -3.21747313398550        0.76585109332072        1.02512365047400
O           -3.77402906652282        0.34970663052541        2.02022914367856
N           -1.87001457131278        0.85188625368653        0.90877231316490
C           -0.96104998513325        0.55039963685447        1.96173067605730
C            0.29560965600712        1.44551878792127        1.98337389787332
O            0.51491449720342        2.60059188398464        2.15767355372254
N            1.09799519725748        0.36516192797706        1.69668522644830
C            2.43913340849047        0.10916025319754        1.81502926619113
C            3.43023129070997        1.14923159366483        1.19817618416289
O            3.18471548543240        1.32487725720525        0.00226525884529
O            4.41243673673753        1.45902680368101        1.87625918279528
C            2.88837240770476       -1.10530182039377        2.17243787772487
C            4.35464144083695       -1.35576615484003        2.36641063074314
S            5.36327543989272       -0.74729630703809        0.95227718066435
C            4.70417336956729       -1.68577568617211       -0.31363097546079
N            4.14585888362023       -2.87118163924647       -0.05759767369483
C            3.80124314171436       -4.01303284036887       -0.16948441305611
O            3.45171295551453       -5.10992107375279       -0.14992385847591
C            3.85155508275725       -3.02976172491024       -2.85903231618471
O            3.44605265682856       -3.99253928524569       -3.34363358721969
N            4.30998155312209       -1.94595327893900       -2.60680054666909
N            4.72911070955974       -1.20845233633065       -1.56371001526978
C            5.09213725948261        0.14975152736350       -1.86104098939401
C            1.98184565845434       -2.28346116199937        2.41900921978792
S            0.31977519487301       -1.82487922168453        3.02989932012040
C            0.03391852073062       -0.60653027968499        1.70446323432195
C           -5.36805671484003        1.27213839706453       -0.25551958069140
C           -6.20817769971825        1.08407205114018        0.81126386223208
S           -7.84951538400245        1.25247501158301        0.34664296684731
C           -7.27719974775309        1.56160766256815       -1.30812369976838
N           -8.15492200351403        1.84595989009319       -2.29891016123077
N           -6.00415990913869        1.53559027315527       -1.43679691643211
H           -1.93821608389891        3.16759104992575       -2.76458414155295
H           -1.97927156986226        1.54142020929892       -3.49362222583895
H           -3.06937863833854        2.81973542993912       -4.10086359580012
H           -1.52574706819200        1.24315667627529        0.04050046717029
H           -1.51235051419128        0.47280154708979        2.90131221868903
H            4.75402668678313       -0.76664780943058        3.19678431217103
H            4.57619357990438       -2.41283464564926        2.51079204528865
H            4.78265406007563        0.36147492183602       -2.88882649692181
H            4.53954396148955        0.82656929160372       -1.16741897618947
H            6.16843198209605        0.31131489380935       -1.74962103294752
H            2.38704591879592       -2.93709386523738        3.19128805486562
H            1.83918382921896       -2.87110949982967        1.50541400841886
H           -0.09023550522322       -1.13766930508514        0.75736048374736
H           -5.94248629567621        0.85729619075381        1.82038534199218
H           -7.78033913257863        1.79620589100475       -3.24197768290265
H           -9.11068929901416        1.56237805171941       -2.15454518348653
52
 energy: -108.207565578550 gnorm: 0.012302358928 xtb: 6.7.1 (6d44803) iter: 44
C           -2.58388402994241        2.41118317856860       -3.22031694959164
O           -3.63401898160535        2.04659599270633       -2.34780087198296
N           -3.12789880638206        1.57864095630376       -1.16680220135987
C           -3.92217207516586        1.23394608444789       -0.21940571049946
C           -3.21801695758316        0.76531973854856        1.02322884864607
O           -3.77352626958117        0.35253835819077        2.01915804307933
N           -1.87016267822887        0.84660322333573        0.90658551815871
C           -0.96063012813769        0.55119466241279        1.96087993493804
C            0.29831419611141        1.44564052725819        1.97824724843196
O            0.51948778910488        2.60351724765046        2.14465619169695
N            1.09853469491002        0.36250988557106        1.69411111847326
C            2.44021044155907        0.10491578560489        1.81351683191240
C            3.43298921274555        1.14164430922729        1.19620320690575
O            3.17382176416751        1.34287812467834        0.00478199093418
O            4.41452861795212        1.45321595946901        1.87098901376073
C            2.88927952897246       -1.10938395966866        2.17237744621100
C            4.35724392511809       -1.35929682306151        2.36385483044111
S            5.37031469541927       -0.75401016087066        0.95287895613533
C            4.71153394159571       -1.68967765389121       -0.31560890621099
N            4.14464607932446       -2.87424901280885       -0.05857828685996
C            3.82190838003539       -4.02011856901821       -0.16140816759135
O            3.40998193359959       -5.09372908540623       -0.14739291419747
C            3.87621369344802       -3.03116675433895       -2.86809242751709
O            3.41534729488680       -3.97106253340805       -3.35464247865492
N            4.32352034927974       -1.94510167450701       -2.61265240269921
N            4.73490463083549       -1.20901208576200       -1.56515260433037
C            5.09536468386522        0.15161604523722       -1.85708935197317
C            1.98164810271951       -2.28402865733197        2.42876054999086
S            0.31890233655083       -1.82080446849236        3.03855856983928
C            0.03267749698733       -0.60868776973305        1.70723067371556
C           -5.36988433751995        1.27178491127300       -0.25557778858129
C           -6.20607598674620        1.08483925821252        0.81350503930644
S           -7.84909573942067        1.24259522672155        0.34585248275241
C           -7.27967379437944        1.55504256025473       -1.30986925965895
N           -8.15892014651862        1.84709892352968       -2.29722884158163
N           -6.00799833290367        1.53182878576151       -1.43882976328800
H           -1.93911648883936        3.16803582977705       -2.76661875669484
H           -1.98059657655131        1.54169674361359       -3.49610867226897
H           -3.07196662528960        2.81917966513012       -4.10228505421174
H           -1.52453231942863        1.23338074087440        0.03744814709946
H           -1.51131783294772        0.47928760978809        2.90199013087369
H            4.75627614093256       -0.76970098161163        3.19191256573893
H            4.57936670945316       -2.41511253509803        2.51186780266662
H            4.80695507564812        0.36484804725847       -2.88486697286178
H            4.53066758536713        0.82644817033737       -1.17762994990051
H            6.16474597962692        0.31863753630090       -1.72963139793870
H            2.38850066740721       -2.93442636529802        3.20248967031731
H            1.83467692278226       -2.87489423471104        1.51811232479712
H           -0.09142287380311       -1.14330497558855        0.76174935062584
H           -5.93918186778020        0.86360271887434        1.82491405082683
H           -7.78839077355511        1.80429074917658       -3.23441116375817
H           -9.11408024809793        1.56321174445441       -2.16057864407366
52
 energy: -108.207603816882 gnorm: 0.029663508488 xtb: 6.7.1 (6d44803) iter: 45
C           -2.58802897091406        2.41110578190352       -3.22300197210661
O           -3.63734144296740        2.04661787996161       -2.34951998559872
N           -3.12902298764730        1.57677318601545       -1.16999108443590
C           -3.92347420447999        1.23312299246850       -0.22209751034952
C           -3.21871872594598        0.76464099215745        1.01994321605020
O           -3.77220433463901        0.35831822712783        2.01789297537503
N           -1.87003632383762        0.83632134831179        0.90208432128760
C           -0.95918446318869        0.55227700423458        1.95860454243771
C            0.30372190147686        1.44562818056630        1.96721899290879
O            0.52769767965316        2.60811984413204        2.11895138645921
N            1.10028396181318        0.35779378676448        1.68781588560829
C            2.44297660824148        0.09788793193768        1.80873774232247
C            3.43551972317862        1.13329971283408        1.19319686718518
O            3.15849726597827        1.37056827558388        0.00752220928371
O            4.42186282183933        1.43614499940929        1.85949165484410
C            2.89219389441683       -1.11575939629433        2.17123300515223
C            4.36306671139360       -1.36561735064148        2.35915623077434
S            5.38754709361940       -0.77043779448723        0.95412118517606
C            4.73005967288923       -1.70106177638270       -0.31946578018516
N            4.12596456114103       -2.87271370567596       -0.05525913024338
C            3.75533598087410       -3.99832266576654       -0.16582261766247
O            3.41552582708553       -5.08844730203538       -0.14403546905573
C            3.84945029785688       -3.00381838362091       -2.88257211326366
O            3.44078264738551       -3.96516735438160       -3.37190168973919
N            4.31744265178128       -1.93046780024924       -2.62052972247365
N            4.74693555713081       -1.21215142401114       -1.56725975182815
C            5.10882813735151        0.15185804797209       -1.84764203268684
C            1.98272888710028       -2.28400867966218        2.44703400188857
S            0.31938821332155       -1.81148925822725        3.05598404147879
C            0.03149559236304       -0.61274917055218        1.71247006237465
C           -5.37298149486285        1.27108031183357       -0.25555816992444
C           -6.20240758146800        1.08553511566402        0.81720139887146
S           -7.84879858659822        1.22656546749344        0.34539547180552
C           -7.28402015065711        1.54331291704437       -1.31232405466020
N           -8.16620612817612        1.84840709953113       -2.29349684812671
N           -6.01469199613835        1.52502054463827       -1.44215042013803
H           -1.94106050587550        3.16884255606656       -2.77064027733178
H           -1.98339417792520        1.54219111392518       -3.50059212801599
H           -3.07701971538367        2.81823910058972       -4.10500581389169
H           -1.52182347753262        1.21496601291805        0.03133175926439
H           -1.50827815784188        0.49107351641921        2.90268687482918
H            4.76098340485190       -0.77491127901030        3.18348451865751
H            4.58423619329175       -2.41960688811394        2.51496160985638
H            4.85394284059190        0.37048831544468       -2.87466942855343
H            4.52622207233690        0.82322456507313       -1.18994126745228
H            6.16722114740377        0.32488897554694       -1.69378604485967
H            2.39214722214123       -2.92772302119230        3.22431815118880
H            1.82687351197613       -2.88205968825270        1.54287340913280
H           -0.09316693124304       -1.15463535875285        0.77069409464236
H           -5.93369710773596        0.87409728837771        1.83244013006696
H           -7.80265962960141        1.81858277576230       -3.22133779526551
H           -9.12071598582762        1.56415542954437       -2.17096363108501
52
 energy: -108.208238190111 gnorm: 0.008885386627 xtb: 6.7.1 (6d44803) iter: 46
C           -2.58886008959377        2.41110466587448       -3.22381523981834
O           -3.63740820507740        2.04663935708261       -2.34966496598539
N           -3.12919822274506        1.57690533071333       -1.17010626157233
C           -3.92307849910472        1.23301796852137       -0.22206795680024
C           -3.21808125364949        0.76508410532811        1.02030385440725
O           -3.77178876954698        0.35976476272012        2.01971550932849
N           -1.86931762597438        0.83559896290414        0.90067808672618
C           -0.95825753823396        0.55120436309426        1.95678268775179
C            0.30361982886274        1.44452186407492        1.96313233399169
O            0.52626003715114        2.60493988451453        2.11514395018232
N            1.10104223733034        0.35740868531826        1.68572396916351
C            2.44332580119120        0.09904686046727        1.80645908580569
C            3.42927643493371        1.14312247205272        1.19381760515325
O            3.16458725238136        1.35635443181037        0.00449633432482
O            4.42749043818893        1.42648998444181        1.85529071461293
C            2.89264348271205       -1.11387859783564        2.17158247171496
C            4.36194332451963       -1.36557734594093        2.36269492548915
S            5.38076300196128       -0.76818999241769        0.95463470023135
C            4.71968019999593       -1.69492343075171       -0.31924078552771
N            4.12255133294732       -2.86838587629828       -0.05935581536019
C            3.77681267143300       -4.00602450554714       -0.16462478992654
O            3.38940786668850       -5.08562020160682       -0.14805861486429
C            3.84466456916067       -3.00025303434621       -2.88365761395582
O            3.44463811886073       -3.96390821161770       -3.37313179134258
N            4.31759105833084       -1.92741303846246       -2.62035845830954
N            4.74484939640079       -1.20861499461861       -1.56688929723092
C            5.11253714782004        0.15383475553437       -1.84683473531551
C            1.98424536745896       -2.28319466297277        2.44740242126979
S            0.32275658404757       -1.80905100790571        3.05859529080211
C            0.03323825767557       -0.61317558409884        1.71324850662060
C           -5.37216912016590        1.27051459489572       -0.25549826947139
C           -6.20355606344110        1.08327805777471        0.81572601829207
S           -7.85018687983059        1.23127796895676        0.34842479029701
C           -7.28387088009495        1.54500995976544       -1.30937033889159
N           -8.16625594020191        1.84623362763612       -2.29119319655755
N           -6.01358164152041        1.52605468840295       -1.44031199182501
H           -1.94260981500583        3.16853670739479       -2.77153208012759
H           -1.98475363121201        1.54203328948897       -3.50073247133916
H           -3.07813094636077        2.81842854230324       -4.10551111403851
H           -1.52135872734726        1.21446057979759        0.02944658545169
H           -1.50649871913246        0.49067094162557        2.90077967167060
H            4.76029833807630       -0.77438678639883        3.18832662116047
H            4.58165764067372       -2.42089703286672        2.51607039845505
H            4.86194843657138        0.36851809716266       -2.88097552493129
H            4.52584672760680        0.82624459622135       -1.18938763220937
H            6.17401614450199        0.32372693173711       -1.68249357455118
H            2.39254516145169       -2.92481663422413        3.22727005474932
H            1.82912128666130       -2.88455006337170        1.54516486691210
H           -0.09309123939303       -1.15714749083908        0.77329168545756
H           -5.93546450423790        0.87002931561683        1.82933611326248
H           -7.80003383947681        1.81846774960219       -3.22531297555906
H           -9.12180699425137        1.56148538922923       -2.16613275778447
52
 energy: -108.208047915356 gnorm: 0.015917426341 xtb: 6.7.1 (6d44803) iter: 47
C           -2.59178208735905        2.41090440916853       -3.22595790571346
O           -3.63892897186524        2.04618883957336       -2.35054821356607
N           -3.13003720965402        1.57640880671166       -1.17132895912972
C           -3.92279028057109        1.23221442944679       -0.22275012973186
C           -3.21671056907891        0.76550050072104        1.01975961349926
O           -3.76990563520213        0.36493710929631        2.02250642621157
N           -1.86771576831495        0.83100598464035        0.89638349605768
C           -0.95565283207071        0.55027483538415        1.95257521374355
C            0.30639039208186        1.44240169710577        1.95101165917645
O            0.52896781439971        2.60149362881919        2.09770406982040
N            1.10331156559489        0.35373659136943        1.68017576323631
C            2.44521149902527        0.09585580919972        1.80216162565324
C            3.43000452197200        1.13784994845642        1.18522277763035
O            3.16253223031172        1.35355830441974       -0.00100878676734
O            4.43542967196794        1.41491660625265        1.84315753865365
C            2.89324945578036       -1.11491543608142        2.17464649231410
C            4.36138395320162       -1.36815598668344        2.36765619276085
S            5.37450185683261       -0.76538276003746        0.95840699540815
C            4.71401905654932       -1.68936849754039       -0.31688483935353
N            4.11147916507564       -2.85875838264617       -0.05919144384996
C            3.74538882163919       -3.99293771932067       -0.17359583220502
O            3.38860547150933       -5.08608071471988       -0.15781125861221
C            3.88641201518225       -3.01046488344976       -2.88852275704815
O            3.38900344424590       -3.93134201518952       -3.38042662989739
N            4.34121144750171       -1.92940981365190       -2.62106342204889
N            4.74934736389720       -1.20534110164120       -1.56422911623555
C            5.11917214069854        0.15743319091734       -1.84097222937360
C            1.98508115300586       -2.28301234618277        2.45526471686327
S            0.32639145223906       -1.80246437581347        3.06853890459967
C            0.03526255880874       -0.61560730363545        1.71602508293276
C           -5.37164669873885        1.26930065013461       -0.25521413831541
C           -6.20408073958790        1.08024737051108        0.81498496916815
S           -7.85166053314818        1.23399103119092        0.35299654514285
C           -7.28472058662208        1.54570370509528       -1.30520328913061
N           -8.16808184300018        1.84321185723100       -2.28666033061433
N           -6.01365477814667        1.52601940772218       -1.43812078401198
H           -1.94618243428147        3.16834584806340       -2.77429372774060
H           -1.98803528191320        1.54188029954581       -3.50253744665794
H           -3.08195021490361        2.81814260141903       -4.10712400048020
H           -1.51988189981595        1.20740708114204        0.02357044545594
H           -1.50204582349242        0.49508618574352        2.89741737696533
H            4.76021538900664       -0.77652260437199        3.19454191150774
H            4.57967059020607       -2.42479444326585        2.51850157602791
H            4.88872043721299        0.36472874733316       -2.88674070075646
H            4.51648741520681        0.83034576080084       -1.19331281708175
H            6.18068004599583        0.32861225383602       -1.65025258205743
H            2.39289300783946       -2.91904545765212        3.24020318542589
H            1.82919046397661       -2.89144559249083        1.55785879997873
H           -0.09398981571985       -1.16610172108207        0.78060494002262
H           -5.93640948546567        0.86557583528716        1.82700820799388
H           -7.79976671386665        1.82073480656049       -3.22706145921919
H           -9.12458519814900        1.55713802230056       -2.16079072666265
52
 energy: -108.208673688878 gnorm: 0.008534017908 xtb: 6.7.1 (6d44803) iter: 48
C           -2.59465640967116        2.41076149397653       -3.22771150823009
O           -3.64101510747586        2.04572410573701       -2.35153456040506
N           -3.13097183449739        1.57557904234377       -1.17291096120319
C           -3.92311735913617        1.23135522208987       -0.22383380362715
C           -3.21602234639586        0.76537557634661        1.01833134245445
O           -3.76809404326258        0.36984212041146        2.02342188169242
N           -1.86680042296136        0.82521973365682        0.89246165111952
C           -0.95372371647480        0.55030081062980        1.94945987761234
C            0.30989837154639        1.44121177542224        1.94078603045951
O            0.53404015899691        2.60170892572491        2.07959538572530
N            1.10494370264957        0.34963349151438        1.67508927913839
C            2.44700972648501        0.09071279863333        1.79844784979853
C            3.43479366950390        1.12547876420439        1.17682771260960
O            3.15545614085780        1.36410949937208       -0.00390891100148
O            4.44074641638922        1.40524459627629        1.83288515857316
C            2.89394685780616       -1.11856625782652        2.17654091714700
C            4.36272683177395       -1.37240913616529        2.36778418863727
S            5.37718954867008       -0.77103837689096        0.95990581721351
C            4.71370053965480       -1.68949549361755       -0.31760778869876
N            4.09974225505903       -2.85486137258539       -0.06225708711234
C            3.75038312248124       -3.99325537479332       -0.17095291869185
O            3.35453550521164       -5.07294415399831       -0.15904762087034
C            3.85758217204325       -2.98791593356214       -2.89422741085355
O            3.41916607519391       -3.93207829108348       -3.38728630231077
N            4.33196712208147       -1.91656524740732       -2.62314370199072
N            4.75208541798380       -1.20258015580623       -1.56406231428414
C            5.12871099553165        0.16006695392484       -1.83500683679833
C            1.98483255653469       -2.28342482208463        2.46576621874151
S            0.32692578256550       -1.79688884866048        3.07842631430144
C            0.03546412021140       -0.61845393258913        1.71854755695590
C           -5.37237734651976        1.26852786287697       -0.25489780458825
C           -6.20293566230070        1.07943010690120        0.81634279454247
S           -7.85162310117769        1.23013118760075        0.35470054051785
C           -7.28634439705599        1.54341690140741       -1.30412443500535
N           -8.17088216921606        1.84262131555228       -2.28375198491541
N           -6.01579422005534        1.52422575255366       -1.43805474129679
H           -1.94871083676266        3.16867267540612       -2.77679957481607
H           -1.99053976123397        1.54205123390037       -3.50491966406711
H           -3.08564537240645        2.81758443953436       -4.10862938832706
H           -1.51857095993576        1.19786057316863        0.01830652653969
H           -1.49879963732563        0.50159611265150        2.89569704987399
H            4.76208298198261       -0.78097053901934        3.19407737087853
H            4.58011649180024       -2.42890058166496        2.51963900480398
H            4.91593191287490        0.36835564930831       -2.88329780541380
H            4.51726153324766        0.83344330343031       -1.19713873460689
H            6.18660763211793        0.33008291069084       -1.62817011485093
H            2.39365511020338       -2.91477497872653        3.25391115360145
H            1.82640273246293       -2.89708578736221        1.57239853112391
H           -0.09528080468116       -1.17472664326331        0.78659635489355
H           -5.93480276978749        0.86611069562624        1.82886591173529
H           -7.80406573636487        1.82493189722094       -3.22287993873789
H           -9.12713246922513        1.55556939895585       -2.16137550799818
52
 energy: -108.208973251848 gnorm: 0.006470648206 xtb: 6.7.1 (6d44803) iter: 49
C           -2.59990678118315        2.41042273431941       -3.23078455613702
O           -3.64497695739543        2.04448709798580       -2.35342958316091
N           -3.13302715359902        1.57397170075462       -1.17574938202382
C           -3.92400683467332        1.22952360470347       -0.22574104153296
C           -3.21520143961987        0.76491204193528        1.01578748489826
O           -3.76540243155429        0.37856932802385        2.02507644012714
N           -1.86582945509435        0.81457602693736        0.88513189648786
C           -0.95135246254943        0.54940717132402        1.94358254688560
C            0.31382237037967        1.43890786678320        1.92346698351496
O            0.53985285539481        2.60150548641164        2.04913081965769
N            1.10617642834104        0.34317949183520        1.66557089756143
C            2.44851456022735        0.08457033756532        1.78990370819077
C            3.43014909022136        1.12338879773006        1.16944581508324
O            3.15062090540223        1.36785508951005       -0.00934854290627
O            4.45032347161086        1.37997027882435        1.81630302211865
C            2.89582537016471       -1.12206311578226        2.17759913623684
C            4.36525371444788       -1.37800920725491        2.36749373692984
S            5.38590858707517       -0.78194596965555        0.96334806615054
C            4.71759180121215       -1.69125845637540       -0.31752241993128
N            4.08018071558861       -2.84708119601372       -0.06484601156432
C            3.72727920614156       -3.98246501123958       -0.17418057887218
O            3.32438444721441       -5.05785237420749       -0.16472885327002
C            3.84558196183351       -2.96531855735990       -2.90368913077922
O            3.41686784487403       -3.91275007885223       -3.40070703393361
N            4.33352032012789       -1.90232370098353       -2.62622067374372
N            4.76158840706726       -1.19953271522669       -1.56260495187678
C            5.14627197325790        0.16346523070151       -1.82462844411479
C            1.98585881259986       -2.28179128014757        2.48504612009993
S            0.32888664390746       -1.78673570631002        3.09562096633726
C            0.03559319168566       -0.62361944005250        1.72263537854361
C           -5.37371849295524        1.26686369331868       -0.25437474174411
C           -6.20134941534552        1.07748350770489        0.81860960014159
S           -7.85144169994132        1.22460533160429        0.35785381971309
C           -7.28917015848953        1.54024733434816       -1.30196930394450
N           -8.17546239370970        1.84173421386472       -2.27892274991347
N           -6.01935919198130        1.52174796499474       -1.43752543670214
H           -1.95364929765358        3.16914128933552       -2.78094755121271
H           -1.99508842703734        1.54236071744433       -3.50909407758199
H           -3.09237875948074        2.81658888593567       -4.11121729108012
H           -1.51731548720273        1.18143220417822        0.00879656682892
H           -1.49427845804736        0.51189218796792        2.89193981082310
H            4.76482753449135       -0.78843282270150        3.19432517629322
H            4.58001752213654       -2.43459532379145        2.52086582020377
H            4.96222487211464        0.37286994670237       -2.87633536817166
H            4.52053990220050        0.83774247544080       -1.20378833593976
H            6.19723866198291        0.33342924082819       -1.59167876178340
H            2.39643091014362       -2.90492541808484        3.27891178471496
H            1.82315167889562       -2.90524934955213        1.59929012473816
H           -0.09756451751374       -1.19015745753814        0.79694481096096
H           -5.93221431105792        0.86545703091521        1.83169026954457
H           -7.81074055557615        1.83097642945466       -3.21608614007981
H           -9.13105007908258        1.55282344168879       -2.16096884079602
52
 energy: -108.209449712686 gnorm: 0.009320900435 xtb: 6.7.1 (6d44803) iter: 50
C           -2.61132611383966        2.40957340098568       -3.23748511801336
O           -3.65327138338334        2.04139126716458       -2.35738220417906
N           -3.13747481042970        1.57106495917629       -1.18134733892395
C           -3.92534500446042        1.22565341027067       -0.22913507917261
C           -3.21223028989928        0.76507081467135        1.01129226843931
O           -3.75845291731679        0.39915049691655        2.03067954529199
N           -1.86277528183291        0.79274597860884        0.86844327398957
C           -0.94485493641429        0.54701048492126        1.92909920489433
C            0.32350430921737        1.43196135230014        1.88334336161072
O            0.55371079504906        2.59671791687056        1.98308722667948
N            1.11051243025317        0.32760309847535        1.64413113973836
C            2.45314185301848        0.06901577459716        1.77119030216172
C            3.43019902309558        1.10202106606969        1.14323328449178
O            3.13901332296977        1.37813826514342       -0.02524902207309
O            4.46925330527495        1.33412093365121        1.77729594545461
C            2.89907753089407       -1.13046876635405        2.18329247367826
C            4.36849553905184       -1.39134080158943        2.37190407164768
S            5.39392394168383       -0.79649606870886        0.97358434986849
C            4.71751074120312       -1.68763848766653       -0.31385331688734
N            4.03879154782111       -2.82484684547132       -0.06983766449143
C            3.67985781685790       -3.95751695535035       -0.18404427886917
O            3.26037888463823       -5.02676123448234       -0.18260621744627
C            3.83320036837715       -2.92370037072313       -2.91920217002971
O            3.39710817687182       -3.86458192933746       -3.42409928228694
N            4.34281084845828       -1.87419798430698       -2.62883042305120
N            4.77961691127639       -1.18950007752550       -1.55691642113545
C            5.18248064088435        0.17260133250141       -1.80314040943358
C            1.98706721357881       -2.27947794789439        2.52436710665802
S            0.33394764364088       -1.76462704737461        3.13108450089955
C            0.03719229000400       -0.63461470458572        1.73039224542786
C           -5.37540266571193        1.26280010467634       -0.25302501762382
C           -6.19934902896558        1.07129819049204        0.82206532036907
S           -7.85164437478617        1.21832799647362        0.36652102016391
C           -7.29417323751143        1.53659223406576       -1.29497624311962
N           -8.18369351843140        1.83870684092901       -2.26785326616998
N           -6.02488464603977        1.51858096595927       -1.43430071947224
H           -1.96547031504404        3.16981073476327       -2.78962721505128
H           -2.00534409886868        1.54286137616528       -3.51744404974538
H           -3.10709927185142        2.81452888851100       -4.11665761289711
H           -1.51512295314643        1.14851193261912       -0.01292381910367
H           -1.48305158994436        0.53269609502118        2.88127604098595
H            4.76885803912524       -0.80606879461380        3.20163854528033
H            4.57801201448766       -2.44933474203055        2.52371194365084
H            5.05747785345119        0.37934849029546       -2.86586041340289
H            4.52599155066806        0.85023242900707       -1.21655271719755
H            6.22128884714774        0.33985998844968       -1.51286518802361
H            2.40018727241986       -2.88365919786475        3.33212584457689
H            1.81833788431233       -2.92502071063067        1.65525773035329
H           -0.10257424528105       -1.22376822672172        0.81926152888381
H           -5.92858035638970        0.85868223386048        1.83455748617946
H           -7.82049038048887        1.84166578473173       -3.20579772651888
H           -9.13833817569860        1.54527705483048       -2.15454182706593
52
 energy: -108.209990635784 gnorm: 0.009163314318 xtb: 6.7.1 (6d44803) iter: 51
C           -2.62647212787049        2.40804256449084       -3.24613092394432
O           -3.66451929898080        2.03623564784774       -2.36273269019460
N           -3.14380711333736        1.56835447624454       -1.18812388743426
C           -3.92725410118524        1.22136899679484       -0.23272516666132
C           -3.20786185757020        0.76713707037479        1.00611070635511
O           -3.74830235735954        0.42864041282279        2.03864362044638
N           -1.85920225707273        0.76553059113756        0.84606372664780
C           -0.93672314719439        0.54302861133539        1.90840372478242
C            0.33513536650929        1.42058620206122        1.83184315703886
O            0.57119674385469        2.58609871290518        1.90214748763436
N            1.11554670148647        0.30619309061655        1.61526418745064
C            2.45858594264257        0.04809335130820        1.74537140597456
C            3.42990045141796        1.07279521025521        1.10811100462524
O            3.13058436642490        1.38528766549441       -0.04724260786527
O            4.48672275550106        1.28148867665010        1.73026362856566
C            2.90298602014872       -1.14047707349208        2.19127753816820
C            4.37138101400966       -1.40967970385849        2.37920189761251
S            5.40458096039800       -0.81400287212319        0.98996470366877
C            4.71853625014724       -1.68107501606878       -0.30553211821926
N            3.99094614099482       -2.79350074429435       -0.07484414778700
C            3.61790403364025       -3.92101118438369       -0.20070327979045
O            3.18417637164692       -4.98479510423752       -0.21175591255171
C            3.82313163436585       -2.87351588927107       -2.93112480548428
O            3.35850301376432       -3.79671592719429       -3.44564238890941
N            4.35598721869540       -1.83995725994023       -2.62644844002188
N            4.80468287432102       -1.17575613573180       -1.54687095564704
C            5.22960163274251        0.18336798354419       -1.77746228385678
C            1.98809881174837       -2.27473902336788        2.57360415820654
S            0.33964570361754       -1.73633693160587        3.17149005504497
C            0.03900400058399       -0.64832260163173        1.73707186562504
C           -5.37720571075137        1.25752808058980       -0.25096844566342
C           -6.19787691085504        1.06254152405628        0.82624269894661
S           -7.85150688675500        1.21231451314290        0.37748174942374
C           -7.29985548952899        1.53418680546174       -1.28534217729702
N           -8.19264158725623        1.83513186289525       -2.25476860802008
N           -6.03076474938183        1.51633392195853       -1.42889504281237
H           -1.98210154789544        3.17046220248497       -2.80034003724447
H           -2.01866270165229        1.54334249325593       -3.52786171790241
H           -3.12658768768992        2.81125897950793       -4.12368290079513
H           -1.51491935735754        1.10938571860822       -0.04149240156087
H           -1.46951229176969        0.55686467654372        2.86394405206377
H            4.77234468232163       -0.83376714122739        3.21598703531420
H            4.57275846343020       -2.47048152998031        2.52499795202310
H            5.16252834943910        0.38697350294738       -2.84515227835982
H            4.54934159015877        0.86757073223742       -1.22756386387605
H            6.25202770509130        0.34327511079688       -1.43438396191308
H            2.40384155735422       -2.85389789665074        3.39913209324963
H            1.81533925110518       -2.94819285294552        1.72611727839469
H           -0.10929449426702       -1.26537584687257        0.84530785248250
H           -5.92447432752138        0.84635843333531        1.83707636209884
H           -7.83001216589800        1.85025957140337       -3.19395264767994
H           -9.14546243841568        1.53556434171108       -2.14209525036061
52
 energy: -108.210416934580 gnorm: 0.008037806409 xtb: 6.7.1 (6d44803) iter: 52
C           -2.64076476430715        2.40566356111187       -3.25422789268984
O           -3.67532659861666        2.03007406208666       -2.36794525311720
N           -3.15001493665253        1.56705293848814       -1.19383336327633
C           -3.92917316652736        1.21886715788868       -0.23512399916211
C           -3.20346495254774        0.77100115755835        1.00188438839283
O           -3.73774244557759        0.45755549979161        2.04549049600555
N           -1.85674537244643        0.74237445336954        0.82596987462450
C           -0.92981639401740        0.53827601258082        1.88819273727047
C            0.34452557540189        1.40779814536495        1.78772722899345
O            0.58633322375341        2.57221878425893        1.83582533248442
N            1.11944634928900        0.28587924238043        1.58933232540122
C            2.46299264886877        0.02860510872927        1.72198779525889
C            3.42906489947965        1.04808581652228        1.07942389522364
O            3.12879364255605        1.38775996437098       -0.06505459013838
O            4.49407367461767        1.24591544404440        1.69624471261251
C            2.90625921884838       -1.14832019706383        2.19849283057557
C            4.37265773967147       -1.42760005716746        2.38701769090146
S            5.41591023885415       -0.83134862548201        1.00751314483513
C            4.71782241199464       -1.67248944294908       -0.29510759321249
N            3.95447310032475       -2.76295753178461       -0.07820749902841
C            3.56648787212516       -3.88454396390617       -0.21917202435582
O            3.11717619707554       -4.94267714950111       -0.24473501532454
C            3.81511866648526       -2.83108215518862       -2.93373098085211
O            3.31780865821240       -3.73432833408396       -3.45599149802444
N            4.36805379864508       -1.81193547740893       -2.61935355752619
N            4.82898952439831       -1.16352182796193       -1.53605963576174
C            5.27349868030256        0.19074301087072       -1.75818822485606
C            1.98867608141096       -2.26809646983713        2.61465703388646
S            0.34353277286917       -1.71179434390190        3.20016173968850
C            0.04039598156022       -0.65988129059030        1.73914861586375
C           -5.37869215660966        1.25315569160358       -0.24866364678799
C           -6.19735372231209        1.05419392571840        0.83006774490651
S           -7.85100325340579        1.20711240127789        0.38694882142588
C           -7.30448634307089        1.53322019000908       -1.27622299117593
N           -8.19954018807166        1.83314905815004       -2.24396166184418
N           -6.03535133334861        1.51560537643912       -1.42306374502687
H           -1.99843884001913        3.17034381795133       -2.80996185685943
H           -2.03085755017171        1.54303619491938       -3.53722275705399
H           -3.14484902982890        2.80696499968305       -4.13039317999085
H           -1.51788612754506        1.07792964567058       -0.06682409575661
H           -1.45870386932565        0.57478362111133        2.84479084770544
H            4.77398767421308       -0.86414610919180        3.23295516503968
H            4.56469083193901       -2.49184369260485        2.52382177357587
H            5.24283846468142        0.39061348106579       -2.82458267249145
H            4.58499856044201        0.88309183578407       -1.23459676391479
H            6.28260249928596        0.33987516450536       -1.38388208379436
H            2.40587785735033       -2.82416381954586        3.45538572634739
H            1.81610776921838       -2.96522374500059        1.78679274312667
H           -0.11504937090662       -1.29916026784844        0.86501079014703
H           -5.92045801851361        0.83350520852951        1.83886746736340
H           -7.83704833546409        1.85155455993275       -3.18375914756283
H           -9.15042884459313        1.52910996919250       -2.12656419207899
52
 energy: -108.210737571618 gnorm: 0.008170571657 xtb: 6.7.1 (6d44803) iter: 53
C           -2.65689735029693        2.40243352144026       -3.26337035609304
O           -3.68738754097183        2.02256365299996       -2.37378068840258
N           -3.15671475067875        1.56539839499471       -1.20014369150763
C           -3.93129776368986        1.21694335332328       -0.23755642093611
C           -3.19883404659375        0.77601352069575        0.99750695821212
O           -3.72602348765088        0.49039968676206        2.05278805595077
N           -1.85471808072404        0.71753059975208        0.80522233940708
C           -0.92224422047869        0.53287205673389        1.86654579735600
C            0.35476258849966        1.39395218579629        1.74153795493287
O            0.60305484475724        2.55771588831308        1.76502063070118
N            1.12375378596317        0.26414660318141        1.56227591305591
C            2.46794173050209        0.00728200147630        1.69772651438186
C            3.42884718337860        1.02603323763929        1.05390433868151
O            3.12674950113481        1.39203730931887       -0.08066037297947
O            4.50252694750128        1.21132023914919        1.66579470581359
C            2.90929266018608       -1.15699513368930        2.20480643917178
C            4.37312230084926       -1.44819604323292        2.39552961318571
S            5.42833922482178       -0.85346973410560        1.02650403493581
C            4.71172036370870       -1.66050369400509       -0.28498664836156
N            3.91351831387698       -2.72825001544833       -0.08281662349373
C            3.51205573679052       -3.84345500338514       -0.23976368026696
O            3.04307571188228       -4.89349775394382       -0.28066468652320
C            3.80310617571552       -2.78520049102819       -2.93585321216268
O            3.28174810401573       -3.67006579387900       -3.46514227901366
N            4.38143458510224       -1.78291487450917       -2.61270132805346
N            4.85510106033141       -1.15071650415039       -1.52577126431310
C            5.32365579128293        0.19737323132142       -1.73984226518410
C            1.98873824650029       -2.26060149716168        2.65679839911192
S            0.34685391577464       -1.68568684270866        3.22869036766544
C            0.04197032042976       -0.67223663095138        1.74055443310985
C           -5.38061240976397        1.24883219817854       -0.24579313376734
C           -6.19641628552059        1.04481263247549        0.83472825049604
S           -7.85054834189900        1.19792563779816        0.39718018733443
C           -7.30995232245664        1.53019965912798       -1.26616883836019
N           -8.20782791859369        1.83224735627092       -2.23148113328857
N           -6.04106639826357        1.51441347720289       -1.41675952351506
H           -2.01662944354321        3.16966336779742       -2.82073041473540
H           -2.04434308425616        1.54224192157911       -3.54795285998950
H           -3.16533544614446        2.80156041770442       -4.13800823853897
H           -1.52242181361713        1.04349889782499       -0.09377985475164
H           -1.44712204207336        0.59328079630162        2.82409340816316
H            4.77462905143690       -0.89847590121286        3.25076055355899
H            4.55419909907444       -2.51604462450830        2.52304527034237
H            5.33983898187372        0.39056559406274       -2.81104565000097
H            4.62172609075619        0.90034626928880       -1.24809416877088
H            6.32103685084210        0.33361141445949       -1.32272725405580
H            2.40699116729423       -2.79064900341755        3.51399170721751
H            1.81630466366437       -2.98345684491785        1.85091683663245
H           -0.12111168106806       -1.33403416431422        0.88515229955528
H           -5.91461386981077        0.82103004338929        1.84158383208896
H           -7.84682182268843        1.85065766873790       -3.17152145965537
H           -9.15715587716863        1.52554871541454       -2.10826179434831
52
 energy: -108.210990356317 gnorm: 0.010839779709 xtb: 6.7.1 (6d44803) iter: 54
C           -2.67157560510217        2.39818647030152       -3.27224253107056
O           -3.69824232272850        2.01410063366481       -2.37970235641910
N           -3.16258893582570        1.56449806278955       -1.20578820833865
C           -3.93307400676516        1.21691409077859       -0.23936319863099
C           -3.19442173015022        0.78319098877674        0.99402926740677
O           -3.71423359590634        0.52269086084312        2.05829828493036
N           -1.85433392262055        0.69806388839466        0.78833539735475
C           -0.91565209199498        0.52725990335812        1.84626931452915
C            0.36313441719773        1.38008158841657        1.70440409500231
O            0.61728245628419        2.54182303946874        1.71072850833834
N            1.12762941584599        0.24502267122809        1.53997374293889
C            2.47229423642830       -0.01224097422021        1.67897962015978
C            3.43191701867159        1.00851623459763        1.03725051616584
O            3.13250270144630        1.38686772141475       -0.09160588979904
O            4.50307874972960        1.19596178811782        1.65198021244401
C            2.91051069330619       -1.16441359858622        2.21037597775594
C            4.37101404026934       -1.46827046151659        2.40460937832581
S            5.44045042140107       -0.87562710496393        1.04649225269690
C            4.70838198691952       -1.64735166712866       -0.27492654678494
N            3.88698714314686       -2.69491623913250       -0.08567465031260
C            3.46706559353084       -3.80128281303488       -0.26049833216367
O            2.98142950968648       -4.84255885898507       -0.31518689694960
C            3.78962227887417       -2.74654291965847       -2.92879623577889
O            3.24939667837701       -3.61420859508096       -3.46338961732655
N            4.39079169726760       -1.76008392291654       -2.60217143131880
N            4.88074341828758       -1.14083661257220       -1.51528243512340
C            5.36860013451851        0.20009863837455       -1.72735821955222
C            1.98730210133446       -2.25292860252118        2.68761805925462
S            0.34688650814213       -1.66495261335870        3.24299726857528
C            0.04351852447115       -0.68175341162607        1.73712384522670
C           -5.38214502481280        1.24560386219495       -0.24320397154240
C           -6.19558913069586        1.03535850391696        0.83856584254641
S           -7.84968211196402        1.18699416483396        0.40538621358905
C           -7.31451380461169        1.52728111957775       -1.25715646901519
N           -8.21468644907234        1.83345887656463       -2.22078225664316
N           -6.04587989910696        1.51487606160422       -1.41088463478008
H           -2.03349016971575        3.16788944394800       -2.83081601935618
H           -2.05622337064107        1.54043714520303       -3.55824099960956
H           -3.18393274295634        2.79513749666666       -4.14550641362622
H           -1.53035115212561        1.01673151044509       -0.11640599920537
H           -1.43753989262653        0.60506771726022        2.80308761575378
H            4.77166113045799       -0.93288870353562        3.26907869856100
H            4.54083693818544       -2.53942376364635        2.52268405255522
H            5.39961928073496        0.38640144985086       -2.79315608105905
H            4.67654017378552        0.91516337962759       -1.25121032286025
H            6.35800445061568        0.32219764598011       -1.30258421545223
H            2.40498421174585       -2.75977768571059        3.55754108954742
H            1.81815705227202       -2.99554897080708        1.90113003666570
H           -0.12543371705680       -1.35885359683894        0.89746505988709
H           -5.90774579935651        0.80897000082656        1.84332348359582
H           -7.85595882143847        1.84200329326806       -3.16116464349995
H           -9.16304966566574        1.52761386348938       -2.08734825759417
52
 energy: -108.211212146505 gnorm: 0.010600659293 xtb: 6.7.1 (6d44803) iter: 55
C           -2.68734685766249        2.39438960129444       -3.28193610513483
O           -3.70958369310614        2.00598731287992       -2.38609226391286
N           -3.16860824004769        1.56111949427095       -1.21295868042099
C           -3.93502167229030        1.21493007688413       -0.24272140720487
C           -3.19041452549284        0.78923501328225        0.98971032934244
O           -3.70305779904370        0.55846838314021        2.06577262217506
N           -1.85333754303795        0.67432613676038        0.76942438874980
C           -0.90771024620743        0.52264185577725        1.82529353875419
C            0.37396576595956        1.36833164377271        1.65958604900448
O            0.63358163340495        2.53005388012778        1.64149028066449
N            1.13302036871636        0.22564346501910        1.51477627076669
C            2.47776033202017       -0.03290627988248        1.65895744646044
C            3.43632027086102        0.98844309192608        1.01655032758153
O            3.13359641049491        1.38251100322797       -0.10649168241800
O            4.51261297160228        1.16613939625754        1.62929533212516
C            2.91185026382057       -1.17457645760429        2.21662651283597
C            4.37037576891388       -1.48846719800963        2.41290172993415
S            5.45270925329757       -0.89863103718269        1.06547348396331
C            4.70893774028664       -1.63599323349918       -0.26780767050987
N            3.85016924541924       -2.66070834908802       -0.09016252887872
C            3.41338445184428       -3.75848079323185       -0.27809852659243
O            2.89845944794241       -4.78690889038772       -0.34519473512308
C            3.77503023219194       -2.69856660165761       -2.93302048275446
O            3.21181713613689       -3.54808868458817       -3.47687127474745
N            4.40458891314465       -1.73099699770657       -2.59773153505234
N            4.91010154489009       -1.13062105989682       -1.50582135814143
C            5.42032780113684        0.20490240122888       -1.70868793464625
C            1.98591674947861       -2.24809894502300        2.72637627998055
S            0.34812065054252       -1.64029276905584        3.26902221138751
C            0.04569340429125       -0.69333498514552        1.73811082466676
C           -5.38436271003275        1.24137539060982       -0.24096768988451
C           -6.19340675746033        1.02459611793558        0.84276330446109
S           -7.84954107448297        1.17216963729840        0.41520536850589
C           -7.32080879096221        1.52161469595697       -1.24745141102652
N           -8.22483768090547        1.83284332158032       -2.20667699234549
N           -6.05288005200671        1.51326080658031       -1.40574447833740
H           -2.05077732332209        3.16649071164425       -2.84225310723942
H           -2.06929222093589        1.53921749703203       -3.57022779487411
H           -3.20406850318897        2.78949834771387       -4.15346696963209
H           -1.53536713907070        0.97977218962951       -0.14277603022408
H           -1.42432043906624        0.62353203998758        2.78439514355255
H            4.77012716734736       -0.96294211867871        3.28333556859606
H            4.53064931902403       -2.56177823948985        2.52601022451651
H            5.49054128968228        0.38417864001441       -2.77800854811166
H            4.71955054063636        0.93031940581229       -1.25955309944186
H            6.40002179683777        0.31653350746089       -1.25057101112153
H            2.40398480019792       -2.72935247938957        3.61180514432509
H            1.81474768103894       -3.01490976992396        1.96177390856675
H           -0.13017899682620       -1.39126775694793        0.91545207223359
H           -5.90014959416283        0.79738546295239        1.84593155163110
H           -7.87010960431550        1.83959222825570       -3.14816998973926
H           -9.17278248754065        1.52742089001798       -2.06929560727044
52
 energy: -108.211420708605 gnorm: 0.007197027542 xtb: 6.7.1 (6d44803) iter: 56
C           -2.69689300991634        2.39091269554664       -3.28912301824452
O           -3.71591639598158        2.00033674248067       -2.39091852509292
N           -3.17160572328422        1.55917529521278       -1.21792896388463
C           -3.93578043619215        1.21512298525102       -0.24536864171997
C           -3.18785971070173        0.79534776230743        0.98689964020727
O           -3.69525686843744        0.58160293276746        2.06789750755154
N           -1.85402088818219        0.66376257931866        0.76054806890028
C           -0.90291839371322        0.52042625481682        1.81256210096181
C            0.38029815758712        1.36212158316554        1.63716734335478
O            0.64143050664567        2.52264015480659        1.60922824183144
N            1.13742626458630        0.21673693608459        1.50351829102487
C            2.48125480565246       -0.04420172538910        1.65413724331208
C            3.44368862563076        0.97741662753149        1.00972585583064
O            3.13975292520881        1.36340228256128       -0.11498354510833
O            4.51717777962942        1.15682958395206        1.62555407573218
C            2.91044818270976       -1.18141228698084        2.22196975952240
C            4.36803803714394       -1.49984178500669        2.41877162906894
S            5.45515767215208       -0.91115741488340        1.07588437459554
C            4.70553249684856       -1.62538850822795       -0.26505402287263
N            3.83435400187496       -2.63892920931806       -0.09048431924811
C            3.37898944196269       -3.72697717343407       -0.28822681182992
O            2.84968662419423       -4.74576337311311       -0.36052791683722
C            3.76856805388097       -2.67076908796758       -2.93383117662416
O            3.19571975634732       -3.50942947981066       -3.48334893218685
N            4.41352983296243       -1.71598004959092       -2.59611004494828
N            4.92474871111281       -1.12665583674153       -1.50061201219424
C            5.45179939040703        0.20363789044096       -1.69991537809040
C            1.98345274227896       -2.24695555940717        2.74353081158162
S            0.34560829526813       -1.62833283882430        3.27590418088599
C            0.04787428565556       -0.69794565527249        1.73589031536711
C           -5.38551510808139        1.23950787823705       -0.23993079357690
C           -6.19057920535088        1.01644291594549        0.84500105952111
S           -7.84916498439330        1.15943934340965        0.42198572778427
C           -7.32521309032151        1.51748425614036       -1.24055614407406
N           -8.23272446034168        1.83286107299709       -2.19540518663897
N           -6.05797713054176        1.51354617866121       -1.40269558576397
H           -2.06089320690360        3.16451188978355       -2.85103780529199
H           -2.07733912481816        1.53728230403762       -3.57903188201508
H           -3.21650745655412        2.78476993546555       -4.15945619531160
H           -1.53966986033866        0.95908567768594       -0.15640913797860
H           -1.41524353444629        0.63144963684604        2.77288138258509
H            4.76741842621347       -0.97760450283485        3.29027446627959
H            4.52418186826051       -2.57343788438287        2.53051593355893
H            5.54293971561432        0.37717029678404       -2.77335869244307
H            4.74908541321900        0.93726471960994       -1.26398074682978
H            6.42926545670990        0.30689052447478       -1.22407573267124
H            2.40018811917776       -2.71468593121790        3.63540148561015
H            1.81094912250621       -3.02344360772047        1.99102726436277
H           -0.12962474315692       -1.40324903156739        0.92079103819524
H           -5.89344800606298        0.78954890923976        1.84704046658843
H           -7.88298864501122        1.83461855457197       -3.13916281023049
H           -9.18142572871707        1.53081554149957       -2.05529324251044
52
 energy: -108.211705970951 gnorm: 0.009749232257 xtb: 6.7.1 (6d44803) iter: 57
C           -2.70824931284802        2.38559886906066       -3.29898536931363
O           -3.72322513204123        1.99210571520299       -2.39808019108349
N           -3.17507920185087        1.55543831992885       -1.22504715656269
C           -3.93665170078048        1.21519170902458       -0.24940733360230
C           -3.18486113120313        0.80415761578339        0.98355230677682
O           -3.68602404381354        0.61598944645195        2.07217624229251
N           -1.85515520896022        0.65138453299253        0.75007341853740
C           -0.89704216798072        0.51810603156491        1.79675610759367
C            0.38784807187426        1.35567614947610        1.61145909922176
O            0.64947919790460        2.51556737539227        1.57052092900281
N            1.14339693920719        0.20785393705121        1.49190505166852
C            2.48548045177654       -0.05633840696186        1.65084319055281
C            3.45491124545152        0.96444914732703        1.00253517182573
O            3.15284327391863        1.32995645036989       -0.12945212619804
O            4.51755330974397        1.15528342156322        1.62873840110158
C            2.90858007282516       -1.19021677805036        2.22695357465365
C            4.36584206799427       -1.51148256898778        2.42623259624665
S            5.46409019189329       -0.92808745597636        1.09039824009110
C            4.70952748348206       -1.61466522371750       -0.26015773921283
N            3.82482046884106       -2.61568138464604       -0.08730832542319
C            3.33197482603156       -3.68569488223836       -0.30205026816901
O            2.76907185898163       -4.68733771158802       -0.38451697318842
C            3.75794344892420       -2.63380837881759       -2.93486202242259
O            3.17154076489758       -3.45700719093543       -3.49399094006761
N            4.42670047209599       -1.69705029996760       -2.59275707408666
N            4.94772072673602       -1.12473499154127       -1.49192141530270
C            5.49282836908829        0.19912106257865       -1.68705988751548
C            1.98011910379446       -2.24725051395618        2.76081375470264
S            0.34183998596071       -1.61580766116217        3.28134191232351
C            0.05117708930867       -0.70279366450440        1.73237350267971
C           -5.38681033044271        1.23723216968718       -0.23925652250209
C           -6.18631046810975        1.00466015563837        0.84704645437471
S           -7.84839880306677        1.14258948872218        0.43071981295031
C           -7.33098296700634        1.51249772693621       -1.23173322632635
N           -8.24348772136130        1.83119508662106       -2.18030841897513
N           -6.06463488333658        1.51466647500480       -1.39906142888439
H           -2.07307105004436        3.16108396855512       -2.86291162353435
H           -2.08681670053684        1.53403165942192       -3.59113221474507
H           -3.23152469334432        2.77810387120675       -4.16771100497268
H           -1.54427263549254        0.93008306342055       -0.17356673258195
H           -1.40316478264240        0.64093602196331        2.75904587341581
H            4.76393626144752       -0.99038294549856        3.29831756657300
H            4.51769954864413       -2.58503748283014        2.53942541215485
H            5.58757299127913        0.36977247417239       -2.75728636578118
H            4.79923666552985        0.93980442884581       -1.25450950918643
H            6.46911077191763        0.29295229892077       -1.21121181174637
H            2.39417808348723       -2.69895462786008        3.66103297650736
H            1.80505305546294       -3.03525125964362        2.02284939464435
H           -0.12645347300504       -1.41483146210295        0.92410527323124
H           -5.88500548770249        0.77646124079786        1.84734749701664
H           -7.90139386128539        1.82651191682265       -3.12780542524884
H           -9.19346204165297        1.53395406042323       -2.03719165350915
52
 energy: -108.211995007824 gnorm: 0.012961570941 xtb: 6.7.1 (6d44803) iter: 58
C           -2.72086063178551        2.37913505671650       -3.31062398946223
O           -3.73149574004781        1.98226286371659       -2.40690043054231
N           -3.17925962847353        1.55206796498201       -1.23304098388330
C           -3.93783535228557        1.21611493973228       -0.25377024052764
C           -3.18133144715004        0.81685306269734        0.98052292378802
O           -3.67543493301127        0.65921750436202        2.07776884440467
N           -1.85609984377690        0.63829015305351        0.73824668001474
C           -0.89088967581107        0.51558147618352        1.77884785042268
C            0.39567175458582        1.34890569838893        1.58376517897617
O            0.65683702471911        2.50851227396693        1.52714463592015
N            1.15012159101185        0.19914229502256        1.48112641311578
C            2.48971118660691       -0.06821850714853        1.64890837748189
C            3.46791141957907        0.94752967771982        0.99234701881559
O            3.17605328624450        1.27616037996170       -0.15412339249259
O            4.51000732058973        1.16439163761982        1.63654785656158
C            2.90674742727583       -1.20042940558589        2.23253330232267
C            4.36374105643135       -1.52330852800614        2.43751879577878
S            5.47360496603847       -0.95094629165216        1.10655053988506
C            4.70064541734679       -1.60026917190008       -0.25411535644086
N            3.79924834138947       -2.58800377000534       -0.08634599295490
C            3.27289704693869       -3.63672134410455       -0.31706854896294
O            2.69300709691057       -4.62246899456723       -0.40450274858331
C            3.74565001095181       -2.58904071514984       -2.93850571966989
O            3.14572813073861       -3.39430340795988       -3.50881678397413
N            4.44438748246302       -1.67468578684327       -2.59101409997756
N            4.96995875156916       -1.12167841801576       -1.48267016009946
C            5.54294043839722        0.19230921382756       -1.67253160354315
C            1.97635885367543       -2.24932540256680        2.77800084147853
S            0.33708950096869       -1.60502291916649        3.28481883825971
C            0.05493411939810       -0.70776543875355        1.72753608938235
C           -5.38816614349970        1.23479025109822       -0.23832597335932
C           -6.18125696262904        0.99007186473062        0.84942910972591
S           -7.84692320423192        1.12501815659029        0.44188058248924
C           -7.33769099265091        1.50856883985387       -1.22062210313069
N           -8.25627196842163        1.82774062315917       -2.16188264614330
N           -6.07219919329444        1.51755160862090       -1.39375431597378
H           -2.08699491094656        3.15693076241654       -2.87686019589580
H           -2.09723857964493        1.52996598473699       -3.60507337289313
H           -3.24829988395669        2.77000624771911       -4.17762383248780
H           -1.54784887326878        0.89534537872223       -0.19259622797570
H           -1.38969014776412        0.65118092144684        2.74327555770934
H            4.76111361006192       -1.00006547873239        3.30934556959929
H            4.51158169802877       -2.59716056006360        2.55450271736681
H            5.64076863870322        0.36454750585074       -2.73863853867773
H            4.86198887883105        0.94225425334146       -1.24069209301044
H            6.51852294608533        0.26832402881291       -1.19842951246329
H            2.38640527150717       -2.68469149915377        3.68812976108388
H            1.79972638741025       -3.04985173915631        2.05484833454378
H           -0.12071905887354       -1.42546513520021        0.92414074017167
H           -5.87639954983670        0.75723997814866        1.84734780992321
H           -7.92330552133725        1.81937777929673       -3.11375046935837
H           -9.20714841176868        1.53403513117730       -2.01552403674055
52
 energy: -108.212340191320 gnorm: 0.017656764949 xtb: 6.7.1 (6d44803) iter: 59
C           -2.73495511846459        2.37099382608428       -3.32378472720585
O           -3.74114037640257        1.97090393364818       -2.41683477354969
N           -3.18428604783496        1.55067250486450       -1.24100696713084
C           -3.93925086713980        1.21814111488855       -0.25782575748027
C           -3.17685562446468        0.83157813830365        0.97714179095229
O           -3.66274105423258        0.70335688484176        2.08095462747672
N           -1.85669892523995        0.62521193556485        0.72576165209556
C           -0.88491028466202        0.51279594618745        1.76016610272385
C            0.40309484219796        1.34183372929134        1.55484162331377
O            0.66322909776002        2.50097159811755        1.48020940242546
N            1.15705477708807        0.19064951317231        1.47219500664884
C            2.49394714773666       -0.07854951233974        1.64831528519270
C            3.48056842871252        0.92844485075811        0.97936293337401
O            3.20826226193203        1.20250965902643       -0.18852133788927
O            4.49600123126150        1.18438973282087        1.64559997871723
C            2.90657123879439       -1.20941732132856        2.23886376820468
C            4.36328343881839       -1.53170724461240        2.45153982319374
S            5.48430634157713       -0.97150491284424        1.12378441773568
C            4.69268991136396       -1.58565380519855       -0.24481437197331
N            3.78583820611778       -2.56383612095730       -0.08096479726774
C            3.20310233230351       -3.58065235268505       -0.34203497029653
O            2.57426826622337       -4.54101487826439       -0.44876210560326
C            3.73992202291001       -2.54373564697760       -2.93898052240797
O            3.12426535610179       -3.32823850146105       -3.52037501843654
N            4.46509503475007       -1.65304360398712       -2.58626190345706
N            4.99072670053995       -1.11890156861122       -1.47013337704919
C            5.59595320973084        0.18261847984706       -1.65440760676500
C            1.97415581716473       -2.25066726687845        2.79496483249104
S            0.33301830806514       -1.59689158495524        3.28642862205479
C            0.05893084140628       -0.71257228925828        1.72221685632532
C           -5.38949214286562        1.23159643552768       -0.23676955521192
C           -6.17589295428705        0.97349889793562        0.85263277270846
S           -7.84464364091791        1.10655773867119        0.45514571279809
C           -7.34502192174772        1.50518547519411       -1.20739107089737
N           -8.27033140982994        1.82239473343193       -2.14111738826150
N           -6.08029417418051        1.52093500132814       -1.38646041240453
H           -2.10289170737947        3.15168214956616       -2.89287419051020
H           -2.10889058516808        1.52427373971616       -3.61991232103790
H           -3.26689809328690        2.75933647072665       -4.18929915341683
H           -1.55060923131562        0.85936178080729       -0.21123838049361
H           -1.37631166765099        0.66141522946369        2.72616549506136
H            4.75848895695131       -1.00361234946265        3.32307345129359
H            4.50846880954930       -2.60587104995377        2.57532891969988
H            5.70309407288570        0.35746563644478       -2.71957663699460
H            4.92744496583620        0.94442733751490       -1.22326444484848
H            6.57100211542477        0.23330727964533       -1.17629160394851
H            2.37962225482629       -2.67150586295070        3.71426573449800
H            1.79851364817942       -3.06254154251629        2.08520706918297
H           -0.11307244868988       -1.43499899975764        0.92204496185924
H           -5.86793626243089        0.73369648785544        1.84781178690691
H           -7.94670128383448        1.81528134344726       -3.09695933696812
H           -9.22109481419244        1.52942983024864       -1.99087889542980
52
 energy: -108.212624744349 gnorm: 0.024396387114 xtb: 6.7.1 (6d44803) iter: 60
C           -2.74109704929311        2.36498985353322       -3.33153949647424
O           -3.74579012678128        1.96417739680981       -2.42311243559545
N           -3.18681200872814        1.55274822464839       -1.24475181903075
C           -3.93980741342412        1.22130236236071       -0.25963410419615
C           -3.17414360411727        0.84061451205927        0.97479285762819
O           -3.65566679231346        0.72570192914086        2.07890447462217
N           -1.85721723272062        0.62310262050810        0.72194381882889
C           -0.88437878066419        0.51288363338511        1.75426181897748
C            0.40387284552793        1.34117030785376        1.54723416618094
O            0.66205803616117        2.50019757131754        1.46203429242781
N            1.15926417774886        0.19114362194347        1.47792647490091
C            2.49414589396383       -0.07737958389019        1.65676094908098
C            3.48760628714754        0.91584289537255        0.97428983526575
O            3.24572297965920        1.11759835752588       -0.22149337168349
O            4.47498151989202        1.22148465801338        1.65968991382916
C            2.90669702637519       -1.21128787520555        2.24260146034631
C            4.36333807498838       -1.52757855039980        2.46132505827339
S            5.48438988512483       -0.97894469174272        1.12698298308214
C            4.68161542052540       -1.57866606690817       -0.24335845959427
N            3.77514351554104       -2.55531632374286       -0.08399994219963
C            3.17442298703813       -3.55063811530801       -0.35581056576525
O            2.51777715721314       -4.49395658978986       -0.46805647804948
C            3.74010342472689       -2.52190544829777       -2.94168602260524
O            3.11214722575447       -3.29212593989874       -3.52842875682721
N            4.47586981250713       -1.64473173119379       -2.58623287343139
N            4.99322543046695       -1.11827109259752       -1.46517818934762
C            5.62316686945341        0.17159186225510       -1.64269900693332
C            1.97261651996812       -2.25285424423738        2.79448483429706
S            0.32885161033507       -1.60443112587337        3.27996997122634
C            0.05971565023915       -0.71243385881573        1.71971197767976
C           -5.38952555541182        1.23051459501508       -0.23570897719032
C           -6.17241532259282        0.96434220788535        0.85453984172595
S           -7.84174734665814        1.09695029467107        0.46311513209411
C           -7.34858378809779        1.50509323320627       -1.19927541431831
N           -8.27799854457466        1.81754984681363       -2.12906565376883
N           -6.08412333281484        1.52450839158815       -1.38067918619076
H           -2.11032872174696        3.14734170870934       -2.90220487810398
H           -2.11392960975616        1.51912131271356       -3.62733898084493
H           -3.27477860867255        2.75132572454256       -4.19695904614191
H           -1.54979160792307        0.84324573802861       -0.21582270666326
H           -1.37303413596820        0.66469174671967        2.72015848937146
H            4.75629984879925       -0.98772897626326        3.32841147485172
H            4.51218424355335       -2.60055236727625        2.59793171079590
H            5.72731828850123        0.35520544376919       -2.70738215973409
H            4.96756165283323        0.93809016912796       -1.19822117511489
H            6.60080305418149        0.19666776200895       -1.16621218941288
H            2.37449769890747       -2.67599901241566        3.71326965224273
H            1.80196596621805       -3.06294913731305        2.08333064001175
H           -0.10618714070464       -1.43104114895923        0.91372711364887
H           -5.86449879419194        0.71697859782529        1.84794332617143
H           -7.95873745828882        1.82322753918003       -3.08575834994394
H           -9.22677112791736        1.51938876153840       -1.97745102840096
52
 energy: -108.213123954443 gnorm: 0.020500002036 xtb: 6.7.1 (6d44803) iter: 61
C           -2.75265775180813        2.35842791555946       -3.34047056021362
O           -3.75536380473019        1.95521329628698       -2.42976482303951
N           -3.19241249691364        1.55269313429018       -1.25021749494909
C           -3.94156535288708        1.22128289525386       -0.26164484153847
C           -3.17045548988859        0.84779212682011        0.97102583433374
O           -3.64607884930866        0.76139499935923        2.08428066181963
N           -1.85647467880940        0.60809034214098        0.70842623657104
C           -0.88245545945472        0.51108756023540        1.74267376417677
C            0.40700982975740        1.33493749805832        1.52055702962312
O            0.66868135498525        2.49302970503283        1.41305196178327
N            1.16025831270250        0.18141809745454        1.47263008225655
C            2.49506849413246       -0.08416374696928        1.65131248621848
C            3.48857763353519        0.89244237116270        0.95781907246316
O            3.27896235886663        1.04045889109367       -0.25528906437651
O            4.45967602535785        1.23867614317310        1.64756465868654
C            2.90982432874043       -1.21295596693698        2.24876566169787
C            4.36457102830407       -1.52866589358120        2.47189723708185
S            5.48881862719962       -0.98631803384827        1.13587022398227
C            4.67750773221595       -1.57090420589324       -0.23730781800233
N            3.75760743179013       -2.53761299525977       -0.08718150380281
C            3.11306713896270       -3.50541013670472       -0.38565936463069
O            2.45892350544564       -4.44156844504611       -0.51181896683591
C            3.72616194352649       -2.48521837589500       -2.94540348250908
O            3.07687007248965       -3.23605938313965       -3.53828555783261
N            4.48632237300166       -1.62711628094576       -2.58060605589027
N            5.00790256571750       -1.11155077634236       -1.45626130374604
C            5.66692679517569        0.16501544837934       -1.62147340084016
C            1.97269471751784       -2.24871530188662        2.81366385348016
S            0.32856929047973       -1.60252973389377        3.29146533551202
C            0.05870527531860       -0.71812525276460        1.72159287810964
C           -5.39044895464103        1.22715565312159       -0.23306955751257
C           -6.17083483349121        0.95558680235274        0.85883702496968
S           -7.83898112409573        1.08658334129578        0.47253123382379
C           -7.35305109106603        1.50277149031842       -1.18964750724786
N           -8.28576414445960        1.81334564463302       -2.11726924396496
N           -6.08871358939023        1.52481214976854       -1.37287379750132
H           -2.12402990729384        3.14289945769569       -2.91216064825239
H           -2.12348285546452        1.51396805533245       -3.63600068460223
H           -3.28873133160389        2.74223114173036       -4.20563879419076
H           -1.55090748506020        0.81435015503908       -0.23258618425722
H           -1.37004610375765        0.67752382935219        2.70799485936963
H            4.75431278318889       -0.98499404507515        3.33897955112465
H            4.51393527869131       -2.60146205432830        2.61687312478563
H            5.79154021685111        0.35378688867456       -2.68731261307304
H            5.01220628327221        0.93732935415089       -1.17963782593034
H            6.63802409637417        0.16288446572173       -1.12270210625354
H            2.37415330230400       -2.66616920071794        3.73755939137929
H            1.80969383804389       -3.06782210912508        2.10649997223311
H           -0.10738101937932       -1.44484326510458        0.91924800530488
H           -5.86061018436785        0.70082986739848        1.85022646462936
H           -7.96628508020820        1.84063100903011       -3.07172193023636
H           -9.22984204587951        1.50355647348330       -1.96206047418692
52
 energy: -108.213249959836 gnorm: 0.018573615253 xtb: 6.7.1 (6d44803) iter: 62
C           -2.75683345437215        2.35653103450265       -3.34250374185131
O           -3.75902803036159        1.95469072652617       -2.42986094157640
N           -3.19435094827406        1.55226674517943       -1.25181036394572
C           -3.94211531299914        1.21969332764164       -0.26240167751475
C           -3.17029995765736        0.84840617281559        0.96981446043541
O           -3.64433390005414        0.76346475361703        2.08412788864205
N           -1.85680000812198        0.60429126937463        0.70458200508413
C           -0.88333688066139        0.51084250088550        1.74148789136468
C            0.40667383831921        1.33166638472695        1.51270654625360
O            0.67308696756068        2.48705820447531        1.39931919945677
N            1.15752526676380        0.17641410769744        1.47018027260414
C            2.49397250449383       -0.08809020654236        1.64581969822210
C            3.48257866239885        0.88152671398812        0.95315811108154
O            3.27527686997758        1.03196258367654       -0.25220329371675
O            4.46079964063692        1.23174701843453        1.62461212145429
C            2.91071034279216       -1.21102668563936        2.25201605180030
C            4.36421865922771       -1.52963006482415        2.47131760594616
S            5.49145059848318       -0.98723277554704        1.13695484797273
C            4.68341152079871       -1.57179533240399       -0.23958748146362
N            3.74442144187636       -2.52946397206848       -0.09600958999614
C            3.11197856134082       -3.49714511615178       -0.39132421933814
O            2.45444500507596       -4.43179909881175       -0.51950292679727
C            3.71668767217354       -2.47587856403333       -2.94678432646045
O            3.07085209660323       -3.22760635954134       -3.53558668242061
N            4.48257153619979       -1.62157783237368       -2.57907042202171
N            5.01578307181299       -1.10706854055975       -1.45744706535439
C            5.68135897724448        0.16531962690575       -1.61412215769704
C            1.97341523360009       -2.24528048619998        2.82251811576562
S            0.32997223705774       -1.60070935766949        3.30009484343487
C            0.05567537405066       -0.71989203956043        1.72528213349560
C           -5.39084548632848        1.22517901723515       -0.23232187278586
C           -6.17172958222580        0.95575563610571        0.86053330772507
S           -7.83874447890932        1.08410089444811        0.47397686890675
C           -7.35390826224628        1.49918320182534       -1.18820162216225
N           -8.28647132333922        1.81533034038607       -2.11633625164216
N           -6.08957695958866        1.52157739206778       -1.37173230589855
H           -2.12767440505751        3.14100765643617       -2.91485056496075
H           -2.12815883112828        1.51124910729005       -3.63702754661540
H           -3.29308072951678        2.73924176403224       -4.20796318372798
H           -1.55337840405124        0.81308737080211       -0.23762977764920
H           -1.37415938065333        0.68241177637574        2.70492914697826
H            4.75545621680733       -0.98906474209305        3.33768882860247
H            4.51290080636795       -2.60187436544623        2.61558440091031
H            5.81606167835296        0.35394502891055       -2.67893346398038
H            5.01982443703383        0.93660537419965       -1.17646643744597
H            6.64549404701462        0.16092483796049       -1.10465387169614
H            2.37729427216342       -2.66053289895207        3.74866541616899
H            1.81403473836024       -3.06822644939381        2.11469223193202
H           -0.11519907681364       -1.45075474038966        0.92769929545348
H           -5.85806163318622        0.70401470542543        1.85176477103540
H           -7.96224332128973        1.85699912248773       -3.06791395447902
H           -9.22760290776307        1.49815623170730       -1.95999931752916
52
 energy: -108.212867058343 gnorm: 0.031295171414 xtb: 6.7.1 (6d44803) iter: 63
C           -2.76416183067099        2.35284739348468       -3.34534080978269
O           -3.76442940333013        1.95260882212701       -2.42919412455511
N           -3.19624650196064        1.55065231040011       -1.25336837150800
C           -3.94186431366584        1.21706513290708       -0.26261111929976
C           -3.16892631492921        0.84784587593135        0.96857866660932
O           -3.64059814567246        0.76272396582703        2.08304187379931
N           -1.85656705779281        0.60066980076816        0.70161560388857
C           -0.88379086107853        0.51134679542336        1.74116790608726
C            0.40676640365755        1.32850887925218        1.50299431136487
O            0.67901915182902        2.48119922098017        1.37878296737379
N            1.15455286181980        0.17070321203395        1.46936333281200
C            2.49256951650661       -0.09267993617877        1.64330918734778
C            3.47529653769517        0.86826027204836        0.94761731725791
O            3.26993739124575        1.01736836960527       -0.25161474486438
O            4.46147220571251        1.22583423615892        1.59920619158049
C            2.91098588639874       -1.20883228869893        2.25930330626456
C            4.36385723586132       -1.52958643334655        2.47133228602154
S            5.49118495355373       -0.98182686985282        1.13869764157034
C            4.69232888005829       -1.57199085261119       -0.23948953440638
N            3.75068576393004       -2.52506916844089       -0.09540303421118
C            3.09847322406098       -3.48286994184997       -0.40112103858487
O            2.44374908272196       -4.41796370770249       -0.53788723083008
C            3.72567360916067       -2.47226366881575       -2.94963802082349
O            3.04506863274956       -3.20803387017527       -3.53695397875553
N            4.48247614578271       -1.61795513442120       -2.57623535142975
N            5.02091498312883       -1.10267895792104       -1.45657063504539
C            5.69548645463844        0.16414510204830       -1.60501971202331
C            1.97342769180637       -2.24174615833832        2.83251899107136
S            0.33084074851131       -1.59866392062066        3.31012787598741
C            0.05213627850220       -0.72113951242117        1.73118615659974
C           -5.39041876052604        1.22243689131612       -0.23113228347798
C           -6.17220131389240        0.95511707249015        0.86229619572165
S           -7.83798802648706        1.08068115681443        0.47475628244460
C           -7.35341142175708        1.49514615821349       -1.18695584375393
N           -8.28525762973864        1.81861397103132       -2.11557649320850
N           -6.08913356303948        1.51771492848690       -1.37059197134187
H           -2.13385671793903        3.13712114994365       -2.91897461380179
H           -2.13669174045431        1.50652006172324       -3.63966248814653
H           -3.30191159015118        2.73469359965639       -4.21016893874148
H           -1.55567471871167        0.81282371513735       -0.24182756388254
H           -1.37807569273684        0.68973133280417        2.70220002614459
H            4.75789022557849       -0.99281380413915        3.33660063988639
H            4.51310211083518       -2.60118072792936        2.61235954252944
H            5.84050021147645        0.35341962183601       -2.66690674419890
H            5.03218410683223        0.93721639183773       -1.17145467698251
H            6.65179191819491        0.15482516348513       -1.08672567555348
H            2.37914959738641       -2.65715355922225        3.75831851108749
H            1.81681029702756       -3.06496774350971        2.12261159826364
H           -0.12420610497322       -1.45621715677868        0.93958523224949
H           -5.85478104223918        0.70710391946615        1.85338082347079
H           -7.95496882179321        1.87785796784879       -3.06375621125365
H           -9.22317153313372        1.49283192182840       -1.95949025697140
52
 energy: -108.213721998770 gnorm: 0.017837440466 xtb: 6.7.1 (6d44803) iter: 64
C           -2.76682895843160        2.34757588867634       -3.35174401777942
O           -3.76565561301196        1.94785283493691       -2.43449657622616
N           -3.19695151669866        1.54914521348870       -1.25749260943695
C           -3.94242723098286        1.21991622306324       -0.26550479108176
C           -3.16919569132617        0.85724719385287        0.96773276169634
O           -3.63799799159659        0.78386556333386        2.08225103780930
N           -1.86005510662536        0.60289731990831        0.70315812006510
C           -0.88386818896626        0.51164282190264        1.73767923333005
C            0.40638230491151        1.32970422170552        1.50517749366645
O            0.67472246888396        2.48211219635776        1.37839132177682
N            1.15699207703239        0.17561033891542        1.47785792636939
C            2.49255960123522       -0.09006726928988        1.65710547018099
C            3.48527420659615        0.86474166009614        0.95205816814385
O            3.29382985813531        0.95059207398765       -0.27106028551749
O            4.44633147431034        1.26169725282409        1.62089980409593
C            2.90782449465392       -1.21125194295854        2.26166165948280
C            4.36192102442432       -1.52573717564942        2.47823445904858
S            5.49444714411755       -0.98940476329079        1.14354818786701
C            4.68759260896642       -1.56416850772936       -0.23895624094521
N            3.75790588437309       -2.52071161757765       -0.09163120451149
C            3.07616662727483       -3.45600131425403       -0.41166445439220
O            2.39291722292261       -4.37257450698103       -0.55528782382409
C            3.71443475748912       -2.45421273769472       -2.94888981738303
O            3.05692024120351       -3.19180835202723       -3.53995201361252
N            4.49124990273718       -1.61513710183252       -2.57639777952528
N            5.02846746371673       -1.10817081225881       -1.45321538730409
C            5.71867307959052        0.15010027942025       -1.60073113440288
C            1.97109780062720       -2.24743650384386        2.82357217529587
S            0.32528228867364       -1.60575557580623        3.29722966387353
C            0.05382909354902       -0.71861783081939        1.72724103054654
C           -5.39125961865827        1.22307772645125       -0.23149472108463
C           -6.16822060656478        0.94676854729530        0.86261443739638
S           -7.83711844835449        1.06807356117802        0.48072705142810
C           -7.35780169966341        1.49243415389197       -1.18092421337870
N           -8.29417517246208        1.81627441729682       -2.10367452644361
N           -6.09430835010077        1.52107647345899       -1.36844916458860
H           -2.13635021619331        3.13288103877366       -2.92737275760232
H           -2.13890207981146        1.50162998317209       -3.64620482239275
H           -3.30548973711730        2.72814318130252       -4.21651573415950
H           -1.55816340831326        0.80124701862967       -0.24302410081742
H           -1.37487010302443        0.68796494367211        2.69921542185255
H            4.75539939945733       -0.97854720885344        3.33731573155653
H            4.51416291634941       -2.59533784773183        2.62882959365168
H            5.84665926061735        0.34364541522388       -2.66071996451855
H            5.06958463676148        0.92667734137673       -1.15107476327714
H            6.68131343747998        0.12960883214672       -1.09923694760387
H            2.37293865668084       -2.66349828216921        3.74859581214634
H            1.81420761376248       -3.06664978857431        2.11315695282222
H           -0.11653934123230       -1.44537655487437        0.92885387282539
H           -5.84894970326849        0.69700249937231        1.85238446041554
H           -7.97095450867407        1.87592252738191       -3.05489558248628
H           -9.23300525546682        1.49333795106378       -1.94759941304737
52
 energy: -108.213744575904 gnorm: 0.036809585180 xtb: 6.7.1 (6d44803) iter: 65
C           -2.78087211707047        2.33924487812065       -3.36369618280488
O           -3.77494450651586        1.93676930269944       -2.44303826800701
N           -3.20216736202512        1.54430165416426       -1.26530262676940
C           -3.94485463385820        1.22162933595815       -0.26910727207471
C           -3.16727295983795        0.86845047227421        0.96474154264386
O           -3.62942421092750        0.83341859107218        2.09086298713945
N           -1.86289328222589        0.58512727579905        0.69161073027383
C           -0.87895656433957        0.50793383606045        1.72042207950598
C            0.41237858505465        1.32152635119753        1.47537164126842
O            0.68069656762744        2.47406894316354        1.32529570436395
N            1.16191688097704        0.16533384544949        1.46838811203301
C            2.49520861692446       -0.10305426932263        1.65656255947007
C            3.49386061190341        0.84581480310069        0.93818756335376
O            3.30942116210489        0.88955837334412       -0.29634936174786
O            4.43719536224135        1.27050266626982        1.61749773337771
C            2.90439321172170       -1.22086708306911        2.27170154047243
C            4.35837154987900       -1.53891250974125        2.49220008752581
S            5.50081943801102       -1.01448394786953        1.16100154078319
C            4.67237282948430       -1.54509986435358       -0.23431150714177
N            3.72455925978697       -2.48590076301126       -0.09504462968840
C            3.03696880400602       -3.40517554838352       -0.42362066731202
O            2.31890121267077       -4.29924859448167       -0.57327939887846
C            3.70781586694732       -2.40444326804191       -2.95649877498880
O            3.02168577187502       -3.11660111299367       -3.56059558186263
N            4.51634925766108       -1.59221156749129       -2.57659404431341
N            5.05561408173858       -1.10529305808970       -1.44590542988443
C            5.77821559856138        0.14048176940923       -1.58831350190438
C            1.96623634241993       -2.24940972896155        2.84318001781362
S            0.32002249844024       -1.59321402622811        3.30522261622567
C            0.05640861809829       -0.72465235944401        1.72602947658398
C           -5.39399957517826        1.22278257975291       -0.22953973933390
C           -6.16408429934602        0.93268281745886        0.86562163069622
S           -7.83707722888221        1.04980019763676        0.49249503201494
C           -7.36592838777620        1.48979182706886       -1.16848061940497
N           -8.30820558238147        1.81541869881594       -2.08346411101794
N           -6.10358808574208        1.52500057181930       -1.36278564407798
H           -2.15131697523506        3.12747822775074       -2.94305092660145
H           -2.15081693342692        1.49551870937427       -3.66017573962861
H           -3.32410788102021        2.71743376294721       -4.22674806522582
H           -1.56510720581274        0.76477335874533       -0.26097904533066
H           -1.36325850791040        0.69987886356774        2.68343291385478
H            4.75295725192768       -0.99262558033690        3.35248744271066
H            4.50394723355730       -2.60975469271481        2.64284914508351
H            5.92269022439397        0.33619130057568       -2.64745288948530
H            5.14446182822912        0.93020206208779       -1.14443105092964
H            6.73947682717762        0.09531361495727       -1.07578752017943
H            2.36375770875807       -2.65124379465796        3.77489137971051
H            1.80591590689132       -3.07764664964225        2.14673431945539
H           -0.11319065535953       -1.45981787969043        0.93535609943276
H           -5.83916064492551        0.67841829184548        1.85242232042175
H           -7.99326696509019        1.86859747011306       -3.03778179162887
H           -9.24812554419471        1.49621284586559       -1.92495082599180
52
 energy: -108.214240642585 gnorm: 0.021688681469 xtb: 6.7.1 (6d44803) iter: 66
C           -2.78179256870248        2.33534551894364       -3.36468125841385
O           -3.77519175927324        1.93671779116410       -2.44200632523122
N           -3.20237940519770        1.54480155342997       -1.26413664423534
C           -3.94569451704642        1.22448827844245       -0.26787055956458
C           -3.16968009613992        0.86738278000754        0.96494725668289
O           -3.63291931685724        0.82752737037299        2.08675042519526
N           -1.86582402589026        0.58749097051855        0.69763545731392
C           -0.88269477628145        0.50843276473162        1.72654490870045
C            0.40750355445215        1.32296628425301        1.48257523482951
O            0.67537183516093        2.47504786428588        1.32531614804120
N            1.15802518152483        0.16918404475284        1.47827446877185
C            2.49101845903587       -0.09905577673809        1.66508163558004
C            3.48748923212622        0.84159086378534        0.93726297562715
O            3.30340817997675        0.86023286174384       -0.29734690775254
O            4.42904320619512        1.28140329085304        1.60396732271860
C            2.90141553044319       -1.21919227482439        2.27535904422344
C            4.35728673465192       -1.53313158207736        2.49314870509806
S            5.49491474164881       -1.00749294193619        1.15726457313970
C            4.66721540886881       -1.53884292446312       -0.23824398339173
N            3.73161260414306       -2.48391375973065       -0.09297015976533
C            3.03512186249727       -3.39247173371120       -0.42616208343974
O            2.33881237262592       -4.28866797216210       -0.57500825424471
C            3.72235800258764       -2.40572306539916       -2.96094535186657
O            3.04505226183928       -3.12039819267417       -3.56181143791827
N            4.52077593228015       -1.59564732717622       -2.58004774803754
N            5.05272985124160       -1.10711489407841       -1.44994765801590
C            5.78357699989975        0.13131662239010       -1.59168435240354
C            1.96323117975961       -2.25338524531390        2.83760070086042
S            0.31745507679507       -1.59795800353034        3.30752613899536
C            0.05358368316615       -0.72277693663301        1.73175694341641
C           -5.39489905927000        1.22633170973612       -0.22866493489148
C           -6.16406629847852        0.93316352766362        0.86555567059073
S           -7.83776248372310        1.05033420589975        0.49319526716734
C           -7.36683686449581        1.49285040356861       -1.16673601073767
N           -8.30931369495983        1.81953639818298       -2.08003301758392
N           -6.10496554934587        1.52814138792377       -1.36236802488900
H           -2.15040636129555        3.12396998291057       -2.94734732590519
H           -2.15347426508249        1.48997872552876       -3.65997942985001
H           -3.32562011354150        2.71215339559656       -4.22786152914166
H           -1.56792597845245        0.77416724432627       -0.25076764496547
H           -1.36843271804327        0.69948926459647        2.68835241608757
H            4.75421299475988       -0.98463214249683        3.35214298134646
H            4.50437702568635       -2.60391470888637        2.64360273541564
H            5.92955054180111        0.33364580696814       -2.65055465316058
H            5.16511568937798        0.92480114223435       -1.13950966441970
H            6.74603661035841        0.07163225735326       -1.08042810525142
H            2.35910784289594       -2.66419025576654        3.76403519780317
H            1.79870742149255       -3.07372821097137        2.13434338921288
H           -0.11578303129513       -1.45636474364646        0.93912964123917
H           -5.83704552961124        0.67801313267846        1.85129062267804
H           -7.99257426590496        1.87887395860008       -3.03262426424195
H           -9.24882833841614        1.49759228871308       -1.92564153141616
52
 energy: -108.214434806118 gnorm: 0.050391566463 xtb: 6.7.1 (6d44803) iter: 67
C           -2.79897253486961        2.32251847717365       -3.37646471319078
O           -3.78742578546601        1.92833701897593       -2.44603603213828
N           -3.20826605491735        1.54511613925900       -1.26864560822461
C           -3.94759747648997        1.22490215350163       -0.26937203185143
C           -3.16764095520904        0.87536723053857        0.96175312950242
O           -3.62322320209128        0.83454356161591        2.07719265170345
N           -1.86869972126580        0.57916164153959        0.69157248839537
C           -0.88295407908894        0.50739959301282        1.71906678062205
C            0.40827889884264        1.31431347554018        1.45913209293071
O            0.68142962321460        2.45840707499356        1.28458486976911
N            1.15578196493284        0.15975339800066        1.47486466537932
C            2.48927694226477       -0.10798620402289        1.66267636311299
C            3.48137557814398        0.80994198183904        0.91903300339652
O            3.30639023228642        0.78936793436329       -0.31198500434974
O            4.42436219848228        1.27872213794471        1.55683808626361
C            2.90096783373738       -1.22051985873312        2.28567657848126
C            4.35664852489542       -1.53441787634532        2.49917041791072
S            5.50094131434257       -1.00524239196076        1.16729240865767
C            4.68996080794448       -1.52999636542051       -0.23652192799350
N            3.73192572105945       -2.45870711951114       -0.08972560159690
C            2.96372143858213       -3.32448514328349       -0.45635015954673
O            2.23974340283409       -4.20099195106273       -0.62891036785937
C            3.71766202125516       -2.36592308603491       -2.96762865467716
O            3.03926455386121       -3.06920457594898       -3.56748671971479
N            4.53453986339071       -1.57792998952977       -2.57439819826150
N            5.08455161505521       -1.10459444186539       -1.44394403267033
C            5.84144828780013        0.11671371700731       -1.56976147939407
C            1.96028569070665       -2.25034057195455        2.85887128249145
S            0.31556503706751       -1.58915815301951        3.32533338451834
C            0.04946154747671       -0.72580739795389        1.73832415975536
C           -5.39661314245538        1.22218348588975       -0.22584277053772
C           -6.16215794358748        0.92337722118185        0.86951375776870
S           -7.83632757861071        1.03742988251595        0.50298650728031
C           -7.37213229019076        1.48765923751968       -1.15592497936212
N           -8.31825272811730        1.82136915430832       -2.06451088612396
N           -6.11099518891022        1.52741996939909       -1.35580782658065
H           -2.16605908362268        3.11334960276368       -2.96565653947469
H           -2.17184076209818        1.47570837103510       -3.67016954542450
H           -3.34737474578774        2.69439372320950       -4.23894191575766
H           -1.57528463263445        0.76557975469765       -0.25768419417055
H           -1.36828967112929        0.71184680337995        2.67841178854351
H            4.75341722118287       -0.98741553399349        3.35789870969573
H            4.50396342801582       -2.60436116393212        2.65167680789280
H            6.00382290331076        0.31800436390368       -2.62443956053968
H            5.23500371379383        0.92048796175998       -1.12064221736417
H            6.79269789830007        0.03322145539613       -1.04903535761817
H            2.35605672590436       -2.65523319131246        3.79096293559324
H            1.79566899209206       -3.07791522685909        2.15886107317282
H           -0.12435496556215       -1.46841177552530        0.95460278550383
H           -5.82777774214878        0.66784747612875        1.85269447910384
H           -7.99838888201129        1.90681062268896       -3.01489010545609
H           -9.25358581452479        1.48738839712480       -1.91093377756528
52
 energy: -108.215068059030 gnorm: 0.020358936716 xtb: 6.7.1 (6d44803) iter: 68
C           -2.79885481451072        2.32033538997973       -3.37589165817405
O           -3.78743653406901        1.92682482072047       -2.44561341679163
N           -3.20922450433090        1.54165530327929       -1.26816496741131
C           -3.94929794262620        1.22227067192754       -0.26909776099826
C           -3.17168367013783        0.86877832048505        0.96368446901435
O           -3.63001166187645        0.83401049453613        2.08466382103431
N           -1.87024603229480        0.57704569085280        0.69287976482858
C           -0.88586159710147        0.50794163216990        1.72158274293892
C            0.40485652130390        1.31521450445806        1.46144802690397
O            0.67627317959941        2.46064698739001        1.28337004377374
N            1.15326836225238        0.16072811951281        1.47914582113910
C            2.48646526982739       -0.10396209139228        1.66892027976452
C            3.47444622388557        0.81136930674827        0.91394275946820
O            3.30691858906980        0.75814754627632       -0.31596247696139
O            4.42072739151671        1.28199671716994        1.54745779550777
C            2.89991588415506       -1.21801497439450        2.28948102089804
C            4.35529998175960       -1.53354621286554        2.50199888185627
S            5.50022599089444       -1.00767800504215        1.17030097560005
C            4.68283555670094       -1.52288039926519       -0.23311083011832
N            3.74142333153565       -2.46822587499046       -0.09324952975413
C            3.00338963097507       -3.33214213499876       -0.46857580303168
O            2.18999863181870       -4.13536713541292       -0.62656159033816
C            3.73460341377851       -2.37160893340830       -2.96864132028469
O            3.02201787073335       -3.04473867786817       -3.57936787719410
N            4.55243641622348       -1.58657954937686       -2.57340912244420
N            5.09250924025282       -1.10962482553709       -1.44054900259916
C            5.85115812483464        0.11132909290055       -1.57031624868825
C            1.95988379927791       -2.24839101472089        2.85910250612269
S            0.31549995125888       -1.58780194136133        3.32666085136551
C            0.04725783408290       -0.72530764434283        1.74132143931165
C           -5.39808197484587        1.22243976088639       -0.22549429382806
C           -6.16351624144446        0.92340491177316        0.86967417733608
S           -7.83764156372767        1.03803330071792        0.50312612509284
C           -7.37343201659937        1.49051992800940       -1.15507590369499
N           -8.31936325605573        1.82165248139977       -2.06409010396096
N           -6.11214499602243        1.52987112351551       -1.35458573247240
H           -2.16574986199550        3.11120735378900       -2.96594307826198
H           -2.17210158901893        1.47326470758060       -3.66953288367832
H           -3.34748086901784        2.69203240309295       -4.23828361849400
H           -1.57490078593918        0.76273235357274       -0.25734978238018
H           -1.36988905856499        0.71277477635442        2.68123274951031
H            4.75354033757784       -0.98771092148425        3.36125958943649
H            4.50271760536483       -2.60414581760059        2.65190454892505
H            6.01535241691118        0.30612194150683       -2.62583049589664
H            5.24905301549994        0.92114267164775       -1.13021388576194
H            6.80205939230706        0.02832857024864       -1.04853310941915
H            2.35704475468472       -2.65771730076911        3.78821412712161
H            1.79473774892336       -3.07223726068432        2.15683348186541
H           -0.12316589655176       -1.46785853872626        0.95727656331397
H           -5.83071266633338        0.66389413790831        1.85229664181355
H           -8.00015257113595        1.90224603289125       -3.01513774902361
H           -9.25496736281910        1.48757920087917       -1.91191596228088
52
 energy: -108.214972454968 gnorm: 0.048055788453 xtb: 6.7.1 (6d44803) iter: 69
C           -2.79886294316023        2.31692064420197       -3.37473215308654
O           -3.78759404721572        1.92459545994184       -2.44453472015961
N           -3.21054617030186        1.53643302795017       -1.26719563895206
C           -3.95160230821146        1.21823395249495       -0.26840135797738
C           -3.17636985634549        0.86125201703888        0.96641573105315
O           -3.63835131563616        0.83365186712369        2.09388758932456
N           -1.87212489595657        0.57456944331066        0.69525798547455
C           -0.88956202251203        0.50834710948982        1.72558479759327
C            0.40074971355496        1.31567700453432        1.46488151104504
O            0.66967912150842        2.46262600948181        1.28084464398115
N            1.15047834708056        0.16150901115769        1.48604081555898
C            2.48338513961154       -0.09896777131825        1.67846850800720
C            3.46861382353201        0.80598940464396        0.90391771442082
O            3.30639698784956        0.70917195741242       -0.32378883418797
O            4.41509757900278        1.28970021250386        1.52967143978230
C            2.89965988796712       -1.21508484214314        2.29499215240812
C            4.35552512806223       -1.53090974242226        2.50534679839010
S            5.50392916880743       -1.00821088068497        1.17511900087942
C            4.67995202264618       -1.52006987928587       -0.22559029667750
N            3.74892737774939       -2.47402649988706       -0.07828146254541
C            2.92877988569422       -3.23473416828464       -0.46096814086219
O            2.22374875107837       -4.10823153956498       -0.68285327436358
C            3.72792770021590       -2.35011310819112       -2.97364655980355
O            3.02912004099117       -3.04631670764089       -3.58737179182623
N            4.56498943302231       -1.58965473598048       -2.57140997530869
N            5.10578552986050       -1.12428474926945       -1.43546493031152
C            5.86869041337221        0.09573322087958       -1.57036964157338
C            1.95987834618645       -2.24581290087451        2.86010829406010
S            0.31627368695001       -1.58564774547875        3.33012836328402
C            0.04464804226130       -0.72503580131428        1.74685527586263
C           -5.40018517503758        1.22217759497567       -0.22486504226804
C           -6.16560844071321        0.92284265617906        0.86998596225983
S           -7.83963164954687        1.03914942025247        0.50343506074643
C           -7.37528109886782        1.49422295487100       -1.15389739184972
N           -8.32086018113764        1.82237923662826       -2.06342073014654
N           -6.11375393283645        1.53294944843223       -1.35272467055761
H           -2.16539583812151        3.10791820907910       -2.96618300894079
H           -2.17264748352502        1.46943883013237       -3.66820717075245
H           -3.34784069117170        2.68824275099328       -4.23706120174162
H           -1.57401326755460        0.75885180403061       -0.25614858078876
H           -1.37169386842525        0.71424971049881        2.68559236968745
H            4.75441868343389       -0.98671150552239        3.36591119247024
H            4.50294217547444       -2.60228669797068        2.65306660436097
H            6.03080784431440        0.28505247465815       -2.62722302342448
H            5.27563742149523        0.91346679989143       -1.13805659509451
H            6.82112765015869        0.01158789154321       -1.05127556983065
H            2.35860167649539       -2.66140154161315        3.78524175143445
H            1.79264304013087       -3.06445434593798        2.15487410421596
H           -0.12137455542832       -1.46740345653564        0.96229891659107
H           -5.83536614763715        0.65822732062932        1.85204620799939
H           -8.00272671603254        1.89570853860829       -3.01555430602612
H           -9.25702301314631        1.48848363628996       -1.91346572183410
52
 energy: -108.216432950000 gnorm: 0.009493898737 xtb: 6.7.1 (6d44803) iter: 70
C           -2.79968110223849        2.31480475235369       -3.37379417771886
O           -3.78845482991849        1.92295459967141       -2.44332046565591
N           -3.21120799624616        1.53510623226823       -1.26608931324718
C           -3.95233550211070        1.21711018163811       -0.26729348741565
C           -3.17530376365829        0.86494644798539        0.96666782299260
O           -3.63614725352456        0.83269881058160        2.08966996408810
N           -1.87303763258756        0.57487260091823        0.69704227697190
C           -0.89005275843846        0.50738791225808        1.72697634728229
C            0.40057128568472        1.31412877601281        1.46496587844582
O            0.66960022890747        2.45973884663281        1.27932310524441
N            1.15024891561475        0.16041694588928        1.48746596760376
C            2.48343067414998       -0.10075351896199        1.67945813122498
C            3.47330067126189        0.79135083161294        0.89742082823649
O            3.30351813489511        0.69257983137961       -0.32958714766482
O            4.41136384570407        1.29606418700594        1.51776595148939
C            2.89938782390604       -1.21553640923815        2.29725233043254
C            4.35583959446771       -1.52892985659520        2.50719685104357
S            5.50448226805831       -1.00044979759031        1.17808471385251
C            4.68673477000781       -1.51490342483336       -0.22537703263815
N            3.75659058729999       -2.47149738454241       -0.08197153169702
C            2.92812722035229       -3.24128559781807       -0.47382718344938
O            2.16728749281928       -4.07334143294003       -0.68612071687524
C            3.72783730448802       -2.34251587046067       -2.97373510557341
O            3.04003990039791       -3.04295313644524       -3.58275502120098
N            4.57008544200676       -1.58713266675061       -2.57077694625902
N            5.11422690511368       -1.12263645161548       -1.43558408418887
C            5.87955422869517        0.09522149686216       -1.57120068645603
C            1.95868674633675       -2.24663469883612        2.86203000003133
S            0.31537457935586       -1.58639997342008        3.33424365404094
C            0.04425400055325       -0.72590021393427        1.75016569114290
C           -5.40116309899680        1.22019826164579       -0.22429191706800
C           -6.16708844511708        0.92087084182046        0.87037048956726
S           -7.84095349156491        1.03922594012577        0.50373709780909
C           -7.37605336883024        1.49238598752492       -1.15401248711200
N           -8.32138119532483        1.82197602227766       -2.06361760721896
N           -6.11448961603754        1.53090955336798       -1.35254649540100
H           -2.16606265954193        3.10600634270247       -2.96552314653610
H           -2.17339480042426        1.46722717721147       -3.66698139082846
H           -3.34854762990307        2.68577636789587       -4.23639659636568
H           -1.57533864767154        0.75883823914464       -0.25358406255766
H           -1.37252517316354        0.71450403003630        2.68667055346860
H            4.75319265075881       -0.98520713911497        3.36845200954881
H            4.50373027265218       -2.60001228983357        2.65543443255002
H            6.04146225240576        0.28275039674018       -2.62859165257951
H            5.28703807734168        0.91235801119420       -1.13684221867604
H            6.83152937990518        0.00820471257690       -1.05198606014875
H            2.35656580788099       -2.66238001066486        3.78768574440845
H            1.79085756756944       -3.06545337593592        2.15580808515570
H           -0.12357643254466       -1.46818801376767        0.96559054171120
H           -5.83711656022731        0.65768658452016        1.85287382727693
H           -8.00319728941000        1.89494232255751       -3.01584055645123
H           -9.25781038112490        1.48886901882442       -1.91342420463568
52
 energy: -108.217108120839 gnorm: 0.017097433803 xtb: 6.7.1 (6d44803) iter: 71
C           -2.80075325251700        2.30945776163952       -3.37151576513925
O           -3.78982258242177        1.91863017357468       -2.44098133219183
N           -3.21319409473324        1.53077307406751       -1.26346507254746
C           -3.95518726368137        1.21390481941703       -0.26490481575106
C           -3.17812123335405        0.86396991763849        0.96902263617194
O           -3.63913222232135        0.83061719278767        2.08912504373069
N           -1.87681417876512        0.57238828237357        0.70178387642161
C           -0.89432626583987        0.50572688631943        1.73213583324870
C            0.39574568020674        1.31235748781831        1.46729843207494
O            0.66340762751073        2.45679267914084        1.27553384697482
N            1.14602359218465        0.15967592863088        1.49320200052053
C            2.47945876999728       -0.09954073192731        1.68457840861459
C            3.46601251345712        0.77893895662388        0.88357494909316
O            3.30558621174329        0.62188428971646       -0.34341008449063
O            4.40049567140431        1.30656979130770        1.48794554883256
C            2.89799251649095       -1.21339347344699        2.30245162280366
C            4.35503197279928       -1.52451055098109        2.51130528692194
S            5.50648838764097       -0.99499128027063        1.18335468120855
C            4.69098309065883       -1.50158506368564       -0.22451919564088
N            3.75227367508353       -2.45083629874525       -0.08722758091928
C            2.91455880488888       -3.21348444432585       -0.48896433728010
O            2.10780002541386       -4.00797929945725       -0.69814036337365
C            3.75975060610693       -2.35601027453754       -2.97375106211634
O            3.01357519227413       -2.98526681390242       -3.59392715350949
N            4.60163134506010       -1.60101979503588       -2.57017117303703
N            5.13734331047922       -1.12763069327600       -1.43464289219533
C            5.90807411447729        0.08709547201158       -1.57329315370049
C            1.95761847616541       -2.24590013279906        2.86678240673297
S            0.31459570384128       -1.58648620240608        3.34264291046363
C            0.04075543877779       -0.72730782294699        1.75842446296135
C           -5.40414502547604        1.21793233923070       -0.22285942467813
C           -6.17088288954107        0.91836829410474        0.87125385760388
S           -7.84446789302339        1.03909500218723        0.50390928364053
C           -7.37835930865293        1.49194587011896       -1.15363121949733
N           -8.32298149591417        1.82284691368925       -2.06364395483029
N           -6.11665347375156        1.52967934781344       -1.35135434469256
H           -2.16711225591959        3.10115166291783       -2.96398087427406
H           -2.17434682730085        1.46162618169287       -3.66378553432300
H           -3.34940718512773        2.67957945349147       -4.23468377703986
H           -1.57820389765938        0.75516495387761       -0.24825944810231
H           -1.37659091609648        0.71500574662355        2.69145985593997
H            4.75165954926871       -0.98248055716676        3.37385390028433
H            4.50333027105064       -2.59553753086723        2.65884677030394
H            6.07374410549814        0.26757383654705       -2.63150683494459
H            5.32035383138571        0.90882927683482       -1.14348125197268
H            6.85799286117472       -0.00398735612231       -1.05102053700248
H            2.35537389081304       -2.66535329067846        3.79099622317620
H            1.78772905395232       -3.06231989253765        2.15754717117880
H           -0.12738357361085       -1.46974369866164        0.97379443574949
H           -5.84238741354923        0.65465981263136        1.85409535702658
H           -8.00505212145295        1.89212519471375       -3.01640335903299
H           -9.26006191911129        1.49099960417296       -1.91411325939679
52
 energy: -108.217991697705 gnorm: 0.047068797850 xtb: 6.7.1 (6d44803) iter: 72
C           -2.80239654747203        2.29987294442622       -3.36783263051900
O           -3.79196617157250        1.91101701570919       -2.43719340665984
N           -3.21663777131431        1.52311178388713       -1.25902554290623
C           -3.96025671870532        1.20850667599242       -0.26084931410772
C           -3.18432428503378        0.86009733429585        0.97375557317309
O           -3.64659829261134        0.82759961057414        2.09124790130952
N           -1.88350420129123        0.56766641590360        0.71021395284266
C           -0.90217943013791        0.50359720307101        1.74161217295024
C            0.38713329664766        1.30957816488384        1.47167880214262
O            0.65265266028044        2.45235274011299        1.26777188857272
N            1.13825961856650        0.15845059061405        1.50453753174566
C            2.47192551500481       -0.09752344514414        1.69542494921575
C            3.45421847152846        0.75262534258631        0.85948776739166
O            3.31084279106572        0.48685941415009       -0.36534752005756
O            4.37975709395339        1.32719528032125        1.43320795827310
C            2.89505043676417       -1.21051192234845        2.31233644918480
C            4.35298776137621       -1.51920857283387        2.51718957903668
S            5.50967598770369       -0.99518462509635        1.18844328220428
C            4.68501769770044       -1.47007968585666       -0.22675521967363
N            3.72706618831457       -2.40165115690861       -0.10095761575710
C            2.89816974820987       -3.16426421864079       -0.51446486610600
O            2.01872113394121       -3.89734430118713       -0.70991361532758
C            3.75215174416905       -2.30631300145188       -2.98494776444977
O            3.03866272988424       -2.96461595240678       -3.59848678406080
N            4.63002875552156       -1.59372896135545       -2.57349053388493
N            5.17284411777250       -1.13371313622652       -1.43587452164567
C            5.96580520990823        0.06865770059168       -1.57596044809407
C            1.95516970324122       -2.24488186040981        2.87541488646196
S            0.31292564804688       -1.58598334926884        3.35711211626387
C            0.03388159581919       -0.72938918273787        1.77307384639188
C           -5.40932399336745        1.21491879581956       -0.22034706262251
C           -6.17734754196940        0.91505118374927        0.87284118917420
S           -7.85050178733407        1.03894112491745        0.50410031764486
C           -7.38234838771957        1.49233028262156       -1.15277678984097
N           -8.32573819248998        1.82502957671214       -2.06351435598165
N           -6.12038777283531        1.52870930896524       -1.34905434952883
H           -2.16883184762167        3.09253613528899       -2.96179350951962
H           -2.17578079161952        1.45154875368913       -3.65825887155092
H           -3.35074372088800        2.66831130755782       -4.23200965303599
H           -1.58280102833181        0.74783087326026       -0.23930324044621
H           -1.38385905927455        0.71659195208539        2.70034002283652
H            4.75079674164398       -0.98005072490867        3.38104008779046
H            4.50099780885545       -2.59030617122737        2.66357408583821
H            6.13479585100495        0.24105228875951       -2.63517543990354
H            5.39566473028202        0.90216815794808       -1.14989173829985
H            6.91347692877260       -0.03921895749038       -1.05240366602857
H            2.35334091502897       -2.67163351091005        3.79625312915244
H            1.78140947227231       -3.05617903315358        2.16063445434192
H           -0.13384817050155       -1.47204463442640        0.98826144324730
H           -5.85166560529570        0.64966145992809        1.85614845521875
H           -8.00845619288133        1.88684752783668       -3.01733922021310
H           -9.26393384302878        1.49511045766652       -1.91545316218476
52
 energy: -108.220105738512 gnorm: 0.037708276119 xtb: 6.7.1 (6d44803) iter: 73
C           -2.80359068168579        2.29131794894072       -3.36558751507088
O           -3.79354026120282        1.90426283655341       -2.43478217678309
N           -3.21923187270669        1.51686531682141       -1.25589601633530
C           -3.96402362603872        1.20434623929050       -0.25784855647458
C           -3.18973807651871        0.85633686830917        0.97814708358015
O           -3.65362793502302        0.82654508608787        2.09581214019477
N           -1.88833838375355        0.56405539187468        0.71666190579751
C           -0.90754197435257        0.50323183920153        1.74867495507370
C            0.38188962793106        1.30731067658791        1.47364144102845
O            0.64697270725241        2.44878329045608        1.25873333941509
N            1.13286691340236        0.15667270389035        1.51246321813646
C            2.46664513387007       -0.09929020510119        1.70205237531592
C            3.45243898789376        0.72041014594161        0.84350449796180
O            3.31277470695718        0.39418831764578       -0.37333037854325
O            4.36038397633940        1.34611075728390        1.39247590391224
C            2.89252317058251       -1.21089271075100        2.31956977147416
C            4.35118502561420       -1.51703266485829        2.52115232559082
S            5.51306238150141       -0.99961021838678        1.19130113143434
C            4.66644236253733       -1.43394404908752       -0.22780653081453
N            3.70490642384789       -2.36270911475617       -0.10518152877922
C            2.85146576185019       -3.09410581116714       -0.52649231573997
O            1.99734684446696       -3.83546379147726       -0.73602652967829
C            3.75826337341751       -2.28191471303349       -2.99157962337067
O            3.03755615108796       -2.93067179645091       -3.60823927228230
N            4.65760238807886       -1.59736877901482       -2.57561195471526
N            5.19711194235018       -1.13848569880585       -1.43565995340157
C            6.00936638964011        0.05323577032748       -1.57886750863775
C            1.95238103502695       -2.24414924336675        2.88350661310785
S            0.31144873826844       -1.58338284101512        3.36880453742409
C            0.02833077212537       -0.73038638922391        1.78421627519920
C           -5.41309727458932        1.21272175784757       -0.21843284773902
C           -6.18208769355395        0.91322233693313        0.87416765604744
S           -7.85494118731716        1.03866881171819        0.50418963894854
C           -7.38520200706557        1.49259810301906       -1.15211541429883
N           -8.32760942041094        1.82666728891805       -2.06338013808591
N           -6.12304734999519        1.52785384902623       -1.34731096299760
H           -2.17028112208082        3.08491720629354       -2.96091388343979
H           -2.17675618909564        1.44253228612877       -3.65416195872531
H           -3.35166864358804        2.65808705784311       -4.23067441952132
H           -1.58619521283314        0.74115602085316       -0.23311776643473
H           -1.38850619237157        0.71965941146959        2.70694271860618
H            4.75041944954261       -0.97870276603163        3.38495292651220
H            4.49933138310375       -2.58803705741188        2.66773485269455
H            6.18499444371555        0.21633943451352       -2.63861626681388
H            5.45520125904235        0.89930639198644       -1.15999637425689
H            6.95389068643999       -0.06812066649372       -1.05172641015491
H            2.35180702423007       -2.67452286903833        3.80192198619020
H            1.77577420591767       -3.05245182838524        2.16619804826166
H           -0.13946124144069       -1.47391796911916        1.00021352033915
H           -5.85846998343189        0.64678944034019        1.85785358469513
H           -8.01082913552586        1.88286259417945       -3.01791907695270
H           -9.26659880147041        1.49810700262855       -1.91633606689595
52
 energy: -108.222857766331 gnorm: 0.043317219885 xtb: 6.7.1 (6d44803) iter: 74
C           -2.80587201060085        2.27576016577377       -3.36389090212011
O           -3.79636760539900        1.89159791504985       -2.43257406702981
N           -3.22335052686006        1.50703715461147       -1.25213125929318
C           -3.96948607267667        1.19807986922760       -0.25386873336462
C           -3.19849108046819        0.85079995862932        0.98527720771995
O           -3.66430236862833        0.82744076896858        2.10518154461787
N           -1.89536827803183        0.55868400362729        0.72529654432777
C           -0.91395641227158        0.50482224044001        1.75716309973649
C            0.37471076797582        1.30661137299638        1.47274192750429
O            0.63991105227879        2.44597768190177        1.24199478276202
N            1.12575860331340        0.15674993458765        1.51692738356800
C            2.46017037614461       -0.10284825131795        1.69936014535496
C            3.44909221420952        0.69474876769799        0.84444574249597
O            3.34258118311147        0.30049457702859       -0.35530724765004
O            4.33368079642674        1.35246618291843        1.36137481320046
C            2.89025482899612       -1.21160425218440        2.32047928873131
C            4.34881378328929       -1.51801780807926        2.52016267081374
S            5.52788170176825       -1.03019213268575        1.18766002379215
C            4.62848032550222       -1.37838771067485       -0.23846058844692
N            3.68375017332958       -2.32556264611381       -0.11354879130472
C            2.77884925896033       -2.99209585905846       -0.54445535104889
O            1.95764266033854       -3.74513501789358       -0.77756841782135
C            3.77081511027988       -2.25210656252157       -3.00099703604065
O            3.03019199456640       -2.88177950686680       -3.62541561315861
N            4.69168504754394       -1.60433227633764       -2.58256682862262
N            5.22580343699264       -1.14510633344591       -1.43808263711217
C            6.06501382595991        0.03172996023954       -1.58109278100096
C            1.95022641544152       -2.23829552222131        2.89529776276089
S            0.31203019404979       -1.57305947840867        3.38475699815075
C            0.02206522485913       -0.72906021345513        1.79689783055796
C           -5.41846199581606        1.20857095672910       -0.21583150310542
C           -6.18889258679815        0.91102211764214        0.87623855380004
S           -7.86133436153207        1.03689262545693        0.50416840363538
C           -7.38923639377423        1.49025237884999       -1.15163392747301
N           -8.33024274830093        1.82624791706645       -2.06381290203097
N           -6.12687410498653        1.52392360366926       -1.34549826341273
H           -2.17346558407884        3.07119105214111       -2.96144236289960
H           -2.17839773738953        1.42627575502390       -3.64888620153379
H           -3.35339700954018        2.63924880807613       -4.23066406380711
H           -1.59263734413104        0.73013305954725       -0.22579513416723
H           -1.39382658935939        0.72624708195970        2.71483493836150
H            4.74972228847020       -0.97696234950730        3.38161977999464
H            4.49283416379085       -2.58836749673318        2.67501260198638
H            6.25340441347460        0.18462045226256       -2.64002454644472
H            5.53934064963141        0.89820151905123       -1.17057524810768
H            7.00466532642734       -0.11326309419481       -1.04942189372768
H            2.35312639812561       -2.66793510624915        3.81193035047538
H            1.76947722400928       -3.04655884690602        2.18013732830891
H           -0.14748271675189       -1.47605423969949        1.01679629642335
H           -5.86702981311731        0.64499615191832        1.86058064397825
H           -8.01359814783402        1.87670584725489       -3.01868948578357
H           -9.26990895094095        1.49919582414075       -1.91681987655330
52
 energy: -108.225862482296 gnorm: 0.070222008276 xtb: 6.7.1 (6d44803) iter: 75
C           -2.80844892252142        2.25839660854089       -3.36008306868223
O           -3.79981949389822        1.87731970995852       -2.42847246935932
N           -3.22846232582048        1.49515395751481       -1.24651088119296
C           -3.97640542508456        1.19003412550876       -0.24826965932758
C           -3.20820472465771        0.84531566637541        0.99370749885490
O           -3.67504416244343        0.82731999307753        2.11443672895066
N           -1.90419935974213        0.55127832594674        0.73533272947201
C           -0.92158981216264        0.50504798720955        1.76647390680099
C            0.36547622311976        1.30415124199893        1.46883656897656
O            0.63104193886495        2.44037024622148        1.21930124630467
N            1.11826708799250        0.15634919452841        1.52570840175893
C            2.45339150776979       -0.10293025639065        1.70976123356277
C            3.45118959850060        0.64865000117477        0.83656242379763
O            3.41179835114435        0.10231139992741       -0.34999245365135
O            4.28933427563685        1.39956336525475        1.30736736415853
C            2.88659319350683       -1.20576671204677        2.33958875180645
C            4.34451225464744       -1.51785645160672        2.52727804762410
S            5.53132107894787       -1.05624303538673        1.18421663658855
C            4.57135388564411       -1.29744054165396       -0.25466365813629
N            3.64860662981265       -2.27210337160815       -0.13377327317537
C            2.71674102195629       -2.88815442183656       -0.57817686302718
O            1.89311118834021       -3.62849240549561       -0.82584382349359
C            3.78900511110289       -2.21467225223400       -3.01554027521523
O            3.01869971570009       -2.80952248375331       -3.65064296673446
N            4.73376069423256       -1.60905253413310       -2.59246058848136
N            5.25712112801397       -1.14625024250166       -1.44068752891385
C            6.13322398539272        0.00867146923711       -1.58318818252439
C            1.94605657691787       -2.23096117174518        2.91473143747607
S            0.31003493055469       -1.56168412505368        3.40606955952119
C            0.01536093933886       -0.72866236312201        1.81343379507972
C           -5.42536536643726        1.20299837911530       -0.21224087385500
C           -6.19800192578485        0.90708319869935        0.87874737977821
S           -7.86970872513075        1.03520886500021        0.50398881575890
C           -7.39427576200960        1.48791697671249       -1.15105524136963
N           -8.33330180012247        1.82681704939851       -2.06446136928875
N           -6.13157780951221        1.51955546835204       -1.34293415491854
H           -2.17709626210405        3.05587532492147       -2.95996924565244
H           -2.18019450378604        1.40820931489176       -3.64120212618273
H           -3.35516050501728        2.61830202622997       -4.22882524456022
H           -1.60155370868175        0.71648956589195       -0.21708342454796
H           -1.40016019810664        0.73333297306874        2.72324909413986
H            4.75213504398963       -0.97536841539223        3.38439560351386
H            4.48253357402039       -2.58834935459049        2.68757306672552
H            6.33946599935337        0.14688815905741       -2.64125954741896
H            5.64316339543335        0.90025721655423       -1.18389637257630
H            7.06504723501148       -0.16900682289462       -1.04394214439643
H            2.35062641516706       -2.66283616591456        3.82894918072173
H            1.76354755116131       -3.03696749335098        2.19774849857709
H           -0.15519606076561       -1.48053700232255        1.03833980456627
H           -5.87845349251327        0.64102927149185        1.86382113075723
H           -8.01644851144955        1.87118009379724       -3.01957806559188
H           -9.27385267354587        1.50178144730657       -1.91758440300280
52
 energy: -108.232849382979 gnorm: 0.108206262204 xtb: 6.7.1 (6d44803) iter: 76
C           -2.81002565057101        2.24735280908786       -3.35829137510936
O           -3.80206937802279        1.86766275005881       -2.42642982672640
N           -3.23145159102021        1.48916118467991       -1.24329397011064
C           -3.98012309672977        1.18593244888597       -0.24491055657359
C           -3.21416578629856        0.84428606088703        0.99959346693179
O           -3.67882493153064        0.83026864578042        2.12292522987542
N           -1.90877487109165        0.54680782753174        0.73846107924979
C           -0.92264747235916        0.50790316372199        1.76681508970817
C            0.36031342156557        1.30683265178772        1.45718891245996
O            0.62993008207736        2.43972796600147        1.19949482033050
N            1.11774163785619        0.16205313866561        1.52293719987722
C            2.45488059643334       -0.09811327803070        1.71464398215534
C            3.47424826685097        0.62809338253449        0.87161039282896
O            3.56037047360900       -0.04573946219817       -0.30299652938528
O            4.23867714313332        1.47907084726901        1.30195051705479
C            2.88567576531040       -1.19315172053761        2.36000958880522
C            4.33909379494809       -1.52705612215059        2.53151477357536
S            5.52449063076997       -1.10726375687229        1.16462814347114
C            4.46304613873017       -1.19476746647448       -0.28988208806885
N            3.63258189908566       -2.27790786159802       -0.16214155210383
C            2.70770624148286       -2.85494286260481       -0.60845626572310
O            1.88515491117205       -3.59740671194632       -0.86379902426438
C            3.80283373299299       -2.20106235508078       -3.02836045055911
O            3.00502179788434       -2.76779646539791       -3.67506286915418
N            4.74211488731483       -1.61438162270572       -2.60800727436318
N            5.24699170736169       -1.13554333171567       -1.44452244719392
C            6.15047991282986        0.00025727366983       -1.57968913169049
C            1.94369615438242       -2.21836020548560        2.92977231866050
S            0.30990225767674       -1.54500002457947        3.41671375633274
C            0.01670797663831       -0.72372813269752        1.81645757198332
C           -5.42892746540743        1.19849633754802       -0.21008085637969
C           -6.20357896669777        0.90477419427432        0.88018649346566
S           -7.87447527214767        1.03300710358809        0.50321615333261
C           -7.39651216325171        1.48350392265496       -1.15164319532383
N           -8.33413645868180        1.82434148238490       -2.06622301147514
N           -6.13362077058191        1.51404527376508       -1.34242196940600
H           -2.18022025143491        3.04650242192288       -2.95930114572626
H           -2.18092983560937        1.39695426339105       -3.63663451093584
H           -3.35588603914188        2.60445198670834       -4.22845260103026
H           -1.61054621332335        0.70802103851605       -0.21623528674113
H           -1.40138216560351        0.73939791004074        2.72280806331598
H            4.75779103099996       -0.97772011897981        3.37812299519043
H            4.46342224865654       -2.59810384198953        2.70239391250157
H            6.37905771256429        0.12919884004214       -2.63432970813105
H            5.69502509404981        0.91259726760574       -1.18949592388088
H            7.07287808799369       -0.20907176110117       -1.03276825466474
H            2.35003873491053       -2.64556258231186        3.84441874742422
H            1.76635174324232       -3.02738057041882        2.21524875512160
H           -0.15576786128630       -1.48321503386291        1.04963877864709
H           -5.88269120389461        0.64103128560843        1.86548610091364
H           -8.01532567430708        1.87187664953889       -3.01964677900936
H           -9.27414196355557        1.49966616051756       -1.91587923948774
52
 energy: -108.237296787591 gnorm: 0.115603678333 xtb: 6.7.1 (6d44803) iter: 77
C           -2.81073230351578        2.24637650961872       -3.35771362963256
O           -3.80265100207490        1.86599416395958       -2.42539781903367
N           -3.23199836474859        1.48920526484579       -1.24219951693016
C           -3.98093840766547        1.18503206709556       -0.24404252881572
C           -3.21544040322298        0.84602270944458        1.00051467139684
O           -3.67635105883198        0.83084514624927        2.12396904277786
N           -1.90933979052516        0.54569593792487        0.73729504328135
C           -0.92248919782400        0.50893986982920        1.76512878460234
C            0.35517457577772        1.31255443912124        1.45697621829327
O            0.62952005168398        2.44322109432836        1.20332274880625
N            1.11691006500552        0.16904299145314        1.51654423334350
C            2.45789956277413       -0.09199239818344        1.70374089978633
C            3.47344132913154        0.66807795411360        0.90062223091024
O            3.60289125537589        0.02389753627033       -0.27603264959800
O            4.22444901139430        1.51549853367939        1.29128213981819
C            2.88906114958706       -1.18676791002512        2.35282522203515
C            4.33793104232353       -1.53599466025384        2.53165856694420
S            5.53726134041156       -1.15185216250409        1.16495478278880
C            4.41927722524054       -1.15781573153623       -0.30532038218051
N            3.70346931905560       -2.38060634630234       -0.16460978015279
C            2.72612300468690       -2.87833240579363       -0.61997097881576
O            1.83596729837909       -3.58140590898565       -0.89439386177137
C            3.80243710907582       -2.20227164277365       -3.02906914881608
O            3.00542167035833       -2.77069936586681       -3.67627813149997
N            4.74319194699569       -1.62395897232710       -2.60868523436738
N            5.25509286785257       -1.14927109856346       -1.43648608343084
C            6.13997529155510       -0.00624147734480       -1.57057396632199
C            1.94599435536387       -2.21022334854382        2.92523908352363
S            0.31455157467971       -1.53936592941172        3.41549502617528
C            0.01977098716846       -0.72004602177048        1.81322046307246
C           -5.42960508305154        1.19625304446724       -0.20939079153697
C           -6.20523081781291        0.90333680776594        0.88066807490271
S           -7.87535627240278        1.03230667743718        0.50345972016084
C           -7.39706415168095        1.48071137846334       -1.15178778021763
N           -8.33455861055307        1.81917062633083       -2.06748548235632
N           -6.13402173891908        1.51063860577145       -1.34281138806017
H           -2.18147592378732        3.04585726535099       -2.95881363642536
H           -2.18169781460874        1.39616681928149       -3.63650435291586
H           -3.35668948721335        2.60309016936889       -4.22773627922938
H           -1.61535334928144        0.70851993895695       -0.21834040596925
H           -1.40327080808830        0.73879177987591        2.72034979804631
H            4.75409464284432       -0.97862190825065        3.37339486999911
H            4.45166757270107       -2.60626344937462        2.71287319987224
H            6.37056930095178        0.12336527342599       -2.62388267692293
H            5.68507443292783        0.90432455824351       -1.18541304586059
H            7.06067449395904       -0.20952251297717       -1.02605056565194
H            2.35620828281052       -2.63218483168027        3.84107902693342
H            1.77231981524086       -3.02532114953590        2.21641708523615
H           -0.15436571620283       -1.48334153569999        1.05101100993930
H           -5.88109873238243        0.64032969343709        1.86525592842677
H           -8.01315933682063        1.87399563699303       -3.01889877062716
H           -9.27353320412372        1.49483927453044       -1.91212798393748
52
 energy: -108.240662405574 gnorm: 0.069866671759 xtb: 6.7.1 (6d44803) iter: 78
C           -2.81307661762811        2.24009499402292       -3.35437617532458
O           -3.80471541049790        1.86040733575498       -2.42177335528958
N           -3.23469659794130        1.48423032702654       -1.23826876581511
C           -3.98469606550671        1.18147307444258       -0.23994780809817
C           -3.21647550568830        0.84380292208782        1.00116316034069
O           -3.67330542556715        0.82897399066023        2.12035927855090
N           -1.91281148144616        0.54333540965335        0.73905772303321
C           -0.92511717249316        0.50936751087131        1.76532307313092
C            0.35423846757861        1.31142697672464        1.45991587570395
O            0.62941783819096        2.43998365197526        1.19561714477876
N            1.11213465175198        0.16379578909086        1.51285451432405
C            2.45288277242220       -0.10451787070893        1.68955382229370
C            3.45073836960003        0.67530076213830        0.88665426142623
O            3.59073284977348       -0.00261960137773       -0.30305851932913
O            4.20634645139793        1.49263200303588        1.26460022919428
C            2.88883773489888       -1.19969621435655        2.33620565148501
C            4.33789765718043       -1.53875258564990        2.53531275626616
S            5.55963739963191       -1.16989279918374        1.18781343021652
C            4.44408868683607       -1.15394287927185       -0.29308699453909
N            3.65715905328618       -2.30738633550476       -0.17928899925194
C            2.68808711827272       -2.84201064319512       -0.63635713278102
O            1.79441933346423       -3.53134090688381       -0.88512784076963
C            3.77478429536242       -2.14970748744870       -3.04431915485492
O            3.02648403232821       -2.75530570180095       -3.67858162735210
N            4.76799636327226       -1.61331582342218       -2.60648097684602
N            5.30661050462298       -1.17195316799964       -1.43279537489077
C            6.18572905487774       -0.02250118233907       -1.57405144155122
C            1.94229108637073       -2.20497805129807        2.93588269521091
S            0.31077907399348       -1.53363473478177        3.42624972757046
C            0.01487448276718       -0.72172862423820        1.82090395323012
C           -5.43319181988258        1.19361816148143       -0.20613959254512
C           -6.20904956184214        0.89946557107727        0.88357872257590
S           -7.87880653694652        1.02954126351168        0.50562666562607
C           -7.39987518073202        1.47889582579724       -1.14937383014016
N           -8.33685008244664        1.81757653466306       -2.06493502174407
N           -6.13667087844634        1.50860175116580       -1.33954452114585
H           -2.18396062364042        3.04056894406288       -2.95653256732554
H           -2.18355205754914        1.38989239067837       -3.63241745087719
H           -3.35954029996994        2.59566671511034       -4.22487362297866
H           -1.62064952688640        0.70395251999916       -0.21661897359690
H           -1.40376287696116        0.74286978788043        2.72099653945141
H            4.75004907210689       -0.98602418472195        3.38240198649237
H            4.44413887789061       -2.60744264974084        2.72103767241816
H            6.41210323755634        0.10003077582419       -2.62968672422751
H            5.72502263979285        0.89241325775191       -1.19856457352404
H            7.10280344087680       -0.21960514384141       -1.02295511312945
H            2.35450399576835       -2.62761001297120        3.85171959113816
H            1.76646307367454       -3.01991190446890        2.22693015891860
H           -0.16015035941906       -1.48456966935290        1.05805982282809
H           -5.88725974543491        0.63520990509555        1.86856790260518
H           -8.01601853605191        1.87020197940364       -3.01762976840820
H           -9.27702025259551        1.49511904349879       -1.91231943247959
52
 energy: -108.243140387883 gnorm: 0.064467705206 xtb: 6.7.1 (6d44803) iter: 79
C           -2.81364719784489        2.24274992639060       -3.35063529673206
O           -3.80516709103581        1.86186551530239       -2.41865018105120
N           -3.23515792460362        1.48454966135423       -1.23573708031687
C           -3.98478944065093        1.18077209474990       -0.23718891507663
C           -3.21328265871588        0.84213509968061        1.00132723928257
O           -3.66640329632942        0.82999063525460        2.12197990193382
N           -1.91003291469656        0.54324795463417        0.73540135208034
C           -0.91793586059334        0.51018082139555        1.75704443205225
C            0.36527755833527        1.30730602919780        1.45038740690937
O            0.64393429162093        2.43547518205285        1.18645915227828
N            1.11988703934451        0.15448017098440        1.49647364606481
C            2.46099183202644       -0.12353962057051        1.67109378093520
C            3.46996150543772        0.65439723254955        0.87311569362560
O            3.60581778550794        0.02582998394483       -0.32981468634724
O            4.16474112882134        1.56904022713609        1.26433826134617
C            2.88976991282830       -1.21349314744929        2.32967146681012
C            4.33602283303440       -1.54723845642027        2.54413518333840
S            5.54351547926869       -1.15773110276499        1.20132509194761
C            4.46110453345900       -1.17760637338298       -0.28350827507912
N            3.64639859678740       -2.30505711675121       -0.18721305427930
C            2.68812137848459       -2.86407619543930       -0.64185032417723
O            1.78772283963889       -3.53984783235550       -0.87217153711835
C            3.79985622636869       -2.16595503018437       -3.04599695557153
O            3.02461659916465       -2.73231644730472       -3.69254435873739
N            4.76518056225908       -1.60671305407485       -2.60299773907582
N            5.30848127416158       -1.18006860090725       -1.42574456022298
C            6.17710111103850       -0.02105460745412       -1.56964435952569
C            1.93797885516133       -2.20447606875969        2.94223885808288
S            0.30860481208736       -1.52511090693153        3.42459530475404
C            0.01859454789713       -0.72349854627106        1.81386724758754
C           -5.43316796501357        1.19306260323022       -0.20337948327353
C           -6.20901484661018        0.89731299578669        0.88596417846794
S           -7.87866976935210        1.02709827623095        0.50768319813161
C           -7.39964887895229        1.47905062804432       -1.14670999392776
N           -8.33645164209179        1.81791635927333       -2.06168008483596
N           -6.13632815584817        1.50933782541474       -1.33628348164873
H           -2.18473036095875        3.04298094336081       -2.95187171621464
H           -2.18378108384265        1.39303024106626       -3.62941695929582
H           -3.36039471828768        2.59911884075394       -4.22072457124290
H           -1.62254344363353        0.70226318027785       -0.22202596410187
H           -1.39346189502482        0.74490211789235        2.71463416839647
H            4.74136204536391       -0.99564731857213        3.39536304692898
H            4.44037381001956       -2.61529581951718        2.73059529847769
H            6.40724885445738        0.09681669848738       -2.62572883744150
H            5.70759783078958        0.89465172917631       -1.20202387913686
H            7.09302391157517       -0.21029601625403       -1.01261984372082
H            2.34950075680560       -2.62181298864947        3.86081598823668
H            1.76300107467008       -3.02210457322517        2.23640035843058
H           -0.16013290955936       -1.48842388123548        1.05403123685277
H           -5.88827344702350        0.63105463436351        1.87073072410057
H           -8.01551942630020        1.87463389297428       -3.01450815602585
H           -9.27725505947180        1.49611320344317       -1.91172092288014
52
 energy: -108.234478373511 gnorm: 0.151657829917 xtb: 6.7.1 (6d44803) iter: 80
C           -2.81638678135122        2.23769286045467       -3.34751761623652
O           -3.80800018058065        1.85657421146207       -2.41573263438445
N           -3.23788981896327        1.48015149399418       -1.23311489886620
C           -3.98679536074398        1.17585708077420       -0.23391785793639
C           -3.21252354400335        0.84119662603502        1.00411282691198
O           -3.66173277363063        0.83303039310964        2.12831530565609
N           -1.90819146168206        0.54276745393699        0.73276358750403
C           -0.91055421644492        0.51469350434829        1.74868609330825
C            0.37218177891996        1.30939812822358        1.43391512400559
O            0.65548044054856        2.43563199339710        1.16920230188876
N            1.12820443886052        0.15431435804434        1.47923455105018
C            2.47024895527367       -0.13211069236323        1.66031270726208
C            3.50064202572908        0.65007872675788        0.89649612191718
O            3.74370006709956       -0.02549630136342       -0.32543321350133
O            4.12657824438618        1.61378885350452        1.27643157192348
C            2.88728788992542       -1.21687237786162        2.33438287215273
C            4.32793547972270       -1.56105364094111        2.55373096338934
S            5.51707233325721       -1.17060441127811        1.20289770273647
C            4.40097905113574       -1.12438723133269       -0.29437489897456
N            3.62508855450010       -2.30357389089803       -0.20785888462838
C            2.66224373166031       -2.85264570284554       -0.65818118348615
O            1.76975723485570       -3.52724791724219       -0.87970845898339
C            3.83370675386378       -2.17440106518741       -3.05271115560804
O            3.01272871932560       -2.68501737828525       -3.71642814411516
N            4.76598655471539       -1.60069842682539       -2.60851261700126
N            5.30572656886167       -1.18253395192502       -1.42150964522350
C            6.18040687040889       -0.02478442742708       -1.56873658105099
C            1.93077685389468       -2.19824473243317        2.95118225536422
S            0.30847837864537       -1.50362086821799        3.42572345306834
C            0.02499660769447       -0.71934905461177        1.80578815834197
C           -5.43493034069594        1.18743404437811       -0.19991878662885
C           -6.21116401139941        0.89164603443474        0.88928634745486
S           -7.88052961306386        1.02119679657490        0.51050812851791
C           -7.40122581556639        1.47356303348464       -1.14384988986838
N           -8.33758055607578        1.81191456800254       -2.05892249065184
N           -6.13774316592261        1.50415479724394       -1.33280017316985
H           -2.18838621756937        3.03857387580246       -2.94874886372747
H           -2.18578323394303        1.38826922012484       -3.62543432017272
H           -3.36316397952771        2.59311333175032       -4.21786614836227
H           -1.62810617372342        0.69825207239346       -0.22794689914788
H           -1.38341207090064        0.75131286543073        2.70781092323819
H            4.73061526796876       -1.00761434949058        3.40509480463674
H            4.42392052248147       -2.62920701949915        2.74614681259526
H            6.42996557836911        0.07819308589085       -2.62333176411967
H            5.71425541961688        0.90098243656174       -1.22043670104493
H            7.08862376988836       -0.21589588594927       -0.99671264451475
H            2.34300949881457       -2.60532802696120        3.87360502754236
H            1.75604742764663       -3.02288268383219        2.25320931013299
H           -0.15803718141573       -1.49166761227937        1.05449411881037
H           -5.89005296676630        0.62514563004246        1.87389352883193
H           -8.01571070997329        1.87487280134992       -3.01094243382313
H           -9.27874584415380        1.49143837147032       -1.90929469301913
52
 energy: -108.242011525410 gnorm: 0.126700658163 xtb: 6.7.1 (6d44803) iter: 81
C           -2.81668077390727        2.23795697275099       -3.34768246209763
O           -3.80848698823967        1.85676805417682       -2.41602463335094
N           -3.23811121743492        1.48004402815622       -1.23382061753771
C           -3.98615330852702        1.17478538070707       -0.23434661789196
C           -3.21031581546748        0.84356646761367        1.00397236433256
O           -3.65994338241480        0.83462633752427        2.12887990170923
N           -1.90580047557541        0.54415180460512        0.73141713409061
C           -0.90766718552285        0.51535397540640        1.74645372102205
C            0.37423511189715        1.31022967538447        1.42881122186274
O            0.65844987029611        2.43619254161647        1.16935652384456
N            1.13079657981791        0.15435100113481        1.47620235951300
C            2.47236095375128       -0.13224178487970        1.66179602609573
C            3.49002185783797        0.68564336647970        0.90950903621149
O            3.72281077206856        0.08649927857274       -0.32860150022177
O            4.13538245393306        1.56837297507900        1.28763223378552
C            2.88451030518642       -1.21752019791151        2.33512315648753
C            4.32507375673090       -1.56534828467579        2.55120364996512
S            5.50274506257597       -1.16386048426102        1.20063463823282
C            4.44578284361649       -1.17677459612902       -0.30487395859231
N            3.60212798197292       -2.28478821926580       -0.22582836636364
C            2.68082469966413       -2.87936299727866       -0.65519795667824
O            1.77866755275152       -3.55091220761846       -0.85111232363265
C            3.84642977036995       -2.18629048879770       -3.05209678447639
O            3.01010441898548       -2.67872115162948       -3.71740100313663
N            4.75059852778123       -1.58527039187238       -2.61202913559948
N            5.31329808219535       -1.19583124181062       -1.42542354156332
C            6.17785950245863       -0.02874456209391       -1.56831886288961
C            1.92891729619900       -2.20103189045198        2.94867598458351
S            0.31103137373999       -1.49872355478253        3.42287367797325
C            0.02714284907469       -0.71883416467970        1.80152773992696
C           -5.43428080119417        1.18631311194502       -0.19976984101844
C           -6.21026440434812        0.89097474476827        0.88979475236971
S           -7.87973695812805        1.02100646706456        0.51156427814318
C           -7.40099938093912        1.47276261803737       -1.14325525866427
N           -8.33750551728887        1.80935356585855       -2.05850779253989
N           -6.13748007519402        1.50321033882095       -1.33240218139518
H           -2.18856189236222        3.03852677304550       -2.94868677580109
H           -2.18611537654087        1.38851531745423       -3.62566338218869
H           -3.36339534779060        2.59354623839828       -4.21792913524251
H           -1.62784339456744        0.69924500065303       -0.23022170006464
H           -1.37988174254208        0.75291680100921        2.70584556289923
H            4.72352163843399       -1.01053881587534        3.40467104111631
H            4.42231786185507       -2.63349893002840        2.74714564354526
H            6.42713054251276        0.07824960384451       -2.62161563049504
H            5.69769849149299        0.88912628267351       -1.21985554587258
H            7.08718138068652       -0.20923183647351       -0.99475482412390
H            2.34122591305383       -2.60148063036504        3.87405700922221
H            1.75092610385001       -3.03075092112482        2.25678261506213
H           -0.15726059410670       -1.49391589333949        1.05337599514389
H           -5.88856231530877        0.62480005322132        1.87432825791534
H           -8.01513414578516        1.87619719147555       -3.00996209274948
H           -9.27899346163101        1.49038827779518       -1.90897160087168
52
 energy: -108.237798058504 gnorm: 0.148549427564 xtb: 6.7.1 (6d44803) iter: 82
C           -2.81738973627370        2.23376488326630       -3.34821908719584
O           -3.80925290650801        1.85352567717849       -2.41634401699869
N           -3.23843251080548        1.47780582259247       -1.23367174677683
C           -3.98591016285154        1.17471452943018       -0.23336080041412
C           -3.20937040056004        0.84200848959136        1.00442695439816
O           -3.65931351828667        0.83423962724665        2.12822705471124
N           -1.90567182229456        0.54405330495188        0.73273196587126
C           -0.90641971387191        0.51459458302997        1.74757679254774
C            0.37949995979365        1.30294920046181        1.42886952436373
O            0.66356815560756        2.42822289489904        1.15920159407978
N            1.13022184634852        0.14535272113806        1.48413084627865
C            2.46897781609727       -0.14533748331282        1.66961202029742
C            3.46545399155501        0.64960261842947        0.88883202507277
O            3.60435680993603        0.07233180361441       -0.32238397218910
O            4.09264518006176        1.64704254448296        1.25039771813676
C            2.88587793490174       -1.22862297349543        2.34055501930634
C            4.33170672282142       -1.56711964236120        2.54716246889354
S            5.54687893772248       -1.17776421723917        1.21163637455077
C            4.47073432071617       -1.17068456061322       -0.29145894010609
N            3.64869612176182       -2.29489208516171       -0.20108489518855
C            2.64406424252606       -2.81422068892351       -0.65740016987875
O            1.70872625870438       -3.46625293733424       -0.89664346178274
C            3.77957884515549       -2.11910059144713       -3.06885422415002
O            3.04237676299864       -2.71305681222560       -3.71030375912508
N            4.78014902554223       -1.59027918210650       -2.60589773474341
N            5.35428056450754       -1.21391934865467       -1.42315542617156
C            6.21281564354768       -0.04404400453740       -1.56859756307362
C            1.92791814999140       -2.20725112498266        2.95951417326993
S            0.30724093165866       -1.50334148173013        3.43028148986120
C            0.02367645073849       -0.72336044960685        1.80921045699219
C           -5.43437357553968        1.18665170542045       -0.19843528304273
C           -6.21030687440703        0.89066185187496        0.89079373657292
S           -7.88013417427745        1.02028437289665        0.51221809475597
C           -7.40114853613052        1.47294573450190       -1.14224848559229
N           -8.33745624326166        1.81146701057870       -2.05746838218867
N           -6.13768270733998        1.50336309847977       -1.33110644422787
H           -2.18937965593585        3.03496662265347       -2.95008821890438
H           -2.18656821001051        1.38408642267131       -3.62493976147488
H           -3.36381559767297        2.58829101885374       -4.21912387715305
H           -1.62603192634079        0.69674798197871       -0.22853329221878
H           -1.37576310822538        0.75771562750400        2.70628530045661
H            4.73183357290243       -1.01584333726980        3.40249720050197
H            4.43192016206760       -2.63530460885475        2.74037790868888
H            6.45654306196730        0.05951499012889       -2.62250415957800
H            5.73146999777486        0.87444731397863       -1.22696053220002
H            7.11811914556541       -0.21789832216989       -0.99272803284432
H            2.33702676417485       -2.61261493743368        3.88372028606233
H            1.74455255879650       -3.03240935975698        2.26514103974622
H           -0.16026727883036       -1.49616050080350        1.05890350816684
H           -5.89033326901668        0.62408787699352        1.87571684919325
H           -8.01657318167454        1.87191121231230       -3.00980880819755
H           -9.27931582585519        1.49212810880793       -1.90941832736581
52
 energy: -108.247771682285 gnorm: 0.027648315791 xtb: 6.7.1 (6d44803) iter: 83
C           -2.81782008380801        2.23364995074731       -3.34797505916513
O           -3.80967611301037        1.85328709898667       -2.41609901825336
N           -3.23854125351868        1.47790049637138       -1.23373380701194
C           -3.98532101101558        1.17419380278839       -0.23299822150613
C           -3.20733950640916        0.84377404088464        1.00440325182286
O           -3.65619381437304        0.83620920743613        2.12906512866060
N           -1.90363800509094        0.54488305328457        0.73090650160070
C           -0.90336347078942        0.51535069499086        1.74413475116935
C            0.38208891682699        1.30309851645550        1.42378541355469
O            0.66847409981440        2.42735098202226        1.15592887756259
N            1.13278838855156        0.14420726943145        1.47663576878066
C            2.47218111425089       -0.14776719837018        1.66305778710665
C            3.46909143703951        0.67019775984351        0.89589118002706
O            3.67028061421200        0.07664201316364       -0.33576616125522
O            4.08646326943078        1.62496737090214        1.25805812825668
C            2.88403798999758       -1.23127052837547        2.33817191525160
C            4.32778021608993       -1.57463096248673        2.54839210268423
S            5.52379361920658       -1.17193301099063        1.20911506719804
C            4.44691262770834       -1.15458050656474       -0.29661531841703
N            3.61101710479295       -2.26962550516824       -0.21669649750191
C            2.65272453836361       -2.83238816488921       -0.65675107936117
O            1.74065825265921       -3.49593049958727       -0.87187369289240
C            3.81824188947289       -2.14741933577530       -3.06046851943619
O            3.03871036301941       -2.69740759166262       -3.71548197180554
N            4.75744659989639       -1.57236981866166       -2.60774780414366
N            5.32892640578500       -1.19920771161615       -1.42078794534349
C            6.20564394928498       -0.03963964050622       -1.56779307547888
C            1.92521708264520       -2.20793288112283        2.95929803498007
S            0.30839367453221       -1.49775897132478        3.42967967054900
C            0.02592587885256       -0.72308660031497        1.80610508477861
C           -5.43361578931666        1.18564918586418       -0.19744043255454
C           -6.20922436786069        0.88976327206067        0.89210812845197
S           -7.87907760696584        1.01984131493020        0.51412201473928
C           -7.40064941628713        1.47212392940137       -1.14073675159891
N           -8.33701133257114        1.80959668267734       -2.05588231372227
N           -6.13718247891412        1.50248968254731       -1.32984461588557
H           -2.18990510350031        3.03476350906666       -2.94963423039065
H           -2.18694850242008        1.38399310384507       -3.62460352779250
H           -3.36423413388753        2.58816931612783       -4.21884933611182
H           -1.62667432554471        0.69728260780628       -0.23131051731089
H           -1.37144004858981        0.76018291711930        2.70335706260475
H            4.72740034737914       -1.02450526087212        3.40469879711686
H            4.42772887016530       -2.64313347331211        2.73954783114840
H            6.46176508301499        0.05508113954956       -2.62084981601350
H            5.72418383663392        0.88152548638070       -1.23211213803547
H            7.10877803481437       -0.21902582459432       -0.98490265905822
H            2.33472870156350       -2.60820271920058        3.88591552613894
H            1.74011326948511       -3.03846598824755        2.27101712560536
H           -0.16035952362417       -1.49903949575515        1.05960202007982
H           -5.88848689417624        0.62328712520904        1.87684489848707
H           -8.01560735347966        1.87421516482646       -3.00782909700645
H           -9.27918704036340        1.49164599460571       -1.90777746130915
52
 energy: -108.248892121143 gnorm: 0.038115118266 xtb: 6.7.1 (6d44803) iter: 84
C           -2.82023899442929        2.22660410956026       -3.34938077977122
O           -3.81179218411535        1.84688521272178       -2.41690703907986
N           -3.23954305385706        1.47374344748280       -1.23456528659659
C           -3.98460153148820        1.17093972249608       -0.23225736045035
C           -3.20358915606588        0.84410880370518        1.00424005076287
O           -3.64968846438935        0.83977705660539        2.13066391579168
N           -1.90010131021894        0.54572737737070        0.72737979577961
C           -0.89655330971032        0.51845014011348        1.73713358703731
C            0.39080687594378        1.30026576489169        1.41002606073754
O            0.68148124767958        2.42238602120202        1.13736174878307
N            1.13822556193735        0.13860402392087        1.46671516123286
C            2.47696798325200       -0.15825694928964        1.65778454085282
C            3.47638478836697        0.67514978202190        0.90904224204117
O            3.71925618329241        0.08967196266253       -0.33438020149646
O            4.05420470262493        1.64432088315125        1.27245678706160
C            2.88113410346765       -1.24084576051690        2.33818919406143
C            4.32311499735326       -1.58494888071693        2.55082237340862
S            5.50371611251861       -1.15811046912080        1.21014359853223
C            4.43862925165298       -1.14218699567240       -0.30114415410680
N            3.60152013349646       -2.25930307354258       -0.22297727272508
C            2.62985727604565       -2.80915786121640       -0.65614282082437
O            1.70840113995790       -3.46279035475703       -0.86733900394303
C            3.82755083902331       -2.14086424570686       -3.06901383510249
O            3.00401609124119       -2.63972064924489       -3.73805718394233
N            4.76205803027404       -1.56444759244724       -2.61043438656260
N            5.33909122640736       -1.20988694228892       -1.41828606321174
C            6.22046093245304       -0.05270562070009       -1.56512255564033
C            1.91908361338415       -2.20938622996379        2.96609164431572
S            0.30770087507338       -1.48536106781526        3.43333766051169
C            0.02848484267268       -0.72297127771402        1.80350772001198
C           -5.43277781631846        1.18135934724040       -0.19495201244325
C           -6.20750023662292        0.88542068102116        0.89519997818853
S           -7.87769743779869        1.01479154119792        0.51816228003785
C           -7.40051113081663        1.46688609432948       -1.13723634101547
N           -8.33710432095652        1.80356734555469       -2.05211187201302
N           -6.13715232599517        1.49764793328141       -1.32690125755526
H           -2.19287817842790        3.02857961509708       -2.95191583776894
H           -2.18881247976223        1.37690982587694       -3.62461931555008
H           -3.36680465631687        2.57960278391392       -4.22074837525031
H           -1.62718744344404        0.69479203519781       -0.23677951619078
H           -1.36055555330072        0.76961529249920        2.69696303947052
H            4.71903369138353       -1.03964815456610        3.41212650034408
H            4.42596601107574       -2.65441336576610        2.73465638271347
H            6.49160611501488        0.02957140673124       -2.61609878771989
H            5.73611936189622        0.87374187880827       -1.24657254380324
H            7.11552103297910       -0.22804028862285       -0.96814103319079
H            2.32873575751950       -2.60218361116595        3.89601235043514
H            1.72938997497201       -3.04614351912149        2.28656568549223
H           -0.16166531703555       -1.50422351823105        1.06334459813473
H           -5.88620000171995        0.61902799479927        1.87978561729741
H           -8.01588212391564        1.87061630836552       -3.00396668672592
H           -9.27968272628326        1.48683303629316       -1.90437999036279
52
 energy: -108.249698054959 gnorm: 0.039498495484 xtb: 6.7.1 (6d44803) iter: 85
C           -2.82266024198148        2.22203961097534       -3.35208134419733
O           -3.81349183284882        1.84240610126826       -2.41867002227326
N           -3.23883407272279        1.47271601517290       -1.23668873611250
C           -3.98050240626465        1.17051465014502       -0.23174470142927
C           -3.19389538558083        0.84807393783098        1.00221534428825
O           -3.63461682805387        0.84639276094152        2.13000398423804
N           -1.89155797775906        0.54999052621730        0.71943824588436
C           -0.88207217938926        0.52324814063537        1.72304812637069
C            0.41029275081956        1.29331718676918        1.38752262021729
O            0.70933686669231        2.41161615342940        1.10970685710212
N            1.14945698055866        0.12547943378651        1.44699211281012
C            2.48670943831585       -0.18380031541463        1.64067704303166
C            3.48082653000707        0.67419257787273        0.91371359604010
O            3.75813376197905        0.12460534550478       -0.34298738211214
O            3.99932726888187        1.68110671203216        1.27376549389270
C            2.87788675891421       -1.26355928783683        2.33252911561725
C            4.31716512204937       -1.61150360180248        2.54974841691269
S            5.48980319171288       -1.15487247841066        1.21586324042505
C            4.41171977986832       -1.10562597954893       -0.30173057995926
N            3.56655221562984       -2.22068456553682       -0.22969133860858
C            2.62498882704922       -2.80175805983192       -0.64521182254655
O            1.70787585790861       -3.46232091834080       -0.83619532717987
C            3.81508651210850       -2.11556900403860       -3.07352066163943
O            3.01482949732238       -2.63105094916588       -3.73975783066166
N            4.74218051856389       -1.53180989097716       -2.60834382052705
N            5.32865177255609       -1.20248482962604       -1.41112031123932
C            6.22350686205531       -0.05497152373455       -1.55825162687934
C            1.90934662295246       -2.21625811715139        2.97460678128282
S            0.30557280291998       -1.47055655471239        3.43464559511990
C            0.03368662693823       -0.72443527743856        1.79590771992511
C           -5.42855828820194        1.17826201041305       -0.19107494817726
C           -6.20136194891955        0.88149370314941        0.90016958735409
S           -7.87236329224698        1.00891249748002        0.52527633302637
C           -7.39787902591620        1.46133485900057       -1.13100888714305
N           -8.33531876361456        1.79776617675724       -2.04484060778836
N           -6.13483509475347        1.49326204283565       -1.32220656516769
H           -2.19592361445142        3.02481479478940       -2.95520583740158
H           -2.19056416143306        1.37249768453240       -3.62616296875080
H           -3.36950621030867        2.57364016116663       -4.22375255957552
H           -1.62548950765406        0.69522235454824       -0.24717986009660
H           -1.33931952083652        0.78408267714058        2.68384180857433
H            4.70949462565698       -1.07678263593488        3.41967440746768
H            4.42083507401806       -2.68322377268050        2.71988575115901
H            6.52064431915819        0.00529650853155       -2.60529542874197
H            5.73693643224875        0.88185942056928       -1.26737218909687
H            7.10316616848903       -0.22940802114004       -0.93702856551637
H            2.31819084933745       -2.59688595263730        3.91035648257985
H            1.71194312427562       -3.06301232965464        2.30931107858866
H           -0.16457393991430       -1.51232135339550        1.06473015609426
H           -5.87818797291785        0.61580857243149        1.88435428539293
H           -8.01447224055826        1.87081663537321       -2.99631325254047
H           -9.27816365269040        1.48212716763575       -1.89726600804045
52
 energy: -108.250849195335 gnorm: 0.038118743810 xtb: 6.7.1 (6d44803) iter: 86
C           -2.82472165412864        2.21297012589786       -3.35686850817211
O           -3.81487782769654        1.83513679794150       -2.42193538503586
N           -3.23835759774566        1.46915018413693       -1.23971550327001
C           -3.97741178579379        1.16932472076748       -0.23226395279102
C           -3.18770870505097        0.85045054398800        1.00082089947158
O           -3.62634510381559        0.85265109499300        2.12970110167251
N           -1.88628178262641        0.55236755593928        0.71552561509641
C           -0.87475196516545        0.52658425737251        1.71665558561415
C            0.42141245826431        1.28609107632849        1.37244800202047
O            0.72524649072076        2.40045913232417        1.08287628391591
N            1.15374477816404        0.11483793813795        1.44478368678886
C            2.48899562690774       -0.19765711946008        1.64464565354808
C            3.46256507040841        0.67745055272029        0.91291849862486
O            3.75093034802518        0.12507849751098       -0.34898756116851
O            3.95291409973051        1.69474702838964        1.25877293024893
C            2.87576155781874       -1.27671209864437        2.33851249393369
C            4.31606074496145       -1.63039818607422        2.54478815771281
S            5.49203076289866       -1.14659639944410        1.22040904563961
C            4.42269107235893       -1.09351853933752       -0.30223918607379
N            3.57423311959530       -2.20654230265372       -0.22835300485080
C            2.58221422012209       -2.74391410985928       -0.64347478156358
O            1.66394647926014       -3.40059861339486       -0.85142375285365
C            3.81684057868588       -2.09875413019838       -3.07128174360462
O            3.03375746997067       -2.62708573987894       -3.73363418780578
N            4.72786145801289       -1.50168434238595       -2.60650874308275
N            5.32522660612581       -1.19452632383214       -1.40836544262217
C            6.23851184566796       -0.05981336323378       -1.55392145009742
C            1.90382698051643       -2.22158602839096        2.98546996358643
S            0.30465284847931       -1.46196053924951        3.44233922684500
C            0.03351055680186       -0.72652223526732        1.79937054890945
C           -5.42532877552657        1.17627892952223       -0.18831546286399
C           -6.19608603870384        0.87953788537447        0.90424964481984
S           -7.86801233244995        1.00554609141067        0.53160317622306
C           -7.39615682372742        1.45798269918523       -1.12556456845993
N           -8.33440924377266        1.79376671367674       -2.03857443121692
N           -6.13343370454976        1.49038764945874       -1.31845964052878
H           -2.19832090647122        3.01704495816367       -2.96208519659360
H           -2.19223129345885        1.36302602955415       -3.62878522428618
H           -3.37189662412920        2.56204793705646       -4.22932070110950
H           -1.62262747159635        0.69350602732928       -0.25236379859307
H           -1.32659953753733        0.79917965106662        2.67676198580771
H            4.70952620167233       -1.11256800607851        3.42512458943812
H            4.42073953640915       -2.70568667378376        2.69569271942405
H            6.55568522473338       -0.01891505790387       -2.59617099686235
H            5.75993888682809        0.88751546461328       -1.28320438938936
H            7.10563814228801       -0.23973257917816       -0.91592502347552
H            2.31177554071627       -2.59834229343333        3.92309668699108
H            1.69772041379390       -3.07169389469789        2.32763964324609
H           -0.16821512353306       -1.51877900784411        1.07416073467176
H           -5.87186466477212        0.61433760897735        1.88824084871837
H           -8.01469719130248        1.86692102449609       -2.99039439780276
H           -9.27762396641626        1.47921040781588       -1.89118968880282
52
 energy: -108.251861685331 gnorm: 0.027205317896 xtb: 6.7.1 (6d44803) iter: 87
C           -2.82709870501352        2.20117938256158       -3.36302194024295
O           -3.81636439977331        1.82599835652175       -2.42593602940697
N           -3.23805701963525        1.46418743437532       -1.24327193468021
C           -3.97483756632108        1.16752191003359       -0.23336165428940
C           -3.18318213218582        0.85282482196964        0.99950558072199
O           -3.62047624722466        0.85902679156239        2.12885251003500
N           -1.88274090703167        0.55392579444751        0.71323695613068
C           -0.87136306376199        0.53000437395338        1.71387033650947
C            0.42747586670805        1.27992069842005        1.36202515857267
O            0.73479442798159        2.38949355029794        1.05647269531556
N            1.15417131945619        0.10707042699167        1.45246766486009
C            2.48754431009282       -0.20486394956740        1.66065656024389
C            3.43540435316613        0.68700935170109        0.92253304870295
O            3.71529295271428        0.14484417892739       -0.33710193068274
O            3.88871046278928        1.73799757159064        1.24686419981843
C            2.87221680427856       -1.28515707321626        2.35079831802464
C            4.31265624831799       -1.64917357591408        2.53969765266041
S            5.48950544048173       -1.13909231147663        1.22205716725853
C            4.42531439538834       -1.07230939321095       -0.31015204487818
N            3.55590441052003       -2.16827837684139       -0.23962570122887
C            2.56561904027224       -2.70395230214847       -0.64749944881647
O            1.63712540860509       -3.35230653514379       -0.85334454958867
C            3.82131130364098       -2.08089015560819       -3.08197726185977
O            3.01161189985108       -2.57829999450472       -3.75082043494974
N            4.74028330700458       -1.48888315156728       -2.61283359513668
N            5.34759290067733       -1.20522477372622       -1.41284478738012
C            6.27671211885519       -0.08233693516342       -1.55318740864541
C            1.89783382099129       -2.22473649854311        2.99843157182103
S            0.30231201680192       -1.45512544665194        3.45428457408718
C            0.03055038302016       -0.72757801653833        1.80884824494554
C           -5.42252799937422        1.17408048501870       -0.18584992239358
C           -6.19082092248705        0.87765087479130        0.90840510108887
S           -7.86377721608459        1.00260061587408        0.53873338452279
C           -7.39512485333839        1.45457274779322       -1.11954633261714
N           -8.33454040179068        1.78965731620342       -2.03146235777507
N           -6.13280759449401        1.48737714573090       -1.31477457565406
H           -2.20090447867975        3.00693533867905       -2.97132042193651
H           -2.19434667486316        1.35061511141343       -3.63240486722185
H           -3.37489728133517        2.54699863626239       -4.23637591125408
H           -1.61977449110171        0.69105822095090       -0.25525608769832
H           -1.31927346758961        0.81518743556829        2.67190544835801
H            4.71330410495081       -1.15438980668360        3.43091351565401
H            4.41645215904607       -2.72912693312330        2.66365804384836
H            6.61568253023859       -0.06057059084629       -2.58811647010028
H            5.80325825300972        0.87332468981844       -1.30810794508321
H            7.12581901161549       -0.26039810193243       -0.89142867753991
H            2.30558361577256       -2.60147560662165        3.93581402664860
H            1.68430118736873       -3.07448985040653        2.34389975909119
H           -0.17231191170234       -1.52286128726011        1.08798887057975
H           -5.86502200337247        0.61333094021570        1.89214110501755
H           -8.01624703286943        1.86135002602905       -2.98384237479507
H           -9.27784868362079        1.47577743891610       -1.88331582867072
52
 energy: -108.252676424700 gnorm: 0.033516341503 xtb: 6.7.1 (6d44803) iter: 88
C           -2.82939380561868        2.19424997947211       -3.37004574353153
O           -3.81711919127845        1.82032836290709       -2.43069454290482
N           -3.23631706179905        1.46176061624094       -1.24823607232086
C           -3.97020393666667        1.16678687083569       -0.23586723080259
C           -3.17527800815245        0.85443441269651        0.99554589957584
O           -3.60976889113216        0.86388386683622        2.12622423458344
N           -1.87564992289082        0.55650520216114        0.70629514588259
C           -0.86174212652441        0.53443391889886        1.70420042649251
C            0.44015874399152        1.27570939465566        1.34508338010536
O            0.74920606169211        2.38171681379902        1.02979038202574
N            1.16244277030566        0.10138836187005        1.44335104634092
C            2.49549940898326       -0.21155582763289        1.65413875237746
C            3.43736647474936        0.69895873900184        0.92389020142225
O            3.75048119254537        0.17284507159924       -0.34415058083091
O            3.84262729937231        1.76848682741553        1.26679457163295
C            2.87204807348684       -1.29170759319301        2.34973957814252
C            4.30921689213667       -1.66654598747293        2.53675815241644
S            5.47643017439551       -1.11887216564169        1.22709137815399
C            4.42644187349955       -1.07400548599712       -0.30328871379091
N            3.55133199578714       -2.16524067324278       -0.23498208591338
C            2.55660619355848       -2.69629516327284       -0.63787587118831
O            1.62671449193932       -3.34182726940094       -0.84687582863286
C            3.79735967686573       -2.05636866546280       -3.08885283952574
O            2.99186303121715       -2.55192639608044       -3.76309964123848
N            4.71978972066843       -1.45983969826982       -2.60810610763295
N            5.33213201404960       -1.20128441800150       -1.40427479605231
C            6.27876441215183       -0.09157444959433       -1.53904851268328
C            1.89380077980105       -2.22423859109324        3.00158032902482
S            0.30184603883476       -1.44593483497595        3.45637526303545
C            0.03521769903952       -0.72597007202186        1.80709892383779
C           -5.41772775976903        1.17194030843712       -0.18424543622615
C           -6.18277402091994        0.87464049255699        0.91192885596478
S           -7.85698459743277        0.99741671124828        0.54630904270208
C           -7.39288453756417        1.44991118354236       -1.11310493314154
N           -8.33444508320169        1.78372899449348       -2.02310715147446
N           -6.13110076709100        1.48426170775198       -1.31143367106553
H           -2.20324028591182        3.00121203962950       -2.98083458626714
H           -2.19636433540784        1.34359094665326       -3.63837020044550
H           -3.37848804229640        2.53783306784181       -4.24346874441521
H           -1.61495545545593        0.69142674370845       -0.26302971268390
H           -1.30474734860114        0.82824662612826        2.66177834201541
H            4.71536463971147       -1.19602369071873        3.43947251060154
H            4.41170631552318       -2.75088672550632        2.62972471425874
H            6.63734192322045       -0.08604339163638       -2.56689355478966
H            5.81174606503801        0.87259824731331       -1.31574001580313
H            7.11288006269784       -0.26886892686833       -0.85941886192076
H            2.29987237439512       -2.59924911714274        3.94060163205227
H            1.67520859443133       -3.07619222338119        2.35225637481735
H           -0.17280750450056       -1.52427238225761        1.09114942205282
H           -5.85441120158469        0.61081912761650        1.89494147724348
H           -8.01778111164925        1.85645453689600       -2.97598769619028
H           -9.27728099867517        1.46915557658007       -1.87380590529579
52
 energy: -108.253019349208 gnorm: 0.041689921042 xtb: 6.7.1 (6d44803) iter: 89
C           -2.83180150918736        2.18084655972723       -3.37960709603863
O           -3.81742388123342        1.80996837712789       -2.43664921333787
N           -3.23422401436203        1.45563924852324       -1.25392966131529
C           -3.96597666322301        1.16419989136292       -0.23913530543340
C           -3.16988394362004        0.85537493237900        0.99264841341447
O           -3.60400186021726        0.86914945478869        2.12385172116054
N           -1.87034003649501        0.55770832686665        0.70438860479002
C           -0.85695467711251        0.54025023889882        1.70308223506823
C            0.44762450671282        1.27278708239099        1.33570180546640
O            0.75611049526651        2.37363114343106        1.00132120790827
N            1.16683398759412        0.09912425539640        1.44832569146987
C            2.50131694560417       -0.21316269730227        1.65456742409148
C            3.43855217098794        0.69794345501650        0.91221578455171
O            3.75025713011462        0.19511175368943       -0.35217446344224
O            3.82505427380875        1.75015334769382        1.25055835888458
C            2.87263190371830       -1.29653020003264        2.34864940493375
C            4.30584534018628       -1.68731559985564        2.53003869280771
S            5.46707743367781       -1.10061309736570        1.23194935170854
C            4.41016659145452       -1.04943855856258       -0.29507259382257
N            3.53753591413128       -2.14518804931091       -0.23028137599412
C            2.54154521246557       -2.66077512482937       -0.63451147418719
O            1.59800709794163       -3.29032660766082       -0.85409186529388
C            3.78629619958202       -2.02789667114397       -3.08709437220883
O            2.98184966634374       -2.52162269118744       -3.76383438819267
N            4.70429401014877       -1.42498184501302       -2.60318190215173
N            5.31289060442870       -1.18461210521271       -1.39521146090229
C            6.29659142600798       -0.10359047924101       -1.52418448691090
C            1.89031115032737       -2.22292398963926        3.00485408888379
S            0.30321664379641       -1.43775030296001        3.46776236450553
C            0.03635608829087       -0.72193329039066        1.81741628452238
C           -5.41345464374016        1.16924256043803       -0.18364869195320
C           -6.17518497792211        0.87186736860017        0.91473947994165
S           -7.85065478785693        0.99341615521017        0.55376418931230
C           -7.39142835479834        1.44547716843696       -1.10698462166101
N           -8.33552792127439        1.77776894486437       -2.01501720641929
N           -6.13019312308337        1.48071787283839       -1.30896543334238
H           -2.20542757980585        2.98983461680611       -2.99502823743209
H           -2.19870865853575        1.32962881339840       -3.64590968782689
H           -3.38285210894972        2.52055837862830       -4.25337439197291
H           -1.60844944899920        0.68951602686371       -0.26500025875456
H           -1.29729911760794        0.84449525534438        2.65821363952912
H            4.72079881479319       -1.25003130852680        3.44637127424366
H            4.40273398351172       -2.77635956098837        2.58348397049501
H            6.68565423261921       -0.12612950143201       -2.54338559887621
H            5.84872104611676        0.87824799378957       -1.33011598859346
H            7.10949891282533       -0.29272958519213       -0.82076085961526
H            2.29710196350696       -2.60060735099817        3.94273158122044
H            1.66382592920384       -3.07430265758563        2.35787244291781
H           -0.17591330919383       -1.52234597015722        1.10492513832869
H           -5.84419685707174        0.60858505558028        1.89700155512020
H           -8.02106202816512        1.84744331911865       -2.96887488716262
H           -9.27774117275026        1.46248064729833       -1.86312818244509
52
 energy: -108.254068259444 gnorm: 0.016007706713 xtb: 6.7.1 (6d44803) iter: 90
C           -2.83360140942779        2.17125288463480       -3.38633024431706
O           -3.81760728074533        1.80293362363497       -2.44054416559188
N           -3.23249363693800        1.45213418418577       -1.25775650486284
C           -3.96260948531877        1.16360908756634       -0.24095625646383
C           -3.16497969660797        0.85907191174885        0.99074499825263
O           -3.59753891271423        0.87573347643711        2.12207415242384
N           -1.86620204367249        0.55906359284219        0.70205286737698
C           -0.85280577222709        0.54430982017994        1.70048747746685
C            0.45341308402956        1.26943197679390        1.32591904284620
O            0.76358809386840        2.36550939524698        0.97769506689986
N            1.16946184705652        0.09483799985787        1.45194006318540
C            2.50386119579774       -0.21943430409559        1.66036579762543
C            3.42766535190393        0.71310653571943        0.92863639187580
O            3.76390202810125        0.20783807639812       -0.33648150052482
O            3.76864587704969        1.79493763853782        1.26232038253609
C            2.87201663839282       -1.30374453430179        2.35305596090586
C            4.30266331535292       -1.70713247044397        2.51977943933077
S            5.45512883281540       -1.08595792317867        1.22938371813497
C            4.40895086919454       -1.03738824655287       -0.30541551600624
N            3.53055592560962       -2.13039659159041       -0.24233194411604
C            2.52403651471232       -2.63263596592320       -0.63899738858084
O            1.58544436454388       -3.26126456461222       -0.85807058122282
C            3.79549974327462       -2.01883961784634       -3.08841271676325
O            2.98996777539722       -2.51007126661962       -3.76057519384356
N            4.69747014768563       -1.40376028012150       -2.61230506224271
N            5.31615683881468       -1.18619415535119       -1.40264647764820
C            6.30770990093315       -0.11528712592458       -1.52000869215330
C            1.88620902222041       -2.22371513775828        3.01348738990947
S            0.30334746398963       -1.42922762666110        3.47674918998987
C            0.03607141963103       -0.72050089166319        1.82346992700532
C           -5.40992910792624        1.16824493771948       -0.18251419877936
C           -6.16903890594758        0.87110243325341        0.91775632489430
S           -7.84538699192098        0.99176106631097        0.56046766725100
C           -7.39000979700918        1.44303547169158       -1.10149826443688
N           -8.33611798924753        1.77485425200421       -2.00764522022157
N           -6.12923929325760        1.47881666674278       -1.30643476364717
H           -2.20697609193507        2.98174421778008       -3.00530140472787
H           -2.20058772882852        1.31947272000838       -3.65098962973008
H           -3.38619009618340        2.50796162648588       -4.26031080792730
H           -1.60474294244219        0.68838731219948       -0.26776628610362
H           -1.29104275240348        0.85755145647766        2.65371301866012
H            4.72241788722170       -1.29540757408364        3.44619728389186
H            4.39371351343870       -2.79825986537164        2.54710051533178
H            6.71563574658234       -0.15358797614669       -2.53030896818157
H            5.86616852583706        0.86908677094927       -1.34254379649314
H            7.10360541479775       -0.30574774807916       -0.79717091719544
H            2.29382236479711       -2.60123651241306        3.95114416057622
H            1.65445843257491       -3.07517279722722        2.36795528047619
H           -0.17781599478899       -1.52363447143411        1.11425408917226
H           -5.83555939566378        0.60883534393037        1.89945287948175
H           -8.02325702583537        1.84479194345175       -2.96202106592532
H           -9.27785678462232        1.45918222452988       -1.85358451780505
52
 energy: -108.254573503061 gnorm: 0.018551216421 xtb: 6.7.1 (6d44803) iter: 91
C           -2.83591699916070        2.15886151583207       -3.39421521903619
O           -3.81764582498541        1.79376232609754       -2.44476169708624
N           -3.23054342913710        1.44681983710681       -1.26173887681789
C           -3.95962337942139        1.16202343483779       -0.24315178822875
C           -3.16143427129643        0.86141708729014        0.98896002786971
O           -3.59309176409926        0.88187913327947        2.12029255482610
N           -1.86316381472026        0.55926574033627        0.70135757606425
C           -0.85029194704559        0.54966861415291        1.70048956183167
C            0.45621904066790        1.26925192252990        1.31743187441976
O            0.76435552607090        2.36026653560818        0.95262964746357
N            1.17086386559482        0.09566103512640        1.45657965023572
C            2.50589338233064       -0.22039421090871        1.65909819699584
C            3.41986516188961        0.71832622732536        0.92211018609373
O            3.76286142032410        0.21351565920504       -0.33787433841340
O            3.72986841645155        1.81597248655197        1.25311883026162
C            2.87253786698154       -1.30526776322029        2.35224844652825
C            4.29950853886577       -1.72583693026512        2.50834288510899
S            5.46165313012659       -1.08590465347202        1.23931265672269
C            4.41739501733099       -1.03589087969220       -0.29995262628702
N            3.52940456190229       -2.12146379911669       -0.24308807280928
C            2.51117379145265       -2.60520543827238       -0.64075566451393
O            1.56590325536023       -3.22135439457964       -0.86587963308569
C            3.79400048519608       -1.99756266928469       -3.08943404752761
O            2.97812023590901       -2.47313716402353       -3.76668808632238
N            4.69326081956642       -1.37899350879499       -2.61052596107223
N            5.31905650404811       -1.18530466890684       -1.39819627847254
C            6.32170051310650       -0.12813641114176       -1.50525004075472
C            1.88409577372343       -2.21998190885149        3.01756315660184
S            0.30557342297167       -1.42027613218925        3.48625688378677
C            0.03614922335590       -0.71572835600335        1.83184520592469
C           -5.40683869402068        1.16693862223281       -0.18210833686432
C           -6.16303925272108        0.86992195089087        0.92021491405416
S           -7.84025855848900        0.98976688261606        0.56721607303321
C           -7.38930022278835        1.44053543708204       -1.09588882568202
N           -8.33814064617687        1.77184647038553       -1.99956061673598
N           -6.12907516548434        1.47678304932766       -1.30433955557846
H           -2.20877730053133        2.97124135195415       -3.01803025626035
H           -2.20309599775602        1.30643960209695       -3.65724104124789
H           -3.39087370886226        2.49187398314658       -4.26817333923531
H           -1.60049297840706        0.68628056092766       -0.26840526062771
H           -1.28720773728859        0.87059380196257        2.65147905793570
H            4.72556194289496       -1.34300731636856        3.44326504160383
H            4.37871799353622       -2.81743046232765        2.50884772380360
H            6.74328738007313       -0.18310465789773       -2.50561482296819
H            5.89301988973118        0.86290880757080       -1.34521834595624
H            7.10095727824555       -0.32015004459801       -0.76894880755441
H            2.29377811317169       -2.59985789955576        3.95335624616494
H            1.64686211724617       -3.06990742550850        2.37170031026730
H           -0.17915672839394       -1.52065469000819        1.12482244233097
H           -5.82697378578164        0.60822619275765        1.90115523746612
H           -8.02773920055169        1.83973883680061       -2.95492918565700
H           -9.27896426104775        1.45476527987349       -1.84244266261101
52
 energy: -108.255144701218 gnorm: 0.011593426445 xtb: 6.7.1 (6d44803) iter: 92
C           -2.83912999116114        2.14043696706245       -3.40582283422285
O           -3.81719874124037        1.78030388277686       -2.45072110348144
N           -3.22749210888323        1.43888750052313       -1.26720795334896
C           -3.95609501165112        1.15985373534892       -0.24668480364576
C           -3.15888878148555        0.86404302410597        0.98685081292919
O           -3.59045323761061        0.89064284344135        2.11797109769780
N           -1.86088930944001        0.55802499993112        0.70302120984043
C           -0.85078249919052        0.55747408748004        1.70551549749731
C            0.45371722427435        1.27365372761828        1.31273470417133
O            0.75463667493664        2.35776978347783        0.92399861662663
N            1.17052170822958        0.10486248523703        1.47320171597113
C            2.50671558017291       -0.21149655013757        1.66595091966061
C            3.41068601578282        0.73396535173514        0.92298624395767
O            3.76307983437496        0.21930447555809       -0.32346731545965
O            3.69441647165702        1.83482623563607        1.25219194380748
C            2.87335459615625       -1.30002740133700        2.35352987712437
C            4.29426634473939       -1.74687246830601        2.48953406295718
S            5.45867494547041       -1.07593553267436        1.24584445225989
C            4.42343176037757       -1.03709880147924       -0.29768573813296
N            3.52778158303554       -2.11618062124937       -0.24807181217280
C            2.49929409369177       -2.57671300248832       -0.64786087474413
O            1.54418346302722       -3.17291405933307       -0.87945506635448
C            3.78855380934093       -1.96553416517618       -3.09667774475908
O            2.97400608163948       -2.43814580157851       -3.77573780680458
N            4.69071107939991       -1.34742236655017       -2.61481349757683
N            5.32072277459869       -1.18347246312504       -1.39983405862675
C            6.34296003394134       -0.14888015270046       -1.48783377916489
C            1.88304925995218       -2.21264454618235        3.02025844522158
S            0.30997996205761       -1.41040788338627        3.50009290282786
C            0.03609936547434       -0.70563634105159        1.84721833253360
C           -5.40320485404303        1.16584884458396       -0.18281410966762
C           -6.15532980458566        0.86895202856276        0.92240660343788
S           -7.83361588178653        0.98786862082068        0.57571547055914
C           -7.38904435801111        1.43808024202013       -1.08884988448645
N           -8.34230520677770        1.76891159078344       -1.98856057059385
N           -6.12964339488978        1.47489255163200       -1.30254254753709
H           -2.21102167330119        2.95556514913653       -3.03723648184278
H           -2.20673282855420        1.28705459921457       -3.66668059816650
H           -3.39803803851834        2.46794331835127       -4.27944325427274
H           -1.59405384333052        0.68305586460340       -0.26579840398999
H           -1.28908539898738        0.88632007697697        2.65227885173970
H            4.72949368495902       -1.41045562324822        3.43686413934236
H            4.35488870658063       -2.83796742709601        2.44592200710435
H            6.79631571969318       -0.23096535795500       -2.47276929212197
H            5.93288326656588        0.85549632837179       -1.35857325055110
H            7.09233383774782       -0.34592827292752       -0.72199710104860
H            2.29654816004497       -2.60069684282686        3.95084853124998
H            1.63955114818175       -3.05665327407060        2.36880496418409
H           -0.17721689952164       -1.51116908885956        1.14022011594445
H           -5.81540640019935        0.60781326527431        1.90212262240847
H           -8.03592625011495        1.83268084573404       -2.94556428890509
H           -9.28130367286355        1.44868661765748       -1.82609896938818
52
 energy: -108.255578410524 gnorm: 0.015108264339 xtb: 6.7.1 (6d44803) iter: 93
C           -2.84397106678656        2.11816263201054       -3.41617661523478
O           -3.81820460301384        1.76328164532522       -2.45530077027445
N           -3.22560464785014        1.42882097490995       -1.27110201796358
C           -3.95350693327453        1.15602335430156       -0.24824334895770
C           -3.15611448626855        0.86744940612392        0.98670530255308
O           -3.58618952428575        0.90294601654921        2.11847330423469
N           -1.85842379234912        0.55632615744304        0.70548492588792
C           -0.84853128696956        0.56742110685032        1.70929655498483
C            0.45489289183290        1.27853104802909        1.30323713901315
O            0.75011994983978        2.35452573597862        0.88719872227918
N            1.17295612441102        0.11336303944012        1.48328717126170
C            2.51026262820944       -0.21187123839667        1.65877943917362
C            3.40836943330114        0.73989875772759        0.91059160436891
O            3.77967473277949        0.23310438807583       -0.32418903355721
O            3.65297651965245        1.85441595189111        1.23246890819088
C            2.87263470155035       -1.30234952742053        2.34662936655241
C            4.28587276000229       -1.77548092107109        2.47116143521129
S            5.45682634578182       -1.07449634544785        1.25982300759552
C            4.42209625805119       -1.02818053978178       -0.29046181689218
N            3.52016838676752       -2.10356594583011       -0.25266121587295
C            2.48235138441669       -2.53981895074917       -0.65441187643021
O            1.50541009559293       -3.10449113980877       -0.88782718838953
C            3.79020855230552       -1.92652306377261       -3.09992102890386
O            2.97210689626713       -2.38703155683202       -3.78365843416048
N            4.68762931917462       -1.30593930713560       -2.61424205455615
N            5.32200895265496       -1.17677111846125       -1.39522847673783
C            6.37319126852490       -0.16995955006695       -1.46741048213598
C            1.87835242497063       -2.20667700637828        3.02266226204908
S            0.31537072733262       -1.39418777443404        3.51637563501273
C            0.03785970798828       -0.69407246321321        1.86222617045176
C           -5.40055606257755        1.16286292583338       -0.18191953090790
C           -6.14887134223676        0.86583532045747        0.92600470459623
S           -7.82803861567030        0.98410786693126        0.58542314526481
C           -7.38967289667842        1.43421828681410       -1.08047894972849
N           -8.34738937696708        1.76475679370873       -1.97603963878901
N           -6.13106054226298        1.47143548026295       -1.29912239487308
H           -2.21519460350502        2.93637095798547       -3.05561473437020
H           -2.21167498419879        1.26384508254161       -3.67422946824216
H           -3.40693877643265        2.43944717350415       -4.28958556591386
H           -1.58959857008689        0.67737221104632       -0.26353650535462
H           -1.28727853929421        0.90640745454539        2.65239766198869
H            4.72251203081892       -1.48841681623763        3.43430286327313
H            4.32375257134368       -2.86517930973436        2.38236670935815
H            6.86998042376451       -0.28794814080660       -2.43467153786740
H            5.98252103449764        0.85216036695173       -1.37974194225747
H            7.08622623929047       -0.37182862897857       -0.66329474138336
H            2.29722127867792       -2.59818280204481        3.94948456844762
H            1.62454240640332       -3.04942094593484        2.37185812803341
H           -0.17630734684317       -1.50321423848787        1.15853379085280
H           -5.80516768254864        0.60485474375944        1.90441523491528
H           -8.04525127859324        1.82610855746689       -2.93457220133551
H           -9.28455008755631        1.44155489447395       -1.80826518447469
52
 energy: -108.255945911351 gnorm: 0.005331507819 xtb: 6.7.1 (6d44803) iter: 94
C           -2.84566424704417        2.11398310309416       -3.41543182625767
O           -3.82015807927640        1.76003296046091       -2.45462653368598
N           -3.22769034913416        1.42772433022753       -1.26984287378860
C           -3.95563204334673        1.15571150692297       -0.24682591889563
C           -3.15820068099701        0.86932181845376        0.98840933672459
O           -3.58810792247046        0.90693922637910        2.12021197563859
N           -1.86086067149107        0.55694645698343        0.70704321571069
C           -0.85045115309538        0.56979189256402        1.70994918549159
C            0.45255731285331        1.28146028477604        1.30303354711131
O            0.74773706466019        2.35670665518108        0.88683929019015
N            1.17092160400128        0.11671233896130        1.48279919194692
C            2.50670354041464       -0.21278561919162        1.65499600974646
C            3.40324383355659        0.73665056976226        0.90247935119835
O            3.79668731758799        0.22752915497461       -0.32366801387219
O            3.66595806972881        1.84466902883236        1.22865515434202
C            2.86834212005988       -1.30268731120442        2.34410869269326
C            4.28102906106499       -1.77821294728217        2.46985727685914
S            5.45972083235811       -1.08720697089448        1.26141965729107
C            4.43258373971202       -1.03493987698231       -0.29016149389527
N            3.52954126036483       -2.10867037394741       -0.25950701743804
C            2.48841253363355       -2.53596555393253       -0.65911644644800
O            1.49936243336769       -3.07960841469536       -0.87757028970239
C            3.79410727080075       -1.91959171766155       -3.10081373222208
O            2.97490520533356       -2.37423713354199       -3.78489412081522
N            4.69439185206627       -1.30363625594871       -2.61296461049746
N            5.33142660890814       -1.17888722231753       -1.39668382228857
C            6.37981992215896       -0.16992425527215       -1.46914987753479
C            1.87483511270279       -2.20515540813214        3.02260225191968
S            0.31422892555578       -1.39010342616385        3.51763711104049
C            0.03653707715284       -0.69114756981609        1.86300579501517
C           -5.40260751956098        1.16213732652856       -0.18087519400638
C           -6.15105741023456        0.86530505124552        0.92698671764916
S           -7.83012201069588        0.98369976386311        0.58615558881589
C           -7.39145031440878        1.43351125892058       -1.07986401092817
N           -8.34904223223622        1.76397681410440       -1.97544214529467
N           -6.13285350471509        1.47051214285045       -1.29821986847048
H           -2.21709875130448        2.93246919003593       -3.05541743016055
H           -2.21318997915561        1.25946833143084       -3.67237226148697
H           -3.40829074453118        2.43437219577204       -4.28927566119375
H           -1.59273983682791        0.67655165760214       -0.26230461396496
H           -1.28937807442902        0.90899035975221        2.65307981827937
H            4.71370528831727       -1.49488504518619        3.43378714067206
H            4.31621005911569       -2.86649444556790        2.37984173037648
H            6.87917223759846       -0.29269883765409       -2.42809878307929
H            5.98884022459714        0.84807149506452       -1.38718414967228
H            7.08728847808138       -0.36205579643421       -0.66339685944741
H            2.29534286935335       -2.59562127637789        3.94899507935813
H            1.61877016422263       -3.04881953992057        2.37474054955851
H           -0.17704855781064       -1.50130121094215        1.16061174465056
H           -5.80740814393893        0.60453353119025        1.90547494218352
H           -8.04716001982644        1.82597239252973       -2.93395620199479
H           -9.28617077284353        1.44088637051793       -1.80777559743531
52
 energy: -108.255542181356 gnorm: 0.020372087550 xtb: 6.7.1 (6d44803) iter: 95
C           -2.84967682770265        2.10428155558637       -3.41406818164820
O           -3.82481179188266        1.75251675781670       -2.45335858522212
N           -3.23267665539059        1.42516937835995       -1.26717407340607
C           -3.96061909623431        1.15520227716885       -0.24362593636731
C           -3.16271682681968        0.87381359423789        0.99214794948447
O           -3.59178407908862        0.91668722651493        2.12414117053352
N           -1.86618411906982        0.55864225995895        0.71009133699483
C           -0.85384194339551        0.57516289768504        1.71043373717347
C            0.44857756339893        1.28695097475212        1.30045106541113
O            0.74438130507709        2.36112545367242        0.88395626151133
N            1.16750923929006        0.12273666114084        1.47927237858041
C            2.50121585160468       -0.21551854935690        1.64448773246588
C            3.40321359936082        0.72844089905587        0.89325489594801
O            3.83229301856360        0.21725962113379       -0.31897519920247
O            3.68536059242320        1.83007277832235        1.22121137669937
C            2.86091041517992       -1.30392974148673        2.33686403984445
C            4.27180421260887       -1.78785839373211        2.46391302915680
S            5.47107348742619       -1.12191762256114        1.26190234819568
C            4.45544469408459       -1.04824377404818       -0.28987522730097
N            3.54561631679590       -2.11551810123740       -0.27550003699997
C            2.46204133318573       -2.48725882931916       -0.62252758649377
O            1.50878437442642       -3.06645809037291       -0.88684784837565
C            3.80381334864752       -1.90259082391337       -3.10455275721128
O            2.98003675140083       -2.34384784693874       -3.78988999907910
N            4.70984260933599       -1.29781262343477       -2.61199839714747
N            5.35218581835725       -1.18294335602090       -1.40072927865691
C            6.39626328825965       -0.17018960604143       -1.47237361536936
C            1.86788459646894       -2.20003948005641        3.02292928306337
S            0.31222422533364       -1.37899012965976        3.52025186279234
C            0.03403686230422       -0.68479062614841        1.86360840317578
C           -5.40746761492178        1.16068812151031       -0.17837777516633
C           -6.15623172181984        0.86413694370017        0.92932990731456
S           -7.83510664752506        0.98250375280121        0.58789939027740
C           -7.39579022071043        1.43189481811045       -1.07833817476573
N           -8.35312872784830        1.76216249436812       -1.97398152556604
N           -6.13719491412064        1.46856188176008       -1.29605261409456
H           -2.22152786502853        2.92347082942618       -3.05530968214536
H           -2.21683321488115        1.24923186183025       -3.66837009209350
H           -3.41146612501964        2.42257367322070       -4.28904852896061
H           -1.60017102651010        0.67438886322987       -0.26025252318910
H           -1.29228746800617        0.91522751883154        2.65383250536773
H            4.69750163900936       -1.50993932151720        3.42948884033789
H            4.29729287724868       -2.87465403152234        2.37481628464890
H            6.90461111286035       -0.30505035546235       -2.41621960455632
H            6.00168840260739        0.84157526737329       -1.40563198843172
H            7.09012814751674       -0.34406147271671       -0.65771831676712
H            2.29168696548461       -2.58811448131491        3.94874579687911
H            1.60626704787591       -3.04595655768395        2.38142508490114
H           -0.17947722565819       -1.49752542409303        1.16469666534421
H           -5.81270900466216        0.60371939187257        1.90796279821230
H           -8.05172799772536        1.82568681272096       -2.93246389452936
H           -9.29025958216133        1.43932567239160       -1.80657170158144
52
 energy: -108.256339118294 gnorm: 0.007247908001 xtb: 6.7.1 (6d44803) iter: 96
C           -2.85103595461683        2.10122843530109       -3.41400684510691
O           -3.82639825664470        1.75023725141753       -2.45322733010856
N           -3.23441546894365        1.42436231172155       -1.26657498318042
C           -3.96233035761369        1.15530844931954       -0.24272929411884
C           -3.16409254568862        0.87539677887087        0.99315075941785
O           -3.59256475514157        0.92004632858799        2.12526356861479
N           -1.86779537666585        0.55943756741808        0.71068104964798
C           -0.85452107552443        0.57667612049214        1.71008475046073
C            0.44796714027738        1.28754051096383        1.29846249153663
O            0.74456307613842        2.36178850285930        0.88178164937003
N            1.16668152931315        0.12292757930410        1.47685259562417
C            2.50078671864675       -0.21675299905762        1.64069276729314
C            3.40929406293845        0.72593287860254        0.89674000908071
O            3.83562537662771        0.21565740915763       -0.31592260311482
O            3.68076243753389        1.83202753307021        1.21926465136523
C            2.86010099796527       -1.30488301362171        2.33370357087738
C            4.27022817362596       -1.79239695568972        2.46057351612492
S            5.47621759376096       -1.13080603146144        1.26157613006008
C            4.45961665565012       -1.04965877547450       -0.28895914478481
N            3.55156673118094       -2.11892501638517       -0.27631230764620
C            2.48495571824382       -2.50686426910070       -0.64876852638273
O            1.48605400547899       -3.03152032574953       -0.86216433141166
C            3.80768542963164       -1.89811320404122       -3.10516626383165
O            2.98058318965940       -2.33470557475537       -3.79102549952255
N            4.71478556320082       -1.29683858834661       -2.61154905575990
N            5.35710458100608       -1.18310870333738       -1.40015127084124
C            6.40135394470657       -0.17003907790719       -1.47115133045635
C            1.86641966933511       -2.19814370609820        3.02294975616965
S            0.31197716641759       -1.37509797684521        3.52092158115787
C            0.03295987071985       -0.68341013968755        1.86332483825020
C           -5.40914951868719        1.16054690031499       -0.17750999205263
C           -6.15795861925190        0.86397707522036        0.93018459973797
S           -7.83682156915084        0.98204537099259        0.58860103915886
C           -7.39742301360773        1.43145031938434       -1.07768787182450
N           -8.35472292852376        1.76160584421183       -1.97336776454021
N           -6.13880756019397        1.46817832077440       -1.29528284468072
H           -2.22293169012938        2.92069130433319       -3.05568528888196
H           -2.21815303529039        1.24592543222623       -3.66744449137802
H           -3.41255405278059        2.41883608974389       -4.28943369555937
H           -1.60266338670820        0.67374598790255       -0.26010945707250
H           -1.29208843764409        0.91745359696797        2.65363383475466
H            4.69517316610981       -1.51418338568964        3.42697440345360
H            4.29151805698975       -2.88006105633966        2.37330969088844
H            6.91534314573771       -0.31026534585648       -2.41363533565469
H            6.00366970127891        0.84282295172835       -1.41218213147873
H            7.09089518300966       -0.34085358339349       -0.64979413237898
H            2.29092181439980       -2.58543592404818        3.94888254134671
H            1.60308112679800       -3.04483272480490        2.38284361166987
H           -0.18175588433753       -1.49695026099413        1.16569615531938
H           -5.81444043271001        0.60361130646541        1.90883702669052
H           -8.05335519387066        1.82554418728601       -2.93184929960124
H           -9.29191371270224        1.43884529396173       -1.80601449671496
52
 energy: -108.256518835285 gnorm: 0.005481641761 xtb: 6.7.1 (6d44803) iter: 97
C           -2.85420203081533        2.09414870389057       -3.41400233630137
O           -3.82996557659280        1.74497674582430       -2.45294218411795
N           -3.23807953353482        1.42242056147673       -1.26536321084786
C           -3.96568981377420        1.15529641972775       -0.24078381839912
C           -3.16642717090131        0.87894354104362        0.99533977703202
O           -3.59385533288139        0.92740278072296        2.12766007354917
N           -1.87052512690908        0.56143294607740        0.71220219513237
C           -0.85528557653319        0.58038778447492        1.70972145949442
C            0.44719443208686        1.28977822890895        1.29520402465987
O            0.74476621235993        2.36358714025533        0.87767687215923
N            1.16551200960500        0.12464382968772        1.47384100896746
C            2.49951581471244       -0.21853548845420        1.63433031340767
C            3.41322586192207        0.72235079918804        0.89564582918380
O            3.85034673111404        0.21186751721506       -0.31275692818020
O            3.67897674961893        1.83088939753765        1.21611541420695
C            2.85788493451858       -1.30695104852138        2.32808416540069
C            4.26569828384982       -1.80171897559386        2.45688256188002
S            5.48177599417386       -1.14970431639985        1.26182311755217
C            4.47036532764390       -1.05522006520353       -0.28992292945593
N            3.56021018191239       -2.12360825835490       -0.28637130658812
C            2.48337119135088       -2.49497046143106       -0.64853959276886
O            1.46850940693719       -2.99857531384065       -0.84720690617309
C            3.81240739730349       -1.88277787983658       -3.10766194509082
O            2.98915752703291       -2.31897004458628       -3.79870345838372
N            4.72569956775782       -1.29296282727920       -2.61226925023972
N            5.36960715261657       -1.18586381838934       -1.40132008476130
C            6.41358075201783       -0.17174732920333       -1.46946672639582
C            1.86340542849012       -2.19597853322029        3.02225396705613
S            0.31286330774464       -1.36719742236319        3.52242701654397
C            0.03146808160794       -0.67994100469284        1.86346740049455
C           -5.41250951824435        1.15997935405840       -0.17552724254659
C           -6.16135759755497        0.86335141067459        0.93214679315997
S           -7.84023524300685        0.98078424360125        0.59035482537097
C           -7.40080722098452        1.43024439522677       -1.07604855915210
N           -8.35811172055686        1.76016320911021       -1.97174788210126
N           -6.14216426076656        1.46720488944628       -1.29342458178585
H           -2.22620461489021        2.91421803389895       -3.05680110287276
H           -2.22122770821220        1.23830584726027       -3.66547616003088
H           -3.41521308618019        2.41015928346453       -4.29034369088621
H           -1.60721733069080        0.67237629580095       -0.25953146307416
H           -1.29128818048768        0.92297470765556        2.65332805649039
H            4.68941526681582       -1.52515001459216        3.42480694569389
H            4.27951389909829       -2.89010505496541        2.37050257965834
H            6.94075093054028       -0.32205553774699       -2.40527457960773
H            6.01218724123602        0.84217403564752       -1.42732273651507
H            7.09295139413616       -0.33325368874699       -0.63587123996681
H            2.28939041391634       -2.58141823209559        3.94835356796424
H            1.59583808600867       -3.04403603200983        2.38541249362003
H           -0.18515115127816       -1.49505002525076        1.16824986923364
H           -5.81781680339078        0.60319097959221        1.91085239781822
H           -8.05687698332151        1.82501568013978       -2.93021765850947
H           -9.29537899666603        1.43752361108467       -1.80450415099119
52
 energy: -108.256590093169 gnorm: 0.021512246045 xtb: 6.7.1 (6d44803) iter: 98
C           -2.86416641886556        2.07189214176764       -3.41419439373776
O           -3.84114968863973        1.72842883267506       -2.45217288202277
N           -3.24946487518061        1.41593924343940       -1.26184180513226
C           -3.97594704782678        1.15504335941982       -0.23484405607320
C           -3.17336431658793        0.88968824884288        1.00203533119866
O           -3.59759281862741        0.95017505126129        2.13492648500745
N           -1.87865833466236        0.56748200480314        0.71688705181937
C           -0.85712005124837        0.59161230115272        1.70844092083563
C            0.44533433473231        1.29568878372003        1.28410972898482
O            0.74573371583426        2.36768574869885        0.86292697723196
N            1.16204995755428        0.12875261367235        1.46450030914485
C            2.49587799143058       -0.22436587769459        1.61427709643282
C            3.42258617638086        0.71218957621289        0.88926535559061
O            3.89325869991043        0.20088932243715       -0.30564879135362
O            3.66662537609838        1.82910390085351        1.20353676457895
C            2.85150748572890       -1.31392115529650        2.30983632402887
C            4.25186543797278       -1.83041090394985        2.44431413851666
S            5.49681196974211       -1.20453855888836        1.26166097741121
C            4.50103302052241       -1.07180942182649       -0.29451350505508
N            3.58396862887085       -2.13728692235196       -0.31874053899910
C            2.47173081295716       -2.45135982686979       -0.63972053740566
O            1.42199643892727       -2.90398280336858       -0.80645057113402
C            3.85310958117684       -1.86143543496985       -3.12529558656730
O            2.98733767362172       -2.23759399177080       -3.80692185593643
N            4.77185531699118       -1.29297742663746       -2.61777689402261
N            5.40970701681777       -1.19500874592748       -1.40297449855736
C            6.45086206577161       -0.17615476969713       -1.46118566784701
C            1.85425988007953       -2.18969740870667        3.01952690694179
S            0.31587593406726       -1.34341430542119        3.52746224113373
C            0.02684610603888       -0.66980788048056        1.86446623128806
C           -5.42277647639041        1.15830224599490       -0.16913811416415
C           -6.17160649152290        0.86109507561836        0.93843491536808
S           -7.85060679911558        0.97684357955023        0.59627322033426
C           -7.41127978782762        1.42711270781793       -1.07033836810277
N           -8.36863934335740        1.75672926496956       -1.96591393677706
N           -6.15256894508007        1.46484389868921       -1.28719052672721
H           -2.23643587397374        2.89380891986112       -3.06051050950681
H           -2.23102349267307        1.21432746253400       -3.65961576854155
H           -3.42363446319106        2.38300313649351       -4.29332799698861
H           -1.62114625124060        0.66740262129489       -0.25784671792092
H           -1.28769350694369        0.94087209635219        2.65204966838986
H            4.67283987716894       -1.55936836373683        3.41677453866184
H            4.24392221239031       -2.92084091289766        2.36014835693386
H            7.02422861752176       -0.36055214784444       -2.37268531596526
H            6.03800647064441        0.84092557963606       -1.47817221335977
H            7.09524263219979       -0.30472170361959       -0.58683653049039
H            2.28517036488538       -2.56961314644597        3.94584446950764
H            1.57335206917224       -3.04176547075721        2.39276436905514
H           -0.19620766289060       -1.48976324390241        1.17686211106536
H           -5.82791652238371        0.60125215570002        1.91720019464787
H           -8.06778239420384        1.82465898093698       -2.92431895910051
H           -9.30621530282125        1.43464256857076       -1.79906714263398
52
 energy: -108.256888289248 gnorm: 0.011982906907 xtb: 6.7.1 (6d44803) iter: 99
C           -2.86757011907054        2.06435621438210       -3.41523344632343
O           -3.84458377278965        1.72323087488422       -2.45232597469886
N           -3.25251446931271        1.41405644837283       -1.26132741685665
C           -3.97824648060284        1.15560465712577       -0.23322888075443
C           -3.17433930368783        0.89374908500581        1.00376709601556
O           -3.59758379415300        0.95787624115170        2.13678431524504
N           -1.88000587231647        0.57027075769854        0.71802299651247
C           -0.85655501801281        0.59544494624795        1.70778079847876
C            0.44623130255901        1.29690460410928        1.28013484035768
O            0.74741203081763        2.36784370258189        0.85691798535824
N            1.16189345786266        0.12924823658822        1.46236782509614
C            2.49565748576980       -0.22572416936001        1.61011647568804
C            3.42356219497470        0.71229127328164        0.88855508477562
O            3.90378622923817        0.20265706128814       -0.30266919768076
O            3.65816045982126        1.83140663533791        1.20296908933677
C            2.84992733388136       -1.31656614116387        2.30481510403215
C            4.24796154441766       -1.83847943001842        2.44010230742989
S            5.49969181191356       -1.21619324569506        1.26248486560206
C            4.50600077046129       -1.07257229399932       -0.29419057424117
N            3.58389884673255       -2.13447090776172       -0.32353080660478
C            2.46634975096552       -2.43394348981572       -0.63435087724399
O            1.42372987782061       -2.88820533576337       -0.80949182993838
C            3.83977595819276       -1.82909476953911       -3.12139731502469
O            3.01773814074165       -2.24653547976988       -3.82507671795727
N            4.77441771323864       -1.28287911866284       -2.61653787088239
N            5.41578268652156       -1.19719891239010       -1.40210948878205
C            6.46112942185348       -0.18261020084193       -1.45693024434304
C            1.85109457674950       -2.18857066925047        3.01793089265122
S            0.31618084741292       -1.33765177297478        3.52874681158179
C            0.02582608749756       -0.66684553018575        1.86502940335865
C           -5.42508931363517        1.15857010637301       -0.16676159838145
C           -6.17349727950408        0.86124056544491        0.94104472732285
S           -7.85270144929573        0.97617091536030        0.59929921520310
C           -7.41401943815433        1.42647033580127       -1.06753107044773
N           -8.37169291455415        1.75565715597925       -1.96291489323979
N           -6.15536406982679        1.46466551506462       -1.28466501679700
H           -2.23970188497133        2.88693497528853       -3.06329622736624
H           -2.23460951947610        1.20609024420867       -3.65866232260923
H           -3.42691583686852        2.37362721408430       -4.29510109678176
H           -1.62418561846491        0.66653724431107       -0.25755624810531
H           -1.28505270433016        0.94758690442702        2.65123663323646
H            4.66885645516404       -1.57062367522803        3.41388159425236
H            4.23550583631290       -2.92897213372960        2.35494761415341
H            7.04439994608556       -0.37353042470097       -2.36138867019745
H            6.05245987700391        0.83588964458460       -1.48624592815347
H            7.09660294493604       -0.30645533162139       -0.57594343870772
H            2.28323750468478       -2.56818405394614        3.94376934525026
H            1.56626452277754       -3.04077945290414        2.39314765243394
H           -0.19948910082148       -1.48780315125096        1.17934160148353
H           -5.82946678612910        0.60174052390931        1.91979208389036
H           -8.07107477658293        1.82408914231129       -2.92135731171355
H           -9.30927709389177        1.43367946528457       -1.79588089492755
52
 energy: -108.257046824200 gnorm: 0.004209963951 xtb: 6.7.1 (6d44803) iter: 100
C           -2.86869734197098        2.06173463955314       -3.41674876680289
O           -3.84519810911691        1.72176329476093       -2.45292989055078
N           -3.25246018107590        1.41360564927756       -1.26202366807281
C           -3.97763309395187        1.15624979542679       -0.23334445589253
C           -3.17336048446266        0.89513837759239        1.00353762327782
O           -3.59650998173904        0.95973762720291        2.13649158734929
N           -1.87919764076997        0.57159517621638        0.71774180632511
C           -0.85563125370334        0.59659477322437        1.70720272775377
C            0.44772629339876        1.29618704616251        1.27829850644774
O            0.74887339672636        2.36598850162992        0.85294600194601
N            1.16232347836352        0.12825322026885        1.46237428076327
C            2.49571324856988       -0.22666448877428        1.61068706313081
C            3.41976328828450        0.71339259852170        0.88572515994636
O            3.90339128661663        0.20497654491491       -0.30388746596764
O            3.65453004204928        1.83109490034027        1.20214234330406
C            2.84892273959388       -1.31769702899232        2.30529014018693
C            4.24692841562450       -1.83790981651136        2.44003832586676
S            5.49617692154190       -1.21113153954441        1.26411423932397
C            4.50405694230639       -1.07054506130779       -0.29393253071975
N            3.57959334944396       -2.12942544542459       -0.32187935288091
C            2.46871949133364       -2.43255957802049       -0.63721997495729
O            1.42951305688025       -2.88974368421755       -0.81651614402263
C            3.84568088194754       -1.83145001644943       -3.12283447312754
O            3.01331665006158       -2.23707105057881       -3.82172394091431
N            4.77787902465737       -1.28399944722316       -2.61657564384547
N            5.41474174896323       -1.19675619652958       -1.39993442563937
C            6.46197376850329       -0.18516721292124       -1.45329981698944
C            1.84954888593825       -2.18959167179526        3.01715309309978
S            0.31502358539651       -1.33871227366414        3.52853350679659
C            0.02559248036517       -0.66642613808595        1.86544590928931
C           -5.42444598529899        1.15932990906674       -0.16602256019593
C           -6.17222056647983        0.86209021661093        0.94218797658064
S           -7.85164515168472        0.97658577237739        0.60121461693594
C           -7.41384555631933        1.42658293489951       -1.06585357651253
N           -8.37194704420497        1.75529997042778       -1.96096161800940
N           -6.15532154875000        1.46502716631460       -1.28364131540870
H           -2.24055744870546        2.88457515049379       -3.06606476805541
H           -2.23601259397578        1.20316638425091       -3.65965051713335
H           -3.42854143746004        2.37015271699441       -4.29654244333471
H           -1.62340497796364        0.66714288150595       -0.25775060506839
H           -1.28337146252976        0.95023817451626        2.65044608724647
H            4.66722835426634       -1.57280068643175        3.41408394625206
H            4.23752120705074       -2.92717339373057        2.35159691490714
H            7.03845930020866       -0.37035133682405       -2.35680365584685
H            6.06015672965747        0.83111185729706       -1.47426292338398
H            7.09954198825644       -0.31347580897560       -0.58073217187473
H            2.28163135405770       -2.57093007297369        3.94216758420213
H            1.56449218808699       -3.04038860833912        2.39138687741605
H           -0.20029175635086       -1.48703010390682        1.17971873652125
H           -5.82773553910172        0.60289999104251        1.92085751139641
H           -8.07161195011205        1.82324976944082       -2.91949668932602
H           -9.30937999246661        1.43323662080588       -1.79346817174615
52
 energy: -108.257287785095 gnorm: 0.006880917312 xtb: 6.7.1 (6d44803) iter: 101
C           -2.87740812282573        2.04231932047362       -3.42011840276883
O           -3.85345495971401        1.70823299410916       -2.45367947248973
N           -3.25932115256110        1.40827086742240       -1.26136914137358
C           -3.98252262844224        1.15700617372879       -0.22991225941613
C           -3.17539331787626        0.90411602328400        1.00716357740367
O           -3.59630247055235        0.97713929598196        2.14041417242606
N           -1.88230053610273        0.57777481945924        0.71991472769410
C           -0.85450696372196        0.60564012739829        1.70496643879692
C            0.45001669373068        1.29775031034355        1.26681266938980
O            0.75267767314690        2.36380008884925        0.83391023069876
N            1.16133419579080        0.12817890265208        1.45631044127846
C            2.49387675010235       -0.23274921621933        1.59928197398351
C            3.41802705802546        0.70902002143630        0.87582054325350
O            3.93029905436414        0.20298694217928       -0.30189750091330
O            3.63767825081897        1.82977747436188        1.19233634918540
C            2.84313037688809       -1.32462275633333        2.29509356073447
C            4.23666081576739       -1.85509840947188        2.43126344407537
S            5.49965843660199       -1.23551542580340        1.26697878250878
C            4.52033370768298       -1.07684452820882       -0.29689427690488
N            3.58791348166053       -2.12912571034015       -0.34585470881090
C            2.45699312287184       -2.39459186568485       -0.63265171216950
O            1.40102067466402       -2.82320842208001       -0.79658683198575
C            3.86973877985852       -1.80717295483252       -3.13216711230068
O            3.02267796635561       -2.18595989842062       -3.83006031235498
N            4.81030029706152       -1.28034099616784       -2.61925044018642
N            5.43813206461041       -1.20098355412924       -1.39717760075628
C            6.48905018449218       -0.19397213615857       -1.44034719009417
C            1.84069870390614       -2.18821404116233        3.01363690310717
S            0.31465421131998       -1.32641623729789        3.53136046653216
C            0.02243637562299       -0.65966612019597        1.86695163404524
C           -5.42927065488606        1.15946058114194       -0.16037796157372
C           -6.17558762602134        0.86172988935123        0.94860302664897
S           -7.85558606085340        0.97441613086802        0.60922333230460
C           -7.41986535648200        1.42470520133175       -1.05838503444891
N           -8.37897093099660        1.75247279720766       -1.95268750167812
N           -6.16159465323239        1.46424641666573       -1.27733019197389
H           -2.24885600125794        2.86687724394159       -3.07430358627467
H           -2.24518260252280        1.18208410228652       -3.65825996389827
H           -3.43747281399718        2.34591016323542       -4.30141311139651
H           -1.63019298663506        0.66491060383532       -0.25732209278372
H           -1.27705660921575        0.96687738863823        2.64776724917753
H            4.65409052720651       -1.59965902681235        3.40883636013049
H            4.21931425332102       -2.94333876573294        2.33741388149539
H            7.08632155610477       -0.39486677012304       -2.32499249835379
H            6.09203532620437        0.82144228654411       -1.48733607135698
H            7.10424718126272       -0.30878086498061       -0.55209796061434
H            2.27557525541166       -2.57025763094664        3.93694678128614
H            1.54663072212609       -3.03837148179839        2.39171273822771
H           -0.20893299991276       -1.48254023447803        1.18585684674230
H           -5.82997594320750        0.60314867831797        1.92705224959837
H           -8.07950890236492        1.82149303208216       -2.91138781734647
H           -9.31626040364140        1.43051017016681       -1.78448662651426
52
 energy: -108.257574555479 gnorm: 0.012325677599 xtb: 6.7.1 (6d44803) iter: 102
C           -2.89272768992795        2.00941741994870       -3.42764119395072
O           -3.86714925763069        1.68593935600688       -2.45564538631508
N           -3.26980043064477        1.39943709641415       -1.26152562481220
C           -3.98906710651171        1.15897892632099       -0.22488089635419
C           -3.17682934243020        0.91915910573836        1.01210210121608
O           -3.59371128317291        1.00550501819232        2.14590063854041
N           -1.88556196106979        0.58891058693176        0.72219469091756
C           -0.85089699037393        0.62064221743654        1.69999791061066
C            0.45577826475504        1.29854225192669        1.24504144030909
O            0.76053271281062        2.35744317476218        0.79637515448841
N            1.16071563481471        0.12608391115736        1.44566364101322
C            2.49228781667918       -0.24301785489453        1.58163836967548
C            3.41476352719263        0.70547193335465        0.86225490918267
O            3.96574934425432        0.20751530898199       -0.29891378790304
O            3.59888065269982        1.83424611484205        1.17888692431566
C            2.83454449578217       -1.33696684321561        2.27886679500663
C            4.22071204116376       -1.88378565616313        2.41637090189105
S            5.49931276736237       -1.26569821185463        1.27074855744659
C            4.53861455121283       -1.08015893878401       -0.30313565532745
N            3.59227266313491       -2.12027902412453       -0.38214426280219
C            2.43808219282464       -2.33354851545148       -0.62663719426075
O            1.36317114058204       -2.72357766903752       -0.77066012337767
C            3.90680382190207       -1.76451276935123       -3.14569651754245
O            3.04367753723340       -2.10830196714421       -3.84456398377004
N            4.86350018636222       -1.27490522250086       -2.62407495567630
N            5.47107311651521       -1.20600054760436       -1.38984909666892
C            6.53334324912247       -0.21107388965997       -1.41393166856539
C            1.82660958079927       -2.18831549451640        3.00598607386596
S            0.31513402313306       -1.30773335252264        3.53486303462703
C            0.01759619966995       -0.64934597703935        1.86879694923018
C           -5.43564593468842        1.16076662112655       -0.15036876235745
C           -6.17852310928913        0.86202688116815        0.96051187596566
S           -7.85980895500540        0.97143905077137        0.62517745329190
C           -7.42903049901993        1.42235198536957       -1.04355558815131
N           -8.39051624423684        1.74828699784376       -1.93593225959486
N           -6.17135498569166        1.46410616152248       -1.26556286590762
H           -2.26293871592635        2.83696632517272       -3.09118441616921
H           -2.26169243530184        1.14617378527196       -3.65798499189473
H           -3.45406748193746        2.30448304718121       -4.31105039117053
H           -1.63930148801705        0.66227809598818       -0.25775476660171
H           -1.26366169179657        0.99580892252359        2.64185068867740
H            4.63505672184215       -1.64570529062505        3.40035811124153
H            4.19174473444542       -2.97087659621443        2.31000545941604
H            7.17151718027252       -0.44423465387023       -2.26634908656378
H            6.14649071551267        0.80733345630975       -1.51037278081426
H            7.10674162183341       -0.30544677663171       -0.49259723478592
H            2.26484652001911       -2.57415417275276        3.92605921355328
H            1.51724900957588       -3.03554482368803        2.38766279458635
H           -0.22399129471901       -1.47520442636546        1.19462262779728
H           -5.83026039491654        0.60445705613969        1.93831566460720
H           -8.09288706617750        1.81842748314682       -2.89510414176527
H           -9.32737866506354        1.42619138237775       -1.76585334838421
52
 energy: -108.257831468957 gnorm: 0.007563749025 xtb: 6.7.1 (6d44803) iter: 103
C           -2.90456789428837        1.98502751395191       -3.43585885228470
O           -3.87644940915763        1.67039319776421       -2.45820215324220
N           -3.27548842375978        1.39357621359431       -1.26352976177090
C           -3.99120670666299        1.16154751386365       -0.22262555728872
C           -3.17524642221944        0.93023966122019        1.01372298670175
O           -3.58911348138733        1.02453844660736        2.14794283333225
N           -1.88540891134967        0.59805993214967        0.72175332660999
C           -0.84676021020333        0.63159310901999        1.69488413874584
C            0.46173643692995        1.29750611221323        1.22692843850010
O            0.76709874070864        2.34961210819555        0.76277641061235
N            1.16125589178899        0.12339105189777        1.43798104792098
C            2.49187034568270       -0.25059334350365        1.57190229439481
C            3.41115469726044        0.70517459936212        0.85474533033828
O            3.98357330249175        0.21741466452951       -0.29660624890709
O            3.57039844467461        1.83784601197800        1.17326382751370
C            2.82770011777953       -1.34607169333879        2.27028755729954
C            4.20964373208613       -1.90246858029142        2.40604989863371
S            5.49410020619419       -1.27563513216659        1.27476575826514
C            4.54499165498932       -1.07585079888235       -0.30676346539759
N            3.58820698696080       -2.10489425604654       -0.40445834948774
C            2.42720183676863       -2.29430178539242       -0.62630549939699
O            1.34538321788556       -2.66482380845545       -0.76015170813635
C            3.92800297325859       -1.73197109966676       -3.14997046178275
O            3.06544108740529       -2.06556754065434       -3.85173194131757
N            4.89663544016671       -1.26848384429331       -2.62590514745623
N            5.48712208139167       -1.20535834861940       -1.38207666649334
C            6.56211678022573       -0.22402824823792       -1.39114710018016
C            1.81518016034437       -2.19080065934130        2.99874333779901
S            0.31401779093443       -1.29759199633229        3.53571481556220
C            0.01459102643735       -0.64238505753724        1.86929518194706
C           -5.43751528751796        1.16315429181928       -0.14302879808644
C           -6.17647944511936        0.86399714273948        0.97024609929148
S           -7.85908886082277        0.97058343320605        0.63972938986278
C           -7.43389956295417        1.42119878885009       -1.03037263886407
N           -8.39812992634315        1.74497357153771       -1.92060551933421
N           -6.17694411156090        1.46485400591194       -1.25620255702506
H           -2.27318280454709        2.81489638375749       -3.10808525290041
H           -2.27490683260957        1.11936918004663       -3.66077523153229
H           -3.46824095875754        2.27313963361126       -4.32010333973550
H           -1.64240894944026        0.66297135134066       -0.25949767517620
H           -1.25197468829059        1.01741972058953        2.63571907227374
H            4.62164177636490       -1.67995664700753        3.39495768561028
H            4.17549763515540       -2.98825967338195        2.28596888013719
H            7.21881281436559       -0.47527072077556       -2.22322802355114
H            6.19041414313824        0.79705042011918       -1.50989484551718
H            7.11044751675092       -0.31351472775564       -0.45506850032475
H            2.25397167138130       -2.58385062149647        3.91549095443617
H            1.49537814008018       -3.03298719929571        2.37900686799133
H           -0.23458713260438       -1.46910115531007        1.19874793737705
H           -5.82516669895222        0.60758048773801        1.94727793970264
H           -8.10257580002629        1.81450441955937       -2.88045463458375
H           -9.33424513106729        1.42215497052496       -1.74797108109999
52
 energy: -108.258066432648 gnorm: 0.007703109291 xtb: 6.7.1 (6d44803) iter: 104
C           -2.91958643743575        1.95537299020427       -3.44652817760744
O           -3.88783065078218        1.65194949136745       -2.46164908873722
N           -3.28219276836504        1.38691801381386       -1.26661516590228
C           -3.99374855841538        1.16478175894301       -0.22082137905391
C           -3.17360376587907        0.94330342064721        1.01435737389698
O           -3.58338097524354        1.04602601415774        2.14932314962426
N           -1.88558951774346        0.60894966476093        0.71955844709773
C           -0.84293098703252        0.64527024696517        1.68751395671092
C            0.46687239544685        1.29740189750977        1.20405717278074
O            0.77209544884135        2.34031075700396        0.71925844727449
N            1.16093977982355        0.12256888302690        1.42716246401356
C            2.48989632676108       -0.25943386319610        1.55899242386931
C            3.41186010256034        0.70203388649951        0.85026263006717
O            4.00832179764954        0.22793354009778       -0.29004828636047
O            3.55198701955566        1.83557006431008        1.17166087791248
C            2.81730533888877       -1.35621726402819        2.25984318532401
C            4.19454139068056       -1.92668639230131        2.39293616756887
S            5.49085746842438       -1.29369742887655        1.27996716041857
C            4.55658880297267       -1.07203338483929       -0.30987619629899
N            3.58944930068740       -2.08801841143360       -0.43193589595097
C            2.41833352892680       -2.25036227908405       -0.62210905038474
O            1.32606386705894       -2.59509214342011       -0.73766642886427
C            3.95086549073429       -1.69094577420551       -3.15029038439693
O            3.09203961894357       -2.01748022203454       -3.85689539608091
N            4.93309967980536       -1.25734096917650       -2.62567932146634
N            5.50745351961883       -1.20227110436632       -1.37421266840213
C            6.59611585607034       -0.23556516590005       -1.36651530584406
C            1.79931851391183       -2.19287150353022        2.98924673060089
S            0.31146154722129       -1.28352696791274        3.53569363953347
C            0.01076756841601       -0.63258990746926        1.86825250109124
C           -5.43952969157255        1.16609766375896       -0.13490813429829
C           -6.17307330809101        0.86711217651032        0.98195557379989
S           -7.85731744547665        0.97043076793581        0.65828821869205
C           -7.43985615444690        1.41977073195866       -1.01395613858471
N           -8.40796726487120        1.74067490886878       -1.90100689912053
N           -6.18394986822469        1.46529549303181       -1.24527915226864
H           -2.28601161687056        2.78798175191737       -3.13008279523443
H           -2.29164545335327        1.08679266299192       -3.66494033521187
H           -3.48665577282718        2.23471564160437       -4.33143029053450
H           -1.64598666669795        0.66566345921863       -0.26287639174896
H           -1.23970556976627        1.04243872742711        2.62696018385121
H            4.60217048655520       -1.72401952984271        3.38779636730683
H            4.15116178148258       -3.01088269766312        2.25572392567330
H            7.26761222317998       -0.50629615646085       -2.17678732790753
H            6.24302333153989        0.78834206805420       -1.50416227875990
H            7.11908261681523       -0.32098812493163       -0.41744692971205
H            2.23781475399963       -2.59621096703241        3.90181372708936
H            1.46611219754760       -3.02833116858758        2.36698046932630
H           -0.24677232706946       -1.46034493248174        1.20203036363435
H           -5.81734081926355        0.61229387131946        1.95781327673287
H           -8.11570455860109        1.80881224265753       -2.86197879981761
H           -9.34283257612898        1.41639456212871       -1.72446921535516
52
 energy: -108.258240337430 gnorm: 0.008855101332 xtb: 6.7.1 (6d44803) iter: 105
C           -2.93754328092811        1.92296217507464       -3.45966544623815
O           -3.90114469978219        1.63271104562437       -2.46623757063491
N           -3.28982938500086        1.38054321459676       -1.27128147750280
C           -3.99655426047126        1.16920670638087       -0.22003443995990
C           -3.17140742085971        0.95801910338623        1.01322667173358
O           -3.57587941540128        1.06872296031320        2.14936166403398
N           -1.88533654082195        0.62161784348384        0.71481168834069
C           -0.83870654902854        0.66091581920361        1.67762541537666
C            0.47197911873782        1.29776961741127        1.17759197742115
O            0.77702682143317        2.32945480000796        0.66841167687977
N            1.16052239211338        0.12290507437642        1.41445110294286
C            2.48723272995595       -0.26795086976882        1.54541142089622
C            3.41497482046932        0.69997898610326        0.85126249994020
O            4.03398786014420        0.24125198265675       -0.27938650616448
O            3.53851613725082        1.83362061896096        1.17863168125328
C            2.80558808983403       -1.36666690637425        2.24830584463654
C            4.17738313784881       -1.95320132521647        2.37888449689506
S            5.48649302104092       -1.31210652759768        1.28643371940688
C            4.56826201799770       -1.06616334706971       -0.31146944576594
N            3.59028186775412       -2.06695428583865       -0.45578950277310
C            2.41766118340911       -2.21380025068284       -0.61816751454246
O            1.32174034020488       -2.53993410308955       -0.71872369863606
C            3.97801231351222       -1.65090219716783       -3.14928534905874
O            3.11309491925781       -1.95945115612118       -3.85849502717975
N            4.97166738239444       -1.24628988300438       -2.62342434997716
N            5.52831218225910       -1.19758822823607       -1.36430602342524
C            6.63141110831362       -0.24659473404527       -1.33936023234875
C            1.78120014074468       -2.19553035253758        2.97675011080784
S            0.30867596002467       -1.26780892418176        3.53354617162637
C            0.00667745733031       -0.62108437221356        1.86516777536072
C           -5.44162719921096        1.17032870324815       -0.12645131442837
C           -6.16820496451059        0.87247550234107        0.99532179008161
S           -7.85440753997829        0.97230568120859        0.68079087291720
C           -7.44703151308292        1.41888411190709       -0.99452641464293
N           -8.42031407997627        1.73630243786357       -1.87723203793994
N           -6.19250335143111        1.46605646328750       -1.23319551348203
H           -2.30111924975748        2.75846571945570       -3.15669689179181
H           -2.31178157417518        1.05099607403317       -3.67088677469895
H           -3.50894174536784        2.19228531586182       -4.34493053099540
H           -1.64913805633178        0.67125009472778       -0.26870014922944
H           -1.22666171619976        1.06974177241944        2.61530958323398
H            4.58022294748857       -1.77352919750315        3.38022723410725
H            4.12315955249280       -3.03510399629757        2.22078509018609
H            7.31981255086436       -0.53984979507339       -2.12776800356324
H            6.29776448459063        0.78212025057349       -1.49724826255306
H            7.12771160713848       -0.32836643492486       -0.37463315106516
H            2.21804073938848       -2.61154613200425        3.88459092609199
H            1.43291404957485       -3.02241641424185        2.35036782412042
H           -0.25953938218940       -1.44968932899394        1.20335243150514
H           -5.80657604057381        0.61992016261213        1.96961125626793
H           -8.13265901697912        1.80186014203873       -2.83982921709630
H           -9.35342095154779        1.40985738294365       -1.69522508038341
52
 energy: -108.258356864723 gnorm: 0.013655883829 xtb: 6.7.1 (6d44803) iter: 106
C           -2.96078455408362        1.88140039299252       -3.47484221056352
O           -3.91948160302324        1.60738178426891       -2.47176484613825
N           -3.30178312841460        1.37207505486208       -1.27637855188422
C           -4.00265864503971        1.17411356294201       -0.21844090704973
C           -3.17064166042808        0.97725437739944        1.01262207329584
O           -3.56816264740610        1.09950216369257        2.15026854727895
N           -1.88687951739927        0.63755651507773        0.70954882221534
C           -0.83407631037121        0.68132823190890        1.66518916729653
C            0.47801764407627        1.29910405347271        1.14487595724221
O            0.78463027354495        2.31716847148714        0.60813931097384
N            1.15967375633757        0.12359343598362        1.39807606713137
C            2.48322364680183       -0.28008516021266        1.52571684351952
C            3.42069844725931        0.69284786907468        0.85096868635263
O            4.07604362501867        0.24844810680991       -0.26449099185790
O            3.52369208162682        1.82815706531624        1.18477039912286
C            2.79087122755255       -1.38113486738152        2.23111862184675
C            4.15436652666042       -1.98987829838758        2.36038447854759
S            5.48626804434527       -1.35000482450974        1.29413400101575
C            4.59263492845191       -1.06768221196256       -0.31424070077084
N            3.60261918335779       -2.05207251714295       -0.49592214289129
C            2.41146545640134       -2.15886210477971       -0.60345491654837
O            1.29772598769935       -2.44636673600319       -0.67121151256021
C            4.01508208561050       -1.59581774434124       -3.15113045648278
O            3.14430624591353       -1.88124560395930       -3.86470691545865
N            5.02394288992779       -1.22962136287130       -2.62216088167048
N            5.56380818730583       -1.19382749082849       -1.35563222831680
C            6.67997968218875       -0.25817830263280       -1.30851794254605
C            1.75799909567434       -2.19746979712530        2.96201089305118
S            0.30543894977857       -1.24539041564871        3.53158102284307
C            0.00093664101324       -0.60589679821669        1.86146087286213
C           -5.44697339930390        1.17460981416250       -0.11608704585524
C           -6.16561016977454        0.87825356805202        1.01131449923247
S           -7.85402528552850        0.97393521380047        0.70729069843991
C           -7.45827326461344        1.41710950707669       -0.97170433305685
N           -8.43760763721359        1.73060396587550       -1.84921394988948
N           -6.20533442471882        1.46605596704725       -1.21870859180165
H           -2.32131278668423        2.72048082760665       -3.18782035647957
H           -2.33740825376394        1.00525537812668       -3.67640085784925
H           -3.53655431640478        2.13829812922137       -4.36114468918423
H           -1.65606527435420        0.67705309508075       -0.27592551930592
H           -1.21128421607440        1.10494381806763        2.60078766457332
H            4.55059659868353       -1.83711695944827        3.36933184904213
H            4.08366901219356       -3.06839639755938        2.18008607687367
H            7.39232266397286       -0.57598736637379       -2.06845804606783
H            6.36595354412327        0.77354455757825       -1.49375505938677
H            7.14261309098099       -0.33118028575662       -0.32444307873595
H            2.19403868964709       -2.62604956458729        3.86446565393542
H            1.39002644163185       -3.01536636536831        2.33388906521762
H           -0.27631113409008       -1.43661107497382        1.20657503509239
H           -5.79713923728147        0.62855309883660        1.98381999083233
H           -8.15558445254687        1.79383521144518       -2.81370266185096
H           -9.36869372929598        1.40178001272338       -1.66088590364619
52
 energy: -108.258497385328 gnorm: 0.012721989783 xtb: 6.7.1 (6d44803) iter: 107
C           -2.96805280371955        1.87604275416281       -3.48089013433030
O           -3.92449707789179        1.60616739022308       -2.47515764045575
N           -3.30435405362750        1.37302000085901       -1.28108065495371
C           -4.00337296549926        1.17662210297927       -0.22192898033153
C           -3.16898546278817        0.98063830624962        1.00715551114999
O           -3.56398952090268        1.10129354140820        2.14558260641381
N           -1.88518894318651        0.64184755343506        0.70237886368080
C           -0.83237103435943        0.68522522883438        1.65816666890712
C            0.47985044608351        1.29915325257434        1.13779387569110
O            0.78803169859643        2.31264716214849        0.59625410807384
N            1.16078657821548        0.12480266210861        1.39521991294747
C            2.48250617429353       -0.28072904762422        1.52678140909838
C            3.42687410849747        0.69008806772638        0.86182250105072
O            4.07869580510593        0.24573648377076       -0.25511046023640
O            3.54214589540013        1.82125940815869        1.20206564852851
C            2.78832343177868       -1.38316919369667        2.23075352028268
C            4.15032515424359       -1.99389549088218        2.35926862163659
S            5.48605264490732       -1.35520999484495        1.29750801693499
C            4.59771342706289       -1.06904991836456       -0.31060698872829
N            3.61085897509019       -2.05222974342418       -0.49882436212063
C            2.42177949139431       -2.16863900313038       -0.59534087143027
O            1.31035537497093       -2.46036055976718       -0.65635504752763
C            4.01977914867703       -1.59275992508118       -3.14474090295000
O            3.15335859024250       -1.88274980166696       -3.85857611805850
N            5.02277503549810       -1.22143858839985       -2.61754784290259
N            5.56691786547182       -1.18778269773345       -1.35434858333217
C            6.68064565444382       -0.25213772509119       -1.30463208613652
C            1.75231701167559       -2.19968632741635        2.95621114873321
S            0.30273081750559       -1.24495404172163        3.52572516317135
C            0.00070383029637       -0.60293489272020        1.85634107946153
C           -5.44737467743877        1.17740748462444       -0.11644541370966
C           -6.16265276736792        0.88374565336049        1.01387617927790
S           -7.85173311586150        0.97921825924801        0.71503665977469
C           -7.46119398771870        1.41851567187808       -0.96610458229977
N           -8.44350009276109        1.73071148541262       -1.84083566573431
N           -6.20904799120412        1.46654233147841       -1.21725110938172
H           -2.32727254088824        2.71514192112452       -3.19828631007626
H           -2.34572230534537        0.99902380239362       -3.68106928584388
H           -3.54577047551330        2.13049970310536       -4.36631137846912
H           -1.65455299986987        0.68441239860898       -0.28275450588995
H           -1.20952923883950        1.10930964948570        2.59281525532494
H            4.54448581669985       -1.84590637332373        3.36789394023229
H            4.07826015738065       -3.06971738629540        2.17409929094744
H            7.37782408689418       -0.55597165594929       -2.07225792540629
H            6.36911846798618        0.77797463996184       -1.46788792447406
H            7.15445183025780       -0.33643066026767       -0.33461802020184
H            2.18464484448866       -2.63321154263861        3.85758296096245
H            1.38271364014468       -3.01309046170643        2.32466676498454
H           -0.27674130081136       -1.43257485198599        1.20098053883340
H           -5.79097440906740        0.63588324597651        1.98556988575733
H           -8.16472520454183        1.79110137711675       -2.80647381199306
H           -9.37342403413362        1.40059934523645       -1.64883252489705
52
 energy: -108.258667653722 gnorm: 0.007090184827 xtb: 6.7.1 (6d44803) iter: 108
C           -2.97908464181886        1.86358996900297       -3.48750102055555
O           -3.93343913838075        1.59950060725526       -2.47842010144597
N           -3.31043581177803        1.37157886110655       -1.28494052381710
C           -4.00655161217420        1.17898883067654       -0.22322878846705
C           -3.16828750862137        0.98750369753764        1.00416280678533
O           -3.56005030796216        1.11102371115671        2.14345304958574
N           -1.88469134732951        0.64892862133056        0.69713851279193
C           -0.82955030284721        0.69332846685120        1.65093508461360
C            0.48367960679561        1.30094414947662        1.12691739665760
O            0.79510785206818        2.30925832617991        0.57867239170648
N            1.16223327245438        0.12647484430316        1.39141659467176
C            2.48229709127965       -0.28167332427970        1.52387710162580
C            3.43063587911117        0.68906819255235        0.86643088132283
O            4.09001732068025        0.24579975829710       -0.24743329487126
O            3.55033429129828        1.81731446190515        1.21446148255701
C            2.78521448934485       -1.38729881871465        2.22479866029050
C            4.14370826800650       -2.00384284825720        2.35369459895951
S            5.48741257707285       -1.36820931591533        1.30024483305313
C            4.60440898613653       -1.07019510359501       -0.30717725467911
N            3.61442240011618       -2.04817237279278       -0.50349907893129
C            2.43026992372811       -2.16873538513965       -0.59160045552004
O            1.32090760906308       -2.46113969570653       -0.65034940542291
C            4.02983170475154       -1.57545798713357       -3.14603661372135
O            3.16182533711994       -1.85414148141745       -3.86311914371634
N            5.03711889457069       -1.21545909694457       -2.61399478717447
N            5.57740468764719       -1.18715809222711       -1.34842710576750
C            6.69225956407339       -0.25447882596511       -1.29255351358720
C            1.74467827635890       -2.20054921577439        2.94870366187562
S            0.30115251795193       -1.23923247403798        3.52222924712130
C           -0.00032991425015       -0.59693527836808        1.85309580868875
C           -5.45036383780807        1.17973733236484       -0.11384987041690
C           -6.16221882192277        0.88838998855246        1.01922985529732
S           -7.85212366386156        0.98277951711542        0.72546776822656
C           -7.46692240340848        1.41866707481772       -0.95777472564993
N           -8.45231187044482        1.72923969689707       -1.82970873262280
N           -6.21556798958477        1.46631749993466       -1.21290174975098
H           -2.33716739736147        2.70353483534292       -3.21052132554846
H           -2.35776134927755        0.98513908268990       -3.68436944929755
H           -3.55839074976249        2.11392033301425       -4.37296197393649
H           -1.65641827328291        0.68981845573734       -0.28878847928593
H           -1.20437086649629        1.12193934389350        2.58457239497479
H            4.53567212770411       -1.86379741055901        3.36394474300501
H            4.06679929972081       -3.07749395376999        2.16282748320271
H            7.39971754927354       -0.56280390699559       -2.05486256671998
H            6.38290373917450        0.77736511362915       -1.46424381697318
H            7.15646169853508       -0.33723841686716       -0.31406710268994
H            2.17553909603492       -2.63804202759383        3.84853340961013
H            1.36989565332916       -3.01011559132477        2.31614566627325
H           -0.28039557842460       -1.42661456144786        1.19901919436845
H           -5.78738031115780        0.64260072741629        1.99020307837358
H           -8.17687435099912        1.78769860855369       -2.79641581493490
H           -9.38122266447980        1.39833607715485       -1.63414801014868
52
 energy: -108.258860978718 gnorm: 0.011560719016 xtb: 6.7.1 (6d44803) iter: 109
C           -3.00304362981577        1.83424133172398       -3.50318829772625
O           -3.95223609235020        1.58337710943401       -2.48572478993765
N           -3.32241963260583        1.36767313966090       -1.29351219943948
C           -4.01191019755824        1.18436497696085       -0.22574640673994
C           -3.16546390835742        1.00343485551902        0.99810666880124
O           -3.55052018546976        1.13347258199343        2.13902611587320
N           -1.88262790400808        0.66541184322901        0.68622546624140
C           -0.82250509003499        0.71181308943026        1.63518396226520
C            0.49370034666082        1.30350732965848        1.10063082661040
O            0.81202457762754        2.29995026006977        0.53347931182392
N            1.16560171899751        0.12827018761330        1.38206327322347
C            2.48230223808916       -0.28732152266593        1.51640728051271
C            3.44084195530689        0.68362720260135        0.87553277132007
O            4.11332240636646        0.24641850830421       -0.23201121397640
O            3.55966235485113        1.80913324336443        1.23591699467144
C            2.77681411889256       -1.39867149145858        2.21334952675174
C            4.12768937618095       -2.03047212962359        2.34203332684820
S            5.48585319036548       -1.39823423239981        1.30568407568776
C            4.61901305524739       -1.07246427453639       -0.30490406128028
N            3.62517645594617       -2.04163054441422       -0.52930174314480
C            2.43464568761424       -2.15284798475846       -0.57238047956259
O            1.32484397624285       -2.44003625408821       -0.61354370429644
C            4.05969877166150       -1.53802041742687       -3.14946197601699
O            3.18667469350877       -1.79424961333528       -3.87039700898123
N            5.07107196733056       -1.19878511703943       -2.61001156118812
N            5.60118421984577       -1.18206902039084       -1.33889904258162
C            6.72041717588901       -0.25676681101094       -1.26524317903862
C            1.72646235119714       -2.20411824053675        2.93363693259186
S            0.29723968817461       -1.22597384938214        3.51564156639131
C           -0.00311558704087       -0.58374773060696        1.84670384173042
C           -5.45525668567818        1.18477937455669       -0.10746119697755
C           -6.15942106004325        0.89778641617240        1.03163284287098
S           -7.85128011784427        0.98914136039281        0.74889421906339
C           -7.47789748820675        1.41811951809607       -0.93883378001031
N           -8.47001897048283        1.72453301834504       -1.80491809890213
N           -6.22825437805969        1.46576048686962       -1.20266560440680
H           -2.35845763453399        2.67667095143476       -3.23969300447243
H           -2.38393292572728        0.95254055257939       -3.69260676781494
H           -3.58653369244439        2.07460846281796       -4.38875846753247
H           -1.65942806993979        0.70139723328929       -0.30125425856013
H           -1.19064275219316        1.15202455981736        2.56650983779927
H            4.51552985922761       -1.90969347965014        3.35688887842519
H            4.03876969389569       -3.10051317210288        2.13541292985946
H            7.44336473355843       -0.57029887123504       -2.01576990655354
H            6.41985154567812        0.77798694471661       -1.44728814859527
H            7.16667161305017       -0.34094808386908       -0.27585832342971
H            2.15388685005300       -2.65253295162456        3.82971389891051
H            1.33889369518551       -3.00432983221357        2.29714178649244
H           -0.29021260069602       -1.41333014768771        1.19543255811871
H           -5.77768529940027        0.65643561138597        2.00106553667579
H           -8.20161137068917        1.77880354506284       -2.77392377864586
H           -9.39673404349640        1.39177307687656       -1.60167642976271
52
 energy: -108.259032600869 gnorm: 0.009610766837 xtb: 6.7.1 (6d44803) iter: 110
C           -3.03750533806532        1.79897393283140       -3.52565286932766
O           -3.97883748396270        1.56482198330102       -2.49665635236845
N           -3.33885174400171        1.36393644906880       -1.30721705023712
C           -4.01848670816390        1.19172131328628       -0.23116405033358
C           -3.16022358857431        1.02391171712079        0.98706266464541
O           -3.53634837123977        1.16025369719489        2.13024969289750
N           -1.87789854719160        0.68887376003537        0.66798369845079
C           -0.81169701190864        0.73600231933775        1.61108303326233
C            0.50970325694016        1.30708253737075        1.06715469372234
O            0.84019704916999        2.28846185063148        0.47956421612143
N            1.17197054593726        0.13077158466790        1.37050874434606
C            2.48385997430708       -0.29431915572899        1.50915743465144
C            3.45856232715148        0.67480747938570        0.89096756486537
O            4.14026542774386        0.24310877345555       -0.21197167308367
O            3.58429463391639        1.79493667325162        1.27051047927033
C            2.76648803734047       -1.41420183282663        2.19930631774149
C            4.10773925134430       -2.06418128527139        2.32940108847295
S            5.48351291147226       -1.43818667438074        1.31291474733939
C            4.63734272077427       -1.07758900040463       -0.30041475898559
N            3.64008571216768       -2.03626570510677       -0.55815371569685
C            2.44831298838498       -2.14923510145255       -0.54553214821617
O            1.32838730621075       -2.42557330023985       -0.55131040766630
C            4.09786590420262       -1.49186584646071       -3.15336626579853
O            3.22446934496491       -1.72463623152945       -3.88192254673291
N            5.11073584871627       -1.17406778870585       -2.60287506748368
N            5.63099138026864       -1.17517611594951       -1.32624663211678
C            6.75076406608822       -0.25410693210054       -1.22984642624719
C            1.70235575930763       -2.21008121546590        2.91281884296618
S            0.28994073801967       -1.21203898337152        3.50344159795011
C           -0.00581795853223       -0.56679688303583        1.83510753645514
C           -5.46121033890207        1.19177398640103       -0.10014109516071
C           -6.15473752883337        0.91227586179956        1.04750293256686
S           -7.84919422125816        1.00006296293404        0.78028088900390
C           -7.49223453226969        1.41762334349953       -0.91406573618443
N           -8.49390170044970        1.71797372892461       -1.77177732863154
N           -6.24507704836244        1.46433195861286       -1.19012989105132
H           -2.38947307550611        2.64450495540756       -3.28005189201096
H           -2.42125300947675        0.91340516868747       -3.70619917329598
H           -3.62732384916575        2.02657952885263       -4.41056697667214
H           -1.66162325469127        0.72031185577250       -0.32135402686253
H           -1.17172575944524        1.19035036476261        2.53938801059652
H            4.49001587314359       -1.96521110031161        3.34923359194427
H            4.00430125771461       -3.12971685108625        2.10554052899108
H            7.48644995251613       -0.56265099941453       -1.97320055446481
H            6.45613350313247        0.78340462742310       -1.41234139358808
H            7.18268830811864       -0.34579428619218       -0.23355547328232
H            2.12343404929814       -2.67268006531489        3.80483854134453
H            1.30030378971994       -2.99770635161051        2.27001954993286
H           -0.30070633653471       -1.39488476477698        1.18530674453428
H           -5.76347983741426        0.67789123280245        2.01493866974787
H           -8.23599802359339        1.76551433039385       -2.74415348529584
H           -9.41756765055834        1.38329949344438       -1.55713382103953
52
 energy: -108.259229459325 gnorm: 0.010248476302 xtb: 6.7.1 (6d44803) iter: 111
C           -3.05839230036487        1.78673045023877       -3.53951996912181
O           -3.99397423379102        1.55952212314104       -2.50383184908851
N           -3.34700185649022        1.36408961938236       -1.31740652047600
C           -4.02009356317694        1.19594680087068       -0.23671124585515
C           -3.15480614137546        1.03324126788213        0.97739607686097
O           -3.52660471115551        1.16931725496559        2.12184869784008
N           -1.87210859309583        0.70315733042743        0.65366094110256
C           -0.80411803084988        0.74747989281633        1.59489358349560
C            0.52176734257046        1.30945876612543        1.05347245814489
O            0.86226539647585        2.28508621327421        0.46359442075197
N            1.17796219376352        0.13263932759217        1.36689624286229
C            2.48713082486720       -0.29579855363855        1.51169212483659
C            3.47160463010289        0.66993623140915        0.90328154119582
O            4.14510216371368        0.23849192865137       -0.20370926256693
O            3.61113257403801        1.78457271649922        1.29576293876835
C            2.76249742961776       -1.42085778036739        2.19682140234899
C            4.10009639261461       -2.07671740140759        2.32871920892481
S            5.48035671377154       -1.45420947710476        1.31706997804668
C            4.64176143049641       -1.08073508531926       -0.29580764283788
N            3.64674535311603       -2.03787074549069       -0.56888096192662
C            2.45639050706855       -2.16646087664032       -0.52642927038798
O            1.34503725240073       -2.46282172291921       -0.52742669990224
C            4.11443075414058       -1.47598622797331       -3.15483716272041
O            3.24597047711793       -1.70232203745921       -3.88964483377205
N            5.12229192629168       -1.15951450573314       -2.59643175533532
N            5.64032173120159       -1.17147756424131       -1.31849705291112
C            6.75460644817230       -0.24585869927965       -1.21197184334992
C            1.69072388920220       -2.21432027922637        2.90233035524353
S            0.28240901535491       -1.21095360844748        3.49243211447015
C           -0.00561213380769       -0.55915280957281        1.82497366781624
C           -5.46241297229102        1.19611784247586       -0.09773000341879
C           -6.14995343414802        0.92292748796431        1.05498998976946
S           -7.84573445526928        1.00949255027444        0.79671812542287
C           -7.49797762594884        1.41798715007125       -0.90185241636848
N           -8.50511813782372        1.71426551277682       -1.75467993759816
N           -6.25240161943772        1.46294096821023       -1.18496934304758
H           -2.40882406153242        2.63357323358428       -3.30295636016668
H           -2.44346364370710        0.89994452177385       -3.71750033870870
H           -3.65291355110989        2.00872658064944       -4.42263599263264
H           -1.65931779301025        0.73484932236697       -0.33625150964254
H           -1.16106595775788        1.20677076227886        2.52189839198694
H            4.48025035577243       -1.98251085513851        3.34910197418010
H            3.99268446267636       -3.14076509989917        2.10175441643701
H            7.48489322531073       -0.53606955516533       -1.96468991535747
H            6.45494251525487        0.79198881073375       -1.37485151315670
H            7.19293366193564       -0.35117303747751       -0.22256681950475
H            2.10560948327515       -2.68378581824804        3.79369829066759
H            1.28644228253237       -2.99549607649496        2.25403804350550
H           -0.30181856558664       -1.38435945833977        1.17220470467051
H           -5.75352276238748        0.69363113583616        2.02152114526883
H           -8.25398157378849        1.75653665486633       -2.72909873296485
H           -9.42714371497764        1.37979581836587       -1.53260088181327
52
 energy: -108.259424515540 gnorm: 0.007672339933 xtb: 6.7.1 (6d44803) iter: 112
C           -3.07963451194006        1.77668530846639       -3.55333049851964
O           -4.00800135721645        1.55440632415092       -2.51012409588125
N           -3.35297941036881        1.36411983652519       -1.32713932878094
C           -4.01907007432963        1.20007433251278       -0.24157533459618
C           -3.14759087318173        1.04221190355355        0.96851921060364
O           -3.51595886333038        1.17718855641959        2.11416699127433
N           -1.86473930346584        0.71874813240644        0.63986212340659
C           -0.79621234182991        0.75812014559406        1.57958505772294
C            0.53497913675167        1.31229800930149        1.04252009742506
O            0.88544570657661        2.28505393275456        0.45413310976109
N            1.18361413776605        0.13448471014076        1.36294455931976
C            2.49024463459314       -0.29885675792444        1.51394360816051
C            3.48204792933587        0.66495053269094        0.91169158468222
O            4.14779077195590        0.23717851049431       -0.20147070802073
O            3.63362906857681        1.77286292204759        1.31577319099652
C            2.75644440704279       -1.42753034754297        2.19604956269977
C            4.09258862843070       -2.08684846123157        2.33027100527641
S            5.47475595782883       -1.46350313617146        1.32140725240951
C            4.64265041387254       -1.08175689010449       -0.29330756897136
N            3.64728032519780       -2.03525618240346       -0.57601484974210
C            2.46373485472660       -2.18679173473128       -0.51427092724906
O            1.35879143139007       -2.50423652681968       -0.51158299291471
C            4.13003911754146       -1.46201265419811       -3.15690594569942
O            3.26879600517668       -1.68515783180021       -3.89983068373378
N            5.13311368047654       -1.14617863121082       -2.59063073798239
N            5.64608084311826       -1.16969753933197       -1.31108650381930
C            6.75591532483310       -0.23811374883897       -1.19393309121761
C            1.67840200670987       -2.21870881634929        2.89347079910462
S            0.27136736912262       -1.21159702488199        3.48029215543007
C           -0.00552820468903       -0.55256567134152        1.81324585007349
C           -5.46067339280720        1.20011152991763       -0.09430113243233
C           -6.14245803420416        0.93314256029921        1.06305697185901
S           -7.83949352162772        1.01812543976072        0.81276835101697
C           -7.50010931659179        1.41738861919280       -0.88971331047272
N           -8.51185661445650        1.70864675907366       -1.73853693490223
N           -6.25613159091019        1.46091884524981       -1.17909829616598
H           -2.42930309035107        2.62530725321456       -3.32573550205393
H           -2.46531480491610        0.88953502846382       -3.73061490127076
H           -3.68044814557976        1.99352252829479       -4.43345103888079
H           -1.65513376397921        0.74919127748902       -0.35053501267560
H           -1.14895225804393        1.22114790154496        2.50618224126847
H            4.47054891590683       -1.99359452437121        3.35129518961695
H            3.98441898452634       -3.15114397128457        2.10360415183692
H            7.48030640354489       -0.50876236946387       -1.95716939606372
H            6.44762116063594        0.79978655123459       -1.33226231536245
H            7.20097626855835       -0.35976596240513       -0.21065577966004
H            2.08665515964627       -2.69366776277744        3.78503535040936
H            1.27411529121844       -2.99543683749841        2.23980062812874
H           -0.30174362047314       -1.37439447710074        1.15596607928576
H           -5.74156440286157        0.70904317796487        2.02888307984316
H           -8.26686275286293        1.74556692190120       -2.71459861728501
H           -9.43259468507054        1.37576130904362       -1.50931169727204
52
 energy: -108.259635557614 gnorm: 0.008963360385 xtb: 6.7.1 (6d44803) iter: 113
C           -3.11988889911550        1.75013882541170       -3.57961427455161
O           -4.03438350967684        1.53938172890776       -2.52130727012032
N           -3.36429535962352        1.36249862688172       -1.34396609571032
C           -4.01768375251304        1.20923029853301       -0.24889224055723
C           -3.13487334898939        1.06312944171677        0.95424999888149
O           -3.49583017400694        1.19848404659007        2.10233976503092
N           -1.85252182922587        0.75013282776446        0.61649320339423
C           -0.78230778021729        0.78055269103734        1.55255485813845
C            0.55781344578721        1.31732488964075        1.01814566214404
O            0.92357676206122        2.28324785870322        0.42703920573617
N            1.19167914703199        0.13697252655522        1.35138274429762
C            2.49305020138797       -0.30954168245033        1.51102711393409
C            3.49665671839643        0.65440547019848        0.92418596640029
O            4.15875229559137        0.23884588870792       -0.19586593062089
O            3.65837024310138        1.75238688990158        1.34749682696405
C            2.74146007997523       -1.44376453005301        2.18985892885919
C            4.07421452091670       -2.11132880709290        2.32715707812165
S            5.46283715097643       -1.48258454551588        1.32888011674059
C            4.64811850374328       -1.08158559074676       -0.29348370167197
N            3.65241230579504       -2.02627135574230       -0.60120601095730
C            2.47366720264734       -2.20759535023909       -0.48649905197969
O            1.37664735512448       -2.55479370457522       -0.46441865989483
C            4.16424786328255       -1.42309626343592       -3.16261630162432
O            3.31191300344098       -1.63396640794364       -3.91997544085012
N            5.16554366632833       -1.12021071460241       -2.58338121365891
N            5.66340620069278       -1.16493755457283       -1.29868746976490
C            6.77138080841656       -0.22993233722300       -1.15614302201528
C            1.65175276654708       -2.22754667927178        2.87559782144374
S            0.25115951606410       -1.20772740899812        3.45858211192069
C           -0.00750500947251       -0.53870219418208        1.79215092740600
C           -5.45766573791061        1.20834594466162       -0.08594699122575
C           -6.12783116745470        0.95152251285049        1.08048178885959
S           -7.82753637477494        1.03206102698655        0.84570403963634
C           -7.50489197193603        1.41556635845626       -0.86401923339215
N           -8.52531506961811        1.69677431911655       -1.70561800324852
N           -6.26389857928198        1.45788291758345       -1.16565869837596
H           -2.46798276206814        2.60288494263075       -3.37125341383759
H           -2.50669763160786        0.86171492942778       -3.75414138541674
H           -3.73303738587254        1.95519741731452       -4.45439340468284
H           -1.64891869930298        0.77506200859547       -0.37501851620562
H           -1.12521381696493        1.25190113802288        2.47853443238326
H            4.44726526402334       -2.02482081465184        3.35074269441854
H            3.96382010229863       -3.17501967286781        2.09568181309275
H            7.49308976385672       -0.47497560907995       -1.92869080915151
H            6.45541569572566        0.80972255716446       -1.25974815550275
H            7.21793831777990       -0.37969092771917       -0.17740525349907
H            2.04867607489772       -2.71311512036912        3.76668049337025
H            1.24260980157644       -2.99608493876614        2.21415511105821
H           -0.30664679662151       -1.35538208090881        1.12925637600274
H           -5.71788107566141        0.73670558256640        2.04471883276598
H           -8.29107252445278        1.72428466595034       -2.68465072817793
H           -9.44359652112174        1.36631695905138       -1.46321563432102
52
 energy: -108.259743280618 gnorm: 0.006730842247 xtb: 6.7.1 (6d44803) iter: 114
C           -3.14607748775542        1.73971879605327       -3.59514730499279
O           -4.04986034894398        1.53264613883341       -2.52729634018908
N           -3.36938268483223        1.36339767520702       -1.35454500076283
C           -4.01463245832736        1.21644341284621       -0.25390895809572
C           -3.12516841752484        1.07644389935305        0.94455267585728
O           -3.48167495920755        1.20912724045286        2.09447739499111
N           -1.84294719429122        0.77251737279704        0.60086131722135
C           -0.77341848086491        0.79209203734677        1.53648789968141
C            0.57294967223193        1.32129821147761        1.00966246557017
O            0.94822661548405        2.28842035512682        0.42666377585396
N            1.19648944051704        0.13756383883517        1.34415908702686
C            2.49432522978705       -0.31810163060829        1.51040799813073
C            3.50189360678000        0.64722665443559        0.93253623341780
O            4.15546826257411        0.23970504501330       -0.19639802709758
O            3.66525205795890        1.74080705547836        1.36533335279348
C            2.73189080738982       -1.45437107603919        2.18809324931895
C            4.06534029257494       -2.11976089896143        2.33029322250224
S            5.45266365692216       -1.48326674917670        1.33385597813956
C            4.64605770733049       -1.08032825302408       -0.29457264715748
N            3.65260263869030       -2.02150604227665       -0.61234829356948
C            2.48407016767521       -2.23578005448911       -0.47896292339111
O            1.39420042604107       -2.61141316788455       -0.45056774700833
C            4.18697299143200       -1.41100360372123       -3.16670507094068
O            3.34188545068855       -1.61985938140035       -3.93228752466115
N            5.18051155540862       -1.10530895798146       -2.57985421751308
N            5.66836002290606       -1.16099422883918       -1.29250115192868
C            6.77386278346023       -0.22264489777193       -1.13406820270609
C            1.63651945101672       -2.23447254171697        2.86641484940579
S            0.23471332099442       -1.20993984115878        3.44046770405366
C           -0.00869433060393       -0.53330524715855        1.77481566106159
C           -5.45314769102691        1.21463027267636       -0.08111872445313
C           -6.11613749219628        0.96485777447765        1.09079143612327
S           -7.81736024487148        1.04216144565135        0.86510296508903
C           -7.50474811831385        1.41468267718808       -0.84896671536316
N           -8.52959559190196        1.68824856980961       -1.68710605969551
N           -6.26566146094119        1.45633519024220       -1.15769386465632
H           -2.49455637070855        2.59497390416270       -3.39792148640306
H           -2.53250103415333        0.85188677879349       -3.77136959866951
H           -3.76874828952051        1.93889935062235       -4.46442593230072
H           -1.64233180283220        0.79335157040793       -0.39113831213845
H           -1.11137097694693        1.26371787327184        2.46371008933243
H            4.43659320737146       -2.02915150413406        3.35429831229358
H            3.96021433637180       -3.18448103233865        2.10082084292660
H            7.49324927185109       -0.44478548693852       -1.91862195410336
H            6.44813727955360        0.81910977680074       -1.20756977083108
H            7.22756458468084       -0.39828607784340       -0.16077080442542
H            2.02530268092211       -2.72081920077602        3.75995323965914
H            1.22925680365411       -3.00210661161756        2.20263975810894
H           -0.30770051160760       -1.34591742011549        1.10650723117499
H           -5.70097018350593        0.75655926013760        2.05416480480561
H           -8.30107554548993        1.70931524982620       -2.66745610644117
H           -9.44681364592360        1.36146747856858       -1.43646780505873
52
 energy: -108.259798742885 gnorm: 0.007829509597 xtb: 6.7.1 (6d44803) iter: 115
C           -3.16216282764045        1.72509795352308       -3.60440718824296
O           -4.06007460767175        1.52334810305165       -2.53049543950125
N           -3.37419098108629        1.36261578992725       -1.35937193662640
C           -4.01531246389974        1.22213698142885       -0.25523357201400
C           -3.12178392619969        1.08794385358803        0.94090269786785
O           -3.47424843163226        1.22215197426593        2.09218175454847
N           -1.84014884835252        0.78652442413373        0.59409901719356
C           -0.76972260719424        0.80169955812462        1.52866882255649
C            0.57852384202175        1.32449877978895        0.99976116102246
O            0.95617011474700        2.29003307767602        0.41375994706818
N            1.19698906939583        0.13826439444108        1.33639822233578
C            2.49231692730532       -0.32393934804081        1.50435839890316
C            3.50264276996558        0.64327322191489        0.93585608417573
O            4.16525089359056        0.24150873556844       -0.19089652646276
O            3.66113560943217        1.73620635962270        1.37262039511320
C            2.72436247400817       -1.46135741302383        2.18233376996935
C            4.05637693589844       -2.13019839419341        2.32709597502897
S            5.45108623378021       -1.49113458829174        1.33987454156500
C            4.65233657132764       -1.08089656740713       -0.29279664239661
N            3.65632405496752       -2.01586005364175       -0.62287898450529
C            2.49199819207023       -2.23756589037937       -0.47943346919980
O            1.40450777479846       -2.61726887966516       -0.44829315645875
C            4.20112335614512       -1.38972015897544       -3.16772467131062
O            3.35649869206704       -1.58982740648821       -3.93872700051029
N            5.19944119189982       -1.09634605900035       -2.57609785655920
N            5.67971349184324       -1.15949323877213       -1.28588301503108
C            6.78810842117606       -0.22672489226462       -1.11728763072729
C            1.62516619279523       -2.23710621941864        2.85911132435478
S            0.22773844197216       -1.20426017584228        3.43228838431162
C           -0.01109698296717       -0.52766735217951        1.76673371799604
C           -5.45295509544022        1.21929838000672       -0.07697282373861
C           -6.11095327397476        0.97248625292398        1.09854671890467
S           -7.81329777275876        1.04642971002788        0.87910889906047
C           -7.50790617510568        1.41359156774437       -0.83750679396106
N           -8.53586986492089        1.68232677982430       -1.67340334489991
N           -6.26995434512763        1.45613498491045       -1.15114430425053
H           -2.51042889711663        2.58245882313703       -3.41594407817224
H           -2.54864914667538        0.83658421052547       -3.77908252788047
H           -3.78982194632321        1.91843556927055       -4.47157690470540
H           -1.64142618699302        0.80283216023552       -0.39846631990346
H           -1.10465800523726        1.27501498805186        2.45646187302922
H            4.42512993722775       -2.04455528390532        3.35349214811100
H            3.95000701734110       -3.19429445771452        2.09211258876539
H            7.50640581583386       -0.44263874265047       -1.90241207832511
H            6.46587008362840        0.81590286204518       -1.18165711397893
H            7.24176464833090       -0.41239234591356       -0.14692202800376
H            2.01130635992068       -2.72490705958890        3.75304850314291
H            1.21362775588684       -3.00344558036012        2.19576404338935
H           -0.31315678182646       -1.33956686045348        1.09888679112482
H           -5.69171857452807        0.76783605367120        2.06102418667933
H           -8.31026238580434        1.70010083582560       -2.65451657481307
H           -9.45212374092263        1.35643158283670       -1.41807698405314
52
 energy: -108.259865901721 gnorm: 0.004034118830 xtb: 6.7.1 (6d44803) iter: 116
C           -3.17644219543575        1.71434189546079       -3.61172428571340
O           -4.06938119528935        1.51746999137107       -2.53317082458671
N           -3.37914924860223        1.36402286418532       -1.36383568065314
C           -4.01698013286926        1.22862799785696       -0.25724799323271
C           -3.11984775427806        1.09830175005037        0.93644432624345
O           -3.46867374364613        1.23229707993160        2.08882515222929
N           -1.83839123081362        0.79885984735144        0.58726245008096
C           -0.76770507739897        0.80857725915082        1.52201052855808
C            0.58135595209582        1.32772831583854        0.99412911678744
O            0.96045648342507        2.29261781378828        0.40879652213094
N            1.19687866877223        0.13909978894895        1.32976012719831
C            2.48981687609291       -0.32703164612590        1.49969119990656
C            3.50332512540467        0.63969746173633        0.94020273246193
O            4.17113756277967        0.24044480170734       -0.18409634284635
O            3.66325183694440        1.73128560386324        1.38051608068536
C            2.71907105423886       -1.46646480444612        2.17597448245899
C            4.04941679820122       -2.13811672576913        2.32247525795708
S            5.45065904454401       -1.49933356815302        1.34273938049629
C            4.65851620492072       -1.08196829211825       -0.29130139069924
N            3.66517048085868       -2.01471917018069       -0.63224481466346
C            2.50301003622682       -2.24593365493438       -0.47505803611759
O            1.41762054104674       -2.63060660650136       -0.43693511346157
C            4.21538802145519       -1.37716238191003       -3.16613851146040
O            3.37292836280107       -1.57563950723316       -3.93826812864497
N            5.21291847928421       -1.08689828079242       -2.57295648537406
N            5.68953731244330       -1.15390019108993       -1.28191881520333
C            6.79928216077822       -0.22707327236040       -1.10474553556075
C            1.61663177065029       -2.23982566932488        2.85057362815935
S            0.22256261412504       -1.20181652611273        3.42313085420483
C           -0.01323195372495       -0.52374026033272        1.75850689329039
C           -5.45394813721679        1.22480658106349       -0.07461537233734
C           -6.10737688073085        0.98071021466978        1.10415136393519
S           -7.81058398794489        1.05133651921500        0.89070053038432
C           -7.51206662541611        1.41356716095201       -0.82809807093142
N           -8.54314418480360        1.67797552321849       -1.66161796169696
N           -6.27521344344393        1.45706644676499       -1.14639593640532
H           -2.52445886978843        2.57295707772211       -3.43063446463509
H           -2.56305936371410        0.82530062597631       -3.78503721101301
H           -3.80798537072084        1.90284916013316       -4.47696672778657
H           -1.64057637178212        0.81350948812632       -0.40529214220683
H           -1.10242054062853        1.28054566513498        2.45047782296349
H            4.41558198009376       -2.05656759867805        3.35025949091923
H            3.94191707151592       -3.20083671084558        2.08313102198065
H            7.51887356562246       -0.43818401474039       -1.89126175227812
H            6.48096082524173        0.81679985053360       -1.16140365918215
H            7.25237990296254       -0.42215493674727       -0.13478459632871
H            2.00033367548530       -2.72870989470764        3.74519324385565
H            1.20203789752328       -3.00454730516263        2.18752837310039
H           -0.31779050995338       -1.33412557430966        1.09038841925877
H           -5.68413048411386        0.77953664613212        2.06561012381810
H           -8.32020891921711        1.69275064447971       -2.64341940827427
H           -9.45825508402234        1.35227351713469       -1.40202886178574
52
 energy: -108.259925760749 gnorm: 0.003773671578 xtb: 6.7.1 (6d44803) iter: 117
C           -3.19268899863997        1.70493586479345       -3.61821446429705
O           -4.07954532387061        1.51267492301849       -2.53478055977800
N           -3.38445376969458        1.36711285150463       -1.36806245487762
C           -4.01888491434208        1.23754324082008       -0.25914027266313
C           -3.11862468317420        1.11012619580432        0.93192315747502
O           -3.46409275174269        1.24303757824672        2.08534483008304
N           -1.83727807433222        0.81259730814254        0.58077357591054
C           -0.76748011563067        0.81311617012453        1.51713802480390
C            0.58214298069505        1.33195508331638        0.99405094900285
O            0.96168668910301        2.30008034803822        0.41628835880383
N            1.19524696779283        0.13895666197015        1.32118243207355
C            2.48625837116331       -0.32903386645599        1.49354924992724
C            3.50130456320494        0.63629649914418        0.94078192065129
O            4.17494769821693        0.23772028884627       -0.17920871540282
O            3.65862124993324        1.72842121080219        1.38025331166993
C            2.71435199307600       -1.46968207664767        2.16858479342048
C            4.04368869366190       -2.14161266656372        2.31884548004428
S            5.44955617043527       -1.50390729214094        1.34537004291793
C            4.66460143235432       -1.08387509411178       -0.28979418653751
N            3.67519717524925       -2.01490669883820       -0.63884870422934
C            2.51769516212158       -2.26114640908641       -0.47553023780608
O            1.43586311633624       -2.65397712524536       -0.43408567923427
C            4.23273661209890       -1.36796940745774       -3.16456367702777
O            3.39018686727136       -1.56310615266017       -3.93712419894698
N            5.22799932826632       -1.07860824986053       -2.56886663885394
N            5.69995859847085       -1.14940293567270       -1.27659226862981
C            6.81153608950729       -0.23037672512406       -1.09009204649247
C            1.61016773390213       -2.24224570801384        2.84086888010576
S            0.21637607422076       -1.20337799611518        3.41070690753694
C           -0.01630291957300       -0.52223548100194        1.74758424144396
C           -5.45515489929941        1.23270697146496       -0.07229402640230
C           -6.10390684071440        0.99144491919694        1.10945715716278
S           -7.80771667018644        1.05737282589512        0.90181224232709
C           -7.51623539567659        1.41409452505391       -0.81870056405959
N           -8.55018960485475        1.67281741119816       -1.65016951739485
N           -6.28066026752121        1.45941917151450       -1.14154608177697
H           -2.54085200123927        2.56462841681355       -3.44502656480027
H           -2.57900178896239        0.81588827444301       -3.79088534864400
H           -3.82886073042399        1.88852952456578       -4.48064912627045
H           -1.63932601107001        0.82528833397394       -0.41142808143841
H           -1.10429427638075        1.27944135962581        2.44765866151917
H            4.40600731370696       -2.06049216319566        3.34737444331312
H            3.93793701122438       -3.20324052783201        2.07793250251812
H            7.52929473554837       -0.43378442147449       -1.88140421754695
H            6.49954129437396        0.81594208108103       -1.13374231798845
H            7.26826340592868       -0.43938608854283       -0.12440019035896
H            1.99165516970486       -2.72967038975787        3.73739107921450
H            1.19603159234475       -3.00690217661668        2.17873375405500
H           -0.32335731731656       -1.32989576331873        1.07776340116963
H           -5.67662040102757        0.79452297413820        2.06974759972950
H           -8.32923703085589        1.68436849312963       -2.63223984856007
H           -9.46409030340428        1.34779690898941       -1.38644600687556
52
 energy: -108.259970830508 gnorm: 0.003771670654 xtb: 6.7.1 (6d44803) iter: 118
C           -3.21152994492649        1.69272241012462       -3.62711085932919
O           -4.09204843184127        1.50686439549898       -2.53737673610253
N           -3.39101768889788        1.36925715802718       -1.37336865584646
C           -4.02082158658001        1.24597992807927       -0.26088640486724
C           -3.11676462000974        1.12267218490599        0.92760950604444
O           -3.45901345849671        1.25650872476805        2.08202854237301
N           -1.83569579189836        0.82677799233793        0.57402515149858
C           -0.76610113640955        0.82024836286429        1.51073824102669
C            0.58555118418212        1.33660760961775        0.99067926032292
O            0.96871362541325        2.30615963963922        0.41705603106108
N            1.19447169679195        0.13900627332310        1.31219043080469
C            2.48416447936514       -0.33105780457117        1.48708746259408
C            3.50271099650196        0.63404896029475        0.94069323357588
O            4.18386341660918        0.23726522998186       -0.17491839566731
O            3.65734210437297        1.72599963916678        1.38280726143582
C            2.70910923479797       -1.47373198434913        2.16044892157917
C            4.03649280427139       -2.14861621170208        2.31471948292514
S            5.44830496282542       -1.51353648651757        1.34868826315690
C            4.67196950311380       -1.08500517500075       -0.28817995662614
N            3.68335408619442       -2.01273700494192       -0.64795978814830
C            2.52976558096118       -2.27336845942792       -0.47278716828702
O            1.45174403807256       -2.67629205333964       -0.42659359633961
C            4.25232055224045       -1.35338633584561       -3.16425357736224
O            3.41118517734140       -1.54400453658366       -3.93926761981692
N            5.24587448148571       -1.06796468821146       -2.56434475116354
N            5.71201290022627       -1.14643545808834       -1.26981245703116
C            6.82603153015808       -0.23358911734215       -1.07203051386888
C            1.60192528616571       -2.24499987072048        2.82958495858099
S            0.20976484265573       -1.20394592349726        3.39911627934360
C           -0.01978095647377       -0.51879818344629        1.73705874887904
C           -5.45662492963889        1.24039998532126       -0.06879281200123
C           -6.10043883711019        1.00296497994071        1.11649323777084
S           -7.80499087108153        1.06443118926556        0.91509935514064
C           -7.52099257218749        1.41410490047858       -0.80783713253334
N           -8.55859274003962        1.66659611675843       -1.63676749635914
N           -6.28675711062504        1.46075581941077       -1.13583515393629
H           -2.55929427724242        2.55432929441778       -3.46368858578199
H           -2.59787122290204        0.80312906214964       -3.79738680612304
H           -3.85283748350201        1.86975673045918       -4.48736800503579
H           -1.63859874838984        0.83622426212702       -0.41835594500785
H           -1.10322780688614        1.28409096214856        2.44282145946450
H            4.39422356586689       -2.07067201052334        3.34514258524214
H            3.92910941986784       -3.20966685010110        2.07143452056049
H            7.54146546938405       -0.42816571420417       -1.86799434758344
H            6.51940213302491        0.81528951779893       -1.10050989645171
H            7.28451345803645       -0.45779272813354       -0.11033322912182
H            1.98112557281675       -2.73422364087571        3.72644988310199
H            1.18730899664515       -3.00767619686798        2.16566411203645
H           -0.32979983355178       -1.32369097038111        1.06510395194644
H           -5.66893426273084        0.81100487795397        2.07588465625465
H           -8.34093648208396        1.67415952536740       -2.61965395479668
H           -9.47115130590214        1.34200267236658       -1.36793069154550
52
 energy: -108.260029246442 gnorm: 0.004209662763 xtb: 6.7.1 (6d44803) iter: 119
C           -3.23179207820640        1.68009377530238       -3.63449172126637
O           -4.10588691835915        1.50183916641229       -2.53834788446711
N           -3.39884815673867        1.37215746681203       -1.37732267141302
C           -4.02404778691039        1.25564464763905       -0.26142619137025
C           -3.11701140061681        1.13617583076208        0.92496971945945
O           -3.45689674528647        1.27208350251876        2.07998459126195
N           -1.83658424774232        0.83967480662200        0.56973391389490
C           -0.76778314507320        0.82488266475239        1.50722002746849
C            0.58524431185722        1.34305792836510        0.99242653096582
O            0.97099794421534        2.31783368839032        0.42950939064685
N            1.19119542991738        0.13915007915792        1.30008757369891
C            2.48096597550999       -0.33070050352734        1.47738914881376
C            3.50245711197588        0.63445513819926        0.93453622290063
O            4.19734417882256        0.23724552185809       -0.17180268456779
O            3.64974947783179        1.72819077159716        1.37495647204771
C            2.70426561691387       -1.47449301268309        2.14976851062426
C            4.02976580687184       -2.15233753716782        2.30975909648387
S            5.44953340482652       -1.52336482420486        1.35254106601941
C            4.68279143440673       -1.08623382659692       -0.28573525913998
N            3.69334402992567       -2.00996403311024       -0.65490809925348
C            2.54470412683377       -2.28530870175908       -0.47654189697888
O            1.47127731014049       -2.69889813041799       -0.43090924804052
C            4.27473575291788       -1.33894683789888       -3.16257429230830
O            3.43603045717812       -1.52690953632834       -3.94026002400595
N            5.26717028997230       -1.05839622202642       -2.55821850025779
N            5.72694584700720       -1.14613832163456       -1.26152670637996
C            6.84581736573025       -0.24217865999830       -1.05244169456644
C            1.59568082352122       -2.24637646292095        2.81606811099183
S            0.20321783071498       -1.20647819709403        3.38564568821010
C           -0.02443855042400       -0.51699602650915        1.72454913277043
C           -5.45952519769681        1.24985310189000       -0.06461506187178
C           -6.09895091893945        1.01705398716060        1.12395266014528
S           -7.80397006524884        1.07352496208150        0.92799696938844
C           -7.52667512546203        1.41479096361751       -0.79718924763072
N           -8.56763130024236        1.65982079141132       -1.62409599452812
N           -6.29372996282729        1.46302493547383       -1.12990870766889
H           -2.57946593777361        2.54361287439296       -3.48153685093359
H           -2.61815774139533        0.78985049057494       -3.80141812052953
H           -3.87816374799324        1.84997426132951       -4.49245772398926
H           -1.63969493173079        0.84501294485347       -0.42268206542965
H           -1.10685079040726        1.28241373251706        2.44217137927730
H            4.38079549096954       -2.07657923688196        3.34267238485774
H            3.91967908937218       -3.21353705303702        2.06633703619658
H            7.55748576561932       -0.42831806106628       -1.85357451021514
H            6.54557383846188        0.80873465774853       -1.06251015703084
H            7.30571433624552       -0.48385445651913       -0.09561182810234
H            1.97377060962673       -2.73714396008352        3.71278077619127
H            1.18253368083590       -3.00789446002149        2.14966160104231
H           -0.33724594861487       -1.31872693041687        1.04994875519279
H           -5.66369410184793        0.83106877808721        2.08274811213151
H           -8.35295553534754        1.66296681770127       -2.60764080389614
H           -9.47878800335509        1.33558770459767       -1.35038592485390
52
 energy: -108.260065563503 gnorm: 0.002763971000 xtb: 6.7.1 (6d44803) iter: 120
C           -3.25205008068811        1.66842326238985       -3.64179063074097
O           -4.12044545634344        1.49820168428520       -2.53966361751512
N           -3.40747525635185        1.37441643834597       -1.38153866655015
C           -4.02778522010553        1.26353557744987       -0.26230282420659
C           -3.11717454712478        1.14775217467002        0.92179238527616
O           -3.45480144634082        1.28643500315422        2.07719398351047
N           -1.83751336854757        0.85021840203805        0.56457018781175
C           -0.76875375150995        0.82892044399231        1.50186887748676
C            0.58610020955991        1.34941908908524        0.99313702526412
O            0.97589846111980        2.32924265372518        0.44215450344072
N            1.18929132973809        0.14017855902634        1.28866932768588
C            2.47953480740392       -0.32920891403894        1.46954365834571
C            3.50482038665720        0.63551155942552        0.92922537918323
O            4.20876808697162        0.23576401267166       -0.16857459368740
O            3.64746748133830        1.73049777620251        1.36827488836050
C            2.70049647434932       -1.47436982412767        2.14041187783330
C            4.02394877568036       -2.15472108016784        2.30604379515561
S            5.44981602704487       -1.53174110426321        1.35634604411764
C            4.69268280205093       -1.08773929402070       -0.28290128317178
N            3.70328190478333       -2.00842865891611       -0.66015469756955
C            2.55901027358344       -2.30023558813274       -0.47566015072620
O            1.49014031403085       -2.72783804716585       -0.42905235071240
C            4.29749119625715       -1.32416946774436       -3.16305051938830
O            3.46023220845577       -1.50515287651303       -3.94559203160399
N            5.28809061827219       -1.04894393128155       -2.55157618127979
N            5.74136311883345       -1.14830490274431       -1.25288115128488
C            6.86414811697074       -0.25052484149369       -1.03263974091703
C            1.58982968621098       -2.24801696910486        2.80178137130414
S            0.19661246278355       -1.21003028249658        3.37124909520099
C           -0.02775452174156       -0.51503846430366        1.71118095881584
C           -5.46295906416191        1.25843862378397       -0.06040865564082
C           -6.09848814236947        1.03211374379873        1.13165889549387
S           -7.80406618258194        1.08514720157636        0.94091848407623
C           -7.53272503276520        1.41599634706049       -0.78722507028550
N           -8.57707465459291        1.65389398934794       -1.61201611891026
N           -6.30093936667213        1.46420279915815       -1.12446092631276
H           -2.59959844455179        2.53355547996206       -3.49884287633139
H           -2.63891030103592        0.77728769187007       -3.80478824299170
H           -3.90303877933481        1.83138851299497       -4.49763857338100
H           -1.64179526259883        0.85221903775582       -0.42798674929238
H           -1.10880942262851        1.28103619018683        2.43923340824582
H            4.36876486080432       -2.07970555868558        3.34071504307891
H            3.91150720553082       -3.21604084186137        2.06365070922986
H            7.57121419827223       -0.42500475289175       -1.84024217046674
H            6.56627908940274        0.80148055144050       -1.02213604036125
H            7.32634374424333       -0.51067281490939       -0.08199919034057
H            1.96558164792165       -2.74251211190064        3.69735820898885
H            1.17871943762639       -3.00708868100074        2.13088865043442
H           -0.34216877530072       -1.31382992031556        1.03379210460834
H           -5.65999887251309        0.85260168720352        2.09029560348120
H           -8.36632427023403        1.65157691075052       -2.59653121970592
H           -9.48678570581900        1.32986452465041       -1.33301919307000
52
 energy: -108.260086369519 gnorm: 0.004296366783 xtb: 6.7.1 (6d44803) iter: 121
C           -3.26166972308700        1.66001132749119       -3.64341768654967
O           -4.12832693988235        1.49579938948526       -2.53879014716194
N           -3.41334535677932        1.37451915316934       -1.38141176398885
C           -4.03187025922172        1.26716610298797       -0.26074721137226
C           -3.11970086738966        1.15332043340381        0.92251860801742
O           -3.45579489911608        1.29635553045148        2.07798701096817
N           -1.84119986363200        0.85191258272113        0.56445426763249
C           -0.77136949562452        0.82952255339147        1.50053036964844
C            0.58328488674203        1.35297872596338        0.99272909864598
O            0.97316165223940        2.33610127671933        0.44704141134349
N            1.18663211639596        0.14111297202647        1.28051591204224
C            2.47780239118767       -0.32775826907721        1.46235375830718
C            3.50431493573511        0.63837127143602        0.92370984276430
O            4.22077548184297        0.23699559596675       -0.16499326309355
O            3.63971160421009        1.73572956660250        1.35969931166774
C            2.69844477915949       -1.47296181097864        2.13327477071638
C            4.02043136041786       -2.15567229100780        2.30283538686936
S            5.45246626531244       -1.53685005112408        1.36033369010651
C            4.70158480869371       -1.08785094480062       -0.28015021309834
N            3.70986395153645       -2.00544403783429       -0.66287307901147
C            2.56685133838153       -2.29877189955880       -0.48149439679579
O            1.49935168260458       -2.72807038336629       -0.43902490690659
C            4.31297264680585       -1.31676788999423       -3.16083219128818
O            3.47660307733921       -1.49575316434536       -3.94437105563093
N            5.30257373237390       -1.04500656958548       -2.54725331038178
N            5.75196791569487       -1.15013809270094       -1.24782460261445
C            6.88001419132730       -0.25898755786419       -1.02213791458063
C            1.58722543276182       -2.24819237327516        2.79240012820739
S            0.19477193592144       -1.21058947989365        3.36416267114242
C           -0.02982203321039       -0.51448004207158        1.70446247683416
C           -5.46687491852334        1.26341900521929       -0.05678340536294
C           -6.10113118813876        1.04129047213649        1.13680512921941
S           -7.80698422270105        1.09316057742757        0.94781586572303
C           -7.53755164020436        1.41765904222494       -0.78193955250442
N           -8.58317403323968        1.65200454071369       -1.60613639687004
N           -6.30613617563742        1.46513888665539       -1.12072455212078
H           -2.60891085855213        2.52598071985904       -3.50620328235770
H           -2.64922848810286        0.76771585927443       -3.80253731719141
H           -3.91414949249643        1.81844596440101       -4.49902489941850
H           -1.64668395847984        0.85113766070910       -0.42844048170488
H           -1.11152852556341        1.27887020096902        2.43935685334276
H            4.36096284605304       -2.08295360247900        3.33949857813376
H            3.90544876488193       -3.21688230138711        2.05907467851720
H            7.58698422832702       -0.43289901533059       -1.82897532822963
H            6.58628931510599        0.79329535185101       -1.00658876930321
H            7.33947975602444       -0.52661388720108       -0.07297903367395
H            1.96268667341066       -2.74621674717541        3.68597967479433
H            1.17605764077626       -3.00527814886845        2.11853784840297
H           -0.34539560793770       -1.31286393771000        1.02722126362157
H           -5.66165172063286        0.86523969867578        2.09565005453630
H           -8.37416026257463        1.64637065924751       -2.59102497597516
H           -9.49205588055140        1.32737837637188       -1.32498792403204
52
 energy: -108.260108107845 gnorm: 0.001618967970 xtb: 6.7.1 (6d44803) iter: 122
C           -3.26227920168113        1.65917237754049       -3.64281053656030
O           -4.12918221564293        1.49618148430013       -2.53841379902405
N           -3.41437351240061        1.37320088263527       -1.38089797760827
C           -4.03282811836450        1.26620293844861       -0.26028184213814
C           -3.11985412796305        1.15277057165298        0.92234648259424
O           -3.45487505770581        1.29697383179707        2.07773011942221
N           -1.84185208093156        0.85035317541916        0.56353043982903
C           -0.77102463991237        0.82899421031395        1.49851344693487
C            0.58339162642406        1.35205800247769        0.99000051871402
O            0.97263786323819        2.33455251059060        0.44351410366834
N            1.18726654568480        0.14132111239202        1.27977686509911
C            2.47809271569251       -0.32815775610217        1.46183383857019
C            3.50442575288709        0.63799803856357        0.92460728472888
O            4.22110798025982        0.23671748189104       -0.16378990503838
O            3.63910715316882        1.73555379173897        1.35989780822599
C            2.69834053540556       -1.47311762820445        2.13317907457964
C            4.02052446414351       -2.15497600262956        2.30378717349734
S            5.45280684070173       -1.53473986102984        1.36259395610913
C            4.70222849909914       -1.08793909580881       -0.27860303684752
N            3.71167289794742       -2.00549936145516       -0.66205492158606
C            2.56651616807470       -2.29775663568687       -0.48516211239311
O            1.49820876228888       -2.72776544304567       -0.44539191934688
C            4.31607922960551       -1.31843423598890       -3.16074118266655
O            3.47834108425084       -1.48977846672572       -3.94409633828655
N            5.30470262139809       -1.04609253618082       -2.54580970358213
N            5.75306133222821       -1.15117576067925       -1.24642023021463
C            6.88055657641928       -0.25961747274596       -1.02076872656943
C            1.58670490496785       -2.24835107195286        2.79129642073729
S            0.19500978269594       -1.21012859619653        3.36324010800565
C           -0.02901851354865       -0.51456926883597        1.70354108056784
C           -5.46758560777070        1.26327943967741       -0.05584991368138
C           -6.10176647366545        1.04278538629935        1.13795298249798
S           -7.80777170365640        1.09561236245355        0.94904041067901
C           -7.53830505323924        1.41845531779760       -0.78109978520605
N           -8.58389518609029        1.65291427076925       -1.60528590372378
N           -6.30687331182715        1.46449597458444       -1.11981098933105
H           -2.60910223136064        2.52469022100716       -3.50622604198444
H           -2.65027960268325        0.76655755612566       -3.80129771450010
H           -3.91469526804896        1.81731058953643       -4.49839671622621
H           -1.64846647822736        0.84917593042518       -0.42944246729401
H           -1.10999754778028        1.27937678637845        2.43689336350231
H            4.36074747006626       -2.08152746631212        3.34044012599646
H            3.90697052577793       -3.21597152699738        2.05962769919904
H            7.58819307856569       -0.43373680327758       -1.82715054692153
H            6.58642176009633        0.79269773436057       -1.00635017588159
H            7.33931309063176       -0.52696287853425       -0.07109603496854
H            1.96122451009467       -2.74727964273239        3.68447348390103
H            1.17498083081195       -3.00424720415751        2.11693141567402
H           -0.34431098041523       -1.31338979742202        1.02674887554006
H           -5.66236457953888        0.86723602812453        2.09690593714127
H           -8.37521823938346        1.64607003754739       -2.59012375259682
H           -9.49271587080455        1.32850746777561       -1.32374974125156
52
 energy: -108.260042378613 gnorm: 0.010480168870 xtb: 6.7.1 (6d44803) iter: 123
C           -3.26486503230647        1.65539584952801       -3.64033408883925
O           -4.13294855593279        1.49734283789366       -2.53693818060859
N           -3.41883879819521        1.36822333613883       -1.37886866273102
C           -4.03691885102874        1.26245903192872       -0.25832874297511
C           -3.12075152543735        1.14999366608244        0.92186703993904
O           -3.45147945149669        1.29929466340330        2.07713628678124
N           -1.84479835569499        0.84326272496409        0.55971657268885
C           -0.76975183897997        0.82669382469843        1.48995661916246
C            0.58363675934447        1.34809679561303        0.97783919647719
O            0.97046179541486        2.32803316022169        0.42708703276333
N            1.18966991120471        0.14201872693654        1.27694843903836
C            2.47927260940056       -0.32969718102890        1.46000886206696
C            3.50485868432256        0.63701449858686        0.92824591212945
O            4.22328379841108        0.23624759480172       -0.15861442810586
O            3.63694442155163        1.73525657093975        1.36147850335013
C            2.69798539866821       -1.47401460247442        2.13268436705358
C            4.02108177140917       -2.15236509212343        2.30787364981401
S            5.45460185578240       -1.52726698120847        1.37146589681588
C            4.70490915552566       -1.08794411071510       -0.27212336068986
N            3.71867419790201       -2.00640580445015       -0.65612925458997
C            2.56684210748027       -2.29396634737506       -0.49610290266154
O            1.49291394550813       -2.71789895063464       -0.47642888046892
C            4.31822012913175       -1.29838520515045       -3.15675899113176
O            3.49786568827023       -1.49666151333748       -3.95125276651558
N            5.30877825780947       -1.03944975489900       -2.53898901244637
N            5.75654097865013       -1.15479159467282       -1.24166441297729
C            6.88418693237638       -0.26452804486324       -1.01469013645859
C            1.58452238743513       -2.24957105066386        2.78632965055649
S            0.19587420746597       -1.20870903910256        3.35943892710543
C           -0.02604295727853       -0.51511267657656        1.69977697912487
C           -5.47071892068379        1.26312503118096       -0.05180513367598
C           -6.10451118088409        1.04974312313042        1.14310952020097
S           -7.81109121586747        1.10671933430334        0.95471021169384
C           -7.54160482621319        1.42168318752806       -0.77730559617990
N           -8.58716099561556        1.65637583130298       -1.60143177008828
N           -6.31016921166916        1.46184621676863       -1.11593644580095
H           -2.61020141611016        2.51950638900332       -3.50633174890058
H           -2.65434671167767        0.76149699338871       -3.79576850155184
H           -3.91679826965235        1.81189940037432       -4.49621737252461
H           -1.65622727898186        0.84031060006959       -0.43379047486097
H           -1.10375372129819        1.28164024608924        2.42675546605815
H            4.35927152222084       -2.07619961401533        3.34482435779367
H            3.91291983194773       -3.21271063966035        2.06251988451992
H            7.59366220515587       -0.43873670551441       -1.81996796607240
H            6.59012102361277        0.78826925579831       -1.00242492345246
H            7.34049523972986       -0.53249775293989       -0.06377233304525
H            1.95559267041480       -2.75281491927537        3.67762420920132
H            1.17058101774315       -3.00042502479461        2.10920326862444
H           -0.33979639512989       -1.31559874338581        1.02439721703484
H           -5.66535395174918        0.87669988077400        2.10258817996248
H           -8.37990211229720        1.64419504558529       -2.58621322313068
H           -9.49573792972542        1.33290853175035       -1.31811593948753
52
 energy: -108.260136595190 gnorm: 0.005814077615 xtb: 6.7.1 (6d44803) iter: 124
C           -3.26525243473606        1.65494848759639       -3.64054216960214
O           -4.13338515443166        1.49681402882351       -2.53708792521875
N           -3.41917827799935        1.36857037389998       -1.37910765737753
C           -4.03711187325086        1.26270931686809       -0.25840597884889
C           -3.12103819287253        1.14968362769901        0.92193156486133
O           -3.45186522642061        1.29912370165857        2.07740475300886
N           -1.84509912015092        0.84278642290237        0.55959126467845
C           -0.77000687600083        0.82654662929362        1.48966115237727
C            0.58333698837672        1.34785185738548        0.97691115936120
O            0.97034777612587        2.32774202727053        0.42528265681836
N            1.18929063980633        0.14168249262210        1.27674466692681
C            2.47910549679820       -0.32970842861546        1.45973193680976
C            3.50463525701888        0.63718694776014        0.92688200483331
O            4.22374124624823        0.23626088713761       -0.15978083156079
O            3.63702545568903        1.73542170010796        1.36053264040022
C            2.69787005030298       -1.47415771826177        2.13237763846246
C            4.02091440363700       -2.15258272898340        2.30802476768744
S            5.45438469466322       -1.52779467881472        1.37132310824909
C            4.70514133350574       -1.08814508269038       -0.27245283809040
N            3.71843510784538       -2.00685610661614       -0.65594418646967
C            2.56738658926301       -2.29223039249927       -0.49705105061486
O            1.49557109993371       -2.71773604615019       -0.47364137520710
C            4.32259329619563       -1.30734155042912       -3.15823822013086
O            3.49404302397126       -1.48487204430011       -3.94918962778671
N            5.31089559432621       -1.04306378506658       -2.53924517757160
N            5.75756549783400       -1.15473469009053       -1.24098231905888
C            6.88487822529411       -0.26382006520563       -1.01383046683555
C            1.58439060684674       -2.24994341240730        2.78594846891293
S            0.19556216858575       -1.20913504888440        3.35933361941441
C           -0.02652220791145       -0.51534563039025        1.69963381216730
C           -5.47097313294836        1.26359545622183       -0.05168382958587
C           -6.10462046324301        1.05053087440375        1.14347048661531
S           -7.81114998146810        1.10771125241275        0.95537819464515
C           -7.54189146777920        1.42190046027002       -0.77686006591020
N           -8.58757466718435        1.65646430633521       -1.60089048206641
N           -6.31053820499391        1.46206648689365       -1.11580946968554
H           -2.61076663320180        2.51943574415212       -3.50654391676314
H           -2.65447703631772        0.76106896670493       -3.79566953075987
H           -3.91703482083375        1.81114936378837       -4.49671658339249
H           -1.65661433460863        0.83970959728775       -0.43408671951893
H           -1.10397348266082        1.28171372535989        2.42670493643793
H            4.35840734345329       -2.07659298431654        3.34527378451928
H            3.91245775876539       -3.21317175377408        2.06304968919549
H            7.59479509723552       -0.43862724901855       -1.81845264190493
H            6.59069980047853        0.78881210758304       -1.00236061708176
H            7.34103469342163       -0.53053825851865       -0.06258726888788
H            1.95590373087329       -2.75349779244694        3.67713590204487
H            1.17060235377123       -3.00091354322895        2.10842929091621
H           -0.34005648783161       -1.31568952490488        1.02389635147310
H           -5.66531649875532        0.87782104985344        2.10297024023404
H           -8.38038613623959        1.64404673495699       -2.58580968262697
H           -9.49618361844258        1.33314488828742       -1.31737245850706
52
 energy: -108.260167453881 gnorm: 0.001674122737 xtb: 6.7.1 (6d44803) iter: 125
C           -3.26658212687372        1.65353341208274       -3.64089313614379
O           -4.13484767574592        1.49562983837459       -2.53729650435135
N           -3.42042531095962        1.36860042004771       -1.37957668769973
C           -4.03790033236404        1.26292252498369       -0.25848553987413
C           -3.12160420325500        1.14942085522562        0.92179687729045
O           -3.45224653865999        1.29914999943527        2.07757239814479
N           -1.84601168470164        0.84136459667654        0.55892034465151
C           -0.77049684639003        0.82581765951660        1.48829418178754
C            0.58278511146125        1.34655268782748        0.97412353051682
O            0.96991997926030        2.32569023281269        0.42022983808183
N            1.18879709824079        0.14066317954825        1.27607411505199
C            2.47904236659154       -0.32988839844961        1.45921038379324
C            3.50476126933782        0.63729196585524        0.92523426489079
O            4.22508052832100        0.23622966665222       -0.16105194500140
O            3.63647317035959        1.73584619104426        1.35882677076568
C            2.69785450948533       -1.47444983944041        2.13178660375211
C            4.02087583001497       -2.15281178700936        2.30843504645577
S            5.45481182980003       -1.52859202022907        1.37199525537261
C            4.70665083863946       -1.08830288613106       -0.27217327803815
N            3.71940352124601       -2.00811429812883       -0.65400820305092
C            2.56853876125481       -2.29005446158742       -0.49769156737052
O            1.49686484783843       -2.71308674066581       -0.47519430600228
C            4.32683788461016       -1.31082323887983       -3.15871218200036
O            3.49418116373268       -1.47687767584571       -3.94876731376581
N            5.31365794037290       -1.04435477784762       -2.53850831890774
N            5.75985275993698       -1.15439153489697       -1.23950141800973
C            6.88733513107167       -0.26349091953015       -1.01155631125298
C            1.58414290562872       -2.25074337589178        2.78471092231928
S            0.19483757268948       -1.21039382638294        3.35875247031172
C           -0.02725677944740       -0.51606217404995        1.69905880899567
C           -5.47183144167926        1.26458736643179       -0.05115418490818
C           -6.10505065571551        1.05321005068829        1.14467950691895
S           -7.81150939531719        1.11092235401910        0.95742463792547
C           -7.54292664429567        1.42276903866257       -0.77541450461048
N           -8.58893663068253        1.65688268864095       -1.59920777380456
N           -6.31177073414359        1.46219840773382       -1.11520572674113
H           -2.61242457296884        2.51864416858377       -3.50711640797283
H           -2.65532659175409        0.75970252386364       -3.79519214650775
H           -3.91797152666828        1.80898786620857       -4.49766466657054
H           -1.65803273695408        0.83796400742476       -0.43507789592256
H           -1.10398078459565        1.28188437689351        2.42559908200288
H            4.35691748182062       -2.07681988123517        3.34622578550441
H            3.91209530291954       -3.21388415117817        2.06429952374713
H            7.59778742895433       -0.43923865074827       -1.81529483674433
H            6.59357317659175        0.78907467518435       -1.00059236394357
H            7.34281412093990       -0.52929460848246       -0.05987614814292
H            1.95599842653540       -2.75529366209829        3.67553745570214
H            1.17063588657852       -3.00149687726565        2.10614437676056
H           -0.34041697992893       -1.31613295206849        1.02269479446971
H           -5.66533955296797        0.88162987754590        2.10422767717517
H           -8.38204436699791        1.64330573768102       -2.58435158092218
H           -9.49759373118333        1.33412336832086       -1.31500870414247
52
 energy: -108.260171653043 gnorm: 0.002830304930 xtb: 6.7.1 (6d44803) iter: 126
C           -3.26970504780756        1.65011358335341       -3.64093734594583
O           -4.13841161379236        1.49378450204769       -2.53728185288171
N           -3.42377304320623        1.36715105666576       -1.37990069138292
C           -4.04030717879560        1.26255926519460       -0.25813195611065
C           -3.12274930575474        1.14847490177677        0.92128275476944
O           -3.45176208230790        1.30013870415918        2.07744291027584
N           -1.84829614662131        0.83734956044465        0.55673013959433
C           -0.77096012191681        0.82395045751353        1.48375554384703
C            0.58196268076617        1.34320181505269        0.96645052293011
O            0.96860138483320        2.32008755257972        0.40757312238622
N            1.18859453339282        0.13895090237739        1.27393289869370
C            2.47920724517728       -0.33062620086092        1.45761664327629
C            3.50494659361249        0.63736344104022        0.92363468719058
O            4.22857704815298        0.23628675443561       -0.16096460460863
O            3.63467512224101        1.73639281285752        1.35692699330707
C            2.69771476892266       -1.47514882164186        2.13051060299416
C            4.02070300711527       -2.15277973370497        2.31004739701005
S            5.45576498854512       -1.52873975993772        1.37538639382848
C            4.71003887777162       -1.08840120810068       -0.26992222832889
N            3.72224952101767       -2.00806973364847       -0.65238037813941
C            2.56781200940390       -2.27999383319408       -0.50891657399693
O            1.49983636417823       -2.70932147790855       -0.47852149528859
C            4.33344936494947       -1.30738444462007       -3.15764758651515
O            3.50218207216542       -1.46937361624401       -3.95005732763319
N            5.31916383072822       -1.04307925535949       -2.53498943612054
N            5.76460982082273       -1.15471097129449       -1.23559404401202
C            6.89273822247229       -0.26477039784690       -1.00578232770655
C            1.58327912349628       -2.25232518098929        2.78137185594327
S            0.19388237072173       -1.21225254412941        3.35654979932456
C           -0.02770807126968       -0.51749023130363        1.69691934663025
C           -5.47410367728845        1.26647279056270       -0.04925730042658
C           -6.10641227172314        1.06002091639446        1.14803244586218
S           -7.81289800180262        1.11966684350607        0.96247260058943
C           -7.54565873938137        1.42506688575157       -0.77188470757837
N           -8.59226919629411        1.65814485603867       -1.59527848283913
N           -6.31484017701648        1.46165077687739       -1.11318759758957
H           -2.61588171557036        2.51588636565983       -3.50820671262649
H           -2.65793882347751        0.75618494650607       -3.79313814220295
H           -3.92040470072054        1.80383909765806       -4.49864170861497
H           -1.66233580534259        0.83300178504536       -0.43784089147521
H           -1.10232389821227        1.28253653824151        2.42099320302780
H            4.35428369643590       -2.07593992610956        3.34863438865060
H            3.91268743120949       -3.21436060840182        2.06683379762279
H            7.60445742542410       -0.44204392552548       -1.80793516088471
H            6.60009465172282        0.78800197905572       -0.99592580489779
H            7.34618297735530       -0.53005570041418       -0.05309032098288
H            1.95459871490571       -2.75934472148063        3.67123186203128
H            1.16973622566561       -3.00150514317652        2.10065564047720
H           -0.34014307566181       -1.31749710227773        1.02000026502510
H           -5.66594610859026        0.89118760568317        2.10775104853946
H           -8.38626124953100        1.64096489651042       -2.58070263265846
H           -9.50094102113717        1.33678394510372       -1.30933855239337
52
 energy: -108.260208357707 gnorm: 0.002824714897 xtb: 6.7.1 (6d44803) iter: 127
C           -3.27331566898247        1.64609471614332       -3.64081511019550
O           -4.14260088251268        1.49169887488603       -2.53715769855839
N           -3.42778468492709        1.36517483975722       -1.38012324443218
C           -4.04323180367527        1.26210900924424       -0.25758276352867
C           -3.12408332497822        1.14749111137633        0.92069494066373
O           -3.45096467127079        1.30168470977056        2.07723364946600
N           -1.85106994928326        0.83247456991272        0.55415584493375
C           -0.77144569133618        0.82155668480218        1.47829726421157
C            0.58102244892955        1.33886224843990        0.95722462326365
O            0.96696466239030        2.31279807419989        0.39220593698376
N            1.18840359722967        0.13671339088278        1.27141886925290
C            2.47938039750375       -0.33175092021237        1.45585958610022
C            3.50489413997678        0.63705960088800        0.92203290228564
O            4.23168717010539        0.23556190110444       -0.16071346808660
O            3.63185647275877        1.73698667720044        1.35407465756815
C            2.69779507580556       -1.47610403740066        2.12910780216650
C            4.02111701341540       -2.15217569605925        2.31215478267031
S            5.45770773112016       -1.52736676324086        1.38028155847394
C            4.71452320269110       -1.08880846974046       -0.26658414181666
N            3.72779665139747       -2.01166366872040       -0.64564587637746
C            2.57063132952248       -2.27578653697513       -0.51247624217986
O            1.49694642428096       -2.69130235767822       -0.49859898567430
C            4.34125858132424       -1.30444052870285       -3.15624501066576
O            3.51065628202883       -1.45896716320420       -3.95069551019835
N            5.32551417924592       -1.04215430498476       -2.53069006373051
N            5.77013600190977       -1.15522573334357       -1.23096371785788
C            6.89892782470528       -0.26632587328347       -0.99935375673788
C            1.58248236709992       -2.25440909815899        2.77726126010654
S            0.19302434047687       -1.21472240783678        3.35382618412886
C           -0.02816101241599       -0.51935570085977        1.69441598927121
C           -5.47682929707996        1.26874296011595       -0.04690856262066
C           -6.10806063189353        1.06855414984684        1.15212324884230
S           -7.81459380476526        1.13043445565440        0.96852000172789
C           -7.54895489218225        1.42762636873646       -0.76770155416226
N           -8.59626494146441        1.65916187154730       -1.59072200724328
N           -6.31851927467140        1.46065117898572       -1.11074902422249
H           -2.61996266972694        2.51260743158514       -3.50937774940475
H           -2.66091479908750        0.75210880980528       -3.79045378708353
H           -3.92321112917660        1.79766664314296       -4.49957326979679
H           -1.66759288942444        0.82700314597407       -0.44104351566257
H           -1.10005815663622        1.28326551680240        2.41531064832541
H            4.35166239597435       -2.07426431183496        3.35169114910327
H            3.91454250539593       -3.21427235886734        2.06977424830260
H            7.61219185767302       -0.44552775251636       -1.79962101246475
H            6.60757587378242        0.78672862089381       -0.99097181617108
H            7.34989637051647       -0.53110273088928       -0.04539879248254
H            1.95287095101884       -2.76442805667741        3.66593408666676
H            1.16893936667334       -3.00141922323575        2.09381982363911
H           -0.33986028547452       -1.31934027691623        1.01699396410260
H           -5.66669461040385        0.90324143331019        2.11207567138999
H           -8.39130323560586        1.63733136043023       -2.57641208835536
H           -9.50492790799440        1.33952461582359       -1.30262892395084
52
 energy: -108.260241406543 gnorm: 0.001806762499 xtb: 6.7.1 (6d44803) iter: 128
C           -3.27873915855536        1.64062714030598       -3.64077429352319
O           -4.14842886758395        1.48901785002193       -2.53695572993694
N           -3.43322959204789        1.36154336596624       -1.38036915512234
C           -4.04718775888654        1.26129917901570       -0.25682319483930
C           -3.12559896340077        1.14669470545043        0.91958060766626
O           -3.44911924625498        1.30466619723441        2.07643257848845
N           -1.85455869476292        0.82649373481626        0.55047591711994
C           -0.77182561268133        0.81811134938448        1.47086660942586
C            0.57989911126489        1.33280593106468        0.94519500824332
O            0.96464631847866        2.30279467237037        0.37287504671132
N            1.18835366874185        0.13356271765059        1.26724072747316
C            2.47948745943418       -0.33363063150969        1.45319953970270
C            3.50452006644689        0.63635050276852        0.92130740380979
O            4.23568888603050        0.23439175070801       -0.15832453943695
O            3.62704654441659        1.73757256442191        1.35117244944813
C            2.69785541040426       -1.47745350550568        2.12730850393940
C            4.02166903552570       -2.15114717450969        2.31500645940890
S            5.46035769010396       -1.52465986348838        1.38755610479582
C            4.72048122264583       -1.08937129582233       -0.26138177751279
N            3.73577571615696       -2.01525622907617       -0.63865782463324
C            2.57380812756547       -2.26815685985202       -0.52148603545801
O            1.49343183420254       -2.66900093278124       -0.52587155752494
C            4.35091059340446       -1.29632356073957       -3.15339268705714
O            3.52447888736234       -1.44977708541943       -3.95221023304365
N            5.33417641392362       -1.03939495037904       -2.52421873527997
N            5.77725807843257       -1.15638862529930       -1.22443362290516
C            6.90691681571819       -0.26929184567718       -0.99036620100711
C            1.58141733810079       -2.25704890301710        2.77181953153349
S            0.19205402775483       -1.21772594617788        3.34943594032892
C           -0.02836989225270       -0.52216491925950        1.69023710986071
C           -5.48035167064098        1.27181671081625       -0.04367328265191
C           -6.11000039729220        1.08053096816979        1.15763116040302
S           -7.81668900152413        1.14524847141483        0.97663065776835
C           -7.55339754665882        1.43120983312920       -0.76195427468434
N           -8.60166694229032        1.66032905601943       -1.58451420938081
N           -6.32346521896265        1.45912507239406       -1.10725865849813
H           -2.62587641487503        2.50772804248710       -3.51140156341506
H           -2.66581821972941        0.74656736158179       -3.78737563538643
H           -3.92817067157893        1.78941300444225       -4.50027794884272
H           -1.67430969676130        0.81952850550332       -0.44530867110594
H           -1.09660301276478        1.28348754428150        2.40731029087774
H            4.34883715976071       -2.07162384132114        3.35548140531512
H            3.91770897874741       -3.21348228536583        2.07295814300546
H            7.62223853571755       -0.45046737002524       -1.78842965360050
H            6.61736963689686        0.78433243136223       -0.98382120646477
H            7.35444660077732       -0.53435095261095       -0.03481971245806
H            1.94998854951430       -2.77018226431688        3.65927111580709
H            1.16802596982921       -3.00130981334208        2.08548211226152
H           -0.33959550975071       -1.32236259450739        1.01278532991364
H           -5.66730466998559        0.92005642064570        2.11780603726746
H           -8.39825933083648        1.63195033513960       -2.57036034767058
H           -9.51028358729753        1.34331703136084       -1.29332403914988
52
 energy: -108.260268777313 gnorm: 0.002555573771 xtb: 6.7.1 (6d44803) iter: 129
C           -3.28746868986150        1.63297585903201       -3.64182559804784
O           -4.15679565387451        1.48457588405472       -2.53712277656687
N           -3.44045471995390        1.35654493872221       -1.38143307550122
C           -4.05213501134679        1.26109451420779       -0.25629799135764
C           -3.12738812228263        1.14665931521895        0.91756746458992
O           -3.44636380622980        1.30968241427936        2.07481522994707
N           -1.85883865608230        0.81990075558823        0.54546705367679
C           -0.77256490610044        0.81321214590568        1.46161586006237
C            0.57818006975680        1.32452271311821        0.93052116071088
O            0.96155310702622        2.28945145191287        0.34930484896402
N            1.18766091136647        0.12830729052541        1.26054291270451
C            2.47905482547401       -0.33657363237215        1.44925571829693
C            3.50325816846181        0.63532342521211        0.92032502334522
O            4.24121993245637        0.23299160435945       -0.15421507177571
O            3.61923787471832        1.73827011202421        1.34737450098161
C            2.69784261082417       -1.47944972614472        2.12481598279303
C            4.02210846531411       -2.15037953196642        2.31819810776975
S            5.46354250961088       -1.52226633414084        1.39635797057356
C            4.72856603840344       -1.08993515866845       -0.25496193436243
N            3.74617492560011       -2.01882412503325       -0.63223270425066
C            2.57808969642158       -2.25555220829042       -0.53650478386143
O            1.49220320153845       -2.64182772888434       -0.55608514612651
C            4.36441343871020       -1.28373778639278       -3.14927320100759
O            3.54372368834507       -1.43952875102219       -3.95357344101900
N            5.34680249819905       -1.03459503418013       -2.51582431202173
N            5.78703186585464       -1.15714193287171       -1.21573390048204
C            6.91822329364938       -0.27326544787849       -0.97763373235801
C            1.58027056269316       -2.26080577726855        2.76499376660134
S            0.19035924393430       -1.22243585581117        3.34285780719503
C           -0.02927258558507       -0.52671235563148        1.68382773516452
C           -5.48470366623215        1.27693072805756       -0.03970953934893
C           -6.11180044668286        1.09780211209451        1.16475843263460
S           -7.81870366449091        1.16585895617787        0.98769717982616
C           -7.55925767512618        1.43611030008781       -0.75391709824893
N           -8.60906165596354        1.66103910602237       -1.57576671901126
N           -6.33013316417715        1.45752450608025       -1.10267709552609
H           -2.63554463034958        2.50105018111213       -3.51554456333774
H           -2.67368961113006        0.73910678160574       -3.78509354695723
H           -3.93718269898022        1.77796116607204       -4.50161829353515
H           -1.68205701217513        0.81088174322247       -0.45084943906179
H           -1.09285636469084        1.28223585827694        2.39749593425599
H            4.34521853309411       -2.06920579261380        3.35977507263834
H            3.92114789214716       -3.21283226665276        2.07621917237679
H            7.63622664234127       -0.45658280966744       -1.77291325796555
H            6.63157268421260        0.78125081766320       -0.97262761753735
H            7.36108904348423       -0.53971955039138       -0.02022645005386
H            1.94661067416147       -2.77662180141908        3.65152354219363
H            1.16790409407231       -3.00252946351581        2.07569234716160
H           -0.34058745422280       -1.32703476324851        1.00654037351586
H           -5.66682750415635        0.94428834283849        2.12503139345559
H           -8.40793994347877        1.62368295137018       -2.56171645994482
H           -9.51765984871542        1.34832285914734       -1.27991584218208
52
 energy: -108.260285395306 gnorm: 0.001419557348 xtb: 6.7.1 (6d44803) iter: 130
C           -3.29190308991709        1.62995745142211       -3.64312550660768
O           -4.16029379636889        1.48242062154993       -2.53751686365072
N           -3.44295938792157        1.35479307488069       -1.38240798013806
C           -4.05359384760696        1.26167621528089       -0.25651317729940
C           -3.12779487631054        1.14742501272620        0.91646508555479
O           -3.44515878287874        1.31227499848711        2.07388099852589
N           -1.86003440660427        0.81857027982852        0.54356226215231
C           -0.77298978801072        0.81126931116351        1.45880095287384
C            0.57743097312075        1.32158580401304        0.92636622826455
O            0.96048731064910        2.28511639738215        0.34277535405480
N            1.18695346873923        0.12567206845484        1.25726194801854
C            2.47849759678967       -0.33800947314361        1.44751637788999
C            3.50227679978435        0.63485688524907        0.91972371588977
O            4.24346018785481        0.23268415831124       -0.15234392252691
O            3.61559627872295        1.73839477124777        1.34595729386086
C            2.69772921888772       -1.48038341995599        2.12382314892245
C            4.02203765885579       -2.15064046084277        2.31880636613032
S            5.46453384301651       -1.52240267477733        1.39880611484901
C            4.73148502430661       -1.09003213774340       -0.25307860160520
N            3.74966855072138       -2.01931770904014       -0.63185550665413
C            2.58017991209288       -2.25029333290136       -0.54301273576346
O            1.49402267103265       -2.63406505864457       -0.56306862229128
C            4.37023962428891       -1.27960480561956       -3.14778371410727
O            3.55026559384151       -1.43543762637136       -3.95287521790461
N            5.35234114082695       -1.03263302824013       -2.51312791106210
N            5.79081044114088       -1.15669396409631       -1.21263815092509
C            6.92270447436585       -0.27436878035906       -0.97249216470995
C            1.57997815946847       -2.26233911943096        2.76291715068957
S            0.18941632647066       -1.22452315316066        3.34006399118739
C           -0.03005654467190       -0.52891029814388        1.68093825446862
C           -5.48592575010299        1.27951754337659       -0.03853745091337
C           -6.11179072641674        1.10498039550504        1.16717551916513
S           -7.81878803782559        1.17389213495911        0.99182123441577
C           -7.56119139554525        1.43793748515334       -0.75080144309081
N           -8.61172926836479        1.66064707455403       -1.57231732968317
N           -6.33245889095433        1.45725707094192       -1.10110176709564
H           -2.64043553118145        2.49854904728512       -3.51837057976074
H           -2.67772974780437        0.73630875985494       -3.78578077048546
H           -3.94247164879148        1.77351392149663       -4.50247878396200
H           -1.68388206698678        0.80855844963990       -0.45281240270749
H           -1.09223579953596        1.28065004448267        2.39473490674264
H            4.34389603638008       -2.06935154227484        3.36073409324288
H            3.92172947946989       -3.21305134293185        2.07662597493823
H            7.64157893239299       -0.45800304509962       -1.76691799685245
H            6.63732842370884        0.78050042302102       -0.96724924588684
H            7.36403008742257       -0.54193653251800       -0.01469412287621
H            1.94577971508930       -2.77809306611121        3.64965269230759
H            1.16849412368068       -3.00406075888901        2.07320115697483
H           -0.34185560281811       -1.32917925769859        1.00382638309341
H           -5.66568385065302        0.95437375644365        2.12736006069455
H           -8.41164491140375        1.61985451645044       -2.55826502784258
H           -9.52034530446406        1.35009391475720       -1.27434926851949
52
 energy: -108.260310914941 gnorm: 0.001266865180 xtb: 6.7.1 (6d44803) iter: 131
C           -3.30302222484529        1.62312291757134       -3.64682227748666
O           -4.16834699398057        1.47756377299371       -2.53853512121169
N           -3.44810468139246        1.35134040046798       -1.38498299521563
C           -4.05627094117486        1.26347926374458       -0.25729213088803
C           -3.12820216265490        1.14979522339824        0.91383438356157
O           -3.44213247401315        1.31882987831103        2.07170589226512
N           -1.86206771638237        0.81661861187659        0.53926739257330
C           -0.77378487129508        0.80714985143455        1.45307019652709
C            0.57601734745093        1.31589366711604        0.91852381547435
O            0.95854479450155        2.27749365533105        0.33122342625621
N            1.18532498691644        0.11961138588884        1.24926476438588
C            2.47719424421586       -0.34158736613898        1.44339257328728
C            3.50013633868002        0.63354366219904        0.91808049923418
O            4.24933966620856        0.23208586064495       -0.14802165443590
O            3.60757955618005        1.73837537179596        1.34284509720170
C            2.69727065416664       -1.48278472676424        2.12156236200509
C            4.02149825662256       -2.15200469723086        2.31994058350076
S            5.46666406139919       -1.52386120436731        1.40412259203885
C            4.73805059638018       -1.09054368333420       -0.24888548687301
N            3.75698215917802       -2.01949245738721       -0.63215704893627
C            2.58449893730682       -2.23856530059702       -0.55788530586123
O            1.49691890963989       -2.61647630586373       -0.57973023838422
C            4.38410517645575       -1.27298178623490       -3.14434213694991
O            3.56264204938468       -1.42397944868958       -3.94903229792972
N            5.36552098449677       -1.02920327948502       -2.50735437540106
N            5.79965864530880       -1.15561275245141       -1.20571956523782
C            6.93280258628268       -0.27633554115467       -0.96086804107157
C            1.57918721222044       -2.26579606184983        2.75878005582130
S            0.18724621429280       -1.22874952683666        3.33375124359095
C           -0.03186280301002       -0.53388531898139        1.67413620404006
C           -5.48804481312139        1.28559078356379       -0.03606491972726
C           -6.11107308055879        1.12150142964430        1.17256642904062
S           -7.81835940137957        1.19194083433161        1.00097549771456
C           -7.56490882851479        1.44146160417128       -0.74396943518440
N           -8.61715472845801        1.65851240236473       -1.56479102465222
N           -6.33706959276871        1.45637147806613       -1.09777164932513
H           -2.65243483397524        2.49299345499767       -3.52623573132099
H           -2.68803783165993        0.72992899953533       -3.78870324733369
H           -3.95634370742973        1.76343166049065       -4.50465338149270
H           -1.68689247051539        0.80363301063608       -0.45721600965901
H           -1.09140819099730        1.27638355686317        2.38954993033088
H            4.34045740164642       -2.07109044440137        3.36276800545423
H            3.92225586681310       -3.21427829600876        2.07694414290118
H            7.65319360533938       -0.45974239331523       -1.75394743247607
H            6.64981303880147        0.77915882384150       -0.95408926943967
H            7.37158422529197       -0.54662789607228       -0.00274618789565
H            1.94413269919244       -2.78073510508271        3.64641684774563
H            1.16969131335009       -3.00822706982358        2.06866243963917
H           -0.34491524131253       -1.33406966757112        0.99754567704840
H           -5.66243022544052        0.97787922237731        2.13263073638391
H           -8.41963681102289        1.60968212471929       -2.55082372153090
H           -9.52580790183768        1.35325842119020       -1.26163910211631
52
 energy: -108.260314685766 gnorm: 0.002923140111 xtb: 6.7.1 (6d44803) iter: 132
C           -3.31401908208119        1.61636415154503       -3.65047726010826
O           -4.17631240557211        1.47275821285553       -2.53954179855413
N           -3.45319494394888        1.34792309145147       -1.38752880118837
C           -4.05892048280336        1.26526141847847       -0.25806162344482
C           -3.12860657312629        1.15213815731431        0.91123343821995
O           -3.43914004601511        1.32531337267868        2.06955575441341
N           -1.86407989111196        0.81468773323859        0.53502060018789
C           -0.77457166794537        0.80307480073394        1.44740282110133
C            0.57461817404836        1.31026199269272        0.91076583055460
O            0.95662210060723        2.26995038706436        0.31979234965413
N            1.18371360480459        0.11361603768151        1.24135488654446
C            2.47590475480183       -0.34512577460433        1.43931407241582
C            3.49801743934900        0.63224621110896        0.91645408705272
O            4.25515670039374        0.23149423346105       -0.14374461483980
O            3.59964953098741        1.73835719291370        1.33976670978378
C            2.69681813292155       -1.48515917273484        2.11932733781041
C            4.02096574025481       -2.15335293132023        2.32106408861929
S            5.46877147978670       -1.52530296454775        1.40938281729738
C            4.74454473897907       -1.09104998762562       -0.24473658162639
N            3.76421304973355       -2.01965747136968       -0.63246666920616
C            2.58876133004208       -2.22693746431027       -0.57262694975091
O            1.49979679498101       -2.59909672987311       -0.59617916338967
C            4.39782244418417       -1.26643547753828       -3.14093862171158
O            3.57488395672792       -1.41264370663019       -3.94523155302152
N            5.37855860999074       -1.02581387404093       -2.50164277095793
N            5.80841012920019       -1.15454443742686       -1.19887457353427
C            6.94279209095018       -0.27828391842073       -0.94937070154232
C            1.57840630829465       -2.26921616087635        2.75468796193371
S            0.18510101830875       -1.23293116481082        3.32750764710139
C           -0.03364967641458       -0.53880689894970        1.66740892361581
C           -5.49014273649934        1.29159748464879       -0.03361948249055
C           -6.11036609450063        1.13784168909978        1.17789782690952
S           -7.81793802010040        1.20979306725294        1.01002828539369
C           -7.56858752740466        1.44494793238797       -0.73721285659590
N           -8.62252246613817        1.65640222438700       -1.55734824864466
N           -6.34163164092632        1.45549584348225       -1.09447828543782
H           -2.66430357700624        2.48750035741278       -3.53401152932340
H           -2.69823131580861        0.72362107116747       -3.79159312023412
H           -3.97006327832521        1.75346095025353       -4.50680286205882
H           -1.68987069750584        0.79876154429012       -0.46157027362851
H           -1.09058904585733        1.27216341298634        2.38442209077439
H            4.33705790066295       -2.07280919227158        3.36478113203585
H            3.92277863210553       -3.21549049062252        2.07726000487401
H            7.66468377039655       -0.46147060130827       -1.74111667929762
H            6.66216602394387        0.77782965440193       -0.94107802898407
H            7.37905597747203       -0.55126786674604        0.00907283498947
H            1.94250530341753       -2.78334915147294        3.64321607253118
H            1.17087788830847       -3.01234886987945        2.06417274223030
H           -0.34794260059789       -1.33890754018392        0.99133441109037
H           -5.65921529523259        1.00112752486078        2.13784337029547
H           -8.42754249377755        1.59962185175189       -2.54346485017642
H           -9.53121306697289        1.35639124588793       -1.24906919769680
52
 energy: -108.260325816390 gnorm: 0.001841306813 xtb: 6.7.1 (6d44803) iter: 133
C           -3.31644006970580        1.61501766447326       -3.65122830759856
O           -4.17794620165256        1.47222794704010       -2.53961841870143
N           -3.45411386592184        1.34764720212676       -1.38803928618522
C           -4.05928276618251        1.26552255733691       -0.25824224212540
C           -3.12842477456011        1.15261249800806        0.91065713370923
O           -3.43846296579881        1.32621573722565        2.06901456380768
N           -1.86425194573728        0.81431569751074        0.53407600826329
C           -0.77453038654162        0.80254084933780        1.44617047911161
C            0.57475068712252        1.30977158195572        0.90970529190805
O            0.95677141795479        2.26967278399888        0.31919255037230
N            1.18381364938769        0.11287832746230        1.24001147857619
C            2.47601244532916       -0.34572460088023        1.43853985861343
C            3.49843341769873        0.63186167863789        0.91650754226130
O            4.25658826206453        0.23168457711906       -0.14317801793781
O            3.59888012607902        1.73813963166877        1.33964026821814
C            2.69664117178012       -1.48572778881165        2.11860666336361
C            4.02069927622758       -2.15395494443173        2.32102232151268
S            5.46904815369624       -1.52596729133127        1.41006858956197
C            4.74571458662986       -1.09098360363779       -0.24418309243432
N            3.76530523834175       -2.01957485464329       -0.63164192840075
C            2.58989895830523       -2.22636521070310       -0.57289477692988
O            1.49949751108258       -2.59526072130659       -0.60069891863164
C            4.39994080545435       -1.26521573949700       -3.14010889039914
O            3.57715726858128       -1.41152541724124       -3.94430597248639
N            5.38071991557457       -1.02517898653173       -2.50067067360717
N            5.81017925392171       -1.15441482926124       -1.19780469891242
C            6.94446990481020       -0.27826421701279       -0.94737830010883
C            1.57802639138743       -2.26971998580857        2.75374253671266
S            0.18469263200347       -1.23334486585731        3.32633891169932
C           -0.03367639763460       -0.53935012684875        1.66613027380579
C           -5.49040914184583        1.29243234677268       -0.03312957597575
C           -6.11017684454149        1.14071373042921        1.17888906863406
S           -7.81782230903541        1.21292692471921        1.01164832667008
C           -7.56909782724278        1.44539821954117       -0.73609357964997
N           -8.62330368943196        1.65598481467765       -1.55604705416177
N           -6.34228139403356        1.45502327419480       -1.09386642283759
H           -2.66659197128649        2.48621916033211       -3.53585293198649
H           -2.70075306297187        0.72216575260775       -3.79222364544727
H           -3.97299127187612        1.75160011718823       -4.50725397730611
H           -1.69041694134093        0.79753639649639       -0.46257772081587
H           -1.09047497136556        1.27160511434200        2.38334400180841
H            4.33610068515745       -2.07348812396362        3.36497600410644
H            3.92252031453219       -3.21615532087424        2.07721552187576
H            7.66651553224597       -0.46096924194634       -1.73910335666854
H            6.66381145656795        0.77783236819943       -0.93833449600629
H            7.38043981716830       -0.55197903120804        0.01101906307661
H            1.94188118482175       -2.78405858515074        3.64228931937760
H            1.17047841518287       -3.01277405946061        2.06308659645947
H           -0.34796426191934       -1.33942114612016        0.99002714764908
H           -5.65874736795919        1.00534741493899        2.13886630959302
H           -8.42887834138848        1.59764610517704       -2.54217853943411
H           -9.53195070915323        1.35687921893494       -1.24685000601355
52
 energy: -108.260344853740 gnorm: 0.002351986642 xtb: 6.7.1 (6d44803) iter: 134
C           -3.32736648324482        1.60939559183468       -3.65451830046702
O           -4.18513587801729        1.47093436522949       -2.53981166464032
N           -3.45802978854079        1.34657443463391       -1.39021595738928
C           -4.06068005956028        1.26629537997546       -0.25899659394740
C           -3.12726458508088        1.15399312337583        0.90802631840490
O           -3.43495767476479        1.33000605506873        2.06651785382934
N           -1.86455672014041        0.81256554157182        0.52963288214933
C           -0.77383307189994        0.80082718532595        1.44043720352849
C            0.57601754858473        1.30907274278744        0.90575169631687
O            0.95834676752396        2.27102049215417        0.31924257290435
N            1.18497189114859        0.11119370230234        1.23488175446346
C            2.47687017842156       -0.34770969162691        1.43576041606989
C            3.50047797774141        0.63054640392163        0.91732869881553
O            4.26315005351617        0.23278740822415       -0.14015804039593
O            3.59731172714788        1.73686975707392        1.34084537012353
C            2.69566301520637       -1.48790015919329        2.11588065144881
C            4.01914954635922       -2.15668597770543        2.32083486882629
S            5.47004845511542       -1.52887568865905        1.41351952737907
C            4.75037300160765       -1.09060157411062       -0.24136303825584
N            3.76973062606009       -2.01812979136196       -0.62857762464642
C            2.59382576723488       -2.22569466190403       -0.57463327314812
O            1.49973538755212       -2.58515522693135       -0.61964452727932
C            4.40889098784837       -1.26102088396804       -3.13660221652903
O            3.58662026546801       -1.40686669106490       -3.94096034005486
N            5.38979822232929       -1.02319106881399       -2.49636082424872
N            5.81752877081483       -1.15462445496577       -1.19307783789638
C            6.95057042812832       -0.27782346115570       -0.93896258582566
C            1.57592531326385       -2.27165190481446        2.74934710394103
S            0.18320519194592       -1.23410034760585        3.32101081888267
C           -0.03302938878552       -0.54080830785524        1.66041710483311
C           -5.49130590090660        1.29552952361886       -0.03085286193692
C           -6.10921810559213        1.15245111645214        1.18313043133645
S           -7.81724916541412        1.22597189605953        1.01833434113887
C           -7.57097103800552        1.44722557680180       -0.73158406231400
N           -8.62627868973855        1.65449305222783       -1.55072000895258
N           -6.34470500492987        1.45257163591731       -1.09112287113231
H           -2.67619081144232        2.48028478956257       -3.54431348940942
H           -2.71293635927457        0.71555818159770       -3.79511355443233
H           -3.98643102827964        1.74408680800177       -4.50890710738066
H           -1.69281476144238        0.79160434523078       -0.46728997314457
H           -1.08977174533689        1.26974216226528        2.37802533880595
H            4.33199075622175       -2.07666136821986        3.36562132994089
H            3.92103075792636       -3.21892075598926        2.07656158571275
H            7.67314179487507       -0.45719401228881       -1.73104352732721
H            6.66866813263466        0.77793734467664       -0.92624989317540
H            7.38598084000441       -0.55484377040603        0.01886874055443
H            1.93837168387957       -2.78734083948562        3.63770195987997
H            1.16793295718390       -3.01367776222488        2.05772833664391
H           -0.34661527223326       -1.34102687446326        0.98418653891491
H           -5.65689500068282        1.02253589713946        2.14332501940784
H           -8.43439293007969        1.58937611881726       -2.53689974428318
H           -9.53469958236957        1.35905564289164       -1.23765754605419
52
 energy: -108.260353152119 gnorm: 0.001705744867 xtb: 6.7.1 (6d44803) iter: 135
C           -3.33134375164176        1.60734865911155       -3.65613107347974
O           -4.18768268160480        1.47001701498572       -2.54022215840349
N           -3.45933374577256        1.34596841407368       -1.39134264175839
C           -4.06104093682978        1.26687960886995       -0.25950361504273
C           -3.12687989620447        1.15496569664424        0.90692064977708
O           -3.43376290877338        1.33188156060188        2.06550231447398
N           -1.86453271076532        0.81268728027306        0.52812779971381
C           -0.77376308522386        0.80023910653961        1.43887806358148
C            0.57628835250161        1.30876563908746        0.90498549185560
O            0.95898349760279        2.27131370157178        0.31973590490992
N            1.18497317331350        0.11039513480629        1.23309839854707
C            2.47682587837218       -0.34841484642692        1.43491378146697
C            3.50073730270939        0.63021421952528        0.91780240795675
O            4.26501634823965        0.23305683497181       -0.13865098818554
O            3.59643171130199        1.73659842815242        1.34155954434310
C            2.69532478219655       -1.48865244737497        2.11506737526603
C            4.01859894829845       -2.15766492621351        2.32057415309081
S            5.47029456354262       -1.53004671812219        1.41441732238150
C            4.75180639570550       -1.09042000859721       -0.24060776786838
N            3.77115756815110       -2.01720045695682       -0.62938152292492
C            2.59559705345658       -2.22516799153020       -0.57663633975809
O            1.50226874735507       -2.58567538817391       -0.62158896261269
C            4.41211809945074       -1.25918974292949       -3.13565943968764
O            3.59004499993948       -1.40566240313776       -3.94011475849346
N            5.39297737595655       -1.02195863027889       -2.49515042466051
N            5.81967964088853       -1.15406006111385       -1.19155990613024
C            6.95260635967952       -0.27752875084247       -0.93591032775634
C            1.57531088897190       -2.27245854054535        2.74793700653947
S            0.18232846390242       -1.23496683728037        3.31892856649697
C           -0.03320210117415       -0.54155955641004        1.65828790577349
C           -5.49149357547261        1.29702703471420       -0.03030120358241
C           -6.10857324609215        1.15675935945544        1.18441452766641
S           -7.81669523334491        1.23060545946267        1.02068787421995
C           -7.57162640648236        1.44806837151132       -0.72987358988826
N           -8.62746210107892        1.65391729374313       -1.54868911502135
N           -6.34562858202663        1.45218274864931       -1.09027706546579
H           -2.67981399499777        2.47818061891843       -3.54755568630658
H           -2.71734060120546        0.71324122496362       -3.79682587626787
H           -3.99158523542930        1.74147764187928       -4.50971290181736
H           -1.69308699770760        0.79055255980373       -0.46877828524855
H           -1.08992549044176        1.26869507256065        2.37659504416383
H            4.33080027779174       -2.07815473177187        3.36558192788052
H            3.92033166286503       -3.21976275877771        2.07582172444688
H            7.67538351870588       -0.45559962955102       -1.72808081738726
H            6.67062097628448        0.77818030545883       -0.92166233069894
H            7.38786650052373       -0.55595829652249        0.02158303876255
H            1.93737431421363       -2.78807141534160        3.63647611090266
H            1.16774180001811       -3.01453966036138        2.05615341449257
H           -0.34678722468354       -1.34165765589502        0.98191977997050
H           -5.65563430602200        1.02868626591695        2.14457968807211
H           -8.43644731982642        1.58658732238315       -2.53487584676661
H           -9.53584806915556        1.35987987544552       -1.23417617155333
52
 energy: -108.260371851701 gnorm: 0.002037917743 xtb: 6.7.1 (6d44803) iter: 136
C           -3.34126272481376        1.60181169495738       -3.66040378484629
O           -4.19392831044843        1.46804629514912       -2.54135934612317
N           -3.46238797586935        1.34465605374311       -1.39433172933919
C           -4.06158990182351        1.26840974353449       -0.26087400128731
C           -3.12547953345367        1.15764810266590        0.90396023253012
O           -3.43026911523601        1.33723192199330        2.06280574862600
N           -1.86382366706279        0.81387771203940        0.52410330631607
C           -0.77309355957753        0.80010160511772        1.43493108503558
C            0.57787024238278        1.30987437750464        0.90424132206981
O            0.96225578253365        2.27477310243646        0.32371591100104
N            1.18564160675512        0.11048069565641        1.23032320132642
C            2.47707115773430       -0.34922736535141        1.43383159592763
C            3.50206501661749        0.62987389101342        0.92009262438078
O            4.26971299297736        0.23373277340987       -0.13418587354180
O            3.59736283723675        1.73555067080925        1.34600151208501
C            2.69414582518665       -1.49038046433140        2.11314415568896
C            4.01662646927923       -2.16059772499445        2.31971008105369
S            5.47056639237920       -1.53335073618307        1.41710675030095
C            4.75477073333151       -1.09005330281303       -0.23836270099706
N            3.77397110135416       -2.01373684555376       -0.63265679408009
C            2.59911290113640       -2.22586328157434       -0.58194530910951
O            1.50970383587827       -2.59514480707934       -0.62379086426572
C            4.41969862292875       -1.25599312265370       -3.13372049581315
O            3.59779906554356       -1.40124019266789       -3.93913336227540
N            5.39998039885645       -1.01933561214613       -2.49208297821659
N            5.82419354211378       -1.15290063576199       -1.18769993113694
C            6.95635645295329       -0.27629884296574       -0.92862592956222
C            1.57299628457043       -2.27452601266721        2.74346348451440
S            0.17976991668102       -1.23691954900644        3.31332018157980
C           -0.03313389100893       -0.54199906506906        1.65304496999255
C           -5.49155939278291        1.30055845214652       -0.02891527286759
C           -6.10657450145677        1.16716827822531        1.18754450775297
S           -7.81490941611085        1.24173505333822        1.02649287618926
C           -7.57286382067312        1.44960359741067       -0.72576656684639
N           -8.63009147119666        1.65185813110289       -1.54375220461132
N           -6.34756997293700        1.45076717047548       -1.08818533670534
H           -2.68816319308306        2.47199105813768       -3.55613795640341
H           -2.72913096051821        0.70646921351588       -3.80129199160106
H           -4.00462848034147        1.73491192119851       -4.51175698962974
H           -1.69336701785686        0.78873594874971       -0.47277920830256
H           -1.09023267170406        1.26736998950117        2.37279297859888
H            4.32729401037272       -2.08304347091484        3.36528557710309
H            3.91779761469504       -3.22211505261567        2.07307098459783
H            7.67930981717468       -0.44992345995016       -1.72156588517434
H            6.67323741914222        0.77899460907915       -0.90986343341067
H            7.39219253149967       -0.55833665580221        0.02749599914175
H            1.93374034672071       -2.79091313180057        3.63203367594591
H            1.16629824571706       -3.01583080272893        2.05041872545881
H           -0.34591194445450       -1.34152241765161        0.97559382988686
H           -5.65213044675352        1.04358200662530        2.14765385702648
H           -8.44123026225600        1.57882283011839       -2.52994442467367
H           -9.53820993235186        1.36061665255382       -1.22576580332468
52
 energy: -108.260381532191 gnorm: 0.001996961242 xtb: 6.7.1 (6d44803) iter: 137
C           -3.34791195875775        1.59777698490198       -3.66335779910765
O           -4.19811723796579        1.46640796968196       -2.54216796080252
N           -3.46442336571781        1.34395532444306       -1.39641572879701
C           -4.06191346543820        1.26965980082701       -0.26187016113714
C           -3.12447013247466        1.15986448392227        0.90188722069724
O           -3.42794536010246        1.34088518897510        2.06089298845361
N           -1.86328127421784        0.81508347557658        0.52134660073885
C           -0.77265249631347        0.80021468920003        1.43226842306959
C            0.57904474255912        1.31064231153184        0.90383866663831
O            0.96466096720319        2.27692695224031        0.32641767812096
N            1.18614789024443        0.11053835540684        1.22867352977579
C            2.47728021243043       -0.34978238232975        1.43314022681673
C            3.50341318774605        0.62953079856424        0.92196309164088
O            4.27268578299072        0.23430469476770       -0.13141802282067
O            3.59826585475379        1.73480335952975        1.34915379538970
C            2.69325283381747       -1.49173896795196        2.11148879752710
C            4.01517999642346       -2.16286245017016        2.31889982648344
S            5.47061015682100       -1.53582087781832        1.41862918872641
C            4.75683955780826       -1.08965228477787       -0.23706968398847
N            3.77587683954905       -2.01179253969169       -0.63402588618990
C            2.60192160290941       -2.22713317389205       -0.58326245717505
O            1.51366474464715       -2.59975857801950       -0.62554273056577
C            4.42463244469192       -1.25351203805640       -3.13235844655512
O            3.60336324522779       -1.39856805999630       -3.93839372939323
N            5.40456919196910       -1.01722353598269       -2.49003750919168
N            5.82734885073287       -1.15175992121476       -1.18521316153054
C            6.95910335376489       -0.27523673596375       -0.92382875599628
C            1.57125725532337       -2.27611930198802        2.74005839563742
S            0.17773198630174       -1.23865798639825        3.30936718074808
C           -0.03317568634591       -0.54217883835164        1.64947321407117
C           -5.49159393530769        1.30305503822563       -0.02803697093746
C           -6.10517287168236        1.17452688322406        1.18970209477939
S           -7.81365646172926        1.24925473949870        1.03056754406164
C           -7.57373645695732        1.45049896081385       -0.72284751088958
N           -8.63194702802020        1.65011852116735       -1.54022617748938
N           -6.34892678071839        1.44971255174848       -1.08678716065501
H           -2.69379734533806        2.46756206710225       -3.56197231344749
H           -2.73694964282988        0.70166010170117       -3.80437647660243
H           -4.01323175051450        1.73019417845675       -4.51332212526134
H           -1.69342027318540        0.78803243648897       -0.47554901962037
H           -1.09046996051180        1.26662409396953        2.37037618785033
H            4.32456423493933       -2.08662506259560        3.36496207243118
H            3.91590734319390       -3.22410325196320        2.07113857728450
H            7.68202129084781       -0.44609077962231       -1.71737075908205
H            6.67534266323561        0.77981315183945       -0.90190256558456
H            7.39525396282563       -0.55982722475580        0.03140575864882
H            1.93104842924475       -2.79330503755982        3.62856520774997
H            1.16509336636002       -3.01679884023928        2.04600972081709
H           -0.34536188953251       -1.34104363907830        0.97095508650870
H           -5.64961642953099        1.05423745349201        2.14973500380131
H           -8.44449739047508        1.57309521388832       -2.52641136429813
H           -9.53981379491365        1.36061272715866       -1.21987060136395
52
 energy: -108.260403854153 gnorm: 0.001383625665 xtb: 6.7.1 (6d44803) iter: 138
C           -3.36326847275300        1.58745503745359       -3.67022539068767
O           -4.20793527190956        1.46199940617516       -2.54415181698353
N           -3.46932533376064        1.34233867953457       -1.40128805505423
C           -4.06277689544796        1.27307042070788       -0.26419608821367
C           -3.12207059431614        1.16578287166656        0.89693234639446
O           -3.42231877740837        1.35007442940590        2.05632687528301
N           -1.86196047903702        0.81876332789930        0.51465438734473
C           -0.77151950357739        0.80114833447895        1.42570651833547
C            0.58203229580873        1.31271632557892        0.90260466570305
O            0.97070444664737        2.28167179796038        0.33171583930704
N            1.18748498641955        0.11128152267156        1.22565960177245
C            2.47772880879640       -0.35086272571774        1.43195336276084
C            3.50674860020168        0.62877133180983        0.92694450926223
O            4.27900784522348        0.23566653090303       -0.12497227437106
O            3.60159220524319        1.73268726495648        1.35768830370600
C            2.69082346337594       -1.49519569054280        2.10724662725690
C            4.01145513485757       -2.16844516341426        2.31672577219378
S            5.47046369446425       -1.54137221603245        1.42236670628023
C            4.76166609903790       -1.08850282006223       -0.23392296780068
N            3.78072069836667       -2.00773053245422       -0.63656918250346
C            2.60858040355638       -2.23149000759920       -0.58438138074503
O            1.52248865976994       -2.61142760360163       -0.62848611259260
C            4.43673286404998       -1.24748721507986       -3.12950281066497
O            3.61749726964615       -1.39092715939959       -3.93777172473289
N            5.41543448637284       -1.01181795803679       -2.48495964867681
N            5.83475132744641       -1.14867603583580       -1.17914661294844
C            6.96561866195052       -0.27250514438575       -0.91240092303789
C            1.56654411694187       -2.28046072776687        2.73082711595206
S            0.17226853066744       -1.24363888468698        3.29939720143552
C           -0.03336219785759       -0.54211063930659        1.64090365067456
C           -5.49174665911720        1.30938847451348       -0.02586095282800
C           -6.10176965987056        1.19266541175685        1.19496632053352
S           -7.81061182922309        1.26757114698016        1.04063479072871
C           -7.57599060024733        1.45235686674677       -0.71555340170179
N           -8.63664790642795        1.64532599783903       -1.53141075884257
N           -6.35236172553397        1.44711338537847       -1.08327324884907
H           -2.70669155663919        2.45617426425198       -3.57549248207504
H           -2.75516074858836        0.68941986953137       -3.81134725248882
H           -4.03287967358620        1.71837959126354       -4.51708770966178
H           -1.69357848498435        0.78757995064377       -0.48230836034606
H           -1.09065254387179        1.26560205827450        2.36450806016302
H            4.31758241578081       -2.09533301540531        3.36400735564805
H            3.91136874245018       -3.22904663123712        2.06619914346007
H            7.68838042708428       -0.43717556458454       -1.70734988864130
H            6.68055394993821        0.78202085952101       -0.88323199551156
H            7.40236154844205       -0.56308128238404        0.04082297352340
H            1.92370185927546       -2.80039578287364        3.61884050330151
H            1.16163146327572       -3.01896447980353        2.03366116647105
H           -0.34383444811669       -1.33893310752211        0.95914639266044
H           -5.64334650389632        1.08064718258112        2.15469390785471
H           -8.45243564988544        1.55857404593145       -2.51747739980384
H           -9.54368048905393        1.35933500124432       -1.20548465825863
52
 energy: -108.260426953595 gnorm: 0.001110007667 xtb: 6.7.1 (6d44803) iter: 139
C           -3.37940507158030        1.57514309469906       -3.67731606161329
O           -4.21857055678986        1.45615484329764       -2.54639379971362
N           -3.47497271351449        1.34030516838477       -1.40636864310828
C           -4.06412880415249        1.27754800736981       -0.26657648068123
C           -3.11979258594443        1.17301894645320        0.89166028868593
O           -3.41625883085237        1.36084440878137        2.05151058197914
N           -1.86092405898435        0.82356792388987        0.50731566664063
C           -0.77044061278033        0.80229537617220        1.41817741373179
C            0.58491511676561        1.31405928965022        0.89980525729320
O            0.97654957405216        2.28433621017839        0.33331551846314
N            1.18854984569386        0.11154408118208        1.22229431039953
C            2.47771480614845       -0.35245250453630        1.43063984429451
C            3.50953917179102        0.62765259076595        0.93223762619036
O            4.28469493352543        0.23682451074820       -0.11834805636803
O            3.60458445139875        1.72998013311052        1.36687063449899
C            2.68785834221607       -1.49945087395041        2.10236469250618
C            4.00734039832427       -2.17434654044523        2.31430822315397
S            5.47018677911948       -1.54626210906198        1.42685879258233
C            4.76709378840735       -1.08720468575467       -0.23032977917530
N            3.78713144240810       -2.00460735243357       -0.63901535521221
C            2.61656684073501       -2.23631996631818       -0.58434115437511
O            1.53204260453221       -2.62166514672618       -0.63012584313410
C            4.45120938844689       -1.23959876177755       -3.12692572235111
O            3.63500885758671       -1.38100260508366       -3.93852753952256
N            5.42803514733810       -1.00480803205940       -2.47905239615829
N            5.84302612574480       -1.14467405112189       -1.17214240986348
C            6.97333570324945       -0.26970002273099       -0.89918042835805
C            1.56098361972541       -2.28611133507149        2.71966105407563
S            0.16564605750672       -1.25039087034924        3.28763971775122
C           -0.03413714197921       -0.54231790231019        1.63112961658085
C           -5.49226072331411        1.31734630827329       -0.02328791379240
C           -6.09805124091887        1.21389247531860        1.20092782860695
S           -7.80730707517951        1.28842774943212        1.05215454730909
C           -7.57899152656177        1.45462666662733       -0.70680579669866
N           -8.64252829233804        1.63966383481516       -1.52082779314066
N           -6.35672621959131        1.44471975440829       -1.07895711479021
H           -2.72039059690042        2.44272512131968       -3.58948706708549
H           -2.77419233109284        0.67512356498275       -3.81813755739148
H           -4.05318789294081        1.70432450659212       -4.52113692777070
H           -1.69409447323515        0.78855224880833       -0.48971182802293
H           -1.09009501251284        1.26472367026183        2.35793264201366
H            4.30983110423147       -2.10432923544483        3.36287164567472
H            3.90714985473552       -3.23425487372126        2.06068219082090
H            7.69637159650617       -0.42880892940077       -1.69498967092501
H            6.68789468907289        0.78451329724135       -0.86308777142980
H            7.40979016075778       -0.56655057349247        0.05229930086466
H            1.91491998600087       -2.80949791619428        3.60695389235205
H            1.15772828761188       -3.02181672977535        2.01855341275374
H           -0.34297236294607       -1.33643558533300        0.94544173387879
H           -5.63608643638776        1.11147785420368        2.16004391093559
H           -8.46178211975234        1.54212871198463       -2.50656075864705
H           -9.54840299340225        1.35708725406789       -1.18873547472315
52
 energy: -108.260452890239 gnorm: 0.001317080426 xtb: 6.7.1 (6d44803) iter: 140
C           -3.39664319423999        1.56004758283022       -3.68446801187636
O           -4.23034698792862        1.44884535957683       -2.54869500118797
N           -3.48164446309391        1.33768736781993       -1.41150963521850
C           -4.06610686524249        1.28319811936406       -0.26882397423153
C           -3.11758941037134        1.18193880184131        0.88617729077125
O           -3.40956803130612        1.37370124497869        2.04656116226588
N           -1.86031008592153        0.82948387176026        0.49920714402113
C           -0.76926425373383        0.80355215022984        1.40916154853188
C            0.58777497666077        1.31422117050213        0.89431321006091
O            0.98223625364416        2.28428373554655        0.32951321861730
N            1.18933545647322        0.11085993866461        1.21765224286904
C            2.47720559084018       -0.35504848220665        1.42861647331282
C            3.51184210065071        0.62582125033005        0.93774178325853
O            4.28998166214538        0.23770481883447       -0.11161549701529
O            3.60655322721734        1.72657703835995        1.37642976590195
C            2.68414104250416       -1.50487421618683        2.09656088762998
C            4.00259991910870       -2.18079035218585        2.31191638980797
S            5.46939533890712       -1.55035793834825        1.43246662055478
C            4.77327553160163       -1.08584320810100       -0.22622009871428
N            3.79536783892623       -2.00217041059925       -0.64223001951394
C            2.62614167953066       -2.24051696719859       -0.58459583921551
O            1.54258522103883       -2.62936830565151       -0.63150508504791
C            4.46909151546360       -1.22892185907499       -3.12451170988678
O            3.65699042134621       -1.36739994979991       -3.94068463134970
N            5.44316418778221       -0.99559142820704       -2.47191324882216
N            5.85270495835455       -1.13979115647005       -1.16380093980088
C            6.98277301550376       -0.26701476399045       -0.88317758917690
C            1.55420428732602       -2.29322700009540        2.70614089011231
S            0.15768685790642       -1.25878515078953        3.27371157549636
C           -0.03553798748829       -0.54296848891374        1.61967023509020
C           -5.49323577792513        1.32720419002277       -0.01999493393156
C           -6.09401560524400        1.23924461199843        1.20800519876392
S           -7.80376214947930        1.31334639333223        1.06570367437965
C           -7.58284980910266        1.45738249322577       -0.69616063336821
N           -8.64979867216851        1.63280690973062       -1.50796088519611
N           -6.36217521905830        1.44229725485287       -1.07347946072524
H           -2.73493076995402        2.42630109136961       -3.60426881785158
H           -2.79460502009234        0.65771861902399       -3.82413816741440
H           -4.07446497320667        1.68697286832151       -4.52538727325147
H           -1.69543154582073        0.79066658526814       -0.49794922685167
H           -1.08815508062679        1.26417872372173        2.35015676477633
H            4.30074483880334       -2.11392038560650        3.36194681859788
H            3.90328240650044       -3.23992847951539        2.05473046035075
H            7.70706026463585       -0.42121269356633       -1.67882037268355
H            6.69780080704678        0.78707693896900       -0.84067369667219
H            7.41749704327556       -0.57033185357753        0.06709114154050
H            1.90419602658931       -2.82102800738314        3.59239276457112
H            1.15286314979757       -3.02528553630947        2.00012108721221
H           -0.34307622110138       -1.33372227755236        0.92949456586282
H           -5.62783609573657        1.14830384907082        2.16625878946268
H           -8.47296320096730        1.52280765530936       -2.49313904797391
H           -9.55418519979087        1.35386927640218       -1.16873690685734
52
 energy: -108.260481321790 gnorm: 0.001380904415 xtb: 6.7.1 (6d44803) iter: 141
C           -3.41505762477160        1.54162283404475       -3.69132188355760
O           -4.24339576429274        1.44031628764743       -2.55069668916083
N           -3.48951467483894        1.33460882423423       -1.41635232730059
C           -4.06882751890868        1.28999390770283       -0.27059225861827
C           -3.11551968150859        1.19203241021594        0.88074679169542
O           -3.40215477953966        1.38853593387387        2.04170703772555
N           -1.86029855064864        0.83601520268550        0.49036231653757
C           -0.76786404593095        0.80492572450942        1.39826278897711
C            0.59068958154984        1.31298473545906        0.88524616255520
O            0.98783966644686        2.28131240046456        0.31942496219671
N            1.18981800728700        0.10895204002750        1.21085625752438
C            2.47618372521116       -0.35885214907958        1.42529065654818
C            3.51330853852552        0.62329012541096        0.94255691391028
O            4.29537790859751        0.23843862002667       -0.10512836488911
O            3.60721729644115        1.72218407393213        1.38595393302621
C            2.67954061854168       -1.51148721070060        2.08960858469379
C            3.99700576181606       -2.18790542746022        2.30932091591998
S            5.46806354255531       -1.55398411807410        1.43926807905568
C            4.78028890502751       -1.08446987249669       -0.22150677464526
N            3.80532713820589       -2.00006793594724       -0.64654168542653
C            2.63698177677377       -2.24313742574880       -0.58645856805988
O            1.55391453150044       -2.63366451112972       -0.63458043248449
C            4.49109566457477       -1.21489120814462       -3.12212766669799
O            3.68424986055468       -1.34938795918450       -3.94411785353464
N            5.46153686462798       -0.98403910301716       -2.46314360322084
N            5.86433818593367       -1.13445015805269       -1.15369858812608
C            6.99417940061656       -0.26459428500146       -0.86355023417770
C            1.54609872529910       -2.30166223491150        2.69019138348324
S            0.14889859525698       -1.26793559723328        3.25767773143958
C           -0.03754905561164       -0.54398364452990        1.60641430379253
C           -5.49475951167151        1.33920101724296       -0.01557994244785
C           -6.08979036653766        1.26936131265757        1.21646177476636
S           -7.80009419893541        1.34227237355454        1.08121598286420
C           -7.58757297898052        1.46086385138741       -0.68345703559694
N           -8.65843462398687        1.62484531333260       -1.49262694868511
N           -6.36871931906617        1.43983118597524       -1.06646524448894
H           -2.75009953659990        2.40617041670698       -3.61989659278647
H           -2.81671868292628        0.63643039000561       -3.82848913996461
H           -4.09668362900841        1.66557516260638       -4.52959934037381
H           -1.69822733583952        0.79303910975874       -0.50705531516477
H           -1.08436041519633        1.26439034003323        2.34070331916292
H            4.29000122850672       -2.12410141685091        3.36099129274733
H            3.89946533579315       -3.24627596859363        2.04841027799153
H            7.72113699616229       -0.41461946468859       -1.65757819255583
H            6.71028981863918        0.78954961361754       -0.81554856670523
H            7.42522477165896       -0.57432008784018        0.08634591515379
H            1.89148267720519       -2.83497388947956        3.57494250059783
H            1.14640783037000       -3.02903064020465        1.97840959429958
H           -0.34437297320012       -1.33100352946258        0.91164440573048
H           -5.61893051571116        1.19168055426248        2.17357297836728
H           -8.48605654083177        1.50055328855581       -2.47691834418582
H           -9.56096162915654        1.34986178782924       -1.14527426792242
52
 energy: -108.260508529667 gnorm: 0.001232036333 xtb: 6.7.1 (6d44803) iter: 142
C           -3.43265719523411        1.52180880792173       -3.69678831882567
O           -4.25638483774946        1.43211208555711       -2.55187323396937
N           -3.49784676163502        1.33126336677820       -1.42016424758919
C           -4.07206087362798        1.29675141620555       -0.27153031078602
C           -3.11375893508080        1.20225961382808        0.87605519790875
O           -3.39486660015787        1.40340460290756        2.03755962047942
N           -1.86098054639789        0.84205301695181        0.48175204589546
C           -0.76629608678373        0.80608295863404        1.38645066398488
C            0.59343293643489        1.31019337716502        0.87302863026224
O            0.99295384131276        2.27570356212856        0.30404984490212
N            1.18995414723834        0.10562823146112        1.20178771857006
C            2.47483962775173       -0.36377771176535        1.42034234606653
C            3.51434723352222        0.61999758098930        0.94632705691868
O            4.30073191906861        0.23894857588768       -0.09953171384146
O            3.60566215272419        1.71751374153508        1.39383115314990
C            2.67449977934181       -1.51860918594556        2.08204335598874
C            3.99100801594273       -2.19501514315345        2.30704867024146
S            5.46592915453327       -1.55704576850185        1.44648196313806
C            4.78757562527212       -1.08322824831872       -0.21684098933404
N            3.81591690865922       -1.99814627485643       -0.65158897017279
C            2.64776590782627       -2.24326278399364       -0.59098933819486
O            1.56483959026818       -2.63394984852456       -0.64125979681157
C            4.51546747355516       -1.19908496161995       -3.11996476229394
O            3.71408515853524       -1.32855227290889       -3.94815750804776
N            5.48168404215476       -0.97155264672797       -2.45374596444605
N            5.87704718438975       -1.12948809772436       -1.14295204544548
C            7.00637939931425       -0.26264420989959       -0.84219242461465
C            1.53742777272733       -2.30998408325904        2.67380710516435
S            0.14049147968984       -1.27594499631499        3.24175042243987
C           -0.03987358414506       -0.54534086654369        1.59288993015129
C           -5.49670622134806        1.35142011143314       -0.01042475029289
C           -6.08601787076753        1.30040650080945        1.22529172539820
S           -7.79690483406139        1.37335980125180        1.09720488203879
C           -7.59259114838325        1.46451177170707       -0.67010538893227
N           -8.66731324446619        1.61682933791738       -1.47649931363176
N           -6.37554434808482        1.43721049739147       -1.05853686166351
H           -2.76393077766197        2.38417540332328       -3.63455450152071
H           -2.83852056221337        0.61322538828157       -3.83003446486297
H           -4.11739941122291        1.64240290102259       -4.53299315068207
H           -1.70260060205019        0.79470405212032       -0.51604922481199
H           -1.07885071108077        1.26560859658155        2.33022115111002
H            4.27847529406408       -2.13392160796600        3.36042407030133
H            3.89582405184000       -3.25265458160619        2.04249291135523
H            7.73748603133511       -0.40966934845423       -1.63300612064147
H            6.72371889092616        0.79163661622653       -0.79046253331249
H            7.43191786935871       -0.57772216203850        0.10841840438628
H            1.87820454430821       -2.84916701526267        3.55672776224351
H            1.13866427027179       -3.03217978852333        1.95630976572948
H           -0.34705418006934       -1.32899701533294        0.89447521572218
H           -5.61066537111558        1.23669866502871        2.18123261471009
H           -8.49952496350483        1.47779507438511       -2.45963272783243
H           -9.56798163554595        1.34623396374098       -1.12084456571456
52
 energy: -108.260532981178 gnorm: 0.001099041026 xtb: 6.7.1 (6d44803) iter: 143
C           -3.44843782397868        1.50213410452164       -3.70066945850851
O           -4.26840378621952        1.42452306759220       -2.55220555354174
N           -3.50595599805447        1.32798894534466       -1.42274912691719
C           -4.07547629312784        1.30297766146597       -0.27156741434594
C           -3.11257127173860        1.21079176163680        0.87246741614126
O           -3.38825228664722        1.41692304361917        2.03442900850173
N           -1.86225416132128        0.84682749698841        0.47415180216321
C           -0.76484492645415        0.80713633277085        1.37501863947946
C            0.59566292372829        1.30654544590490        0.85937909313643
O            0.99722133428493        2.26878141736200        0.28628759374274
N            1.18949222173989        0.10137807829491        1.19119517525232
C            2.47311675728477       -0.36899536157197        1.41412859861037
C            3.51395256923165        0.61684624738745        0.94751046030714
O            4.30636371237259        0.23934879954357       -0.09511721988344
O            3.60260664210696        1.71268813397233        1.39950894319140
C            2.66957573573314       -1.52530154924988        2.07439353713774
C            3.98513126378399       -2.20160622721352        2.30437170312596
S            5.46395599383578       -1.56002879552610        1.45325856366904
C            4.79469449126714       -1.08230356769913       -0.21246472845875
N            3.82614904578457       -1.99633025038045       -0.65688973747042
C            2.65778156751149       -2.24132946446347       -0.59800396324877
O            1.57472992770977       -2.63109910462109       -0.65217016962212
C            4.54008717035144       -1.18301351914629       -3.11789329010605
O            3.74410990494456       -1.30784401191162       -3.95188130468100
N            5.50214748877297       -0.95949984157468       -2.44429540127522
N            5.88991311673070       -1.12537882118737       -1.13218335091640
C            7.01832852312951       -0.26115500747311       -0.82063473081334
C            1.52931266350633       -2.31741101224981        2.65860737944436
S            0.13381785459218       -1.28174396351647        3.22749432947377
C           -0.04250247157566       -0.54671067497711        1.58043604234229
C           -5.49887177169336        1.36344878338973       -0.00487323525111
C           -6.08290625152604        1.33076295264801        1.23392271298407
S           -7.79425645285846        1.40191876876740        1.11163326087095
C           -7.59747971598515        1.46870279158639       -0.65724958372940
N           -8.67569811409944        1.60983960679064       -1.46102597482972
N           -6.38213013467707        1.43497431389223       -1.05037644615884
H           -2.77580478507339        2.36206402567581       -3.64733400422871
H           -2.85860022232651        0.59004129342042       -3.82904293225437
H           -4.13556008090159        1.61926766189460       -4.53540123342921
H           -1.70808889291667        0.79504591157788       -0.52409073845284
H           -1.07270435195529        1.26774325474163        2.31982803776207
H            4.26724752513234       -2.14287883547944        3.35931379187260
H            3.89211997471101       -3.25866463095081        2.03683690733549
H            7.75461585952265       -0.40633120884337       -1.60701672934055
H            6.73672567190841        0.79331441574754       -0.76708168285701
H            7.43710169222283       -0.58016314853177        0.13165390360809
H            1.86605673014313       -2.86211789327560        3.53961994414828
H            1.13037156886389       -3.03453761506035        1.93619166466359
H           -0.35117974571082       -1.32785313610067        0.87984178614470
H           -5.60362034855605        1.27963258016430        2.18850299086355
H           -8.51217747047211        1.45696998106292       -2.44275738047254
H           -9.57461357305963        1.34368176317045       -1.09772689519463
52
 energy: -108.260555010737 gnorm: 0.001108866393 xtb: 6.7.1 (6d44803) iter: 144
C           -3.46252560276604        1.48311711227730       -3.70316648536044
O           -4.27951470808625        1.41806025476534       -2.55182306676615
N           -3.51380755227862        1.32443281981273       -1.42439831420301
C           -4.07903225297289        1.30794770506866       -0.27104269983816
C           -3.11174744281880        1.21863735589610        0.86966142860897
O           -3.38254614325646        1.42869811400772        2.03198557373596
N           -1.86395504798997        0.85055659240013        0.46744052855616
C           -0.76352118210863        0.80787687639952        1.36413611355514
C            0.59750446215098        1.30213119950220        0.84495567529668
O            1.00089007026711        2.26115073928231        0.26773649149294
N            1.18868752969362        0.09627462299813        1.17935751033624
C            2.47131148926294       -0.37466989648856        1.40663120894437
C            3.51391331640096        0.61323908319332        0.94818835792763
O            4.31227394576213        0.23963767453969       -0.09107920215772
O            3.59732667569835        1.70850606144974        1.40292063566204
C            2.66479669914497       -1.53167533109931        2.06659377325075
C            3.97932347744394       -2.20788528514619        2.30192306999653
S            5.46161153969352       -1.56313065175595        1.45962362234334
C            4.80189773351296       -1.08149308577112       -0.20856051960965
N            3.83616652510738       -1.99437201243104       -0.66191794807857
C            2.66697709057120       -2.23775991582881       -0.60751060081373
O            1.58406821008906       -2.62674717635153       -0.66731659414259
C            4.56484886275520       -1.16758453680653       -3.11606595843945
O            3.77350343241183       -1.28709189183720       -3.95530336454909
N            5.52274215622466       -0.94834768655415       -2.43529066096087
N            5.90288251293407       -1.12188375728769       -1.12190414151716
C            7.02993786588541       -0.25975083754467       -0.79970450166158
C            1.52153380990443       -2.32353917444276        2.64476808737048
S            0.12843869916249       -1.28535441149962        3.21534832896038
C           -0.04518055278997       -0.54816438524797        1.56924459358390
C           -5.50121103776619        1.37360100893888        0.00056144983740
C           -6.08056350470094        1.35841600847684        1.24183571338910
S           -7.79236159764833        1.43219752968674        1.12567535021965
C           -7.60215223143929        1.47239654884046       -0.64512044306829
N           -8.68336167798941        1.60366611473568       -1.44648962808892
N           -6.38829734352351        1.43204921665325       -1.04241065506843
H           -2.78571623020875        2.34025900072234       -3.65833812258610
H           -2.87726469475257        0.56730892538946       -3.82610174669130
H           -4.15140389603785        1.59699354732830       -4.53686855380861
H           -1.71434897504555        0.79433729218058       -0.53125604761476
H           -1.06624480479703        1.27060740170694        2.30958915787290
H            4.25609195080382       -2.15147073824076        3.35844578114663
H            3.88832042056195       -3.26433848443261        2.03132204595795
H            7.77209125351514       -0.40399514806421       -1.58075328797822
H            6.74905602648392        0.79489718399782       -0.74586860020119
H            7.44119113712126       -0.58135425771989        0.15496639534414
H            1.85490068462087       -2.87332631564801        3.52382325514403
H            1.12158659708945       -3.03587366988552        1.91824429875797
H           -0.35646656068419       -1.32762098308416        0.86787731240583
H           -5.59774955543400        1.32012020184884        2.19539406535675
H           -8.52387812775321        1.43725679465697       -2.42675105426417
H           -9.58102445144796        1.34305764634391       -1.07592662760111
52
 energy: -108.260574440198 gnorm: 0.000845951375 xtb: 6.7.1 (6d44803) iter: 145
C           -3.47501458432171        1.46540349711304       -3.70487169647294
O           -4.28938752405687        1.41179159876983       -2.55111924241005
N           -3.52094033480359        1.32090561360946       -1.42538870793428
C           -4.08239886416438        1.31201810914732       -0.27012534678532
C           -3.11140623223660        1.22444082251051        0.86763555227215
O           -3.37777017916409        1.43855615587356        2.03027424485319
N           -1.86574692857329        0.85327402974386        0.46197864919116
C           -0.76258168307318        0.80863272522494        1.35494945757632
C            0.59870742956995        1.29808029712252        0.83196386555360
O            1.00369154707683        2.25446871462979        0.25155234469072
N            1.18735542251228        0.09120212253896        1.16767208964972
C            2.46923157326049       -0.37979712046308        1.39876542084481
C            3.51269663934105        0.61030964410220        0.94692264588661
O            4.31865545131205        0.23993348078934       -0.08734371436250
O            3.59136366749175        1.70475842896561        1.40457384319337
C            2.66055039605050       -1.53708350348379        2.05905181437240
C            3.97401211497919       -2.21358741534747        2.29878586204870
S            5.46003062317148       -1.56660893682002        1.46513289723412
C            4.80893245358560       -1.08092947480437       -0.20509474723993
N            3.84551759740072       -1.99239414083554       -0.66646294899517
C            2.67571149857597       -2.23405552917037       -0.61774540159644
O            1.59306884107189       -2.62254919900806       -0.68454508253264
C            4.58798934681681       -1.15404319229175       -3.11411290342451
O            3.80070809380023       -1.26963716945737       -3.95763520053582
N            5.54221465921401       -0.93898995164452       -2.42704977594311
N            5.91515665285273       -1.11890386796480       -1.11243854069942
C            7.04052151932797       -0.25818167636183       -0.78058197969765
C            1.51491986853938       -2.32844954803181        2.63295859937068
S            0.12491498946918       -1.28711750664383        3.20563984873538
C           -0.04798381399685       -0.54936112427761        1.55993024929579
C           -5.50350611835866        1.38325528926522        0.00576884463724
C           -6.07871130632699        1.38412789589800        1.24894321832327
S           -7.79078363082488        1.45669324415236        1.13683271786112
C           -7.60642891596073        1.47681104958640       -0.63432906524772
N           -8.69016693623854        1.59933952475948       -1.43357934596332
N           -6.39396829318822        1.43024735826565       -1.03486963011951
H           -2.79431429062040        2.31980488436552       -3.66763822218278
H           -2.89404492371002        0.54623402254031       -3.82266685344814
H           -4.16536378734613        1.57642357063202       -4.53773718102325
H           -1.72036738295665        0.79291950719739       -0.53708063961071
H           -1.06078332301426        1.27362163874495        2.30070922005027
H            4.24587221760622       -2.15972100987617        3.35672443514653
H            3.88430236620836       -3.26943500086059        2.02530164212257
H            7.78846033489719       -0.40201119077658       -1.55616093050353
H            6.76002586664177        0.79662391368202       -0.72743785835772
H            7.44437776420886       -0.58130309417375        0.17670048658506
H            1.84581242993827       -2.88237774854388        3.51026872150095
H            1.11320915103632       -3.03670854231393        1.90349089009111
H           -0.36260870486644       -1.32790278562579        0.85895349438516
H           -5.59289726736201        1.35582127216231        2.20107469255490
H           -8.53409490260485        1.42151298157677       -2.41216795034163
H           -9.58674158821109        1.34393833573999       -1.05709178261438
52
 energy: -108.260590667187 gnorm: 0.001040788557 xtb: 6.7.1 (6d44803) iter: 146
C           -3.48696264337465        1.44869685945960       -3.70648150630727
O           -4.29871446318868        1.40550981383295       -2.55046784515657
N           -3.52764274904607        1.31679361993625       -1.42642274238369
C           -4.08564169326832        1.31495778941604       -0.26945506979459
C           -3.11137157091023        1.22929243704030        0.86567760796825
O           -3.37392719332851        1.44683902393059        2.02854660036126
N           -1.86750838601622        0.85552267956497        0.45715143715593
C           -0.76206872509843        0.80932428378069        1.34706948797671
C            0.59942324988944        1.29461672389915        0.82078412470356
O            1.00586653555725        2.24913645820680        0.23835616392216
N            1.18578093010043        0.08654417542649        1.15686888644264
C            2.46711321540045       -0.38441518745745        1.39108871403694
C            3.51133837307222        0.60778570588073        0.94547466375208
O            4.32552674028166        0.24034049608204       -0.08295960317303
O            3.58483337511530        1.70171790659840        1.40531768464153
C            2.65674261601698       -1.54196626511006        2.05161294398780
C            3.96907033417028       -2.21920028500389        2.29494124663212
S            5.45925939276833       -1.57044623282355        1.47031572056797
C            4.81608324157967       -1.08038726860302       -0.20163980532031
N            3.85473999026602       -1.99034933275817       -0.67017564020723
C            2.68445897862556       -2.23092409531771       -0.62824413826082
O            1.60254992491597       -2.61986989607665       -0.70274660419921
C            4.60993037247928       -1.14199689610598       -3.11212173593865
O            3.82638167427803       -1.25415755063623       -3.95949767869935
N            5.56096949478219       -0.93106806774148       -2.41922735755547
N            5.92704475524144       -1.11593592415132       -1.10336105032238
C            7.05059806623426       -0.25617202027249       -0.76278705934798
C            1.50907816008898       -2.33276708578033        2.62221195696201
S            0.12239065163156       -1.28826528129162        3.19737297371069
C           -0.05077172392532       -0.55034321625514        1.55187244096798
C           -5.50574449095312        1.39112596063144        0.01017212426459
C           -6.07715283988069        1.40762048228624        1.25515071933411
S           -7.78948921506680        1.48364446851608        1.14788474447853
C           -7.61045816712259        1.48105155808551       -0.62444021122992
N           -8.69639760653076        1.59585848740897       -1.42187559697854
N           -6.39925047619642        1.42720533094534       -1.02839424602047
H           -2.80254067847600        2.30039530774388       -3.67613516436041
H           -2.91017756435624        0.52638284026585       -3.81989323956652
H           -4.17882799792557        1.55747919365954       -4.53837672561280
H           -1.72580080011676        0.79128712574913       -0.54217193219816
H           -1.05660075896473        1.27637547913334        2.29294091906057
H            4.23609508307712       -2.16847209913118        3.35427006298984
H            3.88014145238195       -3.27431744429473        2.01820497112292
H            7.80390812114474       -0.39965703614880       -1.53319078836442
H            6.77021694341633        0.79873331701529       -0.71063178678846
H            7.44757000548443       -0.58031250952389        0.19700557290685
H            1.83805003583187       -2.89052982361845        3.49781256808634
H            1.10525156399023       -3.03724801713727        1.89023896322999
H           -0.36875662366737       -1.32830320407767        0.85168699324530
H           -5.58838510117683        1.38981290867200        2.20627090553919
H           -8.54372027387825        1.40572547424638       -2.39904711228923
H           -9.59250253537737        1.34732983183627       -1.03927555798814
52
 energy: -108.260603480455 gnorm: 0.000804280894 xtb: 6.7.1 (6d44803) iter: 147
C           -3.49686672929378        1.43472523214356       -3.70753723786247
O           -4.30633304267568        1.39979700338653       -2.54967346891643
N           -3.53314302940887        1.31305446051670       -1.42695353436835
C           -4.08844399282056        1.31680712820755       -0.26871138653250
C           -3.11161011047663        1.23273084398181        0.86433969559182
O           -3.37133712064296        1.45247960916802        2.02739414165797
N           -1.86900526719923        0.85713587177274        0.45370576755389
C           -0.76195483826294        0.80983948131189        1.34154923179982
C            0.59959165159979        1.29214708475236        0.81270136604400
O            1.00700894387359        2.24568284411518        0.22936472820501
N            1.18429659745557        0.08297807789164        1.14835541912587
C            2.46535076318082       -0.38802356224300        1.38443459478531
C            3.51053844536882        0.60571897153181        0.94440599274643
O            4.33157299491696        0.24065378703773       -0.07878212521655
O            3.57815212606942        1.70012269302893        1.40442870564039
C            2.65384349704261       -1.54564790482811        2.04524267896828
C            3.96512017140139       -2.22380580631151        2.29156829852980
S            5.45872771518060       -1.57372587127682        1.47460159793558
C            4.82247505437365       -1.07989049442235       -0.19888263031019
N            3.86284416378673       -1.98859881693321       -0.67265830519422
C            2.69227255265512       -2.22898350309758       -0.63721322211906
O            1.61142987495127       -2.61927265864560       -0.71851465954083
C            4.62801579279058       -1.13396070679772       -3.11023738292176
O            3.84714552176534       -1.24345702786654       -3.96041774504811
N            5.57648349122739       -0.92604144504195       -2.41313412820715
N            5.93700598035678       -1.11335866280455       -1.09617888003499
C            7.05876118612288       -0.25384808972096       -0.74921598934142
C            1.50463972838582       -2.33553796832707        2.61397824938706
S            0.12083623048314       -1.28856991809914        3.19171006125852
C           -0.05300725807588       -0.55099038593352        1.54611693275456
C           -5.50774235090987        1.39761710246788        0.01376431284236
C           -6.07620172991290        1.42578289767756        1.25946102019901
S           -7.78863320263669        1.50275708409556        1.15516662432101
C           -7.61375319139859        1.48516256639714       -0.61687976572506
N           -8.70128959124624        1.59482062563843       -1.41263993833511
N           -6.40361879177014        1.42656200911814       -1.02273334001977
H           -2.80930556209648        2.28404894488855       -3.68259238304618
H           -2.92366540128962        0.50982848877812       -3.81781120804674
H           -4.19004701592897        1.54212432498244       -4.53850504822917
H           -1.72995716649762        0.78998633692824       -0.54576395780609
H           -1.05403016811570        1.27848684940197        2.28737428334144
H            4.22796568089480       -2.17639833299129        3.35210767141840
H            3.87671508235163       -3.27807692438927        2.01127072933499
H            7.81635123493017       -0.39732932500579       -1.51534614377090
H            6.77813770317802        0.80105865845693       -0.69843134302141
H            7.45033584103031       -0.57809889165586        0.21268951123316
H            1.83249451430470       -2.89607966658059        3.48817155659883
H            1.09894820714701       -3.03725866813408        1.88043763880190
H           -0.37396735322066       -1.32870467520820        0.84698290235297
H           -5.58521032371091        1.41511366119637        2.20931118466329
H           -8.55103998467225        1.39719302734849       -2.38805885337274
H           -9.59689852458620        1.35124464002626       -1.02648122012039
52
 energy: -108.260614362301 gnorm: 0.000883820539 xtb: 6.7.1 (6d44803) iter: 148
C           -3.50685746982520        1.42143214074066       -3.70892451345031
O           -4.31380621220212        1.39327060259626       -2.54918253511250
N           -3.53836122501334        1.30806638674247       -1.42792331037901
C           -4.09108555163441        1.31767965789226       -0.26842057385300
C           -3.11201398658215        1.23545560470803        0.86285631734891
O           -3.36926070153117        1.45745042753258        2.02610472325472
N           -1.87040102222455        0.85837245119574        0.45055155377551
C           -0.76219656720060        0.81002667250512        1.33693849274607
C            0.59938591463252        1.29032352759821        0.80645096266512
O            1.00742057849941        2.24325790933852        0.22260242946795
N            1.18287267381283        0.08025810769035        1.14162447909188
C            2.46372036619685       -0.39091220100430        1.37876373087257
C            3.50927194102578        0.60437135344065        0.94316926894389
O            4.33773684038447        0.24111657288452       -0.07417656075705
O            3.57184565763195        1.69910467891919        1.40338287127035
C            2.65135386803546       -1.54901103874930        2.03918989378538
C            3.96161781357648       -2.22832156811699        2.28783654566907
S            5.45885822864065       -1.57671619414113        1.47903232282713
C            4.82891163513048       -1.07928267501030       -0.19583111305668
N            3.87093976554108       -1.98690191564943       -0.67442674183029
C            2.70033876631132       -2.22762020119868       -0.64551437815402
O            1.62047734728567       -2.61919770059133       -0.73328209962942
C            4.64498862105380       -1.12699673355070       -3.10806855029782
O            3.86693086787634       -1.23446596135631       -3.96119145588251
N            5.59115831206594       -0.92194970957175       -2.40716455665297
N            5.94657363308850       -1.11060485052095       -1.08906560022824
C            7.06664903533972       -0.25113059373765       -0.73656514039122
C            1.50081154321085       -2.33865597892942        2.60578797316517
S            0.11928969297246       -1.29010197310363        3.18613672968412
C           -0.05502271600521       -0.55172529128752        1.54089240940630
C           -5.50964404763582        1.40328689059242        0.01669912430932
C           -6.07527483635342        1.44467946665559        1.26378610375096
S           -7.78773991261899        1.52395559220429        1.16245795470572
C           -7.61691488654751        1.49004093884057       -0.60987819317339
N           -8.70598199337349        1.59437709064605       -1.40437538199184
N           -6.40781349513472        1.42433762202683       -1.01826734226968
H           -2.81647432980712        2.26855534588695       -3.68857485691660
H           -2.93694996629894        0.49428240655809       -3.81710266085719
H           -4.20156426742659        1.52811322993150       -4.53870625227596
H           -1.73333453015032        0.78862878966701       -0.54899400740813
H           -1.05263672169114        1.27954868780185        2.28282466047834
H            4.22029199718896       -2.18484978878167        3.34957518983070
H            3.87360221635037       -3.28159869190635        2.00352038238685
H            7.82789853768687       -0.39437460711577       -1.49908907111245
H            6.78577530428932        0.80376986203781       -0.68680384085837
H            7.45363787071106       -0.57560098002003        0.22711877913377
H            1.82760889653265       -2.90206082686585        3.47853354401023
H            1.09365660401536       -3.03766718341253        1.87045541037969
H           -0.37814898749392       -1.32892285624565        0.84214676454019
H           -5.58211936061904        1.44106775644217        2.21255096215992
H           -8.55845149329660        1.38641457665300       -2.37864009175877
H           -9.60157124844569        1.35742617107292       -1.01353975137848
52
 energy: -108.260622212099 gnorm: 0.000734578973 xtb: 6.7.1 (6d44803) iter: 149
C           -3.51426707321279        1.41175090285105       -3.70994581038700
O           -4.31917685658691        1.38804021576196       -2.54867451642492
N           -3.54205143346062        1.30446959618520       -1.42844012376165
C           -4.09303691224379        1.31827827604126       -0.26815499998696
C           -3.11266345674408        1.23641168399351        0.86196177658368
O           -3.36842757940036        1.45956639402276        2.02532847616743
N           -1.87149081337415        0.85899726862526        0.44870219049765
C           -0.76273894503466        0.80999543634369        1.33443480225058
C            0.59880727219768        1.28962208363081        0.80330843501117
O            1.00686632411076        2.24240715521741        0.21927433982914
N            1.18188771518155        0.07915388434764        1.13817603467804
C            2.46268420388586       -0.39225489977566        1.37537818134918
C            3.50803916998863        0.60404951259554        0.94195212346612
O            4.34205333190081        0.24156499515135       -0.07080694686108
O            3.56736844367217        1.69911490924877        1.40176148287195
C            2.64994953454188       -1.55096395851718        2.03504421043353
C            3.95953416514136       -2.23128362580224        2.28457254828261
S            5.45960696342669       -1.57819621547749        1.48235341169981
C            4.83351679142403       -1.07871619555322       -0.19337166462063
N            3.87683985970499       -1.98584790157671       -0.67505182355231
C            2.70648532182506       -2.22745285990998       -0.65067967828553
O            1.62730150155278       -2.61990414034874       -0.74266967759337
C            4.65654657671712       -1.12352078400541       -3.10631462761525
O            3.88093844503461       -1.23053254117151       -3.96164392002334
N            5.60131229254958       -0.92025923436185       -2.40284474140037
N            5.95324126973832       -1.10856968402848       -1.08382067718891
C            7.07201392391967       -0.24872369339629       -0.72818217497933
C            1.49874611759535       -2.34093833761119        2.60004907599552
S            0.11835713013981       -1.29191511723634        3.18216998652662
C           -0.05627461252070       -0.55219177733186        1.53754285541206
C           -5.51105033841289        1.40720903492242        0.01851428621837
C           -6.07477192697399        1.45619236850704        1.26580781055244
S           -7.78723276028538        1.53960446777074        1.16701135203256
C           -7.61910038358923        1.49368720145170       -0.60545768038185
N           -8.70912191295698        1.59541835589969       -1.39891406283558
N           -6.41071356704275        1.42389236892024       -1.01514538189054
H           -2.82180784010492        2.25727991216640       -3.69268074374052
H           -2.94680179062160        0.48298474684033       -3.81722671863234
H           -4.21023537592723        1.51834380646686       -4.53870417978438
H           -1.73535939655799        0.78788465272419       -0.55084880928810
H           -1.05259112437250        1.27949728464750        2.28050780007677
H            4.21521199871253       -2.19114922620841        3.34711293220020
H            3.87174638588540       -3.28372432620278        1.99705445858950
H            7.83554254178862       -0.39183079382901       -1.48845473442569
H            6.79074040157985        0.80611176066663       -0.67937819147397
H            7.45621780818773       -0.57296838370496        0.23668634232235
H            1.82493494879930       -2.90641290737333        3.47169142869544
H            1.09084546910442       -3.03804009419157        1.86329956675765
H           -0.38022338811920       -1.32886132819004        0.83858554195833
H           -5.58007034883625        1.45791394876644        2.21396874031944
H           -8.56343087146606        1.38186998026601       -2.37197731766977
H           -9.60469820048679        1.36294682170664       -1.00557998799091
52
 energy: -108.260629600009 gnorm: 0.000660960359 xtb: 6.7.1 (6d44803) iter: 150
C           -3.52090410876354        1.40320375209219       -3.71080253636500
O           -4.32396939830906        1.38277636546431       -2.54822405924886
N           -3.54531718224681        1.30017252926715       -1.42897950265628
C           -4.09479452670761        1.31784739152126       -0.26803778260969
C           -3.11332805002305        1.23685709041549        0.86119725816397
O           -3.36801912288266        1.46054160282527        2.02469419068630
N           -1.87249448779903        0.85907983689567        0.44720650326728
C           -0.76337328229038        0.80941283707710        1.33249066768520
C            0.59812223976324        1.28910502741492        0.80125606602023
O            1.00578292939703        2.24184195222858        0.21687189683715
N            1.18136147965118        0.07872236327458        1.13636341784115
C            2.46217054794294       -0.39314906193556        1.37307439582566
C            3.50757803189703        0.60390372104114        0.94162204345485
O            4.34538942435398        0.24204986468066       -0.06789725387345
O            3.56325104391011        1.69997462291535        1.39971130841103
C            2.64901400063093       -1.55259367550317        2.03166420037844
C            3.95806468156765       -2.23373096152106        2.28205638238864
S            5.46010791927330       -1.57865862475265        1.48557585350318
C            4.83752488471045       -1.07793319036413       -0.19108107925297
N            3.88213611362566       -1.98500997666046       -0.67502934778722
C            2.71187380623747       -2.22754238128595       -0.65474460278224
O            1.63325583662670       -2.62059238160554       -0.74960330114719
C            4.66634531689915       -1.12161601688236       -3.10467723655717
O            3.89298721490599       -1.22817453700354       -3.96203983651379
N            5.60987652113270       -0.91944134846763       -2.39917236513167
N            5.95894726407217       -1.10661743698243       -1.07928502700323
C            7.07648429828923       -0.24611546207150       -0.72146225212672
C            1.49724823242762       -2.34311654531925        2.59484322842485
S            0.11706070975397       -1.29467867473401        3.17844072841448
C           -0.05695394315059       -0.55290467533201        1.53467040277740
C           -5.51235174834751        1.41045888111944        0.01995560617540
C           -6.07454359085772        1.46749192923799        1.26776538235255
S           -7.78692243152189        1.55299729337185        1.17029349557793
C           -7.62098689752431        1.49800625861392       -0.60191983221545
N           -8.71176421774210        1.59765494595677       -1.39459900569932
N           -6.41323591500606        1.42352001761912       -1.01273184991674
H           -2.82663009509657        2.24728008119621       -3.69580275696196
H           -2.95563278359805        0.47305605216340       -3.81785782911166
H           -4.21802911443563        1.51024070073860       -4.53852605004828
H           -1.73692626416749        0.78704154529875       -0.55236156169527
H           -1.05293537540607        1.27847181492449        2.27889959017248
H            4.21100347274263       -2.19687512064723        3.34534486606442
H            3.87080195518119       -3.28529090699165        1.99113323107647
H            7.84170919162247       -0.38902652748342       -1.48007755208136
H            6.79458930197970        0.80858376787899       -0.67348874750531
H            7.45876591080000       -0.56995825935997        0.24430705479626
H            1.82285874547069       -2.91052025528627        3.46543780242616
H            1.08937254548670       -3.03854955245611        1.85650312123237
H           -0.38075049637967       -1.32880115357306        0.83477770218456
H           -5.57873203831647        1.47279396304676        2.21520457307460
H           -8.56774747821042        1.37854771939606       -2.36668249595444
H           -9.60734207159470        1.36926379847812       -0.99899610498401
52
 energy: -108.260636839953 gnorm: 0.000590640778 xtb: 6.7.1 (6d44803) iter: 151
C           -3.52767657849296        1.39443827634437       -3.71163560023065
O           -4.32884148251394        1.37723486241129       -2.54768548493838
N           -3.54866811095072        1.29538190074501       -1.42943496471221
C           -4.09664080560406        1.31709982403508       -0.26780495185709
C           -3.11413798850115        1.23643259035459        0.86057519807578
O           -3.36780649952197        1.46035274542739        2.02429268071483
N           -1.87358639877576        0.85853086748747        0.44578307371761
C           -0.76412924195378        0.80817359286600        1.33060533771825
C            0.59726713907453        1.28862329689508        0.79975569150355
O            1.00416791469330        2.24139423822010        0.21495951896876
N            1.18112011920450        0.07870655357507        1.13546579002815
C            2.46195234997442       -0.39367261684944        1.37140883421221
C            3.50705864844199        0.60416572831383        0.94120090566610
O            4.34831312756074        0.24267635215026       -0.06551173398656
O            3.55972339756029        1.70114732048538        1.39758814469329
C            2.64835508262423       -1.55404316546684        2.02858801117484
C            3.95696912602725       -2.23584760036802        2.27991073731377
S            5.46048648656580       -1.57812579817137        1.48904345072872
C            4.84141473523372       -1.07688868130298       -0.18876476328128
N            3.88742687041803       -1.98419303982462       -0.67479397225061
C            2.71738583032303       -2.22778172388171       -0.65812055826850
O            1.63895032076030       -2.62082263992174       -0.75530203836435
C            4.67614398681460       -1.12097650616622       -3.10282919147677
O            3.90500117148539       -1.22734967014774       -3.96230627404627
N            5.61820618590267       -0.91907744491377       -2.39562731379383
N            5.96449743091099       -1.10460057401448       -1.07482477688156
C            7.08052949359462       -0.24294788562394       -0.71515281106756
C            1.49609749384315       -2.34557687468975        2.58939727294895
S            0.11536170208995       -1.29861553875178        3.17429457889741
C           -0.05725136157728       -0.55405275114740        1.53167570058067
C           -5.51373423078328        1.41386497818327        0.02141066489452
C           -6.07446280936792        1.47853908426842        1.26942177480659
S           -7.78672215319148        1.56748653022792        1.17325556171602
C           -7.62284527638982        1.50307346134496       -0.59871796651301
N           -8.71427140223723        1.60107344991377       -1.39075355319498
N           -6.41572805163808        1.42370807625942       -1.01036379453977
H           -2.83134929143651        2.23686351565405       -3.69870469567870
H           -2.96484943853788        0.46279318379574       -3.81874235961364
H           -4.22597497524735        1.50232225228913       -4.53825902250250
H           -1.73851403071175        0.78587801084182       -0.55380880397725
H           -1.05353590559176        1.27633194541899        2.27751284448373
H            4.20719359191162       -2.20252998927131        3.34396595145179
H            3.87053647258810       -3.28643574201796        1.98519771108305
H            7.84731323462358       -0.38544768691540       -1.47229422367992
H            6.79765703630926        0.81153009051778       -0.66801003066953
H            7.46127531972264       -0.56619324875823        0.25144427349718
H            1.82103738157536       -2.91483518547010        3.45897375552923
H            1.08891258478308       -3.03948526670967        1.84927997052878
H           -0.38007923665351       -1.32890997011550        0.83015799060679
H           -5.57763884291293        1.48737154092647        2.21625076406751
H           -8.57195520686220        1.37622183935378       -2.36183228456954
H           -9.60995591518967        1.37699449212906       -0.99285401952998
52
 energy: -108.260638664071 gnorm: 0.000415742234 xtb: 6.7.1 (6d44803) iter: 152
C           -3.52852146474472        1.39371379824843       -3.71180283295202
O           -4.32951510502672        1.37681989300084       -2.54774074450902
N           -3.54925276023766        1.29453624337048       -1.42957777907666
C           -4.09702002904561        1.31641685166360       -0.26789078373837
C           -3.11438924940229        1.23548386306706        0.86035524177613
O           -3.36797084034258        1.45914729132218        2.02413830073790
N           -1.87388531337914        0.85768324400939        0.44535605199913
C           -0.76432653898009        0.80732232487259        1.32999971081498
C            0.59705458462991        1.28814820193115        0.79936149066728
O            1.00380591950926        2.24099330050371        0.21456875171009
N            1.18123403671679        0.07848635891713        1.13540222826944
C            2.46210528565715       -0.39366442749253        1.37166250994926
C            3.50717063802943        0.60426442577227        0.94142245311564
O            4.34796752002494        0.24289355286406       -0.06595411417409
O            3.55983747954584        1.70127065302550        1.39770476806402
C            2.64853665284479       -1.55407860916354        2.02871013665604
C            3.95732029139980       -2.23555443896973        2.27994608512660
S            5.46069468110667       -1.57713129797358        1.48934029180964
C            4.84156791494416       -1.07649055125978       -0.18863869592553
N            3.88790060832789       -1.98417030802573       -0.67479058593181
C            2.71779878986761       -2.22780945891394       -0.65810074114471
O            1.63927726421616       -2.62111060903650       -0.75416780502317
C            4.67692676995808       -1.12092297751723       -3.10269041436753
O            3.90674319597798       -1.22960360076792       -3.96270130997513
N            5.61894073315277       -0.91861226816316       -2.39524144302968
N            5.96497932110743       -1.10414545252191       -1.07436429160990
C            7.08069645633004       -0.24212595722424       -0.71447737123326
C            1.49644434453180       -2.34609127787679        2.58906507977663
S            0.11504804114514       -1.29966019185759        3.17332753758929
C           -0.05711463162883       -0.55477591496938        1.53089916989851
C           -5.51399775294289        1.41382042676327        0.02150897500734
C           -6.07446815175744        1.47921580707811        1.26955813042355
S           -7.78669398346538        1.56925710344552        1.17354216233000
C           -7.62313418763892        1.50438939003806       -0.59842489283807
N           -8.71460839315867        1.60313473795309       -1.39033741074645
N           -6.41614604989002        1.42415584086496       -1.01015212826076
H           -2.83183093970851        2.23583096126917       -3.69895321767221
H           -2.96613421462077        0.46183386140454       -3.81900500721505
H           -4.22688423815858        1.50193698384672       -4.53834203454229
H           -1.73895258030737        0.78513477273003       -0.55426940300017
H           -1.05370976435324        1.27519468707598        2.27707194367460
H            4.20749909318832       -2.20212765573302        3.34398374843241
H            3.87121749731792       -3.28618153427880        1.98536835153499
H            7.84765462391114       -0.38429702302778       -1.47150874091942
H            6.79742133451702        0.81224715018664       -0.66738297864478
H            7.46141138685637       -0.56525567465814        0.25219630319898
H            1.82128836886374       -2.91531661901351        3.45871407813006
H            1.08977330489258       -3.04006027184605        1.84872368460335
H           -0.37931207100035       -1.32954510386497        0.82901388939459
H           -5.57752902160150        1.48790060064844        2.21636703431482
H           -8.57263885972318        1.37794560203042       -2.36123287719021
H           -9.61028099748200        1.37955429618800       -0.99227950530147
